ESP-ROM:esp32p4-eco2-20240710
Build:Jul 10 2024
rst:0x1 (POWERON),boot:0xf (SPI_FAST_FLASH_BOOT)
SPI mode:DIO, clock div:1
load:0x4ff33ce0,len:0x5d0
load:0x4ff28ed0,len:0xdf8
load:0x4ff2bbd0,len:0x34b8
entry 0x4ff28ed0
I (55) hex_psram: vendor id    : 0x0d (AP)
I (55) hex_psram: Latency      : 0x01 (Fixed)
I (55) hex_psram: DriveStr.    : 0x00 (25 Ohm)
I (56) hex_psram: dev id       : 0x03 (generation 4)
I (60) hex_psram: density      : 0x07 (256 Mbit)
I (65) hex_psram: good-die     : 0x06 (Pass)
I (69) hex_psram: SRF          : 0x02 (Slow Refresh)
I (73) hex_psram: BurstType    : 0x00 ( Wrap)
I (77) hex_psram: BurstLen     : 0x03 (2048 Byte)
I (82) hex_psram: BitMode      : 0x01 (X16 Mode)
I (86) hex_psram: Readlatency  : 0x04 (14 cycles@Fixed)
I (91) hex_psram: DriveStrength: 0x00 (1/1)
I (95) MSPI Timing: Enter psram timing tuning
I esp_psram: Found 32MB PSRAM device
I esp_psram: Speed: 200MHz
I (291) mmu_psram: .rodata xip on psram
I (325) mmu_psram: .text xip on psram
I (327) hex_psram: psram CS IO is dedicated
I (327) cpu_start: Multicore app
I (336) cpu_start: GPIO 38 and 37 are used as console UART I/O pins
I (336) cpu_start: Pro cpu start user code
I (336) cpu_start: cpu freq: 360000000 Hz
I (338) app_init: Application information:
I (342) app_init: Project name:     xiaozhi
I (346) app_init: App version:      2.4.0
I (350) app_init: Compile time:     Aug 10 2026 22:03:41
I (355) app_init: ELF file SHA256:  e87c6fa39...
I (359) app_init: ESP-IDF:          v6.0.2
I (363) efuse_init: Min chip rev:     v1.0
I (367) efuse_init: Max chip rev:     v1.99 
I (371) efuse_init: Chip rev:         v1.3
I (374) heap_init: Initializing. RAM available for dynamic allocation:
I (381) heap_init: At 4FF1A740 len 00020880 (130 KiB): RETENT_RAM
I (387) heap_init: At 4FF3AFC0 len 00004BF0 (18 KiB): RAM
I (392) heap_init: At 4FF40000 len 00060000 (384 KiB): RAM
I (397) heap_init: At 50108080 len 00007F80 (31 KiB): RTCRAM
I (402) heap_init: At 30100088 len 00001F78 (7 KiB): SPM
I (407) esp_psram: Adding pool of 31808K of PSRAM memory to heap allocator
I (414) esp_psram: Adding pool of 62K of PSRAM memory gap generated due to end address alignment of irom to the heap allocator
I (425) esp_psram: Adding pool of 60K of PSRAM memory gap generated due to end address alignment of drom to the heap allocator
I (436) spi_flash: detected chip: gd
I (439) spi_flash: flash io: qio
I (442) host_init: ESP Hosted : Host chip_ip[18]
I (447) H_API: ESP-Hosted starting. Hosted_Tasks: prio:23, stack: 5120 RPC_task_stack: 5120
I (455) H_API: ** add_esp_wifi_remote_channels **
I (460) sleep_gpio: Configure to isolate all GPIO pins in sleep state
I (466) sleep_gpio: Enable automatic switching of GPIO sleep configuration
I (474) H_SDIO_DRV: sdio_data_to_rx_buf_task started
I (477) main_task: Started on CPU0
I (480) esp_psram: Reserving pool of 64K of internal memory for DMA/internal allocations
I (489) main_task: Calling app_main()

PV-UVC-SPIKE inicio (F2B) degraus=5
PV-UVC-MEM etapa=boot psram_livre=32669812 psram_maior_bloco=32505856 interna_livre=421195
I (2366) main_task: Returned from app_main()
PV-UVC-INIT result=OK usb_host=on uvc_dev_num=1
PV-UVC-ENUM aguardando enumeracao USB em /dev/video40 (ate 10000 ms)
I (2396) usb_uvc_device: Waiting for UVC device to be enumerated...
E (2841) ENUM: LANGID 0x409 not found
*** Configuration descriptor ***
bLength 9
bDescriptorType 2
wTotalLength 1463
bNumInterfaces 5
bConfigurationValue 1
iConfiguration 0
bmAttributes 0x80
bMaxPower 500mA
*** Interface Association Descriptor ***
bLength 8
bDescriptorType 11
bFirstInterface 0
bInterfaceCount 2
bFunctionClass 0xe
bFunctionSubClass 0x3
bFunctionProtocol 0x0
iFunction 4
	*** Interface descriptor ***
	bLength 9
	bDescriptorType 4
	bInterfaceNumber 0
	bAlternateSetting 0
	bNumEndpoints 1
	bInterfaceClass 0xe
	bInterfaceSubClass 0x1
	bInterfaceProtocol 0x0
	iInterface 0
	*** Class-specific VC Interface Descriptor ***
	bLength 13
	bDescriptorType 0x24
	bDescriptorSubType 0x01
	bcdUVC 0100
	wTotalLength 80
	dwClockFrequency 24000000
	bInCollection 1
	baInterfaceNr[0] 1
	*** Input Terminal Descriptor (Camera) ***
	bLength 18
	bDescriptorType 0x24
	bDescriptorSubType 0x02
	bTerminalID 0x1
	wTerminalType 0x201
	bAssocTerminal 0
	iTerminal 0
	wObjectiveFocalLengthMin 0
	wObjectiveFocalLengthMax 0
	wOcularFocalLength 0
	bControlSize 3
	bmControls 0x7A 0x2A 0x2
	*** Extension Unit Descriptor unsupported, skipping... ***
	*** Processing Unit Descriptor ***
	bLength 11
	bDescriptorType 0x24
	bDescriptorSubType 0x05
	bUnitID 3
	bSourceID 2
	wMaxMultiplier 16384
	bControlSize 2
	bmControls 0x7F 0x17 0x0
	iProcessing 9
	bmVideoStandards 0x24
	*** Output Terminal Descriptor ***
	bLength 9
	bDescriptorType 0x24
	bDescriptorSubType 0x03
	bTerminalID 4
	wTerminalType 0x101
	bAssocTerminal 0
	bSourceID 3
	iTerminal 0
		*** Endpoint descriptor ***
		bLength 7
		bDescriptorType 5
		bEndpointAddress 0x81	EP 1 IN
		bmAttributes 0x3	INT
		wMaxPacketSize 16
		bInterval 8
		*** Class-specific Interrupt Endpoint Descriptor ***
		bLength 5
		bDescriptorType 0x25
		bDescriptorSubType 3
		wMaxTransferSize 16
	*** Interface descriptor ***
	bLength 9
	bDescriptorType 4
	bInterfaceNumber 1
	bAlternateSetting 0
	bNumEndpoints 0
	bInterfaceClass 0xe
	bInterfaceSubClass 0x2
	bInterfaceProtocol 0x0
	iInterface 0
	*** Class-specific VC Interface Descriptor ***
	bLength 15
	bDescriptorType 0x24
	bDescriptorSubType 0x01
	bcdUVC fc02
	wTotalLength 33283
	dwClockFrequency 16909312
	bInCollection 1
	baInterfaceNr[0] 1
	*** Extension Unit Descriptor unsupported, skipping... ***
	*** VS Frame Descriptor ***
	bLength 38
	bDescriptorType 0x24
	bDescriptorSubType 0x07
	bFrameIndex 1
	bmCapabilities 0x0
	wWidth 1920
	wHeight 1080
	dwMinBitRate 20736000
	dwMaxBitRate 62208000
	dwMaxVideoFrameBufSize 2073600
	dwDefaultFrameInterval 333333
	bFrameIntervalType 3
	FrameInterval[0] 333333
	FrameInterval[1] 666666
	FrameInterval[2] 1000000
	*** VS Frame Descriptor ***
	bLength 38
	bDescriptorType 0x24
	bDescriptorSubType 0x07
	bFrameIndex 2
	bmCapabilities 0x0
	wWidth 640
	wHeight 320
	dwMinBitRate 2048000
	dwMaxBitRate 6144000
	dwMaxVideoFrameBufSize 204800
	dwDefaultFrameInterval 333333
	bFrameIntervalType 3
	FrameInterval[0] 333333
	FrameInterval[1] 666666
	FrameInterval[2] 1000000
	*** VS Frame Descriptor ***
	bLength 38
	bDescriptorType 0x24
	bDescriptorSubType 0x07
	bFrameIndex 3
	bmCapabilities 0x0
	wWidth 640
	wHeight 480
	dwMinBitRate 3072000
	dwMaxBitRate 9216000
	dwMaxVideoFrameBufSize 307200
	dwDefaultFrameInterval 333333
	bFrameIntervalType 3
	FrameInterval[0] 333333
	FrameInterval[1] 666666
	FrameInterval[2] 1000000
	*** VS Frame Descriptor ***
	bLength 38
	bDescriptorType 0x24
	bDescriptorSubType 0x07
	bFrameIndex 4
	bmCapabilities 0x0
	wWidth 800
	wHeight 600
	dwMinBitRate 4800000
	dwMaxBitRate 14400000
	dwMaxVideoFrameBufSize 480000
	dwDefaultFrameInterval 333333
	bFrameIntervalType 3
	FrameInterval[0] 333333
	FrameInterval[1] 666666
	FrameInterval[2] 1000000
	*** VS Frame Descriptor ***
	bLength 38
	bDescriptorType 0x24
	bDescriptorSubType 0x07
	bFrameIndex 5
	bmCapabilities 0x0
	wWidth 1024
	wHeight 768
	dwMinBitRate 7864320
	dwMaxBitRate 23592960
	dwMaxVideoFrameBufSize 786432
	dwDefaultFrameInterval 333333
	bFrameIntervalType 3
	FrameInterval[0] 333333
	FrameInterval[1] 666666
	FrameInterval[2] 1000000
	*** VS Frame Descriptor ***
	bLength 38
	bDescriptorType 0x24
	bDescriptorSubType 0x07
	bFrameIndex 6
	bmCapabilities 0x0
	wWidth 1280
	wHeight 720
	dwMinBitRate 9216000
	dwMaxBitRate 27648000
	dwMaxVideoFrameBufSize 921600
	dwDefaultFrameInterval 333333
	bFrameIntervalType 3
	FrameInterval[0] 333333
	FrameInterval[1] 666666
	FrameInterval[2] 1000000
	*** VS Frame Descriptor ***
	bLength 38
	bDescriptorType 0x24
	bDescriptorSubType 0x07
	bFrameIndex 7
	bmCapabilities 0x0
	wWidth 1280
	wHeight 960
	dwMinBitRate 12288000
	dwMaxBitRate 36864000
	dwMaxVideoFrameBufSize 1228800
	dwDefaultFrameInterval 333333
	bFrameIntervalType 3
	FrameInterval[0] 333333
	FrameInterval[1] 666666
	FrameInterval[2] 1000000
	*** VS Frame Descriptor ***
	bLength 38
	bDescriptorType 0x24
	bDescriptorSubType 0x07
	bFrameIndex 8
	bmCapabilities 0x0
	wWidth 1600
	wHeight 1200
	dwMinBitRate 19200000
	dwMaxBitRate 57600000
	dwMaxVideoFrameBufSize 1920000
	dwDefaultFrameInterval 333333
	bFrameIntervalType 3
	FrameInterval[0] 333333
	FrameInterval[1] 666666
	FrameInterval[2] 1000000
	*** VS Frame Descriptor ***
	bLength 38
	bDescriptorType 0x24
	bDescriptorSubType 0x07
	bFrameIndex 9
	bmCapabilities 0x0
	wWidth 2048
	wHeight 1536
	dwMinBitRate 31457280
	dwMaxBitRate 94371840
	dwMaxVideoFrameBufSize 3145728
	dwDefaultFrameInterval 333333
	bFrameIntervalType 3
	FrameInterval[0] 333333
	FrameInterval[1] 666666
	FrameInterval[2] 1000000
	*** VS Frame Descriptor ***
	bLength 38
	bDescriptorType 0x24
	bDescriptorSubType 0x07
	bFrameIndex 10
	bmCapabilities 0x0
	wWidth 2592
	wHeight 1944
	dwMinBitRate 50388480
	dwMaxBitRate 151165440
	dwMaxVideoFrameBufSize 5038848
	dwDefaultFrameInterval 333333
	bFrameIntervalType 3
	FrameInterval[0] 333333
	FrameInterval[1] 666666
	FrameInterval[2] 1000000
	*** VS Frame Descriptor ***
	bLength 38
	bDescriptorType 0x24
	bDescriptorSubType 0x07
	bFrameIndex 11
	bmCapabilities 0x0
	wWidth 3264
	wHeight 2448
	dwMinBitRate 79902720
	dwMaxBitRate 239708160
	dwMaxVideoFrameBufSize 7990272
	dwDefaultFrameInterval 333333
	bFrameIntervalType 3
	FrameInterval[0] 333333
	FrameInterval[1] 666666
	FrameInterval[2] 1000000
	*** VS Frame Descriptor ***
	bLength 38
	bDescriptorType 0x24
	bDescriptorSubType 0x07
	bFrameIndex 12
	bmCapabilities 0x0
	wWidth 3840
	wHeight 2160
	dwMinBitRate 82944000
	dwMaxBitRate 248832000
	dwMaxVideoFrameBufSize 8294400
	dwDefaultFrameInterval 333333
	bFrameIntervalType 3
	FrameInterval[0] 333333
	FrameInterval[1] 666666
	FrameInterval[2] 1000000
	*** VS Frame Descriptor ***
	bLength 34
	bDescriptorType 0x24
	bDescriptorSubType 0x07
	bFrameIndex 13
	bmCapabilities 0x0
	wWidth 4000
	wHeight 3000
	dwMinBitRate 120000000
	dwMaxBitRate 180000000
	dwMaxVideoFrameBufSize 12000000
	dwDefaultFrameInterval 666666
	bFrameIntervalType 2
	FrameInterval[0] 666666
	FrameInterval[1] 1000000
	*** VS Frame Descriptor ***
	bLength 34
	bDescriptorType 0x24
	bDescriptorSubType 0x07
	bFrameIndex 14
	bmCapabilities 0x0
	wWidth 320
	wHeight 240
	dwMinBitRate 1152000
	dwMaxBitRate 2304000
	dwMaxVideoFrameBufSize 76800
	dwDefaultFrameInterval 333333
	bFrameIntervalType 2
	FrameInterval[0] 333333
	FrameInterval[1] 666666
	*** Output Terminal Descriptor ***
	bLength 63
	bDescriptorType 0x24
	bDescriptorSubType 0x03
	bTerminalID 0
	wTerminalType 0x800E
	bAssocTerminal 7
	bSourceID 56
	iTerminal 4
	*** VS Color Format Descriptor ***
	bLength 6
	bDescriptorType 0x24
	bDescriptorSubType 0x0D
	bColorPrimaries 0x1
	bTransferCharacteristics 1
	bMatrixCoefficients 0x4
	*** Selector Unit Descriptor ***
	bLength 27
	bDescriptorType 0x24
	bDescriptorSubType 0x04
	bUnitID 2
	bNrInPins 12
	baSourceID1 89
	baSourceID2 85
	iSelector 89
	*** Processing Unit Descriptor ***
	bLength 34
	bDescriptorType 0x24
	bDescriptorSubType 0x05
	bUnitID 1
	bSourceID 0
	wMaxMultiplier 320
	bControlSize 240
	bmControls 0x0 0x0 0x70
	iProcessing 23
	bmVideoStandards 0x0
	*** Processing Unit Descriptor ***
	bLength 34
	bDescriptorType 0x24
	bDescriptorSubType 0x05
	bUnitID 2
	bSourceID 0
	wMaxMultiplier 640
	bControlSize 104
	bmControls 0x1 0x0 0x50
	iProcessing 70
	bmVideoStandards 0x0
	*** Processing Unit Descriptor ***
	bLength 30
	bDescriptorType 0x24
	bDescriptorSubType 0x05
	bUnitID 3
	bSourceID 0
	wMaxMultiplier 640
	bControlSize 224
	bmControls 0x1 0x0 0xC0
	iProcessing 93
	bmVideoStandards 0x0
	*** Processing Unit Descriptor ***
	bLength 30
	bDescriptorType 0x24
	bDescriptorSubType 0x05
	bUnitID 4
	bSourceID 0
	wMaxMultiplier 800
	bControlSize 88
	bmControls 0x2 0x0 0x7C
	iProcessing 146
	bmVideoStandards 0x0
	*** Processing Unit Descriptor ***
	bLength 30
	bDescriptorType 0x24
	bDescriptorSubType 0x05
	bUnitID 5
	bSourceID 0
	wMaxMultiplier 1024
	bControlSize 208
	bmControls 0x2 0x0 0x0
	iProcessing 225
	bmVideoStandards 0x0
	*** Processing Unit Descriptor ***
	bLength 30
	bDescriptorType 0x24
	bDescriptorSubType 0x05
	bUnitID 6
	bSourceID 0
	wMaxMultiplier 1280
	bControlSize 172
	bmControls 0x3 0x0 0x30
	iProcessing 111
	bmVideoStandards 0x1
	*** Processing Unit Descriptor ***
	bLength 30
	bDescriptorType 0x24
	bDescriptorSubType 0x05
	bUnitID 7
	bSourceID 0
	wMaxMultiplier 1280
	bControlSize 0
	bmControls 0x4 0x0 0x0
	iProcessing 144
	bmVideoStandards 0x1
	*** Processing Unit Descriptor ***
	bLength 30
	bDescriptorType 0x24
	bDescriptorSubType 0x05
	bUnitID 8
	bSourceID 0
	wMaxMultiplier 1600
	bControlSize 176
	bmControls 0x4 0x0 0xF8
	iProcessing 36
	bmVideoStandards 0x1
	*** Processing Unit Descriptor ***
	bLength 30
	bDescriptorType 0x24
	bDescriptorSubType 0x05
	bUnitID 9
	bSourceID 0
	wMaxMultiplier 1920
	bControlSize 56
	bmControls 0x4 0x0 0x68
	iProcessing 60
	bmVideoStandards 0x1
	*** Processing Unit Descriptor ***
	bLength 30
	bDescriptorType 0x24
	bDescriptorSubType 0x05
	bUnitID 10
	bSourceID 0
	wMaxMultiplier 2048
	bControlSize 0
	bmControls 0x6 0x0 0x0
	iProcessing 224
	bmVideoStandards 0x1
	*** Processing Unit Descriptor ***
	bLength 30
	bDescriptorType 0x24
	bDescriptorSubType 0x05
	bUnitID 11
	bSourceID 0
	wMaxMultiplier 2560
	bControlSize 160
	bmControls 0x5 0x0 0x80
	iProcessing 50
	bmVideoStandards 0x2
	*** Processing Unit Descriptor ***
	bLength 30
	bDescriptorType 0x24
	bDescriptorSubType 0x05
	bUnitID 12
	bSourceID 0
	wMaxMultiplier 2592
	bControlSize 152
	bmControls 0x7 0x0 0xDE
	iProcessing 0
	bmVideoStandards 0x3
	*** VS Color Format Descriptor ***
	bLength 6
	bDescriptorType 0x24
	bDescriptorSubType 0x0D
	bColorPrimaries 0x1
	bTransferCharacteristics 1
	bMatrixCoefficients 0x4
	*** Interface descriptor ***
	bLength 9
	bDescriptorType 4
	bInterfaceNumber 1
	bAlternateSetting 1
	bNumEndpoints 1
	bInterfaceClass 0xe
	bInterfaceSubClass 0x2
	bInterfaceProtocol 0x0
	iInterface 0
		*** Endpoint descriptor ***
		bLength 7
		bDescriptorType 5
		bEndpointAddress 0x82	EP 2 IN
		bmAttributes 0x5	ISOC
		wMaxPacketSize 192
		bInterval 1
	*** Interface descriptor ***
	bLength 9
	bDescriptorType 4
	bInterfaceNumber 1
	bAlternateSetting 2
	bNumEndpoints 1
	bInterfaceClass 0xe
	bInterfaceSubClass 0x2
	bInterfaceProtocol 0x0
	iInterface 0
		*** Endpoint descriptor ***
		bLength 7
		bDescriptorType 5
		bEndpointAddress 0x82	EP 2 IN
		bmAttributes 0x5	ISOC
		wMaxPacketSize 384
		bInterval 1
	*** Interface descriptor ***
	bLength 9
	bDescriptorType 4
	bInterfaceNumber 1
	bAlternateSetting 3
	bNumEndpoints 1
	bInterfaceClass 0xe
	bInterfaceSubClass 0x2
	bInterfaceProtocol 0x0
	iInterface 0
		*** Endpoint descriptor ***
		bLength 7
		bDescriptorType 5
		bEndpointAddress 0x82	EP 2 IN
		bmAttributes 0x5	ISOC
		wMaxPacketSize 512
		bInterval 1
	*** Interface descriptor ***
	bLength 9
	bDescriptorType 4
	bInterfaceNumber 1
	bAlternateSetting 4
	bNumEndpoints 1
	bInterfaceClass 0xe
	bInterfaceSubClass 0x2
	bInterfaceProtocol 0x0
	iInterface 0
		*** Endpoint descriptor ***
		bLength 7
		bDescriptorType 5
		bEndpointAddress 0x82	EP 2 IN
		bmAttributes 0x5	ISOC
		wMaxPacketSize 640
		bInterval 1
	*** Interface descriptor ***
	bLength 9
	bDescriptorType 4
	bInterfaceNumber 1
	bAlternateSetting 5
	bNumEndpoints 1
	bInterfaceClass 0xe
	bInterfaceSubClass 0x2
	bInterfaceProtocol 0x0
	iInterface 0
		*** Endpoint descriptor ***
		bLength 7
		bDescriptorType 5
		bEndpointAddress 0x82	EP 2 IN
		bmAttributes 0x5	ISOC
		wMaxPacketSize 800
		bInterval 1
	*** Interface descriptor ***
	bLength 9
	bDescriptorType 4
	bInterfaceNumber 1
	bAlternateSetting 6
	bNumEndpoints 1
	bInterfaceClass 0xe
	bInterfaceSubClass 0x2
	bInterfaceProtocol 0x0
	iInterface 0
		*** Endpoint descriptor ***
		bLength 7
		bDescriptorType 5
		bEndpointAddress 0x82	EP 2 IN
		bmAttributes 0x5	ISOC
		wMaxPacketSize 944
		bInterval 1
	*** Interface descriptor ***
	bLength 9
	bDescriptorType 4
	bInterfaceNumber 1
	bAlternateSetting 7
	bNumEndpoints 1
	bInterfaceClass 0xe
	bInterfaceSubClass 0x2
	bInterfaceProtocol 0x0
	iInterface 0
		*** Endpoint descriptor ***
		bLength 7
		bDescriptorType 5
		bEndpointAddress 0x82	EP 2 IN
		bmAttributes 0x5	ISOC
		wMaxPacketSize 640
		wMaxPacketSize (with additional transactions in microframe) 1280
		bInterval 1
	*** Interface descriptor ***
	bLength 9
	bDescriptorType 4
	bInterfaceNumber 1
	bAlternateSetting 8
	bNumEndpoints 1
	bInterfaceClass 0xe
	bInterfaceSubClass 0x2
	bInterfaceProtocol 0x0
	iInterface 0
		*** Endpoint descriptor ***
		bLength 7
		bDescriptorType 5
		bEndpointAddress 0x82	EP 2 IN
		bmAttributes 0x5	ISOC
		wMaxPacketSize 800
		wMaxPacketSize (with additional transactions in microframe) 1600
		bInterval 1
	*** Interface descriptor ***
	bLength 9
	bDescriptorType 4
	bInterfaceNumber 1
	bAlternateSetting 9
	bNumEndpoints 1
	bInterfaceClass 0xe
	bInterfaceSubClass 0x2
	bInterfaceProtocol 0x0
	iInterface 0
		*** Endpoint descriptor ***
		bLength 7
		bDescriptorType 5
		bEndpointAddress 0x82	EP 2 IN
		bmAttributes 0x5	ISOC
		wMaxPacketSize 992
		wMaxPacketSize (with additional transactions in microframe) 1984
		bInterval 1
	*** Interface descriptor ***
	bLength 9
	bDescriptorType 4
	bInterfaceNumber 1
	bAlternateSetting 10
	bNumEndpoints 1
	bInterfaceClass 0xe
	bInterfaceSubClass 0x2
	bInterfaceProtocol 0x0
	iInterface 0
		*** Endpoint descriptor ***
		bLength 7
		bDescriptorType 5
		bEndpointAddress 0x82	EP 2 IN
		bmAttributes 0x5	ISOC
		wMaxPacketSize 896
		wMaxPacketSize (with additional transactions in microframe) 2688
		bInterval 1
	*** Interface descriptor ***
	bLength 9
	bDescriptorType 4
	bInterfaceNumber 1
	bAlternateSetting 11
	bNumEndpoints 1
	bInterfaceClass 0xe
	bInterfaceSubClass 0x2
	bInterfaceProtocol 0x0
	iInterface 0
		*** Endpoint descriptor ***
		bLength 7
		bDescriptorType 5
		bEndpointAddress 0x82	EP 2 IN
		bmAttributes 0x5	ISOC
		wMaxPacketSize 1024
		wMaxPacketSize (with additional transactions in microframe) 3072
		bInterval 1
*** Interface Association Descriptor ***
bLength 8
bDescriptorType 11
bFirstInterface 2
bInterfaceCount 2
bFunctionClass 0x1
bFunctionSubClass 0x0
bFunctionProtocol 0x0
iFunction 5
	*** Interface descriptor ***
	bLength 9
	bDescriptorType 4
	bInterfaceNumber 2
	bAlternateSetting 0
	bNumEndpoints 0
	bInterfaceClass 0x1
	bInterfaceSubClass 0x1
	bInterfaceProtocol 0x0
	iInterface 0
	*** Class-specific VC Interface Descriptor ***
	bLength 9
	bDescriptorType 0x24
	bDescriptorSubType 0x01
	bcdUVC 0100
	wTotalLength 39
	dwClockFrequency 604766977
	bInCollection 2
	baInterfaceNr[0] 1
	baInterfaceNr[1] 1
	*** Input Terminal Descriptor (Camera) ***
	bLength 12
	bDescriptorType 0x24
	bDescriptorSubType 0x02
	bTerminalID 0x1
	wTerminalType 0x201
	bAssocTerminal 0
	iTerminal 1
	wObjectiveFocalLengthMin 3
	wObjectiveFocalLengthMax 0
	wOcularFocalLength 9225
	bControlSize 6
	bmControls 0x2 0x1 0x2
	*** Extension Unit Descriptor unsupported, skipping... ***
	*** Output Terminal Descriptor ***
	bLength 9
	bDescriptorType 0x24
	bDescriptorSubType 0x03
	bTerminalID 3
	wTerminalType 0x101
	bAssocTerminal 0
	bSourceID 2
	iTerminal 0
	*** Interface descriptor ***
	bLength 9
	bDescriptorType 4
	bInterfaceNumber 3
	bAlternateSetting 0
	bNumEndpoints 0
	bInterfaceClass 0x1
	bInterfaceSubClass 0x2
	bInterfaceProtocol 0x0
	iInterface 0
	*** Interface descriptor ***
	bLength 9
	bDescriptorType 4
	bInterfaceNumber 3
	bAlternateSetting 1
	bNumEndpoints 1
	bInterfaceClass 0x1
	bInterfaceSubClass 0x2
	bInterfaceProtocol 0x0
	iInterface 0
	*** Class-specific VC Interface Descriptor ***
	bLength 7
	bDescriptorType 0x24
	bDescriptorSubType 0x01
	bcdUVC 0003
	wTotalLength 1
	dwClockFrequency 16917515
	bInCollection 2
	baInterfaceNr[0] 2
	baInterfaceNr[1] 16
	*** Input Terminal Descriptor (Media) ***
	bLength 11
	bDescriptorType 0x24
	bDescriptorSubType 0x02
	bTerminalID 0x1
	wTerminalType 0x202
	bAssocTerminal 16
	iTerminal 1
	bControlSize 128
	bmControls 0xBB
	bTransportModeSize 0
	bmTransportModes 0x9 0x5 0x83 0x1 0xC0
		*** Endpoint descriptor ***
		bLength 9
		bDescriptorType 5
		bEndpointAddress 0x83	EP 3 IN
		bmAttributes 0x1	ISOC
		wMaxPacketSize 192
		bInterval 4
		*** Class-specific Interrupt Endpoint Descriptor ***
		bLength 7
		bDescriptorType 0x25
		bDescriptorSubType 1
		wMaxTransferSize 1
	*** Interface descriptor ***
	bLength 9
	bDescriptorType 4
	bInterfaceNumber 4
	bAlternateSetting 0
	bNumEndpoints 2
	bInterfaceClass 0x3
	bInterfaceSubClass 0x0
	bInterfaceProtocol 0x0
	iInterface 0
 *** Unknown Descriptor Length: 9 Type: 33 ***
		*** Endpoint descriptor ***
		bLength 7
		bDescriptorType 5
		bEndpointAddress 0x84	EP 4 IN
		bmAttributes 0x3	INT
		wMaxPacketSize 64
		bInterval 4
		*** Endpoint descriptor ***
		bLength 7
		bDescriptorType 5
		bEndpointAddress 0x1	EP 1 OUT
		bmAttributes 0x3	INT
		wMaxPacketSize 64
		bInterval 4
PV-UVC-ENUM device aberto em 2035 ms
PV-UVC-ENUM cap driver=USB-UVC0 card=USB-UVC0 bus=esp32p4:USB-UVC0 caps=0x84201001 device_caps=0x04201001
PV-UVC-ENUM fmt index=0 fourcc=JPEG flags=0x0 desc="JPEG"
PV-UVC-ENUM size fourcc=JPEG index=0 1920x1080
PV-UVC-ENUM interval fourcc=JPEG 1920x1080 index=0 tipo=discrete num=333333 den=10000000 fps_x1000=30000
PV-UVC-ENUM interval fourcc=JPEG 1920x1080 index=1 tipo=discrete num=666666 den=10000000 fps_x1000=15000
PV-UVC-ENUM interval fourcc=JPEG 1920x1080 index=2 tipo=discrete num=1000000 den=10000000 fps_x1000=10000
PV-UVC-ENUM size fourcc=JPEG index=1 640x320
PV-UVC-ENUM interval fourcc=JPEG 640x320 index=0 tipo=discrete num=333333 den=10000000 fps_x1000=30000
PV-UVC-ENUM interval fourcc=JPEG 640x320 index=1 tipo=discrete num=666666 den=10000000 fps_x1000=15000
PV-UVC-ENUM interval fourcc=JPEG 640x320 index=2 tipo=discrete num=1000000 den=10000000 fps_x1000=10000
PV-UVC-ENUM size fourcc=JPEG index=2 640x480
PV-UVC-ENUM interval fourcc=JPEG 640x480 index=0 tipo=discrete num=333333 den=10000000 fps_x1000=30000
PV-UVC-ENUM interval fourcc=JPEG 640x480 index=1 tipo=discrete num=666666 den=10000000 fps_x1000=15000
PV-UVC-ENUM interval fourcc=JPEG 640x480 index=2 tipo=discrete num=1000000 den=10000000 fps_x1000=10000
PV-UVC-ENUM size fourcc=JPEG index=3 800x600
PV-UVC-ENUM interval fourcc=JPEG 800x600 index=0 tipo=discrete num=333333 den=10000000 fps_x1000=30000
PV-UVC-ENUM interval fourcc=JPEG 800x600 index=1 tipo=discrete num=666666 den=10000000 fps_x1000=15000
PV-UVC-ENUM interval fourcc=JPEG 800x600 index=2 tipo=discrete num=1000000 den=10000000 fps_x1000=10000
PV-UVC-ENUM size fourcc=JPEG index=4 1024x768
PV-UVC-ENUM interval fourcc=JPEG 1024x768 index=0 tipo=discrete num=333333 den=10000000 fps_x1000=30000
PV-UVC-ENUM interval fourcc=JPEG 1024x768 index=1 tipo=discrete num=666666 den=10000000 fps_x1000=15000
PV-UVC-ENUM interval fourcc=JPEG 1024x768 index=2 tipo=discrete num=1000000 den=10000000 fps_x1000=10000
PV-UVC-ENUM size fourcc=JPEG index=5 1280x720
PV-UVC-ENUM interval fourcc=JPEG 1280x720 index=0 tipo=discrete num=333333 den=10000000 fps_x1000=30000
PV-UVC-ENUM interval fourcc=JPEG 1280x720 index=1 tipo=discrete num=666666 den=10000000 fps_x1000=15000
PV-UVC-ENUM interval fourcc=JPEG 1280x720 index=2 tipo=discrete num=1000000 den=10000000 fps_x1000=10000
PV-UVC-ENUM size fourcc=JPEG index=6 1280x960
PV-UVC-ENUM interval fourcc=JPEG 1280x960 index=0 tipo=discrete num=333333 den=10000000 fps_x1000=30000
PV-UVC-ENUM interval fourcc=JPEG 1280x960 index=1 tipo=discrete num=666666 den=10000000 fps_x1000=15000
PV-UVC-ENUM interval fourcc=JPEG 1280x960 index=2 tipo=discrete num=1000000 den=10000000 fps_x1000=10000
PV-UVC-ENUM size fourcc=JPEG index=7 1600x1200
PV-UVC-ENUM interval fourcc=JPEG 1600x1200 index=0 tipo=discrete num=333333 den=10000000 fps_x1000=30000
PV-UVC-ENUM interval fourcc=JPEG 1600x1200 index=1 tipo=discrete num=666666 den=10000000 fps_x1000=15000
PV-UVC-ENUM interval fourcc=JPEG 1600x1200 index=2 tipo=discrete num=1000000 den=10000000 fps_x1000=10000
PV-UVC-ENUM size fourcc=JPEG index=8 2048x1536
PV-UVC-ENUM interval fourcc=JPEG 2048x1536 index=0 tipo=discrete num=333333 den=10000000 fps_x1000=30000
PV-UVC-ENUM interval fourcc=JPEG 2048x1536 index=1 tipo=discrete num=666666 den=10000000 fps_x1000=15000
PV-UVC-ENUM interval fourcc=JPEG 2048x1536 index=2 tipo=discrete num=1000000 den=10000000 fps_x1000=10000
PV-UVC-ENUM size fourcc=JPEG index=9 2592x1944
PV-UVC-ENUM interval fourcc=JPEG 2592x1944 index=0 tipo=discrete num=333333 den=10000000 fps_x1000=30000
PV-UVC-ENUM interval fourcc=JPEG 2592x1944 index=1 tipo=discrete num=666666 den=10000000 fps_x1000=15000
PV-UVC-ENUM interval fourcc=JPEG 2592x1944 index=2 tipo=discrete num=1000000 den=10000000 fps_x1000=10000
PV-UVC-ENUM size fourcc=JPEG index=10 3264x2448
PV-UVC-ENUM interval fourcc=JPEG 3264x2448 index=0 tipo=discrete num=333333 den=10000000 fps_x1000=30000
PV-UVC-ENUM interval fourcc=JPEG 3264x2448 index=1 tipo=discrete num=666666 den=10000000 fps_x1000=15000
PV-UVC-ENUM interval fourcc=JPEG 3264x2448 index=2 tipo=discrete num=1000000 den=10000000 fps_x1000=10000
PV-UVC-ENUM size fourcc=JPEG index=11 3840x2160
PV-UVC-ENUM interval fourcc=JPEG 3840x2160 index=0 tipo=discrete num=333333 den=10000000 fps_x1000=30000
PV-UVC-ENUM interval fourcc=JPEG 3840x2160 index=1 tipo=discrete num=666666 den=10000000 fps_x1000=15000
PV-UVC-ENUM interval fourcc=JPEG 3840x2160 index=2 tipo=discrete num=1000000 den=10000000 fps_x1000=10000
PV-UVC-ENUM size fourcc=JPEG index=12 4000x3000
PV-UVC-ENUM interval fourcc=JPEG 4000x3000 index=0 tipo=discrete num=666666 den=10000000 fps_x1000=15000
PV-UVC-ENUM interval fourcc=JPEG 4000x3000 index=1 tipo=discrete num=1000000 den=10000000 fps_x1000=10000
PV-UVC-ENUM size fourcc=JPEG index=13 320x240
PV-UVC-ENUM interval fourcc=JPEG 320x240 index=0 tipo=discrete num=333333 den=10000000 fps_x1000=30000
PV-UVC-ENUM interval fourcc=JPEG 320x240 index=1 tipo=discrete num=666666 den=10000000 fps_x1000=15000
PV-UVC-ENUM fmt index=1 fourcc=YUYV flags=0x0 desc="YUV 4:2:2 YUYV"
PV-UVC-ENUM size fourcc=YUYV index=0 320x240
PV-UVC-ENUM interval fourcc=YUYV 320x240 index=0 tipo=discrete num=500000 den=10000000 fps_x1000=20000
PV-UVC-ENUM interval fourcc=YUYV 320x240 index=1 tipo=discrete num=1000000 den=10000000 fps_x1000=10000
PV-UVC-ENUM size fourcc=YUYV index=1 640x360
PV-UVC-ENUM interval fourcc=YUYV 640x360 index=0 tipo=discrete num=500000 den=10000000 fps_x1000=20000
PV-UVC-ENUM interval fourcc=YUYV 640x360 index=1 tipo=discrete num=1000000 den=10000000 fps_x1000=10000
PV-UVC-ENUM size fourcc=YUYV index=2 640x480
PV-UVC-ENUM interval fourcc=YUYV 640x480 index=0 tipo=discrete num=1000000 den=10000000 fps_x1000=10000
PV-UVC-ENUM size fourcc=YUYV index=3 800x600
PV-UVC-ENUM interval fourcc=YUYV 800x600 index=0 tipo=discrete num=1000000 den=10000000 fps_x1000=10000
PV-UVC-ENUM size fourcc=YUYV index=4 1024x720
PV-UVC-ENUM interval fourcc=YUYV 1024x720 index=0 tipo=discrete num=1000000 den=10000000 fps_x1000=10000
PV-UVC-ENUM size fourcc=YUYV index=5 1280x940
PV-UVC-ENUM interval fourcc=YUYV 1280x940 index=0 tipo=discrete num=1000000 den=10000000 fps_x1000=10000
PV-UVC-ENUM size fourcc=YUYV index=6 1280x1024
PV-UVC-ENUM interval fourcc=YUYV 1280x1024 index=0 tipo=discrete num=1000000 den=10000000 fps_x1000=10000
PV-UVC-ENUM size fourcc=YUYV index=7 1600x1200
PV-UVC-ENUM interval fourcc=YUYV 1600x1200 index=0 tipo=discrete num=2000000 den=10000000 fps_x1000=5000
PV-UVC-ENUM size fourcc=YUYV index=8 1920x1080
PV-UVC-ENUM interval fourcc=YUYV 1920x1080 index=0 tipo=discrete num=2000000 den=10000000 fps_x1000=5000
PV-UVC-ENUM size fourcc=YUYV index=9 2048x1536
PV-UVC-ENUM interval fourcc=YUYV 2048x1536 index=0 tipo=discrete num=2000000 den=10000000 fps_x1000=5000
PV-UVC-ENUM size fourcc=YUYV index=10 2560x1440
PV-UVC-ENUM interval fourcc=YUYV 2560x1440 index=0 tipo=discrete num=2000000 den=10000000 fps_x1000=5000
PV-UVC-ENUM size fourcc=YUYV index=11 2592x1944
PV-UVC-ENUM interval fourcc=YUYV 2592x1944 index=0 tipo=discrete num=2000000 den=10000000 fps_x1000=5000
PV-UVC-ENUM result=OK tamanhos_jpeg=14
I (5060) usb_uvc_device: All UVC devices already enumerated
PV-UVC-FMT requested=800x600 applied=800x600 fourcc=JPEG sizeimage=0
I (5079) uvc: Allocating 2 USB transfers for ISOC. Each: 3072 bytes, 1 ISOC packets, 3072 MPS
W (8113) PvUvcSpike: DQBUF de descarte 0 falhou: errno=1(Not owner)
PV-UVC-WARMUP requested=800x600 descartados=0
E (13113) PvUvcSpike: VIDIOC_DQBUF falhou: errno=1(Not owner)

assert failed: usbh_dev_close usbh.c:1226 (dev_obj->dynamic.num_ctrl_xfers_inflight == 0)
Core  0 register dump:
MEPC    : 0x4ff0d048  RA      : 0x4ff0cbe0  SP      : 0x4ff3deb0  GP      : 0x4ff14300  
TP      : 0x4ff3e4e0  T0      : 0x695f7372  T1      : 0x616e7964  T2      : 0x696c666e  
S0/FP   : 0x0000006e  S1      : 0x00000001  A0      : 0x4ff3def8  A1      : 0x4ff16881  
A2      : 0x00000001  A3      : 0x4ff1a000  A4      : 0x00000001  A5      : 0x4ff1a000  
A6      : 0x00000008  A7      : 0x3e2d6a62  S2      : 0x4ff3def8  S3      : 0x4ff3df19  
S4      : 0x4ff16880  S5      : 0x4ff3def8  S6      : 0x48043896  S7      : 0x00000002  
S8      : 0x00001fb1  S9      : 0x480a4c98  S10     : 0x001e8480  S11     : 0x00000002  
T3      : 0x2e63696d  T4      : 0x5f6d756e  T5      : 0x6c727463  T6      : 0x6566785f  
MSTATUS : 0x00011880  MTVEC   : 0x4ff00003  MCAUSE  : 0x00000002  MTVAL   : 0x00000000  
MHARTID : 0x00000000  

Stack memory:
4ff3deb0: 0x00000000 0x4ff3df5c 0x480da1c4 0x4ff0a8b8 0x36323231 0x4ff3e900 0x00000000 0x00000000
4ff3ded0: 0x48000000 0x4ff1712c 0x480da1c4 0x4ff17110 0x480ae0d1 0x4ff1713c 0x4ff3dec0 0x4ff17140
4ff3def0: 0x480ae248 0x4ff16880 0x65737361 0x66207472 0x656c6961 0x75203a64 0x5f686273 0x5f766564
4ff3df10: 0x736f6c63 0x73752065 0x632e6862 0x3232313a 0x64282036 0x6f5f7665 0x3e2d6a62 0x616e7964
4ff3df30: 0x2e63696d 0x5f6d756e 0x6c727463 0x6566785f 0x695f7372 0x696c666e 0x20746867 0x30203d3d
4ff3df50: 0x00000029 0x00000000 0x4ff51bd0 0xfffffffe 0x00000000 0x00000000 0x4ff3e518 0xfffffffe
4ff3df70: 0x00000000 0x480e7b90 0x4ff3e518 0x4807df5c 0x00000000 0x000000a8 0x480e7bc4 0x480e0ee4
4ff3df90: 0x4ff51a08 0x00000000 0x4ff3e8bc 0x4ff3fb68 0x480e6fa8 0x00000000 0x4ff3e8bc 0x4807e2c4
4ff3dfb0: 0x480e6fa8 0x00000000 0x4ff3e8bc 0x4807c782 0x4ff51a08 0x00000000 0x4ff3e418 0x4ff3fb68
4ff3dfd0: 0x480e6fa8 0x4ff1a000 0x480e7018 0x48043896 0x4ff51a08 0x00000000 0x480e7018 0x480e7018
4ff3dff0: 0x480e6fa8 0x4ff1a000 0x480e7018 0x48041a08 0x00000103 0x480e7b28 0x00000002 0x010e7d58
4ff3e010: 0x00000103 0x480e7b28 0x00000002 0x4803c3e6 0x00000103 0x4ff1a000 0x480e7b28 0x4803d944
4ff3e030: 0x00000103 0x4ff3fb68 0x4ff3fae4 0x48025bb0 0x00000000 0x40045613 0x4ff3fb68 0x48022870
4ff3e050: 0x00000001 0x40045613 0x00000001 0x4802303c 0x00000001 0x4ff14588 0x480a4364 0x00003339
4ff3e070: 0x00000000 0x480a4c98 0x4ff5073c 0x4802c984 0x00000001 0x00000000 0x4ff3e418 0x4808041e
4ff3e090: 0x00000001 0x4ff14588 0x480a4848 0x00000004 0x00000000 0x00000000 0x00000000 0x4ff3e0c8
4ff3e0b0: 0x4ff3e418 0x4ff14588 0x00000004 0x48021362 0x00000005 0x00000000 0x4ff3e100 0x00000000
4ff3e0d0: 0x20800008 0x00000001 0x00000001 0x0000000a 0x4ff3e1a8 0x480e71a8 0x480e71a8 0x4803dd74
4ff3e0f0: 0x00000000 0x4ff1a000 0x4ff3fae4 0x00000001 0x00000001 0x4745504a 0x00000000 0x00000002
4ff3e110: 0x00000001 0x00000001 0x00000000 0x00000000 0x4ff3fb68 0x480f0a40 0x48165d80 0x00075300
4ff3e130: 0x00075300 0x00000000 0x00000000 0x00000001 0x00000000 0x00000000 0x00000000 0x00000000
4ff3e150: 0x00000000 0x00000000 0x00000000 0x00000000 0x00000000 0x00000000 0x00000000 0x00000000
4ff3e170: 0x00000000 0x00000001 0x00000000 0x00000000 0x00000000 0x00000000 0x00000001 0x00000320
4ff3e190: 0x00000258 0x4745504a 0x00000000 0x00000000 0x00000000 0x00000000 0x00000000 0x00000000
4ff3e1b0: 0x00000000 0x00000000 0x00000000 0x00000000 0x00000000 0x00000000 0x00000000 0x00000000
4ff3e1d0: 0x00000000 0x00000000 0x00000000 0x00000000 0x00000000 0x00000000 0x00000000 0x00000000
4ff3e1f0: 0x00000000 0x00000000 0x00000000 0x00000000 0x00000000 0x00000000 0x00000000 0x00000000
4ff3e210: 0x00000000 0x00000000 0x00000000 0x00000000 0x00000000 0x00000000 0x00000000 0x00000000
4ff3e230: 0x00000000 0x00000000 0x00000000 0x00000000 0x00000000 0x00000000 0x00000000 0x00000000
4ff3e250: 0x00000000 0x00000001 0x00000320 0x00000258 0x4745504a 0x00000000 0x00000000 0x00000000
4ff3e270: 0x00000000 0x00000000 0x00000000 0x00000000 0x00000000 0x00000000 0x00000000 0x00000000
4ff3e290: 0x00000000 0x00000000 0x00000000 0x00000000 0x00000000 0x00000000 0x00000000 0x00000000



ELF file SHA256: e87c6fa39

Rebooting...
ESP-ROM:esp32p4-eco2-20240710
Build:Jul 10 2024
rst:0xc (SW_CPU_RESET),boot:0xf (SPI_FAST_FLASH_BOOT)
Core0 Saved PC:0x4ff00c9e
Core1 Saved PC:0x4ff0698c
SPI mode:DIO, clock div:1
load:0x4ff33ce0,len:0x5d0
load:0x4ff28ed0,len:0xdf8
load:0x4ff2bbd0,len:0x34b8
entry 0x4ff28ed0
I (46) hex_psram: vendor id    : 0x0d (AP)
I (46) hex_psram: Latency      : 0x01 (Fixed)
I (46) hex_psram: DriveStr.    : 0x00 (25 Ohm)
I (47) hex_psram: dev id       : 0x03 (generation 4)
I (51) hex_psram: density      : 0x07 (256 Mbit)
I (56) hex_psram: good-die     : 0x06 (Pass)
I (60) hex_psram: SRF          : 0x02 (Slow Refresh)
I (64) hex_psram: BurstType    : 0x00 ( Wrap)
I (69) hex_psram: BurstLen     : 0x03 (2048 Byte)
I (73) hex_psram: BitMode      : 0x01 (X16 Mode)
I (77) hex_psram: Readlatency  : 0x04 (14 cycles@Fixed)
I (82) hex_psram: DriveStrength: 0x00 (1/1)
I (86) MSPI Timing: Enter psram timing tuning
I esp_psram: Found 32MB PSRAM device
I esp_psram: Speed: 200MHz
I (282) mmu_psram: .rodata xip on psram
I (316) mmu_psram: .text xip on psram
I (318) hex_psram: psram CS IO is dedicated
I (318) cpu_start: Multicore app
I (328) cpu_start: GPIO 38 and 37 are used as console UART I/O pins
I (328) cpu_start: Pro cpu start user code
I (328) cpu_start: cpu freq: 360000000 Hz
I (330) app_init: Application information:
I (334) app_init: Project name:     xiaozhi
I (338) app_init: App version:      2.4.0
I (341) app_init: Compile time:     Aug 10 2026 22:03:41
I (346) app_init: ELF file SHA256:  e87c6fa39...
I (351) app_init: ESP-IDF:          v6.0.2
I (355) efuse_init: Min chip rev:     v1.0
I (358) efuse_init: Max chip rev:     v1.99 
I (362) efuse_init: Chip rev:         v1.3
I (366) heap_init: Initializing. RAM available for dynamic allocation:
I (372) heap_init: At 4FF1A740 len 00020880 (130 KiB): RETENT_RAM
I (378) heap_init: At 4FF3AFC0 len 00004BF0 (18 KiB): RAM
I (383) heap_init: At 4FF40000 len 00060000 (384 KiB): RAM
I (389) heap_init: At 50108080 len 00007F80 (31 KiB): RTCRAM
I (394) heap_init: At 30100088 len 00001F78 (7 KiB): SPM
I (399) esp_psram: Adding pool of 31808K of PSRAM memory to heap allocator
I (406) esp_psram: Adding pool of 62K of PSRAM memory gap generated due to end address alignment of irom to the heap allocator
I (417) esp_psram: Adding pool of 60K of PSRAM memory gap generated due to end address alignment of drom to the heap allocator
I (428) spi_flash: detected chip: gd
I (431) spi_flash: flash io: qio
I (434) host_init: ESP Hosted : Host chip_ip[18]
I (438) H_API: ESP-Hosted starting. Hosted_Tasks: prio:23, stack: 5120 RPC_task_stack: 5120
I (447) H_API: ** add_esp_wifi_remote_channels **
I (452) sleep_gpio: Configure to isolate all GPIO pins in sleep state
I (457) sleep_gpio: Enable automatic switching of GPIO sleep configuration
I (465) H_SDIO_DRV: sdio_data_to_rx_buf_task started
I (468) main_task: Started on CPU0
I (471) esp_psram: Reserving pool of 64K of internal memory for DMA/internal allocations
I (480) main_task: Calling app_main()

PV-UVC-SPIKE inicio (F2B) degraus=5
PV-UVC-MEM etapa=boot psram_livre=32669812 psram_maior_bloco=32505856 interna_livre=421195
I (2358) main_task: Returned from app_main()
PV-UVC-INIT result=OK usb_host=on uvc_dev_num=1
PV-UVC-ENUM aguardando enumeracao USB em /dev/video40 (ate 10000 ms)
I (2388) usb_uvc_device: Waiting for UVC device to be enumerated...
E (2832) ENUM: LANGID 0x409 not found
*** Configuration descriptor ***
bLength 9
bDescriptorType 2
wTotalLength 1463
bNumInterfaces 5
bConfigurationValue 1
iConfiguration 0
bmAttributes 0x80
bMaxPower 500mA
*** Interface Association Descriptor ***
bLength 8
bDescriptorType 11
bFirstInterface 0
bInterfaceCount 2
bFunctionClass 0xe
bFunctionSubClass 0x3
bFunctionProtocol 0x0
iFunction 4
	*** Interface descriptor ***
	bLength 9
	bDescriptorType 4
	bInterfaceNumber 0
	bAlternateSetting 0
	bNumEndpoints 1
	bInterfaceClass 0xe
	bInterfaceSubClass 0x1
	bInterfaceProtocol 0x0
	iInterface 0
	*** Class-specific VC Interface Descriptor ***
	bLength 13
	bDescriptorType 0x24
	bDescriptorSubType 0x01
	bcdUVC 0100
	wTotalLength 80
	dwClockFrequency 24000000
	bInCollection 1
	baInterfaceNr[0] 1
	*** Input Terminal Descriptor (Camera) ***
	bLength 18
	bDescriptorType 0x24
	bDescriptorSubType 0x02
	bTerminalID 0x1
	wTerminalType 0x201
	bAssocTerminal 0
	iTerminal 0
	wObjectiveFocalLengthMin 0
	wObjectiveFocalLengthMax 0
	wOcularFocalLength 0
	bControlSize 3
	bmControls 0x7A 0x2A 0x2
	*** Extension Unit Descriptor unsupported, skipping... ***
	*** Processing Unit Descriptor ***
	bLength 11
	bDescriptorType 0x24
	bDescriptorSubType 0x05
	bUnitID 3
	bSourceID 2
	wMaxMultiplier 16384
	bControlSize 2
	bmControls 0x7F 0x17 0x0
	iProcessing 9
	bmVideoStandards 0x24
	*** Output Terminal Descriptor ***
	bLength 9
	bDescriptorType 0x24
	bDescriptorSubType 0x03
	bTerminalID 4
	wTerminalType 0x101
	bAssocTerminal 0
	bSourceID 3
	iTerminal 0
		*** Endpoint descriptor ***
		bLength 7
		bDescriptorType 5
		bEndpointAddress 0x81	EP 1 IN
		bmAttributes 0x3	INT
		wMaxPacketSize 16
		bInterval 8
		*** Class-specific Interrupt Endpoint Descriptor ***
		bLength 5
		bDescriptorType 0x25
		bDescriptorSubType 3
		wMaxTransferSize 16
	*** Interface descriptor ***
	bLength 9
	bDescriptorType 4
	bInterfaceNumber 1
	bAlternateSetting 0
	bNumEndpoints 0
	bInterfaceClass 0xe
	bInterfaceSubClass 0x2
	bInterfaceProtocol 0x0
	iInterface 0
	*** Class-specific VC Interface Descriptor ***
	bLength 15
	bDescriptorType 0x24
	bDescriptorSubType 0x01
	bcdUVC fc02
	wTotalLength 33283
	dwClockFrequency 16909312
	bInCollection 1
	baInterfaceNr[0] 1
	*** Extension Unit Descriptor unsupported, skipping... ***
	*** VS Frame Descriptor ***
	bLength 38
	bDescriptorType 0x24
	bDescriptorSubType 0x07
	bFrameIndex 1
	bmCapabilities 0x0
	wWidth 1920
	wHeight 1080
	dwMinBitRate 20736000
	dwMaxBitRate 62208000
	dwMaxVideoFrameBufSize 2073600
	dwDefaultFrameInterval 333333
	bFrameIntervalType 3
	FrameInterval[0] 333333
	FrameInterval[1] 666666
	FrameInterval[2] 1000000
	*** VS Frame Descriptor ***
	bLength 38
	bDescriptorType 0x24
	bDescriptorSubType 0x07
	bFrameIndex 2
	bmCapabilities 0x0
	wWidth 640
	wHeight 320
	dwMinBitRate 2048000
	dwMaxBitRate 6144000
	dwMaxVideoFrameBufSize 204800
	dwDefaultFrameInterval 333333
	bFrameIntervalType 3
	FrameInterval[0] 333333
	FrameInterval[1] 666666
	FrameInterval[2] 1000000
	*** VS Frame Descriptor ***
	bLength 38
	bDescriptorType 0x24
	bDescriptorSubType 0x07
	bFrameIndex 3
	bmCapabilities 0x0
	wWidth 640
	wHeight 480
	dwMinBitRate 3072000
	dwMaxBitRate 9216000
	dwMaxVideoFrameBufSize 307200
	dwDefaultFrameInterval 333333
	bFrameIntervalType 3
	FrameInterval[0] 333333
	FrameInterval[1] 666666
	FrameInterval[2] 1000000
	*** VS Frame Descriptor ***
	bLength 38
	bDescriptorType 0x24
	bDescriptorSubType 0x07
	bFrameIndex 4
	bmCapabilities 0x0
	wWidth 800
	wHeight 600
	dwMinBitRate 4800000
	dwMaxBitRate 14400000
	dwMaxVideoFrameBufSize 480000
	dwDefaultFrameInterval 333333
	bFrameIntervalType 3
	FrameInterval[0] 333333
	FrameInterval[1] 666666
	FrameInterval[2] 1000000
	*** VS Frame Descriptor ***
	bLength 38
	bDescriptorType 0x24
	bDescriptorSubType 0x07
	bFrameIndex 5
	bmCapabilities 0x0
	wWidth 1024
	wHeight 768
	dwMinBitRate 7864320
	dwMaxBitRate 23592960
	dwMaxVideoFrameBufSize 786432
	dwDefaultFrameInterval 333333
	bFrameIntervalType 3
	FrameInterval[0] 333333
	FrameInterval[1] 666666
	FrameInterval[2] 1000000
	*** VS Frame Descriptor ***
	bLength 38
	bDescriptorType 0x24
	bDescriptorSubType 0x07
	bFrameIndex 6
	bmCapabilities 0x0
	wWidth 1280
	wHeight 720
	dwMinBitRate 9216000
	dwMaxBitRate 27648000
	dwMaxVideoFrameBufSize 921600
	dwDefaultFrameInterval 333333
	bFrameIntervalType 3
	FrameInterval[0] 333333
	FrameInterval[1] 666666
	FrameInterval[2] 1000000
	*** VS Frame Descriptor ***
	bLength 38
	bDescriptorType 0x24
	bDescriptorSubType 0x07
	bFrameIndex 7
	bmCapabilities 0x0
	wWidth 1280
	wHeight 960
	dwMinBitRate 12288000
	dwMaxBitRate 36864000
	dwMaxVideoFrameBufSize 1228800
	dwDefaultFrameInterval 333333
	bFrameIntervalType 3
	FrameInterval[0] 333333
	FrameInterval[1] 666666
	FrameInterval[2] 1000000
	*** VS Frame Descriptor ***
	bLength 38
	bDescriptorType 0x24
	bDescriptorSubType 0x07
	bFrameIndex 8
	bmCapabilities 0x0
	wWidth 1600
	wHeight 1200
	dwMinBitRate 19200000
	dwMaxBitRate 57600000
	dwMaxVideoFrameBufSize 1920000
	dwDefaultFrameInterval 333333
	bFrameIntervalType 3
	FrameInterval[0] 333333
	FrameInterval[1] 666666
	FrameInterval[2] 1000000
	*** VS Frame Descriptor ***
	bLength 38
	bDescriptorType 0x24
	bDescriptorSubType 0x07
	bFrameIndex 9
	bmCapabilities 0x0
	wWidth 2048
	wHeight 1536
	dwMinBitRate 31457280
	dwMaxBitRate 94371840
	dwMaxVideoFrameBufSize 3145728
	dwDefaultFrameInterval 333333
	bFrameIntervalType 3
	FrameInterval[0] 333333
	FrameInterval[1] 666666
	FrameInterval[2] 1000000
	*** VS Frame Descriptor ***
	bLength 38
	bDescriptorType 0x24
	bDescriptorSubType 0x07
	bFrameIndex 10
	bmCapabilities 0x0
	wWidth 2592
	wHeight 1944
	dwMinBitRate 50388480
	dwMaxBitRate 151165440
	dwMaxVideoFrameBufSize 5038848
	dwDefaultFrameInterval 333333
	bFrameIntervalType 3
	FrameInterval[0] 333333
	FrameInterval[1] 666666
	FrameInterval[2] 1000000
	*** VS Frame Descriptor ***
	bLength 38
	bDescriptorType 0x24
	bDescriptorSubType 0x07
	bFrameIndex 11
	bmCapabilities 0x0
	wWidth 3264
	wHeight 2448
	dwMinBitRate 79902720
	dwMaxBitRate 239708160
	dwMaxVideoFrameBufSize 7990272
	dwDefaultFrameInterval 333333
	bFrameIntervalType 3
	FrameInterval[0] 333333
	FrameInterval[1] 666666
	FrameInterval[2] 1000000
	*** VS Frame Descriptor ***
	bLength 38
	bDescriptorType 0x24
	bDescriptorSubType 0x07
	bFrameIndex 12
	bmCapabilities 0x0
	wWidth 3840
	wHeight 2160
	dwMinBitRate 82944000
	dwMaxBitRate 248832000
	dwMaxVideoFrameBufSize 8294400
	dwDefaultFrameInterval 333333
	bFrameIntervalType 3
	FrameInterval[0] 333333
	FrameInterval[1] 666666
	FrameInterval[2] 1000000
	*** VS Frame Descriptor ***
	bLength 34
	bDescriptorType 0x24
	bDescriptorSubType 0x07
	bFrameIndex 13
	bmCapabilities 0x0
	wWidth 4000
	wHeight 3000
	dwMinBitRate 120000000
	dwMaxBitRate 180000000
	dwMaxVideoFrameBufSize 12000000
	dwDefaultFrameInterval 666666
	bFrameIntervalType 2
	FrameInterval[0] 666666
	FrameInterval[1] 1000000
	*** VS Frame Descriptor ***
	bLength 34
	bDescriptorType 0x24
	bDescriptorSubType 0x07
	bFrameIndex 14
	bmCapabilities 0x0
	wWidth 320
	wHeight 240
	dwMinBitRate 1152000
	dwMaxBitRate 2304000
	dwMaxVideoFrameBufSize 76800
	dwDefaultFrameInterval 333333
	bFrameIntervalType 2
	FrameInterval[0] 333333
	FrameInterval[1] 666666
	*** Output Terminal Descriptor ***
	bLength 63
	bDescriptorType 0x24
	bDescriptorSubType 0x03
	bTerminalID 0
	wTerminalType 0x800E
	bAssocTerminal 7
	bSourceID 56
	iTerminal 4
	*** VS Color Format Descriptor ***
	bLength 6
	bDescriptorType 0x24
	bDescriptorSubType 0x0D
	bColorPrimaries 0x1
	bTransferCharacteristics 1
	bMatrixCoefficients 0x4
	*** Selector Unit Descriptor ***
	bLength 27
	bDescriptorType 0x24
	bDescriptorSubType 0x04
	bUnitID 2
	bNrInPins 12
	baSourceID1 89
	baSourceID2 85
	iSelector 89
	*** Processing Unit Descriptor ***
	bLength 34
	bDescriptorType 0x24
	bDescriptorSubType 0x05
	bUnitID 1
	bSourceID 0
	wMaxMultiplier 320
	bControlSize 240
	bmControls 0x0 0x0 0x70
	iProcessing 23
	bmVideoStandards 0x0
	*** Processing Unit Descriptor ***
	bLength 34
	bDescriptorType 0x24
	bDescriptorSubType 0x05
	bUnitID 2
	bSourceID 0
	wMaxMultiplier 640
	bControlSize 104
	bmControls 0x1 0x0 0x50
	iProcessing 70
	bmVideoStandards 0x0
	*** Processing Unit Descriptor ***
	bLength 30
	bDescriptorType 0x24
	bDescriptorSubType 0x05
	bUnitID 3
	bSourceID 0
	wMaxMultiplier 640
	bControlSize 224
	bmControls 0x1 0x0 0xC0
	iProcessing 93
	bmVideoStandards 0x0
	*** Processing Unit Descriptor ***
	bLength 30
	bDescriptorType 0x24
	bDescriptorSubType 0x05
	bUnitID 4
	bSourceID 0
	wMaxMultiplier 800
	bControlSize 88
	bmControls 0x2 0x0 0x7C
	iProcessing 146
	bmVideoStandards 0x0
	*** Processing Unit Descriptor ***
	bLength 30
	bDescriptorType 0x24
	bDescriptorSubType 0x05
	bUnitID 5
	bSourceID 0
	wMaxMultiplier 1024
	bControlSize 208
	bmControls 0x2 0x0 0x0
	iProcessing 225
	bmVideoStandards 0x0
	*** Processing Unit Descriptor ***
	bLength 30
	bDescriptorType 0x24
	bDescriptorSubType 0x05
	bUnitID 6
	bSourceID 0
	wMaxMultiplier 1280
	bControlSize 172
	bmControls 0x3 0x0 0x30
	iProcessing 111
	bmVideoStandards 0x1
	*** Processing Unit Descriptor ***
	bLength 30
	bDescriptorType 0x24
	bDescriptorSubType 0x05
	bUnitID 7
	bSourceID 0
	wMaxMultiplier 1280
	bControlSize 0
	bmControls 0x4 0x0 0x0
	iProcessing 144
	bmVideoStandards 0x1
	*** Processing Unit Descriptor ***
	bLength 30
	bDescriptorType 0x24
	bDescriptorSubType 0x05
	bUnitID 8
	bSourceID 0
	wMaxMultiplier 1600
	bControlSize 176
	bmControls 0x4 0x0 0xF8
	iProcessing 36
	bmVideoStandards 0x1
	*** Processing Unit Descriptor ***
	bLength 30
	bDescriptorType 0x24
	bDescriptorSubType 0x05
	bUnitID 9
	bSourceID 0
	wMaxMultiplier 1920
	bControlSize 56
	bmControls 0x4 0x0 0x68
	iProcessing 60
	bmVideoStandards 0x1
	*** Processing Unit Descriptor ***
	bLength 30
	bDescriptorType 0x24
	bDescriptorSubType 0x05
	bUnitID 10
	bSourceID 0
	wMaxMultiplier 2048
	bControlSize 0
	bmControls 0x6 0x0 0x0
	iProcessing 224
	bmVideoStandards 0x1
	*** Processing Unit Descriptor ***
	bLength 30
	bDescriptorType 0x24
	bDescriptorSubType 0x05
	bUnitID 11
	bSourceID 0
	wMaxMultiplier 2560
	bControlSize 160
	bmControls 0x5 0x0 0x80
	iProcessing 50
	bmVideoStandards 0x2
	*** Processing Unit Descriptor ***
	bLength 30
	bDescriptorType 0x24
	bDescriptorSubType 0x05
	bUnitID 12
	bSourceID 0
	wMaxMultiplier 2592
	bControlSize 152
	bmControls 0x7 0x0 0xDE
	iProcessing 0
	bmVideoStandards 0x3
	*** VS Color Format Descriptor ***
	bLength 6
	bDescriptorType 0x24
	bDescriptorSubType 0x0D
	bColorPrimaries 0x1
	bTransferCharacteristics 1
	bMatrixCoefficients 0x4
	*** Interface descriptor ***
	bLength 9
	bDescriptorType 4
	bInterfaceNumber 1
	bAlternateSetting 1
	bNumEndpoints 1
	bInterfaceClass 0xe
	bInterfaceSubClass 0x2
	bInterfaceProtocol 0x0
	iInterface 0
		*** Endpoint descriptor ***
		bLength 7
		bDescriptorType 5
		bEndpointAddress 0x82	EP 2 IN
		bmAttributes 0x5	ISOC
		wMaxPacketSize 192
		bInterval 1
	*** Interface descriptor ***
	bLength 9
	bDescriptorType 4
	bInterfaceNumber 1
	bAlternateSetting 2
	bNumEndpoints 1
	bInterfaceClass 0xe
	bInterfaceSubClass 0x2
	bInterfaceProtocol 0x0
	iInterface 0
		*** Endpoint descriptor ***
		bLength 7
		bDescriptorType 5
		bEndpointAddress 0x82	EP 2 IN
		bmAttributes 0x5	ISOC
		wMaxPacketSize 384
		bInterval 1
	*** Interface descriptor ***
	bLength 9
	bDescriptorType 4
	bInterfaceNumber 1
	bAlternateSetting 3
	bNumEndpoints 1
	bInterfaceClass 0xe
	bInterfaceSubClass 0x2
	bInterfaceProtocol 0x0
	iInterface 0
		*** Endpoint descriptor ***
		bLength 7
		bDescriptorType 5
		bEndpointAddress 0x82	EP 2 IN
		bmAttributes 0x5	ISOC
		wMaxPacketSize 512
		bInterval 1
	*** Interface descriptor ***
	bLength 9
	bDescriptorType 4
	bInterfaceNumber 1
	bAlternateSetting 4
	bNumEndpoints 1
	bInterfaceClass 0xe
	bInterfaceSubClass 0x2
	bInterfaceProtocol 0x0
	iInterface 0
		*** Endpoint descriptor ***
		bLength 7
		bDescriptorType 5
		bEndpointAddress 0x82	EP 2 IN
		bmAttributes 0x5	ISOC
		wMaxPacketSize 640
		bInterval 1
	*** Interface descriptor ***
	bLength 9
	bDescriptorType 4
	bInterfaceNumber 1
	bAlternateSetting 5
	bNumEndpoints 1
	bInterfaceClass 0xe
	bInterfaceSubClass 0x2
	bInterfaceProtocol 0x0
	iInterface 0
		*** Endpoint descriptor ***
		bLength 7
		bDescriptorType 5
		bEndpointAddress 0x82	EP 2 IN
		bmAttributes 0x5	ISOC
		wMaxPacketSize 800
		bInterval 1
	*** Interface descriptor ***
	bLength 9
	bDescriptorType 4
	bInterfaceNumber 1
	bAlternateSetting 6
	bNumEndpoints 1
	bInterfaceClass 0xe
	bInterfaceSubClass 0x2
	bInterfaceProtocol 0x0
	iInterface 0
		*** Endpoint descriptor ***
		bLength 7
		bDescriptorType 5
		bEndpointAddress 0x82	EP 2 IN
		bmAttributes 0x5	ISOC
		wMaxPacketSize 944
		bInterval 1
	*** Interface descriptor ***
	bLength 9
	bDescriptorType 4
	bInterfaceNumber 1
	bAlternateSetting 7
	bNumEndpoints 1
	bInterfaceClass 0xe
	bInterfaceSubClass 0x2
	bInterfaceProtocol 0x0
	iInterface 0
		*** Endpoint descriptor ***
		bLength 7
		bDescriptorType 5
		bEndpointAddress 0x82	EP 2 IN
		bmAttributes 0x5	ISOC
		wMaxPacketSize 640
		wMaxPacketSize (with additional transactions in microframe) 1280
		bInterval 1
	*** Interface descriptor ***
	bLength 9
	bDescriptorType 4
	bInterfaceNumber 1
	bAlternateSetting 8
	bNumEndpoints 1
	bInterfaceClass 0xe
	bInterfaceSubClass 0x2
	bInterfaceProtocol 0x0
	iInterface 0
		*** Endpoint descriptor ***
		bLength 7
		bDescriptorType 5
		bEndpointAddress 0x82	EP 2 IN
		bmAttributes 0x5	ISOC
		wMaxPacketSize 800
		wMaxPacketSize (with additional transactions in microframe) 1600
		bInterval 1
	*** Interface descriptor ***
	bLength 9
	bDescriptorType 4
	bInterfaceNumber 1
	bAlternateSetting 9
	bNumEndpoints 1
	bInterfaceClass 0xe
	bInterfaceSubClass 0x2
	bInterfaceProtocol 0x0
	iInterface 0
		*** Endpoint descriptor ***
		bLength 7
		bDescriptorType 5
		bEndpointAddress 0x82	EP 2 IN
		bmAttributes 0x5	ISOC
		wMaxPacketSize 992
		wMaxPacketSize (with additional transactions in microframe) 1984
		bInterval 1
	*** Interface descriptor ***
	bLength 9
	bDescriptorType 4
	bInterfaceNumber 1
	bAlternateSetting 10
	bNumEndpoints 1
	bInterfaceClass 0xe
	bInterfaceSubClass 0x2
	bInterfaceProtocol 0x0
	iInterface 0
		*** Endpoint descriptor ***
		bLength 7
		bDescriptorType 5
		bEndpointAddress 0x82	EP 2 IN
		bmAttributes 0x5	ISOC
		wMaxPacketSize 896
		wMaxPacketSize (with additional transactions in microframe) 2688
		bInterval 1
	*** Interface descriptor ***
	bLength 9
	bDescriptorType 4
	bInterfaceNumber 1
	bAlternateSetting 11
	bNumEndpoints 1
	bInterfaceClass 0xe
	bInterfaceSubClass 0x2
	bInterfaceProtocol 0x0
	iInterface 0
		*** Endpoint descriptor ***
		bLength 7
		bDescriptorType 5
		bEndpointAddress 0x82	EP 2 IN
		bmAttributes 0x5	ISOC
		wMaxPacketSize 1024
		wMaxPacketSize (with additional transactions in microframe) 3072
		bInterval 1
*** Interface Association Descriptor ***
bLength 8
bDescriptorType 11
bFirstInterface 2
bInterfaceCount 2
bFunctionClass 0x1
bFunctionSubClass 0x0
bFunctionProtocol 0x0
iFunction 5
	*** Interface descriptor ***
	bLength 9
	bDescriptorType 4
	bInterfaceNumber 2
	bAlternateSetting 0
	bNumEndpoints 0
	bInterfaceClass 0x1
	bInterfaceSubClass 0x1
	bInterfaceProtocol 0x0
	iInterface 0
	*** Class-specific VC Interface Descriptor ***
	bLength 9
	bDescriptorType 0x24
	bDescriptorSubType 0x01
	bcdUVC 0100
	wTotalLength 39
	dwClockFrequency 604766977
	bInCollection 2
	baInterfaceNr[0] 1
	baInterfaceNr[1] 1
	*** Input Terminal Descriptor (Camera) ***
	bLength 12
	bDescriptorType 0x24
	bDescriptorSubType 0x02
	bTerminalID 0x1
	wTerminalType 0x201
	bAssocTerminal 0
	iTerminal 1
	wObjectiveFocalLengthMin 3
	wObjectiveFocalLengthMax 0
	wOcularFocalLength 9225
	bControlSize 6
	bmControls 0x2 0x1 0x2
	*** Extension Unit Descriptor unsupported, skipping... ***
	*** Output Terminal Descriptor ***
	bLength 9
	bDescriptorType 0x24
	bDescriptorSubType 0x03
	bTerminalID 3
	wTerminalType 0x101
	bAssocTerminal 0
	bSourceID 2
	iTerminal 0
	*** Interface descriptor ***
	bLength 9
	bDescriptorType 4
	bInterfaceNumber 3
	bAlternateSetting 0
	bNumEndpoints 0
	bInterfaceClass 0x1
	bInterfaceSubClass 0x2
	bInterfaceProtocol 0x0
	iInterface 0
	*** Interface descriptor ***
	bLength 9
	bDescriptorType 4
	bInterfaceNumber 3
	bAlternateSetting 1
	bNumEndpoints 1
	bInterfaceClass 0x1
	bInterfaceSubClass 0x2
	bInterfaceProtocol 0x0
	iInterface 0
	*** Class-specific VC Interface Descriptor ***
	bLength 7
	bDescriptorType 0x24
	bDescriptorSubType 0x01
	bcdUVC 0003
	wTotalLength 1
	dwClockFrequency 16917515
	bInCollection 2
	baInterfaceNr[0] 2
	baInterfaceNr[1] 16
	*** Input Terminal Descriptor (Media) ***
	bLength 11
	bDescriptorType 0x24
	bDescriptorSubType 0x02
	bTerminalID 0x1
	wTerminalType 0x202
	bAssocTerminal 16
	iTerminal 1
	bControlSize 128
	bmControls 0xBB
	bTransportModeSize 0
	bmTransportModes 0x9 0x5 0x83 0x1 0xC0
		*** Endpoint descriptor ***
		bLength 9
		bDescriptorType 5
		bEndpointAddress 0x83	EP 3 IN
		bmAttributes 0x1	ISOC
		wMaxPacketSize 192
		bInterval 4
		*** Class-specific Interrupt Endpoint Descriptor ***
		bLength 7
		bDescriptorType 0x25
		bDescriptorSubType 1
		wMaxTransferSize 1
	*** Interface descriptor ***
	bLength 9
	bDescriptorType 4
	bInterfaceNumber 4
	bAlternateSetting 0
	bNumEndpoints 2
	bInterfaceClass 0x3
	bInterfaceSubClass 0x0
	bInterfaceProtocol 0x0
	iInterface 0
 *** Unknown Descriptor Length: 9 Type: 33 ***
		*** Endpoint descriptor ***
		bLength 7
		bDescriptorType 5
		bEndpointAddress 0x84	EP 4 IN
		bmAttributes 0x3	INT
		wMaxPacketSize 64
		bInterval 4
		*** Endpoint descriptor ***
		bLength 7
		bDescriptorType 5
		bEndpointAddress 0x1	EP 1 OUT
		bmAttributes 0x3	INT
		wMaxPacketSize 64
		bInterval 4
PV-UVC-ENUM device aberto em 2034 ms
PV-UVC-ENUM cap driver=USB-UVC0 card=USB-UVC0 bus=esp32p4:USB-UVC0 caps=0x84201001 device_caps=0x04201001
PV-UVC-ENUM fmt index=0 fourcc=JPEG flags=0x0 desc="JPEG"
PV-UVC-ENUM size fourcc=JPEG index=0 1920x1080
PV-UVC-ENUM interval fourcc=JPEG 1920x1080 index=0 tipo=discrete num=333333 den=10000000 fps_x1000=30000
PV-UVC-ENUM interval fourcc=JPEG 1920x1080 index=1 tipo=discrete num=666666 den=10000000 fps_x1000=15000
PV-UVC-ENUM interval fourcc=JPEG 1920x1080 index=2 tipo=discrete num=1000000 den=10000000 fps_x1000=10000
PV-UVC-ENUM size fourcc=JPEG index=1 640x320
PV-UVC-ENUM interval fourcc=JPEG 640x320 index=0 tipo=discrete num=333333 den=10000000 fps_x1000=30000
PV-UVC-ENUM interval fourcc=JPEG 640x320 index=1 tipo=discrete num=666666 den=10000000 fps_x1000=15000
PV-UVC-ENUM interval fourcc=JPEG 640x320 index=2 tipo=discrete num=1000000 den=10000000 fps_x1000=10000
PV-UVC-ENUM size fourcc=JPEG index=2 640x480
PV-UVC-ENUM interval fourcc=JPEG 640x480 index=0 tipo=discrete num=333333 den=10000000 fps_x1000=30000
PV-UVC-ENUM interval fourcc=JPEG 640x480 index=1 tipo=discrete num=666666 den=10000000 fps_x1000=15000
PV-UVC-ENUM interval fourcc=JPEG 640x480 index=2 tipo=discrete num=1000000 den=10000000 fps_x1000=10000
PV-UVC-ENUM size fourcc=JPEG index=3 800x600
PV-UVC-ENUM interval fourcc=JPEG 800x600 index=0 tipo=discrete num=333333 den=10000000 fps_x1000=30000
PV-UVC-ENUM interval fourcc=JPEG 800x600 index=1 tipo=discrete num=666666 den=10000000 fps_x1000=15000
PV-UVC-ENUM interval fourcc=JPEG 800x600 index=2 tipo=discrete num=1000000 den=10000000 fps_x1000=10000
PV-UVC-ENUM size fourcc=JPEG index=4 1024x768
PV-UVC-ENUM interval fourcc=JPEG 1024x768 index=0 tipo=discrete num=333333 den=10000000 fps_x1000=30000
PV-UVC-ENUM interval fourcc=JPEG 1024x768 index=1 tipo=discrete num=666666 den=10000000 fps_x1000=15000
PV-UVC-ENUM interval fourcc=JPEG 1024x768 index=2 tipo=discrete num=1000000 den=10000000 fps_x1000=10000
PV-UVC-ENUM size fourcc=JPEG index=5 1280x720
PV-UVC-ENUM interval fourcc=JPEG 1280x720 index=0 tipo=discrete num=333333 den=10000000 fps_x1000=30000
PV-UVC-ENUM interval fourcc=JPEG 1280x720 index=1 tipo=discrete num=666666 den=10000000 fps_x1000=15000
PV-UVC-ENUM interval fourcc=JPEG 1280x720 index=2 tipo=discrete num=1000000 den=10000000 fps_x1000=10000
PV-UVC-ENUM size fourcc=JPEG index=6 1280x960
PV-UVC-ENUM interval fourcc=JPEG 1280x960 index=0 tipo=discrete num=333333 den=10000000 fps_x1000=30000
PV-UVC-ENUM interval fourcc=JPEG 1280x960 index=1 tipo=discrete num=666666 den=10000000 fps_x1000=15000
PV-UVC-ENUM interval fourcc=JPEG 1280x960 index=2 tipo=discrete num=1000000 den=10000000 fps_x1000=10000
PV-UVC-ENUM size fourcc=JPEG index=7 1600x1200
PV-UVC-ENUM interval fourcc=JPEG 1600x1200 index=0 tipo=discrete num=333333 den=10000000 fps_x1000=30000
PV-UVC-ENUM interval fourcc=JPEG 1600x1200 index=1 tipo=discrete num=666666 den=10000000 fps_x1000=15000
PV-UVC-ENUM interval fourcc=JPEG 1600x1200 index=2 tipo=discrete num=1000000 den=10000000 fps_x1000=10000
PV-UVC-ENUM size fourcc=JPEG index=8 2048x1536
PV-UVC-ENUM interval fourcc=JPEG 2048x1536 index=0 tipo=discrete num=333333 den=10000000 fps_x1000=30000
PV-UVC-ENUM interval fourcc=JPEG 2048x1536 index=1 tipo=discrete num=666666 den=10000000 fps_x1000=15000
PV-UVC-ENUM interval fourcc=JPEG 2048x1536 index=2 tipo=discrete num=1000000 den=10000000 fps_x1000=10000
PV-UVC-ENUM size fourcc=JPEG index=9 2592x1944
PV-UVC-ENUM interval fourcc=JPEG 2592x1944 index=0 tipo=discrete num=333333 den=10000000 fps_x1000=30000
PV-UVC-ENUM interval fourcc=JPEG 2592x1944 index=1 tipo=discrete num=666666 den=10000000 fps_x1000=15000
PV-UVC-ENUM interval fourcc=JPEG 2592x1944 index=2 tipo=discrete num=1000000 den=10000000 fps_x1000=10000
PV-UVC-ENUM size fourcc=JPEG index=10 3264x2448
PV-UVC-ENUM interval fourcc=JPEG 3264x2448 index=0 tipo=discrete num=333333 den=10000000 fps_x1000=30000
PV-UVC-ENUM interval fourcc=JPEG 3264x2448 index=1 tipo=discrete num=666666 den=10000000 fps_x1000=15000
PV-UVC-ENUM interval fourcc=JPEG 3264x2448 index=2 tipo=discrete num=1000000 den=10000000 fps_x1000=10000
PV-UVC-ENUM size fourcc=JPEG index=11 3840x2160
PV-UVC-ENUM interval fourcc=JPEG 3840x2160 index=0 tipo=discrete num=333333 den=10000000 fps_x1000=30000
PV-UVC-ENUM interval fourcc=JPEG 3840x2160 index=1 tipo=discrete num=666666 den=10000000 fps_x1000=15000
PV-UVC-ENUM interval fourcc=JPEG 3840x2160 index=2 tipo=discrete num=1000000 den=10000000 fps_x1000=10000
PV-UVC-ENUM size fourcc=JPEG index=12 4000x3000
PV-UVC-ENUM interval fourcc=JPEG 4000x3000 index=0 tipo=discrete num=666666 den=10000000 fps_x1000=15000
PV-UVC-ENUM interval fourcc=JPEG 4000x3000 index=1 tipo=discrete num=1000000 den=10000000 fps_x1000=10000
PV-UVC-ENUM size fourcc=JPEG index=13 320x240
PV-UVC-ENUM interval fourcc=JPEG 320x240 index=0 tipo=discrete num=333333 den=10000000 fps_x1000=30000
PV-UVC-ENUM interval fourcc=JPEG 320x240 index=1 tipo=discrete num=666666 den=10000000 fps_x1000=15000
PV-UVC-ENUM fmt index=1 fourcc=YUYV flags=0x0 desc="YUV 4:2:2 YUYV"
PV-UVC-ENUM size fourcc=YUYV index=0 320x240
PV-UVC-ENUM interval fourcc=YUYV 320x240 index=0 tipo=discrete num=500000 den=10000000 fps_x1000=20000
PV-UVC-ENUM interval fourcc=YUYV 320x240 index=1 tipo=discrete num=1000000 den=10000000 fps_x1000=10000
PV-UVC-ENUM size fourcc=YUYV index=1 640x360
PV-UVC-ENUM interval fourcc=YUYV 640x360 index=0 tipo=discrete num=500000 den=10000000 fps_x1000=20000
PV-UVC-ENUM interval fourcc=YUYV 640x360 index=1 tipo=discrete num=1000000 den=10000000 fps_x1000=10000
PV-UVC-ENUM size fourcc=YUYV index=2 640x480
PV-UVC-ENUM interval fourcc=YUYV 640x480 index=0 tipo=discrete num=1000000 den=10000000 fps_x1000=10000
PV-UVC-ENUM size fourcc=YUYV index=3 800x600
PV-UVC-ENUM interval fourcc=YUYV 800x600 index=0 tipo=discrete num=1000000 den=10000000 fps_x1000=10000
PV-UVC-ENUM size fourcc=YUYV index=4 1024x720
PV-UVC-ENUM interval fourcc=YUYV 1024x720 index=0 tipo=discrete num=1000000 den=10000000 fps_x1000=10000
PV-UVC-ENUM size fourcc=YUYV index=5 1280x940
PV-UVC-ENUM interval fourcc=YUYV 1280x940 index=0 tipo=discrete num=1000000 den=10000000 fps_x1000=10000
PV-UVC-ENUM size fourcc=YUYV index=6 1280x1024
PV-UVC-ENUM interval fourcc=YUYV 1280x1024 index=0 tipo=discrete num=1000000 den=10000000 fps_x1000=10000
PV-UVC-ENUM size fourcc=YUYV index=7 1600x1200
PV-UVC-ENUM interval fourcc=YUYV 1600x1200 index=0 tipo=discrete num=2000000 den=10000000 fps_x1000=5000
PV-UVC-ENUM size fourcc=YUYV index=8 1920x1080
PV-UVC-ENUM interval fourcc=YUYV 1920x1080 index=0 tipo=discrete num=2000000 den=10000000 fps_x1000=5000
PV-UVC-ENUM size fourcc=YUYV index=9 2048x1536
PV-UVC-ENUM interval fourcc=YUYV 2048x1536 index=0 tipo=discrete num=2000000 den=10000000 fps_x1000=5000
PV-UVC-ENUM size fourcc=YUYV index=10 2560x1440
PV-UVC-ENUM interval fourcc=YUYV 2560x1440 index=0 tipo=discrete num=2000000 den=10000000 fps_x1000=5000
PV-UVC-ENUM size fourcc=YUYV index=11 2592x1944
PV-UVC-ENUM interval fourcc=YUYV 2592x1944 index=0 tipo=discrete num=2000000 den=10000000 fps_x1000=5000
PV-UVC-ENUM result=OK tamanhos_jpeg=14
I (5051) usb_uvc_device: All UVC devices already enumerated
PV-UVC-FMT requested=800x600 applied=800x600 fourcc=JPEG sizeimage=0
I (5070) uvc: Allocating 2 USB transfers for ISOC. Each: 3072 bytes, 1 ISOC packets, 3072 MPS
W (8105) PvUvcSpike: DQBUF de descarte 0 falhou: errno=1(Not owner)
PV-UVC-WARMUP requested=800x600 descartados=0
E (13105) PvUvcSpike: VIDIOC_DQBUF falhou: errno=1(Not owner)

assert failed: usbh_dev_close usbh.c:1226 (dev_obj->dynamic.num_ctrl_xfers_inflight == 0)
Core  0 register dump:
MEPC    : 0x4ff0d048  RA      : 0x4ff0cbe0  SP      : 0x4ff3deb0  GP      : 0x4ff14300  
TP      : 0x4ff3e4e0  T0      : 0x695f7372  T1      : 0x616e7964  T2      : 0x696c666e  
S0/FP   : 0x0000006e  S1      : 0x00000001  A0      : 0x4ff3def8  A1      : 0x4ff16881  
A2      : 0x00000001  A3      : 0x4ff1a000  A4      : 0x00000001  A5      : 0x4ff1a000  
A6      : 0x00000008  A7      : 0x3e2d6a62  S2      : 0x4ff3def8  S3      : 0x4ff3df19  
S4      : 0x4ff16880  S5      : 0x4ff3def8  S6      : 0x48043896  S7      : 0x00000002  
S8      : 0x00001fa9  S9      : 0x480a4c98  S10     : 0x001e8480  S11     : 0x00000002  
T3      : 0x2e63696d  T4      : 0x5f6d756e  T5      : 0x6c727463  T6      : 0x6566785f  
MSTATUS : 0x00011880  MTVEC   : 0x4ff00003  MCAUSE  : 0x00000002  MTVAL   : 0x00000000  
MHARTID : 0x00000000  

Stack memory:
4ff3deb0: 0x00000000 0x4ff3df5c 0x480da1c4 0x4ff0a8b8 0x36323231 0x4ff3e900 0x00000000 0x00000000
4ff3ded0: 0x48000000 0x4ff1712c 0x480da1c4 0x4ff17110 0x480ae0d1 0x4ff1713c 0x4ff3dec0 0x4ff17140
4ff3def0: 0x480ae248 0x4ff16880 0x65737361 0x66207472 0x656c6961 0x75203a64 0x5f686273 0x5f766564
4ff3df10: 0x736f6c63 0x73752065 0x632e6862 0x3232313a 0x64282036 0x6f5f7665 0x3e2d6a62 0x616e7964
4ff3df30: 0x2e63696d 0x5f6d756e 0x6c727463 0x6566785f 0x695f7372 0x696c666e 0x20746867 0x30203d3d
4ff3df50: 0x00000029 0x00000000 0x4ff51bd0 0xfffffffe 0x00000000 0x00000000 0x4ff3e518 0xfffffffe
4ff3df70: 0x00000000 0x480e7b90 0x4ff3e518 0x4807df5c 0x00000000 0x000000a8 0x480e7bc4 0x480e0ee4
4ff3df90: 0x4ff51a08 0x00000000 0x4ff3e8bc 0x4ff3fb68 0x480e6fa8 0x00000000 0x4ff3e8bc 0x4807e2c4
4ff3dfb0: 0x480e6fa8 0x00000000 0x4ff3e8bc 0x4807c782 0x4ff51a08 0x00000000 0x4ff3e418 0x4ff3fb68
4ff3dfd0: 0x480e6fa8 0x4ff1a000 0x480e7018 0x48043896 0x4ff51a08 0x00000000 0x480e7018 0x480e7018
4ff3dff0: 0x480e6fa8 0x4ff1a000 0x480e7018 0x48041a08 0x00000103 0x480e7b28 0x00000002 0x010e7d58
4ff3e010: 0x00000103 0x480e7b28 0x00000002 0x4803c3e6 0x00000103 0x4ff1a000 0x480e7b28 0x4803d944
4ff3e030: 0x00000103 0x4ff3fb68 0x4ff3fae4 0x48025bb0 0x00000000 0x40045613 0x4ff3fb68 0x48022870
4ff3e050: 0x00000001 0x40045613 0x00000001 0x4802303c 0x00000001 0x4ff14588 0x480a4364 0x00003331
4ff3e070: 0x00000000 0x480a4c98 0x4ff5073c 0x4802c984 0x00000001 0x00000000 0x4ff3e418 0x4808041e
4ff3e090: 0x00000001 0x4ff14588 0x480a4848 0x00000004 0x00001fa9 0x480a4c98 0x001e8480 0x4ff3e0c8
4ff3e0b0: 0x0000000c 0x4ff14588 0x00000004 0x48021362 0x00000005 0x00000000 0x4ff3e100 0x00000000
4ff3e0d0: 0x20800008 0x00000001 0x00000001 0x0000000a 0x4ff3e1a8 0x480e71a8 0x480e71a8 0x4803dd74
4ff3e0f0: 0x00000000 0x4ff1a000 0x4ff3fae4 0x00000001 0x00000001 0x4745504a 0x00000000 0x00000002
4ff3e110: 0x00000001 0x00000001 0x00000000 0x00000000 0x4ff3fb68 0x480f0a40 0x48165d80 0x00075300
4ff3e130: 0x00075300 0x00000000 0x00000000 0x00000001 0x00000000 0x00000000 0x00000000 0x00000000
4ff3e150: 0x00000000 0x00000000 0x00000000 0x00000000 0x00000000 0x00000000 0x00000000 0x00000000
4ff3e170: 0x00000000 0x00000001 0x00000000 0x00000000 0x00000000 0x00000000 0x00000001 0x00000320
4ff3e190: 0x00000258 0x4745504a 0x00000000 0x00000000 0x00000000 0x00000000 0x00000000 0x00000000
4ff3e1b0: 0x00000000 0x00000000 0x00000000 0x00000000 0x00000000 0x00000000 0x00000000 0x00000000
4ff3e1d0: 0x00000000 0x00000000 0x00000000 0x00000000 0x00000000 0x00000000 0x00000000 0x00000000
4ff3e1f0: 0x00000000 0x00000000 0x00000000 0x00000000 0x00000000 0x00000000 0x00000000 0x00000000
4ff3e210: 0x00000000 0x00000000 0x00000000 0x00000000 0x00000000 0x00000000 0x00000000 0x00000000
4ff3e230: 0x00000000 0x00000000 0x00000000 0x00000000 0x00000000 0x00000000 0x00000000 0x00000000
4ff3e250: 0x00000000 0x00000001 0x00000320 0x00000258 0x4745504a 0x00000000 0x00000000 0x00000000
4ff3e270: 0x00000000 0x00000000 0x00000000 0x00000000 0x00000000 0x00000000 0x00000000 0x00000000
4ff3e290: 0x00000000 0x00000000 0x00000000 0x00000000 0x00000000 0x00000000 0x00000000 0x00000000



ELF file SHA256: e87c6fa39

Rebooting...
ESP-ROM:esp32p4-eco2-20240710
Build:Jul 10 2024
rst:0xc (SW_CPU_RESET),boot:0xf (SPI_FAST_FLASH_BOOT)
Core0 Saved PC:0x4ff00c9e
Core1 Saved PC:0x4ff0698c
SPI mode:DIO, clock div:1
load:0x4ff33ce0,len:0x5d0
load:0x4ff28ed0,len:0xdf8
load:0x4ff2bbd0,len:0x34b8
entry 0x4ff28ed0
I (46) hex_psram: vendor id    : 0x0d (AP)
I (46) hex_psram: Latency      : 0x01 (Fixed)
I (46) hex_psram: DriveStr.    : 0x00 (25 Ohm)
I (47) hex_psram: dev id       : 0x03 (generation 4)
I (51) hex_psram: density      : 0x07 (256 Mbit)
I (56) hex_psram: good-die     : 0x06 (Pass)
I (60) hex_psram: SRF          : 0x02 (Slow Refresh)
I (64) hex_psram: BurstType    : 0x00 ( Wrap)
I (69) hex_psram: BurstLen     : 0x03 (2048 Byte)
I (73) hex_psram: BitMode      : 0x01 (X16 Mode)
I (77) hex_psram: Readlatency  : 0x04 (14 cycles@Fixed)
I (82) hex_psram: DriveStrength: 0x00 (1/1)
I (86) MSPI Timing: Enter psram timing tuning
I esp_psram: Found 32MB PSRAM device
I esp_psram: Speed: 200MHz
I (283) mmu_psram: .rodata xip on psram
I (316) mmu_psram: .text xip on psram
I (319) hex_psram: psram CS IO is dedicated
I (319) cpu_start: Multicore app
I (328) cpu_start: GPIO 38 and 37 are used as console UART I/O pins
I (328) cpu_start: Pro cpu start user code
I (328) cpu_start: cpu freq: 360000000 Hz
I (330) app_init: Application information:
I (334) app_init: Project name:     xiaozhi
I (338) app_init: App version:      2.4.0
I (342) app_init: Compile time:     Aug 10 2026 22:03:41
I (347) app_init: ELF file SHA256:  e87c6fa39...
I (351) app_init: ESP-IDF:          v6.0.2
I (355) efuse_init: Min chip rev:     v1.0
I (359) efuse_init: Max chip rev:     v1.99 
I (363) efuse_init: Chip rev:         v1.3
I (367) heap_init: Initializing. RAM available for dynamic allocation:
I (373) heap_init: At 4FF1A740 len 00020880 (130 KiB): RETENT_RAM
I (379) heap_init: At 4FF3AFC0 len 00004BF0 (18 KiB): RAM
I (384) heap_init: At 4FF40000 len 00060000 (384 KiB): RAM
I (389) heap_init: At 50108080 len 00007F80 (31 KiB): RTCRAM
I (394) heap_init: At 30100088 len 00001F78 (7 KiB): SPM
I (399) esp_psram: Adding pool of 31808K of PSRAM memory to heap allocator
I (406) esp_psram: Adding pool of 62K of PSRAM memory gap generated due to end address alignment of irom to the heap allocator
I (417) esp_psram: Adding pool of 60K of PSRAM memory gap generated due to end address alignment of drom to the heap allocator
I (428) spi_flash: detected chip: gd
I (432) spi_flash: flash io: qio
I (435) host_init: ESP Hosted : Host chip_ip[18]
I (439) H_API: ESP-Hosted starting. Hosted_Tasks: prio:23, stack: 5120 RPC_task_stack: 5120
I (447) H_API: ** add_esp_wifi_remote_channels **
I (452) sleep_gpio: Configure to isolate all GPIO pins in sleep state
I (458) sleep_gpio: Enable automatic switching of GPIO sleep configuration
I (466) H_SDIO_DRV: sdio_data_to_rx_buf_task started
I (469) main_task: Started on CPU0
I (472) esp_psram: Reserving pool of 64K of internal memory for DMA/internal allocations
I (481) main_task: Calling app_main()

PV-UVC-SPIKE inicio (F2B) degraus=5
PV-UVC-MEM etapa=boot psram_livre=32669812 psram_maior_bloco=32505856 interna_livre=421195
I (2358) main_task: Returned from app_main()
PV-UVC-INIT result=OK usb_host=on uvc_dev_num=1
PV-UVC-ENUM aguardando enumeracao USB em /dev/video40 (ate 10000 ms)
I (2388) usb_uvc_device: Waiting for UVC device to be enumerated...
E (2832) ENUM: LANGID 0x409 not found
*** Configuration descriptor ***
bLength 9
bDescriptorType 2
wTotalLength 1463
bNumInterfaces 5
bConfigurationValue 1
iConfiguration 0
bmAttributes 0x80
bMaxPower 500mA
*** Interface Association Descriptor ***
bLength 8
bDescriptorType 11
bFirstInterface 0
bInterfaceCount 2
bFunctionClass 0xe
bFunctionSubClass 0x3
bFunctionProtocol 0x0
iFunction 4
	*** Interface descriptor ***
	bLength 9
	bDescriptorType 4
	bInterfaceNumber 0
	bAlternateSetting 0
	bNumEndpoints 1
	bInterfaceClass 0xe
	bInterfaceSubClass 0x1
	bInterfaceProtocol 0x0
	iInterface 0
	*** Class-specific VC Interface Descriptor ***
	bLength 13
	bDescriptorType 0x24
	bDescriptorSubType 0x01
	bcdUVC 0100
	wTotalLength 80
	dwClockFrequency 24000000
	bInCollection 1
	baInterfaceNr[0] 1
	*** Input Terminal Descriptor (Camera) ***
	bLength 18
	bDescriptorType 0x24
	bDescriptorSubType 0x02
	bTerminalID 0x1
	wTerminalType 0x201
	bAssocTerminal 0
	iTerminal 0
	wObjectiveFocalLengthMin 0
	wObjectiveFocalLengthMax 0
	wOcularFocalLength 0
	bControlSize 3
	bmControls 0x7A 0x2A 0x2
	*** Extension Unit Descriptor unsupported, skipping... ***
	*** Processing Unit Descriptor ***
	bLength 11
	bDescriptorType 0x24
	bDescriptorSubType 0x05
	bUnitID 3
	bSourceID 2
	wMaxMultiplier 16384
	bControlSize 2
	bmControls 0x7F 0x17 0x0
	iProcessing 9
	bmVideoStandards 0x24
	*** Output Terminal Descriptor ***
	bLength 9
	bDescriptorType 0x24
	bDescriptorSubType 0x03
	bTerminalID 4
	wTerminalType 0x101
	bAssocTerminal 0
	bSourceID 3
	iTerminal 0
		*** Endpoint descriptor ***
		bLength 7
		bDescriptorType 5
		bEndpointAddress 0x81	EP 1 IN
		bmAttributes 0x3	INT
		wMaxPacketSize 16
		bInterval 8
		*** Class-specific Interrupt Endpoint Descriptor ***
		bLength 5
		bDescriptorType 0x25
		bDescriptorSubType 3
		wMaxTransferSize 16
	*** Interface descriptor ***
	bLength 9
	bDescriptorType 4
	bInterfaceNumber 1
	bAlternateSetting 0
	bNumEndpoints 0
	bInterfaceClass 0xe
	bInterfaceSubClass 0x2
	bInterfaceProtocol 0x0
	iInterface 0
	*** Class-specific VC Interface Descriptor ***
	bLength 15
	bDescriptorType 0x24
	bDescriptorSubType 0x01
	bcdUVC fc02
	wTotalLength 33283
	dwClockFrequency 16909312
	bInCollection 1
	baInterfaceNr[0] 1
	*** Extension Unit Descriptor unsupported, skipping... ***
	*** VS Frame Descriptor ***
	bLength 38
	bDescriptorType 0x24
	bDescriptorSubType 0x07
	bFrameIndex 1
	bmCapabilities 0x0
	wWidth 1920
	wHeight 1080
	dwMinBitRate 20736000
	dwMaxBitRate 62208000
	dwMaxVideoFrameBufSize 2073600
	dwDefaultFrameInterval 333333
	bFrameIntervalType 3
	FrameInterval[0] 333333
	FrameInterval[1] 666666
	FrameInterval[2] 1000000
	*** VS Frame Descriptor ***
	bLength 38
	bDescriptorType 0x24
	bDescriptorSubType 0x07
	bFrameIndex 2
	bmCapabilities 0x0
	wWidth 640
	wHeight 320
	dwMinBitRate 2048000
	dwMaxBitRate 6144000
	dwMaxVideoFrameBufSize 204800
	dwDefaultFrameInterval 333333
	bFrameIntervalType 3
	FrameInterval[0] 333333
	FrameInterval[1] 666666
	FrameInterval[2] 1000000
	*** VS Frame Descriptor ***
	bLength 38
	bDescriptorType 0x24
	bDescriptorSubType 0x07
	bFrameIndex 3
	bmCapabilities 0x0
	wWidth 640
	wHeight 480
	dwMinBitRate 3072000
	dwMaxBitRate 9216000
	dwMaxVideoFrameBufSize 307200
	dwDefaultFrameInterval 333333
	bFrameIntervalType 3
	FrameInterval[0] 333333
	FrameInterval[1] 666666
	FrameInterval[2] 1000000
	*** VS Frame Descriptor ***
	bLength 38
	bDescriptorType 0x24
	bDescriptorSubType 0x07
	bFrameIndex 4
	bmCapabilities 0x0
	wWidth 800
	wHeight 600
	dwMinBitRate 4800000
	dwMaxBitRate 14400000
	dwMaxVideoFrameBufSize 480000
	dwDefaultFrameInterval 333333
	bFrameIntervalType 3
	FrameInterval[0] 333333
	FrameInterval[1] 666666
	FrameInterval[2] 1000000
	*** VS Frame Descriptor ***
	bLength 38
	bDescriptorType 0x24
	bDescriptorSubType 0x07
	bFrameIndex 5
	bmCapabilities 0x0
	wWidth 1024
	wHeight 768
	dwMinBitRate 7864320
	dwMaxBitRate 23592960
	dwMaxVideoFrameBufSize 786432
	dwDefaultFrameInterval 333333
	bFrameIntervalType 3
	FrameInterval[0] 333333
	FrameInterval[1] 666666
	FrameInterval[2] 1000000
	*** VS Frame Descriptor ***
	bLength 38
	bDescriptorType 0x24
	bDescriptorSubType 0x07
	bFrameIndex 6
	bmCapabilities 0x0
	wWidth 1280
	wHeight 720
	dwMinBitRate 9216000
	dwMaxBitRate 27648000
	dwMaxVideoFrameBufSize 921600
	dwDefaultFrameInterval 333333
	bFrameIntervalType 3
	FrameInterval[0] 333333
	FrameInterval[1] 666666
	FrameInterval[2] 1000000
	*** VS Frame Descriptor ***
	bLength 38
	bDescriptorType 0x24
	bDescriptorSubType 0x07
	bFrameIndex 7
	bmCapabilities 0x0
	wWidth 1280
	wHeight 960
	dwMinBitRate 12288000
	dwMaxBitRate 36864000
	dwMaxVideoFrameBufSize 1228800
	dwDefaultFrameInterval 333333
	bFrameIntervalType 3
	FrameInterval[0] 333333
	FrameInterval[1] 666666
	FrameInterval[2] 1000000
	*** VS Frame Descriptor ***
	bLength 38
	bDescriptorType 0x24
	bDescriptorSubType 0x07
	bFrameIndex 8
	bmCapabilities 0x0
	wWidth 1600
	wHeight 1200
	dwMinBitRate 19200000
	dwMaxBitRate 57600000
	dwMaxVideoFrameBufSize 1920000
	dwDefaultFrameInterval 333333
	bFrameIntervalType 3
	FrameInterval[0] 333333
	FrameInterval[1] 666666
	FrameInterval[2] 1000000
	*** VS Frame Descriptor ***
	bLength 38
	bDescriptorType 0x24
	bDescriptorSubType 0x07
	bFrameIndex 9
	bmCapabilities 0x0
	wWidth 2048
	wHeight 1536
	dwMinBitRate 31457280
	dwMaxBitRate 94371840
	dwMaxVideoFrameBufSize 3145728
	dwDefaultFrameInterval 333333
	bFrameIntervalType 3
	FrameInterval[0] 333333
	FrameInterval[1] 666666
	FrameInterval[2] 1000000
	*** VS Frame Descriptor ***
	bLength 38
	bDescriptorType 0x24
	bDescriptorSubType 0x07
	bFrameIndex 10
	bmCapabilities 0x0
	wWidth 2592
	wHeight 1944
	dwMinBitRate 50388480
	dwMaxBitRate 151165440
	dwMaxVideoFrameBufSize 5038848
	dwDefaultFrameInterval 333333
	bFrameIntervalType 3
	FrameInterval[0] 333333
	FrameInterval[1] 666666
	FrameInterval[2] 1000000
	*** VS Frame Descriptor ***
	bLength 38
	bDescriptorType 0x24
	bDescriptorSubType 0x07
	bFrameIndex 11
	bmCapabilities 0x0
	wWidth 3264
	wHeight 2448
	dwMinBitRate 79902720
	dwMaxBitRate 239708160
	dwMaxVideoFrameBufSize 7990272
	dwDefaultFrameInterval 333333
	bFrameIntervalType 3
	FrameInterval[0] 333333
	FrameInterval[1] 666666
	FrameInterval[2] 1000000
	*** VS Frame Descriptor ***
	bLength 38
	bDescriptorType 0x24
	bDescriptorSubType 0x07
	bFrameIndex 12
	bmCapabilities 0x0
	wWidth 3840
	wHeight 2160
	dwMinBitRate 82944000
	dwMaxBitRate 248832000
	dwMaxVideoFrameBufSize 8294400
	dwDefaultFrameInterval 333333
	bFrameIntervalType 3
	FrameInterval[0] 333333
	FrameInterval[1] 666666
	FrameInterval[2] 1000000
	*** VS Frame Descriptor ***
	bLength 34
	bDescriptorType 0x24
	bDescriptorSubType 0x07
	bFrameIndex 13
	bmCapabilities 0x0
	wWidth 4000
	wHeight 3000
	dwMinBitRate 120000000
	dwMaxBitRate 180000000
	dwMaxVideoFrameBufSize 12000000
	dwDefaultFrameInterval 666666
	bFrameIntervalType 2
	FrameInterval[0] 666666
	FrameInterval[1] 1000000
	*** VS Frame Descriptor ***
	bLength 34
	bDescriptorType 0x24
	bDescriptorSubType 0x07
	bFrameIndex 14
	bmCapabilities 0x0
	wWidth 320
	wHeight 240
	dwMinBitRate 1152000
	dwMaxBitRate 2304000
	dwMaxVideoFrameBufSize 76800
	dwDefaultFrameInterval 333333
	bFrameIntervalType 2
	FrameInterval[0] 333333
	FrameInterval[1] 666666
	*** Output Terminal Descriptor ***
	bLength 63
	bDescriptorType 0x24
	bDescriptorSubType 0x03
	bTerminalID 0
	wTerminalType 0x800E
	bAssocTerminal 7
	bSourceID 56
	iTerminal 4
	*** VS Color Format Descriptor ***
	bLength 6
	bDescriptorType 0x24
	bDescriptorSubType 0x0D
	bColorPrimaries 0x1
	bTransferCharacteristics 1
	bMatrixCoefficients 0x4
	*** Selector Unit Descriptor ***
	bLength 27
	bDescriptorType 0x24
	bDescriptorSubType 0x04
	bUnitID 2
	bNrInPins 12
	baSourceID1 89
	baSourceID2 85
	iSelector 89
	*** Processing Unit Descriptor ***
	bLength 34
	bDescriptorType 0x24
	bDescriptorSubType 0x05
	bUnitID 1
	bSourceID 0
	wMaxMultiplier 320
	bControlSize 240
	bmControls 0x0 0x0 0x70
	iProcessing 23
	bmVideoStandards 0x0
	*** Processing Unit Descriptor ***
	bLength 34
	bDescriptorType 0x24
	bDescriptorSubType 0x05
	bUnitID 2
	bSourceID 0
	wMaxMultiplier 640
	bControlSize 104
	bmControls 0x1 0x0 0x50
	iProcessing 70
	bmVideoStandards 0x0
	*** Processing Unit Descriptor ***
	bLength 30
	bDescriptorType 0x24
	bDescriptorSubType 0x05
	bUnitID 3
	bSourceID 0
	wMaxMultiplier 640
	bControlSize 224
	bmControls 0x1 0x0 0xC0
	iProcessing 93
	bmVideoStandards 0x0
	*** Processing Unit Descriptor ***
	bLength 30
	bDescriptorType 0x24
	bDescriptorSubType 0x05
	bUnitID 4
	bSourceID 0
	wMaxMultiplier 800
	bControlSize 88
	bmControls 0x2 0x0 0x7C
	iProcessing 146
	bmVideoStandards 0x0
	*** Processing Unit Descriptor ***
	bLength 30
	bDescriptorType 0x24
	bDescriptorSubType 0x05
	bUnitID 5
	bSourceID 0
	wMaxMultiplier 1024
	bControlSize 208
	bmControls 0x2 0x0 0x0
	iProcessing 225
	bmVideoStandards 0x0
	*** Processing Unit Descriptor ***
	bLength 30
	bDescriptorType 0x24
	bDescriptorSubType 0x05
	bUnitID 6
	bSourceID 0
	wMaxMultiplier 1280
	bControlSize 172
	bmControls 0x3 0x0 0x30
	iProcessing 111
	bmVideoStandards 0x1
	*** Processing Unit Descriptor ***
	bLength 30
	bDescriptorType 0x24
	bDescriptorSubType 0x05
	bUnitID 7
	bSourceID 0
	wMaxMultiplier 1280
	bControlSize 0
	bmControls 0x4 0x0 0x0
	iProcessing 144
	bmVideoStandards 0x1
	*** Processing Unit Descriptor ***
	bLength 30
	bDescriptorType 0x24
	bDescriptorSubType 0x05
	bUnitID 8
	bSourceID 0
	wMaxMultiplier 1600
	bControlSize 176
	bmControls 0x4 0x0 0xF8
	iProcessing 36
	bmVideoStandards 0x1
	*** Processing Unit Descriptor ***
	bLength 30
	bDescriptorType 0x24
	bDescriptorSubType 0x05
	bUnitID 9
	bSourceID 0
	wMaxMultiplier 1920
	bControlSize 56
	bmControls 0x4 0x0 0x68
	iProcessing 60
	bmVideoStandards 0x1
	*** Processing Unit Descriptor ***
	bLength 30
	bDescriptorType 0x24
	bDescriptorSubType 0x05
	bUnitID 10
	bSourceID 0
	wMaxMultiplier 2048
	bControlSize 0
	bmControls 0x6 0x0 0x0
	iProcessing 224
	bmVideoStandards 0x1
	*** Processing Unit Descriptor ***
	bLength 30
	bDescriptorType 0x24
	bDescriptorSubType 0x05
	bUnitID 11
	bSourceID 0
	wMaxMultiplier 2560
	bControlSize 160
	bmControls 0x5 0x0 0x80
	iProcessing 50
	bmVideoStandards 0x2
	*** Processing Unit Descriptor ***
	bLength 30
	bDescriptorType 0x24
	bDescriptorSubType 0x05
	bUnitID 12
	bSourceID 0
	wMaxMultiplier 2592
	bControlSize 152
	bmControls 0x7 0x0 0xDE
	iProcessing 0
	bmVideoStandards 0x3
	*** VS Color Format Descriptor ***
	bLength 6
	bDescriptorType 0x24
	bDescriptorSubType 0x0D
	bColorPrimaries 0x1
	bTransferCharacteristics 1
	bMatrixCoefficients 0x4
	*** Interface descriptor ***
	bLength 9
	bDescriptorType 4
	bInterfaceNumber 1
	bAlternateSetting 1
	bNumEndpoints 1
	bInterfaceClass 0xe
	bInterfaceSubClass 0x2
	bInterfaceProtocol 0x0
	iInterface 0
		*** Endpoint descriptor ***
		bLength 7
		bDescriptorType 5
		bEndpointAddress 0x82	EP 2 IN
		bmAttributes 0x5	ISOC
		wMaxPacketSize 192
		bInterval 1
	*** Interface descriptor ***
	bLength 9
	bDescriptorType 4
	bInterfaceNumber 1
	bAlternateSetting 2
	bNumEndpoints 1
	bInterfaceClass 0xe
	bInterfaceSubClass 0x2
	bInterfaceProtocol 0x0
	iInterface 0
		*** Endpoint descriptor ***
		bLength 7
		bDescriptorType 5
		bEndpointAddress 0x82	EP 2 IN
		bmAttributes 0x5	ISOC
		wMaxPacketSize 384
		bInterval 1
	*** Interface descriptor ***
	bLength 9
	bDescriptorType 4
	bInterfaceNumber 1
	bAlternateSetting 3
	bNumEndpoints 1
	bInterfaceClass 0xe
	bInterfaceSubClass 0x2
	bInterfaceProtocol 0x0
	iInterface 0
		*** Endpoint descriptor ***
		bLength 7
		bDescriptorType 5
		bEndpointAddress 0x82	EP 2 IN
		bmAttributes 0x5	ISOC
		wMaxPacketSize 512
		bInterval 1
	*** Interface descriptor ***
	bLength 9
	bDescriptorType 4
	bInterfaceNumber 1
	bAlternateSetting 4
	bNumEndpoints 1
	bInterfaceClass 0xe
	bInterfaceSubClass 0x2
	bInterfaceProtocol 0x0
	iInterface 0
		*** Endpoint descriptor ***
		bLength 7
		bDescriptorType 5
		bEndpointAddress 0x82	EP 2 IN
		bmAttributes 0x5	ISOC
		wMaxPacketSize 640
		bInterval 1
	*** Interface descriptor ***
	bLength 9
	bDescriptorType 4
	bInterfaceNumber 1
	bAlternateSetting 5
	bNumEndpoints 1
	bInterfaceClass 0xe
	bInterfaceSubClass 0x2
	bInterfaceProtocol 0x0
	iInterface 0
		*** Endpoint descriptor ***
		bLength 7
		bDescriptorType 5
		bEndpointAddress 0x82	EP 2 IN
		bmAttributes 0x5	ISOC
		wMaxPacketSize 800
		bInterval 1
	*** Interface descriptor ***
	bLength 9
	bDescriptorType 4
	bInterfaceNumber 1
	bAlternateSetting 6
	bNumEndpoints 1
	bInterfaceClass 0xe
	bInterfaceSubClass 0x2
	bInterfaceProtocol 0x0
	iInterface 0
		*** Endpoint descriptor ***
		bLength 7
		bDescriptorType 5
		bEndpointAddress 0x82	EP 2 IN
		bmAttributes 0x5	ISOC
		wMaxPacketSize 944
		bInterval 1
	*** Interface descriptor ***
	bLength 9
	bDescriptorType 4
	bInterfaceNumber 1
	bAlternateSetting 7
	bNumEndpoints 1
	bInterfaceClass 0xe
	bInterfaceSubClass 0x2
	bInterfaceProtocol 0x0
	iInterface 0
		*** Endpoint descriptor ***
		bLength 7
		bDescriptorType 5
		bEndpointAddress 0x82	EP 2 IN
		bmAttributes 0x5	ISOC
		wMaxPacketSize 640
		wMaxPacketSize (with additional transactions in microframe) 1280
		bInterval 1
	*** Interface descriptor ***
	bLength 9
	bDescriptorType 4
	bInterfaceNumber 1
	bAlternateSetting 8
	bNumEndpoints 1
	bInterfaceClass 0xe
	bInterfaceSubClass 0x2
	bInterfaceProtocol 0x0
	iInterface 0
		*** Endpoint descriptor ***
		bLength 7
		bDescriptorType 5
		bEndpointAddress 0x82	EP 2 IN
		bmAttributes 0x5	ISOC
		wMaxPacketSize 800
		wMaxPacketSize (with additional transactions in microframe) 1600
		bInterval 1
	*** Interface descriptor ***
	bLength 9
	bDescriptorType 4
	bInterfaceNumber 1
	bAlternateSetting 9
	bNumEndpoints 1
	bInterfaceClass 0xe
	bInterfaceSubClass 0x2
	bInterfaceProtocol 0x0
	iInterface 0
		*** Endpoint descriptor ***
		bLength 7
		bDescriptorType 5
		bEndpointAddress 0x82	EP 2 IN
		bmAttributes 0x5	ISOC
		wMaxPacketSize 992
		wMaxPacketSize (with additional transactions in microframe) 1984
		bInterval 1
	*** Interface descriptor ***
	bLength 9
	bDescriptorType 4
	bInterfaceNumber 1
	bAlternateSetting 10
	bNumEndpoints 1
	bInterfaceClass 0xe
	bInterfaceSubClass 0x2
	bInterfaceProtocol 0x0
	iInterface 0
		*** Endpoint descriptor ***
		bLength 7
		bDescriptorType 5
		bEndpointAddress 0x82	EP 2 IN
		bmAttributes 0x5	ISOC
		wMaxPacketSize 896
		wMaxPacketSize (with additional transactions in microframe) 2688
		bInterval 1
	*** Interface descriptor ***
	bLength 9
	bDescriptorType 4
	bInterfaceNumber 1
	bAlternateSetting 11
	bNumEndpoints 1
	bInterfaceClass 0xe
	bInterfaceSubClass 0x2
	bInterfaceProtocol 0x0
	iInterface 0
		*** Endpoint descriptor ***
		bLength 7
		bDescriptorType 5
		bEndpointAddress 0x82	EP 2 IN
		bmAttributes 0x5	ISOC
		wMaxPacketSize 1024
		wMaxPacketSize (with additional transactions in microframe) 3072
		bInterval 1
*** Interface Association Descriptor ***
bLength 8
bDescriptorType 11
bFirstInterface 2
bInterfaceCount 2
bFunctionClass 0x1
bFunctionSubClass 0x0
bFunctionProtocol 0x0
iFunction 5
	*** Interface descriptor ***
	bLength 9
	bDescriptorType 4
	bInterfaceNumber 2
	bAlternateSetting 0
	bNumEndpoints 0
	bInterfaceClass 0x1
	bInterfaceSubClass 0x1
	bInterfaceProtocol 0x0
	iInterface 0
	*** Class-specific VC Interface Descriptor ***
	bLength 9
	bDescriptorType 0x24
	bDescriptorSubType 0x01
	bcdUVC 0100
	wTotalLength 39
	dwClockFrequency 604766977
	bInCollection 2
	baInterfaceNr[0] 1
	baInterfaceNr[1] 1
	*** Input Terminal Descriptor (Camera) ***
	bLength 12
	bDescriptorType 0x24
	bDescriptorSubType 0x02
	bTerminalID 0x1
	wTerminalType 0x201
	bAssocTerminal 0
	iTerminal 1
	wObjectiveFocalLengthMin 3
	wObjectiveFocalLengthMax 0
	wOcularFocalLength 9225
	bControlSize 6
	bmControls 0x2 0x1 0x2
	*** Extension Unit Descriptor unsupported, skipping... ***
	*** Output Terminal Descriptor ***
	bLength 9
	bDescriptorType 0x24
	bDescriptorSubType 0x03
	bTerminalID 3
	wTerminalType 0x101
	bAssocTerminal 0
	bSourceID 2
	iTerminal 0
	*** Interface descriptor ***
	bLength 9
	bDescriptorType 4
	bInterfaceNumber 3
	bAlternateSetting 0
	bNumEndpoints 0
	bInterfaceClass 0x1
	bInterfaceSubClass 0x2
	bInterfaceProtocol 0x0
	iInterface 0
	*** Interface descriptor ***
	bLength 9
	bDescriptorType 4
	bInterfaceNumber 3
	bAlternateSetting 1
	bNumEndpoints 1
	bInterfaceClass 0x1
	bInterfaceSubClass 0x2
	bInterfaceProtocol 0x0
	iInterface 0
	*** Class-specific VC Interface Descriptor ***
	bLength 7
	bDescriptorType 0x24
	bDescriptorSubType 0x01
	bcdUVC 0003
	wTotalLength 1
	dwClockFrequency 16917515
	bInCollection 2
	baInterfaceNr[0] 2
	baInterfaceNr[1] 16
	*** Input Terminal Descriptor (Media) ***
	bLength 11
	bDescriptorType 0x24
	bDescriptorSubType 0x02
	bTerminalID 0x1
	wTerminalType 0x202
	bAssocTerminal 16
	iTerminal 1
	bControlSize 128
	bmControls 0xBB
	bTransportModeSize 0
	bmTransportModes 0x9 0x5 0x83 0x1 0xC0
		*** Endpoint descriptor ***
		bLength 9
		bDescriptorType 5
		bEndpointAddress 0x83	EP 3 IN
		bmAttributes 0x1	ISOC
		wMaxPacketSize 192
		bInterval 4
		*** Class-specific Interrupt Endpoint Descriptor ***
		bLength 7
		bDescriptorType 0x25
		bDescriptorSubType 1
		wMaxTransferSize 1
	*** Interface descriptor ***
	bLength 9
	bDescriptorType 4
	bInterfaceNumber 4
	bAlternateSetting 0
	bNumEndpoints 2
	bInterfaceClass 0x3
	bInterfaceSubClass 0x0
	bInterfaceProtocol 0x0
	iInterface 0
 *** Unknown Descriptor Length: 9 Type: 33 ***
		*** Endpoint descriptor ***
		bLength 7
		bDescriptorType 5
		bEndpointAddress 0x84	EP 4 IN
		bmAttributes 0x3	INT
		wMaxPacketSize 64
		bInterval 4
		*** Endpoint descriptor ***
		bLength 7
		bDescriptorType 5
		bEndpointAddress 0x1	EP 1 OUT
		bmAttributes 0x3	INT
		wMaxPacketSize 64
		bInterval 4
PV-UVC-ENUM device aberto em 2034 ms
PV-UVC-ENUM cap driver=USB-UVC0 card=USB-UVC0 bus=esp32p4:USB-UVC0 caps=0x84201001 device_caps=0x04201001
PV-UVC-ENUM fmt index=0 fourcc=JPEG flags=0x0 desc="JPEG"
PV-UVC-ENUM size fourcc=JPEG index=0 1920x1080
PV-UVC-ENUM interval fourcc=JPEG 1920x1080 index=0 tipo=discrete num=333333 den=10000000 fps_x1000=30000
PV-UVC-ENUM interval fourcc=JPEG 1920x1080 index=1 tipo=discrete num=666666 den=10000000 fps_x1000=15000
PV-UVC-ENUM interval fourcc=JPEG 1920x1080 index=2 tipo=discrete num=1000000 den=10000000 fps_x1000=10000
PV-UVC-ENUM size fourcc=JPEG index=1 640x320
PV-UVC-ENUM interval fourcc=JPEG 640x320 index=0 tipo=discrete num=333333 den=10000000 fps_x1000=30000
PV-UVC-ENUM interval fourcc=JPEG 640x320 index=1 tipo=discrete num=666666 den=10000000 fps_x1000=15000
PV-UVC-ENUM interval fourcc=JPEG 640x320 index=2 tipo=discrete num=1000000 den=10000000 fps_x1000=10000
PV-UVC-ENUM size fourcc=JPEG index=2 640x480
PV-UVC-ENUM interval fourcc=JPEG 640x480 index=0 tipo=discrete num=333333 den=10000000 fps_x1000=30000
PV-UVC-ENUM interval fourcc=JPEG 640x480 index=1 tipo=discrete num=666666 den=10000000 fps_x1000=15000
PV-UVC-ENUM interval fourcc=JPEG 640x480 index=2 tipo=discrete num=1000000 den=10000000 fps_x1000=10000
PV-UVC-ENUM size fourcc=JPEG index=3 800x600
PV-UVC-ENUM interval fourcc=JPEG 800x600 index=0 tipo=discrete num=333333 den=10000000 fps_x1000=30000
PV-UVC-ENUM interval fourcc=JPEG 800x600 index=1 tipo=discrete num=666666 den=10000000 fps_x1000=15000
PV-UVC-ENUM interval fourcc=JPEG 800x600 index=2 tipo=discrete num=1000000 den=10000000 fps_x1000=10000
PV-UVC-ENUM size fourcc=JPEG index=4 1024x768
PV-UVC-ENUM interval fourcc=JPEG 1024x768 index=0 tipo=discrete num=333333 den=10000000 fps_x1000=30000
PV-UVC-ENUM interval fourcc=JPEG 1024x768 index=1 tipo=discrete num=666666 den=10000000 fps_x1000=15000
PV-UVC-ENUM interval fourcc=JPEG 1024x768 index=2 tipo=discrete num=1000000 den=10000000 fps_x1000=10000
PV-UVC-ENUM size fourcc=JPEG index=5 1280x720
PV-UVC-ENUM interval fourcc=JPEG 1280x720 index=0 tipo=discrete num=333333 den=10000000 fps_x1000=30000
PV-UVC-ENUM interval fourcc=JPEG 1280x720 index=1 tipo=discrete num=666666 den=10000000 fps_x1000=15000
PV-UVC-ENUM interval fourcc=JPEG 1280x720 index=2 tipo=discrete num=1000000 den=10000000 fps_x1000=10000
PV-UVC-ENUM size fourcc=JPEG index=6 1280x960
PV-UVC-ENUM interval fourcc=JPEG 1280x960 index=0 tipo=discrete num=333333 den=10000000 fps_x1000=30000
PV-UVC-ENUM interval fourcc=JPEG 1280x960 index=1 tipo=discrete num=666666 den=10000000 fps_x1000=15000
PV-UVC-ENUM interval fourcc=JPEG 1280x960 index=2 tipo=discrete num=1000000 den=10000000 fps_x1000=10000
PV-UVC-ENUM size fourcc=JPEG index=7 1600x1200
PV-UVC-ENUM interval fourcc=JPEG 1600x1200 index=0 tipo=discrete num=333333 den=10000000 fps_x1000=30000
PV-UVC-ENUM interval fourcc=JPEG 1600x1200 index=1 tipo=discrete num=666666 den=10000000 fps_x1000=15000
PV-UVC-ENUM interval fourcc=JPEG 1600x1200 index=2 tipo=discrete num=1000000 den=10000000 fps_x1000=10000
PV-UVC-ENUM size fourcc=JPEG index=8 2048x1536
PV-UVC-ENUM interval fourcc=JPEG 2048x1536 index=0 tipo=discrete num=333333 den=10000000 fps_x1000=30000
PV-UVC-ENUM interval fourcc=JPEG 2048x1536 index=1 tipo=discrete num=666666 den=10000000 fps_x1000=15000
PV-UVC-ENUM interval fourcc=JPEG 2048x1536 index=2 tipo=discrete num=1000000 den=10000000 fps_x1000=10000
PV-UVC-ENUM size fourcc=JPEG index=9 2592x1944
PV-UVC-ENUM interval fourcc=JPEG 2592x1944 index=0 tipo=discrete num=333333 den=10000000 fps_x1000=30000
PV-UVC-ENUM interval fourcc=JPEG 2592x1944 index=1 tipo=discrete num=666666 den=10000000 fps_x1000=15000
PV-UVC-ENUM interval fourcc=JPEG 2592x1944 index=2 tipo=discrete num=1000000 den=10000000 fps_x1000=10000
PV-UVC-ENUM size fourcc=JPEG index=10 3264x2448
PV-UVC-ENUM interval fourcc=JPEG 3264x2448 index=0 tipo=discrete num=333333 den=10000000 fps_x1000=30000
PV-UVC-ENUM interval fourcc=JPEG 3264x2448 index=1 tipo=discrete num=666666 den=10000000 fps_x1000=15000
PV-UVC-ENUM interval fourcc=JPEG 3264x2448 index=2 tipo=discrete num=1000000 den=10000000 fps_x1000=10000
PV-UVC-ENUM size fourcc=JPEG index=11 3840x2160
PV-UVC-ENUM interval fourcc=JPEG 3840x2160 index=0 tipo=discrete num=333333 den=10000000 fps_x1000=30000
PV-UVC-ENUM interval fourcc=JPEG 3840x2160 index=1 tipo=discrete num=666666 den=10000000 fps_x1000=15000
PV-UVC-ENUM interval fourcc=JPEG 3840x2160 index=2 tipo=discrete num=1000000 den=10000000 fps_x1000=10000
PV-UVC-ENUM size fourcc=JPEG index=12 4000x3000
PV-UVC-ENUM interval fourcc=JPEG 4000x3000 index=0 tipo=discrete num=666666 den=10000000 fps_x1000=15000
PV-UVC-ENUM interval fourcc=JPEG 4000x3000 index=1 tipo=discrete num=1000000 den=10000000 fps_x1000=10000
PV-UVC-ENUM size fourcc=JPEG index=13 320x240
PV-UVC-ENUM interval fourcc=JPEG 320x240 index=0 tipo=discrete num=333333 den=10000000 fps_x1000=30000
PV-UVC-ENUM interval fourcc=JPEG 320x240 index=1 tipo=discrete num=666666 den=10000000 fps_x1000=15000
PV-UVC-ENUM fmt index=1 fourcc=YUYV flags=0x0 desc="YUV 4:2:2 YUYV"
PV-UVC-ENUM size fourcc=YUYV index=0 320x240
PV-UVC-ENUM interval fourcc=YUYV 320x240 index=0 tipo=discrete num=500000 den=10000000 fps_x1000=20000
PV-UVC-ENUM interval fourcc=YUYV 320x240 index=1 tipo=discrete num=1000000 den=10000000 fps_x1000=10000
PV-UVC-ENUM size fourcc=YUYV index=1 640x360
PV-UVC-ENUM interval fourcc=YUYV 640x360 index=0 tipo=discrete num=500000 den=10000000 fps_x1000=20000
PV-UVC-ENUM interval fourcc=YUYV 640x360 index=1 tipo=discrete num=1000000 den=10000000 fps_x1000=10000
PV-UVC-ENUM size fourcc=YUYV index=2 640x480
PV-UVC-ENUM interval fourcc=YUYV 640x480 index=0 tipo=discrete num=1000000 den=10000000 fps_x1000=10000
PV-UVC-ENUM size fourcc=YUYV index=3 800x600
PV-UVC-ENUM interval fourcc=YUYV 800x600 index=0 tipo=discrete num=1000000 den=10000000 fps_x1000=10000
PV-UVC-ENUM size fourcc=YUYV index=4 1024x720
PV-UVC-ENUM interval fourcc=YUYV 1024x720 index=0 tipo=discrete num=1000000 den=10000000 fps_x1000=10000
PV-UVC-ENUM size fourcc=YUYV index=5 1280x940
PV-UVC-ENUM interval fourcc=YUYV 1280x940 index=0 tipo=discrete num=1000000 den=10000000 fps_x1000=10000
PV-UVC-ENUM size fourcc=YUYV index=6 1280x1024
PV-UVC-ENUM interval fourcc=YUYV 1280x1024 index=0 tipo=discrete num=1000000 den=10000000 fps_x1000=10000
PV-UVC-ENUM size fourcc=YUYV index=7 1600x1200
PV-UVC-ENUM interval fourcc=YUYV 1600x1200 index=0 tipo=discrete num=2000000 den=10000000 fps_x1000=5000
PV-UVC-ENUM size fourcc=YUYV index=8 1920x1080
PV-UVC-ENUM interval fourcc=YUYV 1920x1080 index=0 tipo=discrete num=2000000 den=10000000 fps_x1000=5000
PV-UVC-ENUM size fourcc=YUYV index=9 2048x1536
PV-UVC-ENUM interval fourcc=YUYV 2048x1536 index=0 tipo=discrete num=2000000 den=10000000 fps_x1000=5000
PV-UVC-ENUM size fourcc=YUYV index=10 2560x1440
PV-UVC-ENUM interval fourcc=YUYV 2560x1440 index=0 tipo=discrete num=2000000 den=10000000 fps_x1000=5000
PV-UVC-ENUM size fourcc=YUYV index=11 2592x1944
PV-UVC-ENUM interval fourcc=YUYV 2592x1944 index=0 tipo=discrete num=2000000 den=10000000 fps_x1000=5000
PV-UVC-ENUM result=OK tamanhos_jpeg=14
I (5051) usb_uvc_device: All UVC devices already enumerated
PV-UVC-FMT requested=800x600 applied=800x600 fourcc=JPEG sizeimage=0
I (5070) uvc: Allocating 2 USB transfers for ISOC. Each: 3072 bytes, 1 ISOC packets, 3072 MPS
W (8105) PvUvcSpike: DQBUF de descarte 0 falhou: errno=1(Not owner)
PV-UVC-WARMUP requested=800x600 descartados=0
E (13105) PvUvcSpike: VIDIOC_DQBUF falhou: errno=1(Not owner)

assert failed: usbh_dev_close usbh.c:1226 (dev_obj->dynamic.num_ctrl_xfers_inflight == 0)
Core  0 register dump:
MEPC    : 0x4ff0d048  RA      : 0x4ff0cbe0  SP      : 0x4ff3deb0  GP      : 0x4ff14300  
TP      : 0x4ff3e4e0  T0      : 0x695f7372  T1      : 0x616e7964  T2      : 0x696c666e  
S0/FP   : 0x0000006e  S1      : 0x00000001  A0      : 0x4ff3def8  A1      : 0x4ff16881  
A2      : 0x00000001  A3      : 0x4ff1a000  A4      : 0x00000001  A5      : 0x4ff1a000  
A6      : 0x00000008  A7      : 0x3e2d6a62  S2      : 0x4ff3def8  S3      : 0x4ff3df19  
S4      : 0x4ff16880  S5      : 0x4ff3def8  S6      : 0x48043896  S7      : 0x00000002  
S8      : 0x00001fa9  S9      : 0x480a4c98  S10     : 0x001e8480  S11     : 0x00000002  
T3      : 0x2e63696d  T4      : 0x5f6d756e  T5      : 0x6c727463  T6      : 0x6566785f  
MSTATUS : 0x00011880  MTVEC   : 0x4ff00003  MCAUSE  : 0x00000002  MTVAL   : 0x00000000  
MHARTID : 0x00000000  

Stack memory:
4ff3deb0: 0x00000000 0x4ff3df5c 0x480da1c4 0x4ff0a8b8 0x36323231 0x4ff3e900 0x00000000 0x00000000
4ff3ded0: 0x48000000 0x4ff1712c 0x480da1c4 0x4ff17110 0x480ae0d1 0x4ff1713c 0x4ff3dec0 0x4ff17140
4ff3def0: 0x480ae248 0x4ff16880 0x65737361 0x66207472 0x656c6961 0x75203a64 0x5f686273 0x5f766564
4ff3df10: 0x736f6c63 0x73752065 0x632e6862 0x3232313a 0x64282036 0x6f5f7665 0x3e2d6a62 0x616e7964
4ff3df30: 0x2e63696d 0x5f6d756e 0x6c727463 0x6566785f 0x695f7372 0x696c666e 0x20746867 0x30203d3d
4ff3df50: 0x00000029 0x00000000 0x4ff51bd0 0xfffffffe 0x00000000 0x00000000 0x4ff3e518 0xfffffffe
4ff3df70: 0x00000000 0x480e7b90 0x4ff3e518 0x4807df5c 0x00000000 0x000000a8 0x480e7bc4 0x480e0ee4
4ff3df90: 0x4ff51a08 0x00000000 0x4ff3e8bc 0x4ff3fb68 0x480e6fa8 0x00000000 0x4ff3e8bc 0x4807e2c4
4ff3dfb0: 0x480e6fa8 0x00000000 0x4ff3e8bc 0x4807c782 0x4ff51a08 0x00000000 0x4ff3e418 0x4ff3fb68
4ff3dfd0: 0x480e6fa8 0x4ff1a000 0x480e7018 0x48043896 0x4ff51a08 0x00000000 0x480e7018 0x480e7018
4ff3dff0: 0x480e6fa8 0x4ff1a000 0x480e7018 0x48041a08 0x00000103 0x480e7b28 0x00000002 0x010e7d58
4ff3e010: 0x00000103 0x480e7b28 0x00000002 0x4803c3e6 0x00000103 0x4ff1a000 0x480e7b28 0x4803d944
4ff3e030: 0x00000103 0x4ff3fb68 0x4ff3fae4 0x48025bb0 0x00000000 0x40045613 0x4ff3fb68 0x48022870
4ff3e050: 0x00000001 0x40045613 0x00000001 0x4802303c 0x00000001 0x4ff14588 0x480a4364 0x00003331
4ff3e070: 0x00000000 0x480a4c98 0x4ff5073c 0x4802c984 0x00000001 0x00000000 0x4ff3e418 0x4808041e
4ff3e090: 0x00000001 0x4ff14588 0x480a4848 0x00000004 0x00000000 0x00000000 0x00000000 0x4ff3e0c8
4ff3e0b0: 0x00000004 0x4ff14588 0x00000004 0x48021362 0x00000005 0x00000000 0x4ff3e100 0x00000000
4ff3e0d0: 0x20800008 0x00000001 0x00000001 0x0000000a 0x4ff3e1a8 0x480e71a8 0x480e71a8 0x4803dd74
4ff3e0f0: 0x00000000 0x4ff1a000 0x4ff3fae4 0x00000001 0x00000001 0x4745504a 0x00000000 0x00000002
4ff3e110: 0x00000001 0x00000001 0x00000000 0x00000000 0x4ff3fb68 0x480f0a40 0x48165d80 0x00075300
4ff3e130: 0x00075300 0x00000000 0x00000000 0x00000001 0x00000000 0x00000000 0x00000000 0x00000000
4ff3e150: 0x00000000 0x00000000 0x00000000 0x00000000 0x00000000 0x00000000 0x00000000 0x00000000
4ff3e170: 0x00000000 0x00000001 0x00000000 0x00000000 0x00000000 0x00000000 0x00000001 0x00000320
4ff3e190: 0x00000258 0x4745504a 0x00000000 0x00000000 0x00000000 0x00000000 0x00000000 0x00000000
4ff3e1b0: 0x00000000 0x00000000 0x00000000 0x00000000 0x00000000 0x00000000 0x00000000 0x00000000
4ff3e1d0: 0x00000000 0x00000000 0x00000000 0x00000000 0x00000000 0x00000000 0x00000000 0x00000000
4ff3e1f0: 0x00000000 0x00000000 0x00000000 0x00000000 0x00000000 0x00000000 0x00000000 0x00000000
4ff3e210: 0x00000000 0x00000000 0x00000000 0x00000000 0x00000000 0x00000000 0x00000000 0x00000000
4ff3e230: 0x00000000 0x00000000 0x00000000 0x00000000 0x00000000 0x00000000 0x00000000 0x00000000
4ff3e250: 0x00000000 0x00000001 0x00000320 0x00000258 0x4745504a 0x00000000 0x00000000 0x00000000
4ff3e270: 0x00000000 0x00000000 0x00000000 0x00000000 0x00000000 0x00000000 0x00000000 0x00000000
4ff3e290: 0x00000000 0x00000000 0x00000000 0x00000000 0x00000000 0x00000000 0x00000000 0x00000000



ELF file SHA256: e87c6fa39

Rebooting...
ESP-ROM:esp32p4-eco2-20240710
Build:Jul 10 2024
rst:0xc (SW_CPU_RESET),boot:0xf (SPI_FAST_FLASH_BOOT)
Core0 Saved PC:0x4ff00c9e
Core1 Saved PC:0x4ff0698c
SPI mode:DIO, clock div:1
load:0x4ff33ce0,len:0x5d0
load:0x4ff28ed0,len:0xdf8
load:0x4ff2bbd0,len:0x34b8
entry 0x4ff28ed0
I (46) hex_psram: vendor id    : 0x0d (AP)
I (46) hex_psram: Latency      : 0x01 (Fixed)
I (46) hex_psram: DriveStr.    : 0x00 (25 Ohm)
I (47) hex_psram: dev id       : 0x03 (generation 4)
I (51) hex_psram: density      : 0x07 (256 Mbit)
I (56) hex_psram: good-die     : 0x06 (Pass)
I (60) hex_psram: SRF          : 0x02 (Slow Refresh)
I (64) hex_psram: BurstType    : 0x00 ( Wrap)
I (69) hex_psram: BurstLen     : 0x03 (2048 Byte)
I (73) hex_psram: BitMode      : 0x01 (X16 Mode)
I (77) hex_psram: Readlatency  : 0x04 (14 cycles@Fixed)
I (82) hex_psram: DriveStrength: 0x00 (1/1)
I (86) MSPI Timing: Enter psram timing tuning
I esp_psram: Found 32MB PSRAM device
I esp_psram: Speed: 200MHz
I (283) mmu_psram: .rodata xip on psram
I (316) mmu_psram: .text xip on psram
I (319) hex_psram: psram CS IO is dedicated
I (319) cpu_start: Multicore app
I (328) cpu_start: GPIO 38 and 37 are used as console UART I/O pins
I (328) cpu_start: Pro cpu start user code
I (328) cpu_start: cpu freq: 360000000 Hz
I (330) app_init: Application information:
I (334) app_init: Project name:     xiaozhi
I (338) app_init: App version:      2.4.0
I (342) app_init: Compile time:     Aug 10 2026 22:03:41
I (347) app_init: ELF file SHA256:  e87c6fa39...
I (351) app_init: ESP-IDF:          v6.0.2
I (355) efuse_init: Min chip rev:     v1.0
I (359) efuse_init: Max chip rev:     v1.99 
I (363) efuse_init: Chip rev:         v1.3
I (367) heap_init: Initializing. RAM available for dynamic allocation:
I (373) heap_init: At 4FF1A740 len 00020880 (130 KiB): RETENT_RAM
I (379) heap_init: At 4FF3AFC0 len 00004BF0 (18 KiB): RAM
I (384) heap_init: At 4FF40000 len 00060000 (384 KiB): RAM
I (389) heap_init: At 50108080 len 00007F80 (31 KiB): RTCRAM
I (394) heap_init: At 30100088 len 00001F78 (7 KiB): SPM
I (400) esp_psram: Adding pool of 31808K of PSRAM memory to heap allocator
I (406) esp_psram: Adding pool of 62K of PSRAM memory gap generated due to end address alignment of irom to the heap allocator
I (417) esp_psram: Adding pool of 60K of PSRAM memory gap generated due to end address alignment of drom to the heap allocator
I (428) spi_flash: detected chip: gd
I (432) spi_flash: flash io: qio
I (435) host_init: ESP Hosted : Host chip_ip[18]
I (439) H_API: ESP-Hosted starting. Hosted_Tasks: prio:23, stack: 5120 RPC_task_stack: 5120
I (447) H_API: ** add_esp_wifi_remote_channels **
I (452) sleep_gpio: Configure to isolate all GPIO pins in sleep state
I (458) sleep_gpio: Enable automatic switching of GPIO sleep configuration
I (466) H_SDIO_DRV: sdio_data_to_rx_buf_task started
I (469) main_task: Started on CPU0
I (472) esp_psram: Reserving pool of 64K of internal memory for DMA/internal allocations
I (481) main_task: Calling app_main()

PV-UVC-SPIKE inicio (F2B) degraus=5
PV-UVC-MEM etapa=boot psram_livre=32669812 psram_maior_bloco=32505856 interna_livre=421195
I (2358) main_task: Returned from app_main()
PV-UVC-INIT result=OK usb_host=on uvc_dev_num=1
PV-UVC-ENUM aguardando enumeracao USB em /dev/video40 (ate 10000 ms)
I (2388) usb_uvc_device: Waiting for UVC device to be enumerated...
E (2832) ENUM: LANGID 0x409 not found
*** Configuration descriptor ***
bLength 9
bDescriptorType 2
wTotalLength 1463
bNumInterfaces 5
bConfigurationValue 1
iConfiguration 0
bmAttributes 0x80
bMaxPower 500mA
*** Interface Association Descriptor ***
bLength 8
bDescriptorType 11
bFirstInterface 0
bInterfaceCount 2
bFunctionClass 0xe
bFunctionSubClass 0x3
bFunctionProtocol 0x0
iFunction 4
	*** Interface descriptor ***
	bLength 9
	bDescriptorType 4
	bInterfaceNumber 0
	bAlternateSetting 0
	bNumEndpoints 1
	bInterfaceClass 0xe
	bInterfaceSubClass 0x1
	bInterfaceProtocol 0x0
	iInterface 0
	*** Class-specific VC Interface Descriptor ***
	bLength 13
	bDescriptorType 0x24
	bDescriptorSubType 0x01
	bcdUVC 0100
	wTotalLength 80
	dwClockFrequency 24000000
	bInCollection 1
	baInterfaceNr[0] 1
	*** Input Terminal Descriptor (Camera) ***
	bLength 18
	bDescriptorType 0x24
	bDescriptorSubType 0x02
	bTerminalID 0x1
	wTerminalType 0x201
	bAssocTerminal 0
	iTerminal 0
	wObjectiveFocalLengthMin 0
	wObjectiveFocalLengthMax 0
	wOcularFocalLength 0
	bControlSize 3
	bmControls 0x7A 0x2A 0x2
	*** Extension Unit Descriptor unsupported, skipping... ***
	*** Processing Unit Descriptor ***
	bLength 11
	bDescriptorType 0x24
	bDescriptorSubType 0x05
	bUnitID 3
	bSourceID 2
	wMaxMultiplier 16384
	bControlSize 2
	bmControls 0x7F 0x17 0x0
	iProcessing 9
	bmVideoStandards 0x24
	*** Output Terminal Descriptor ***
	bLength 9
	bDescriptorType 0x24
	bDescriptorSubType 0x03
	bTerminalID 4
	wTerminalType 0x101
	bAssocTerminal 0
	bSourceID 3
	iTerminal 0
		*** Endpoint descriptor ***
		bLength 7
		bDescriptorType 5
		bEndpointAddress 0x81	EP 1 IN
		bmAttributes 0x3	INT
		wMaxPacketSize 16
		bInterval 8
		*** Class-specific Interrupt Endpoint Descriptor ***
		bLength 5
		bDescriptorType 0x25
		bDescriptorSubType 3
		wMaxTransferSize 16
	*** Interface descriptor ***
	bLength 9
	bDescriptorType 4
	bInterfaceNumber 1
	bAlternateSetting 0
	bNumEndpoints 0
	bInterfaceClass 0xe
	bInterfaceSubClass 0x2
	bInterfaceProtocol 0x0
	iInterface 0
	*** Class-specific VC Interface Descriptor ***
	bLength 15
	bDescriptorType 0x24
	bDescriptorSubType 0x01
	bcdUVC fc02
	wTotalLength 33283
	dwClockFrequency 16909312
	bInCollection 1
	baInterfaceNr[0] 1
	*** Extension Unit Descriptor unsupported, skipping... ***
	*** VS Frame Descriptor ***
	bLength 38
	bDescriptorType 0x24
	bDescriptorSubType 0x07
	bFrameIndex 1
	bmCapabilities 0x0
	wWidth 1920
	wHeight 1080
	dwMinBitRate 20736000
	dwMaxBitRate 62208000
	dwMaxVideoFrameBufSize 2073600
	dwDefaultFrameInterval 333333
	bFrameIntervalType 3
	FrameInterval[0] 333333
	FrameInterval[1] 666666
	FrameInterval[2] 1000000
	*** VS Frame Descriptor ***
	bLength 38
	bDescriptorType 0x24
	bDescriptorSubType 0x07
	bFrameIndex 2
	bmCapabilities 0x0
	wWidth 640
	wHeight 320
	dwMinBitRate 2048000
	dwMaxBitRate 6144000
	dwMaxVideoFrameBufSize 204800
	dwDefaultFrameInterval 333333
	bFrameIntervalType 3
	FrameInterval[0] 333333
	FrameInterval[1] 666666
	FrameInterval[2] 1000000
	*** VS Frame Descriptor ***
	bLength 38
	bDescriptorType 0x24
	bDescriptorSubType 0x07
	bFrameIndex 3
	bmCapabilities 0x0
	wWidth 640
	wHeight 480
	dwMinBitRate 3072000
	dwMaxBitRate 9216000
	dwMaxVideoFrameBufSize 307200
	dwDefaultFrameInterval 333333
	bFrameIntervalType 3
	FrameInterval[0] 333333
	FrameInterval[1] 666666
	FrameInterval[2] 1000000
	*** VS Frame Descriptor ***
	bLength 38
	bDescriptorType 0x24
	bDescriptorSubType 0x07
	bFrameIndex 4
	bmCapabilities 0x0
	wWidth 800
	wHeight 600
	dwMinBitRate 4800000
	dwMaxBitRate 14400000
	dwMaxVideoFrameBufSize 480000
	dwDefaultFrameInterval 333333
	bFrameIntervalType 3
	FrameInterval[0] 333333
	FrameInterval[1] 666666
	FrameInterval[2] 1000000
	*** VS Frame Descriptor ***
	bLength 38
	bDescriptorType 0x24
	bDescriptorSubType 0x07
	bFrameIndex 5
	bmCapabilities 0x0
	wWidth 1024
	wHeight 768
	dwMinBitRate 7864320
	dwMaxBitRate 23592960
	dwMaxVideoFrameBufSize 786432
	dwDefaultFrameInterval 333333
	bFrameIntervalType 3
	FrameInterval[0] 333333
	FrameInterval[1] 666666
	FrameInterval[2] 1000000
	*** VS Frame Descriptor ***
	bLength 38
	bDescriptorType 0x24
	bDescriptorSubType 0x07
	bFrameIndex 6
	bmCapabilities 0x0
	wWidth 1280
	wHeight 720
	dwMinBitRate 9216000
	dwMaxBitRate 27648000
	dwMaxVideoFrameBufSize 921600
	dwDefaultFrameInterval 333333
	bFrameIntervalType 3
	FrameInterval[0] 333333
	FrameInterval[1] 666666
	FrameInterval[2] 1000000
	*** VS Frame Descriptor ***
	bLength 38
	bDescriptorType 0x24
	bDescriptorSubType 0x07
	bFrameIndex 7
	bmCapabilities 0x0
	wWidth 1280
	wHeight 960
	dwMinBitRate 12288000
	dwMaxBitRate 36864000
	dwMaxVideoFrameBufSize 1228800
	dwDefaultFrameInterval 333333
	bFrameIntervalType 3
	FrameInterval[0] 333333
	FrameInterval[1] 666666
	FrameInterval[2] 1000000
	*** VS Frame Descriptor ***
	bLength 38
	bDescriptorType 0x24
	bDescriptorSubType 0x07
	bFrameIndex 8
	bmCapabilities 0x0
	wWidth 1600
	wHeight 1200
	dwMinBitRate 19200000
	dwMaxBitRate 57600000
	dwMaxVideoFrameBufSize 1920000
	dwDefaultFrameInterval 333333
	bFrameIntervalType 3
	FrameInterval[0] 333333
	FrameInterval[1] 666666
	FrameInterval[2] 1000000
	*** VS Frame Descriptor ***
	bLength 38
	bDescriptorType 0x24
	bDescriptorSubType 0x07
	bFrameIndex 9
	bmCapabilities 0x0
	wWidth 2048
	wHeight 1536
	dwMinBitRate 31457280
	dwMaxBitRate 94371840
	dwMaxVideoFrameBufSize 3145728
	dwDefaultFrameInterval 333333
	bFrameIntervalType 3
	FrameInterval[0] 333333
	FrameInterval[1] 666666
	FrameInterval[2] 1000000
	*** VS Frame Descriptor ***
	bLength 38
	bDescriptorType 0x24
	bDescriptorSubType 0x07
	bFrameIndex 10
	bmCapabilities 0x0
	wWidth 2592
	wHeight 1944
	dwMinBitRate 50388480
	dwMaxBitRate 151165440
	dwMaxVideoFrameBufSize 5038848
	dwDefaultFrameInterval 333333
	bFrameIntervalType 3
	FrameInterval[0] 333333
	FrameInterval[1] 666666
	FrameInterval[2] 1000000
	*** VS Frame Descriptor ***
	bLength 38
	bDescriptorType 0x24
	bDescriptorSubType 0x07
	bFrameIndex 11
	bmCapabilities 0x0
	wWidth 3264
	wHeight 2448
	dwMinBitRate 79902720
	dwMaxBitRate 239708160
	dwMaxVideoFrameBufSize 7990272
	dwDefaultFrameInterval 333333
	bFrameIntervalType 3
	FrameInterval[0] 333333
	FrameInterval[1] 666666
	FrameInterval[2] 1000000
	*** VS Frame Descriptor ***
	bLength 38
	bDescriptorType 0x24
	bDescriptorSubType 0x07
	bFrameIndex 12
	bmCapabilities 0x0
	wWidth 3840
	wHeight 2160
	dwMinBitRate 82944000
	dwMaxBitRate 248832000
	dwMaxVideoFrameBufSize 8294400
	dwDefaultFrameInterval 333333
	bFrameIntervalType 3
	FrameInterval[0] 333333
	FrameInterval[1] 666666
	FrameInterval[2] 1000000
	*** VS Frame Descriptor ***
	bLength 34
	bDescriptorType 0x24
	bDescriptorSubType 0x07
	bFrameIndex 13
	bmCapabilities 0x0
	wWidth 4000
	wHeight 3000
	dwMinBitRate 120000000
	dwMaxBitRate 180000000
	dwMaxVideoFrameBufSize 12000000
	dwDefaultFrameInterval 666666
	bFrameIntervalType 2
	FrameInterval[0] 666666
	FrameInterval[1] 1000000
	*** VS Frame Descriptor ***
	bLength 34
	bDescriptorType 0x24
	bDescriptorSubType 0x07
	bFrameIndex 14
	bmCapabilities 0x0
	wWidth 320
	wHeight 240
	dwMinBitRate 1152000
	dwMaxBitRate 2304000
	dwMaxVideoFrameBufSize 76800
	dwDefaultFrameInterval 333333
	bFrameIntervalType 2
	FrameInterval[0] 333333
	FrameInterval[1] 666666
	*** Output Terminal Descriptor ***
	bLength 63
	bDescriptorType 0x24
	bDescriptorSubType 0x03
	bTerminalID 0
	wTerminalType 0x800E
	bAssocTerminal 7
	bSourceID 56
	iTerminal 4
	*** VS Color Format Descriptor ***
	bLength 6
	bDescriptorType 0x24
	bDescriptorSubType 0x0D
	bColorPrimaries 0x1
	bTransferCharacteristics 1
	bMatrixCoefficients 0x4
	*** Selector Unit Descriptor ***
	bLength 27
	bDescriptorType 0x24
	bDescriptorSubType 0x04
	bUnitID 2
	bNrInPins 12
	baSourceID1 89
	baSourceID2 85
	iSelector 89
	*** Processing Unit Descriptor ***
	bLength 34
	bDescriptorType 0x24
	bDescriptorSubType 0x05
	bUnitID 1
	bSourceID 0
	wMaxMultiplier 320
	bControlSize 240
	bmControls 0x0 0x0 0x70
	iProcessing 23
	bmVideoStandards 0x0
	*** Processing Unit Descriptor ***
	bLength 34
	bDescriptorType 0x24
	bDescriptorSubType 0x05
	bUnitID 2
	bSourceID 0
	wMaxMultiplier 640
	bControlSize 104
	bmControls 0x1 0x0 0x50
	iProcessing 70
	bmVideoStandards 0x0
	*** Processing Unit Descriptor ***
	bLength 30
	bDescriptorType 0x24
	bDescriptorSubType 0x05
	bUnitID 3
	bSourceID 0
	wMaxMultiplier 640
	bControlSize 224
	bmControls 0x1 0x0 0xC0
	iProcessing 93
	bmVideoStandards 0x0
	*** Processing Unit Descriptor ***
	bLength 30
	bDescriptorType 0x24
	bDescriptorSubType 0x05
	bUnitID 4
	bSourceID 0
	wMaxMultiplier 800
	bControlSize 88
	bmControls 0x2 0x0 0x7C
	iProcessing 146
	bmVideoStandards 0x0
	*** Processing Unit Descriptor ***
	bLength 30
	bDescriptorType 0x24
	bDescriptorSubType 0x05
	bUnitID 5
	bSourceID 0
	wMaxMultiplier 1024
	bControlSize 208
	bmControls 0x2 0x0 0x0
	iProcessing 225
	bmVideoStandards 0x0
	*** Processing Unit Descriptor ***
	bLength 30
	bDescriptorType 0x24
	bDescriptorSubType 0x05
	bUnitID 6
	bSourceID 0
	wMaxMultiplier 1280
	bControlSize 172
	bmControls 0x3 0x0 0x30
	iProcessing 111
	bmVideoStandards 0x1
	*** Processing Unit Descriptor ***
	bLength 30
	bDescriptorType 0x24
	bDescriptorSubType 0x05
	bUnitID 7
	bSourceID 0
	wMaxMultiplier 1280
	bControlSize 0
	bmControls 0x4 0x0 0x0
	iProcessing 144
	bmVideoStandards 0x1
	*** Processing Unit Descriptor ***
	bLength 30
	bDescriptorType 0x24
	bDescriptorSubType 0x05
	bUnitID 8
	bSourceID 0
	wMaxMultiplier 1600
	bControlSize 176
	bmControls 0x4 0x0 0xF8
	iProcessing 36
	bmVideoStandards 0x1
	*** Processing Unit Descriptor ***
	bLength 30
	bDescriptorType 0x24
	bDescriptorSubType 0x05
	bUnitID 9
	bSourceID 0
	wMaxMultiplier 1920
	bControlSize 56
	bmControls 0x4 0x0 0x68
	iProcessing 60
	bmVideoStandards 0x1
	*** Processing Unit Descriptor ***
	bLength 30
	bDescriptorType 0x24
	bDescriptorSubType 0x05
	bUnitID 10
	bSourceID 0
	wMaxMultiplier 2048
	bControlSize 0
	bmControls 0x6 0x0 0x0
	iProcessing 224
	bmVideoStandards 0x1
	*** Processing Unit Descriptor ***
	bLength 30
	bDescriptorType 0x24
	bDescriptorSubType 0x05
	bUnitID 11
	bSourceID 0
	wMaxMultiplier 2560
	bControlSize 160
	bmControls 0x5 0x0 0x80
	iProcessing 50
	bmVideoStandards 0x2
	*** Processing Unit Descriptor ***
	bLength 30
	bDescriptorType 0x24
	bDescriptorSubType 0x05
	bUnitID 12
	bSourceID 0
	wMaxMultiplier 2592
	bControlSize 152
	bmControls 0x7 0x0 0xDE
	iProcessing 0
	bmVideoStandards 0x3
	*** VS Color Format Descriptor ***
	bLength 6
	bDescriptorType 0x24
	bDescriptorSubType 0x0D
	bColorPrimaries 0x1
	bTransferCharacteristics 1
	bMatrixCoefficients 0x4
	*** Interface descriptor ***
	bLength 9
	bDescriptorType 4
	bInterfaceNumber 1
	bAlternateSetting 1
	bNumEndpoints 1
	bInterfaceClass 0xe
	bInterfaceSubClass 0x2
	bInterfaceProtocol 0x0
	iInterface 0
		*** Endpoint descriptor ***
		bLength 7
		bDescriptorType 5
		bEndpointAddress 0x82	EP 2 IN
		bmAttributes 0x5	ISOC
		wMaxPacketSize 192
		bInterval 1
	*** Interface descriptor ***
	bLength 9
	bDescriptorType 4
	bInterfaceNumber 1
	bAlternateSetting 2
	bNumEndpoints 1
	bInterfaceClass 0xe
	bInterfaceSubClass 0x2
	bInterfaceProtocol 0x0
	iInterface 0
		*** Endpoint descriptor ***
		bLength 7
		bDescriptorType 5
		bEndpointAddress 0x82	EP 2 IN
		bmAttributes 0x5	ISOC
		wMaxPacketSize 384
		bInterval 1
	*** Interface descriptor ***
	bLength 9
	bDescriptorType 4
	bInterfaceNumber 1
	bAlternateSetting 3
	bNumEndpoints 1
	bInterfaceClass 0xe
	bInterfaceSubClass 0x2
	bInterfaceProtocol 0x0
	iInterface 0
		*** Endpoint descriptor ***
		bLength 7
		bDescriptorType 5
		bEndpointAddress 0x82	EP 2 IN
		bmAttributes 0x5	ISOC
		wMaxPacketSize 512
		bInterval 1
	*** Interface descriptor ***
	bLength 9
	bDescriptorType 4
	bInterfaceNumber 1
	bAlternateSetting 4
	bNumEndpoints 1
	bInterfaceClass 0xe
	bInterfaceSubClass 0x2
	bInterfaceProtocol 0x0
	iInterface 0
		*** Endpoint descriptor ***
		bLength 7
		bDescriptorType 5
		bEndpointAddress 0x82	EP 2 IN
		bmAttributes 0x5	ISOC
		wMaxPacketSize 640
		bInterval 1
	*** Interface descriptor ***
	bLength 9
	bDescriptorType 4
	bInterfaceNumber 1
	bAlternateSetting 5
	bNumEndpoints 1
	bInterfaceClass 0xe
	bInterfaceSubClass 0x2
	bInterfaceProtocol 0x0
	iInterface 0
		*** Endpoint descriptor ***
		bLength 7
		bDescriptorType 5
		bEndpointAddress 0x82	EP 2 IN
		bmAttributes 0x5	ISOC
		wMaxPacketSize 800
		bInterval 1
	*** Interface descriptor ***
	bLength 9
	bDescriptorType 4
	bInterfaceNumber 1
	bAlternateSetting 6
	bNumEndpoints 1
	bInterfaceClass 0xe
	bInterfaceSubClass 0x2
	bInterfaceProtocol 0x0
	iInterface 0
		*** Endpoint descriptor ***
		bLength 7
		bDescriptorType 5
		bEndpointAddress 0x82	EP 2 IN
		bmAttributes 0x5	ISOC
		wMaxPacketSize 944
		bInterval 1
	*** Interface descriptor ***
	bLength 9
	bDescriptorType 4
	bInterfaceNumber 1
	bAlternateSetting 7
	bNumEndpoints 1
	bInterfaceClass 0xe
	bInterfaceSubClass 0x2
	bInterfaceProtocol 0x0
	iInterface 0
		*** Endpoint descriptor ***
		bLength 7
		bDescriptorType 5
		bEndpointAddress 0x82	EP 2 IN
		bmAttributes 0x5	ISOC
		wMaxPacketSize 640
		wMaxPacketSize (with additional transactions in microframe) 1280
		bInterval 1
	*** Interface descriptor ***
	bLength 9
	bDescriptorType 4
	bInterfaceNumber 1
	bAlternateSetting 8
	bNumEndpoints 1
	bInterfaceClass 0xe
	bInterfaceSubClass 0x2
	bInterfaceProtocol 0x0
	iInterface 0
		*** Endpoint descriptor ***
		bLength 7
		bDescriptorType 5
		bEndpointAddress 0x82	EP 2 IN
		bmAttributes 0x5	ISOC
		wMaxPacketSize 800
		wMaxPacketSize (with additional transactions in microframe) 1600
		bInterval 1
	*** Interface descriptor ***
	bLength 9
	bDescriptorType 4
	bInterfaceNumber 1
	bAlternateSetting 9
	bNumEndpoints 1
	bInterfaceClass 0xe
	bInterfaceSubClass 0x2
	bInterfaceProtocol 0x0
	iInterface 0
		*** Endpoint descriptor ***
		bLength 7
		bDescriptorType 5
		bEndpointAddress 0x82	EP 2 IN
		bmAttributes 0x5	ISOC
		wMaxPacketSize 992
		wMaxPacketSize (with additional transactions in microframe) 1984
		bInterval 1
	*** Interface descriptor ***
	bLength 9
	bDescriptorType 4
	bInterfaceNumber 1
	bAlternateSetting 10
	bNumEndpoints 1
	bInterfaceClass 0xe
	bInterfaceSubClass 0x2
	bInterfaceProtocol 0x0
	iInterface 0
		*** Endpoint descriptor ***
		bLength 7
		bDescriptorType 5
		bEndpointAddress 0x82	EP 2 IN
		bmAttributes 0x5	ISOC
		wMaxPacketSize 896
		wMaxPacketSize (with additional transactions in microframe) 2688
		bInterval 1
	*** Interface descriptor ***
	bLength 9
	bDescriptorType 4
	bInterfaceNumber 1
	bAlternateSetting 11
	bNumEndpoints 1
	bInterfaceClass 0xe
	bInterfaceSubClass 0x2
	bInterfaceProtocol 0x0
	iInterface 0
		*** Endpoint descriptor ***
		bLength 7
		bDescriptorType 5
		bEndpointAddress 0x82	EP 2 IN
		bmAttributes 0x5	ISOC
		wMaxPacketSize 1024
		wMaxPacketSize (with additional transactions in microframe) 3072
		bInterval 1
*** Interface Association Descriptor ***
bLength 8
bDescriptorType 11
bFirstInterface 2
bInterfaceCount 2
bFunctionClass 0x1
bFunctionSubClass 0x0
bFunctionProtocol 0x0
iFunction 5
	*** Interface descriptor ***
	bLength 9
	bDescriptorType 4
	bInterfaceNumber 2
	bAlternateSetting 0
	bNumEndpoints 0
	bInterfaceClass 0x1
	bInterfaceSubClass 0x1
	bInterfaceProtocol 0x0
	iInterface 0
	*** Class-specific VC Interface Descriptor ***
	bLength 9
	bDescriptorType 0x24
	bDescriptorSubType 0x01
	bcdUVC 0100
	wTotalLength 39
	dwClockFrequency 604766977
	bInCollection 2
	baInterfaceNr[0] 1
	baInterfaceNr[1] 1
	*** Input Terminal Descriptor (Camera) ***
	bLength 12
	bDescriptorType 0x24
	bDescriptorSubType 0x02
	bTerminalID 0x1
	wTerminalType 0x201
	bAssocTerminal 0
	iTerminal 1
	wObjectiveFocalLengthMin 3
	wObjectiveFocalLengthMax 0
	wOcularFocalLength 9225
	bControlSize 6
	bmControls 0x2 0x1 0x2
	*** Extension Unit Descriptor unsupported, skipping... ***
	*** Output Terminal Descriptor ***
	bLength 9
	bDescriptorType 0x24
	bDescriptorSubType 0x03
	bTerminalID 3
	wTerminalType 0x101
	bAssocTerminal 0
	bSourceID 2
	iTerminal 0
	*** Interface descriptor ***
	bLength 9
	bDescriptorType 4
	bInterfaceNumber 3
	bAlternateSetting 0
	bNumEndpoints 0
	bInterfaceClass 0x1
	bInterfaceSubClass 0x2
	bInterfaceProtocol 0x0
	iInterface 0
	*** Interface descriptor ***
	bLength 9
	bDescriptorType 4
	bInterfaceNumber 3
	bAlternateSetting 1
	bNumEndpoints 1
	bInterfaceClass 0x1
	bInterfaceSubClass 0x2
	bInterfaceProtocol 0x0
	iInterface 0
	*** Class-specific VC Interface Descriptor ***
	bLength 7
	bDescriptorType 0x24
	bDescriptorSubType 0x01
	bcdUVC 0003
	wTotalLength 1
	dwClockFrequency 16917515
	bInCollection 2
	baInterfaceNr[0] 2
	baInterfaceNr[1] 16
	*** Input Terminal Descriptor (Media) ***
	bLength 11
	bDescriptorType 0x24
	bDescriptorSubType 0x02
	bTerminalID 0x1
	wTerminalType 0x202
	bAssocTerminal 16
	iTerminal 1
	bControlSize 128
	bmControls 0xBB
	bTransportModeSize 0
	bmTransportModes 0x9 0x5 0x83 0x1 0xC0
		*** Endpoint descriptor ***
		bLength 9
		bDescriptorType 5
		bEndpointAddress 0x83	EP 3 IN
		bmAttributes 0x1	ISOC
		wMaxPacketSize 192
		bInterval 4
		*** Class-specific Interrupt Endpoint Descriptor ***
		bLength 7
		bDescriptorType 0x25
		bDescriptorSubType 1
		wMaxTransferSize 1
	*** Interface descriptor ***
	bLength 9
	bDescriptorType 4
	bInterfaceNumber 4
	bAlternateSetting 0
	bNumEndpoints 2
	bInterfaceClass 0x3
	bInterfaceSubClass 0x0
	bInterfaceProtocol 0x0
	iInterface 0
 *** Unknown Descriptor Length: 9 Type: 33 ***
		*** Endpoint descriptor ***
		bLength 7
		bDescriptorType 5
		bEndpointAddress 0x84	EP 4 IN
		bmAttributes 0x3	INT
		wMaxPacketSize 64
		bInterval 4
		*** Endpoint descriptor ***
		bLength 7
		bDescriptorType 5
		bEndpointAddress 0x1	EP 1 OUT
		bmAttributes 0x3	INT
		wMaxPacketSize 64
		bInterval 4
PV-UVC-ENUM device aberto em 2034 ms
PV-UVC-ENUM cap driver=USB-UVC0 card=USB-UVC0 bus=esp32p4:USB-UVC0 caps=0x84201001 device_caps=0x04201001
PV-UVC-ENUM fmt index=0 fourcc=JPEG flags=0x0 desc="JPEG"
PV-UVC-ENUM size fourcc=JPEG index=0 1920x1080
PV-UVC-ENUM interval fourcc=JPEG 1920x1080 index=0 tipo=discrete num=333333 den=10000000 fps_x1000=30000
PV-UVC-ENUM interval fourcc=JPEG 1920x1080 index=1 tipo=discrete num=666666 den=10000000 fps_x1000=15000
PV-UVC-ENUM interval fourcc=JPEG 1920x1080 index=2 tipo=discrete num=1000000 den=10000000 fps_x1000=10000
PV-UVC-ENUM size fourcc=JPEG index=1 640x320
PV-UVC-ENUM interval fourcc=JPEG 640x320 index=0 tipo=discrete num=333333 den=10000000 fps_x1000=30000
PV-UVC-ENUM interval fourcc=JPEG 640x320 index=1 tipo=discrete num=666666 den=10000000 fps_x1000=15000
PV-UVC-ENUM interval fourcc=JPEG 640x320 index=2 tipo=discrete num=1000000 den=10000000 fps_x1000=10000
PV-UVC-ENUM size fourcc=JPEG index=2 640x480
PV-UVC-ENUM interval fourcc=JPEG 640x480 index=0 tipo=discrete num=333333 den=10000000 fps_x1000=30000
PV-UVC-ENUM interval fourcc=JPEG 640x480 index=1 tipo=discrete num=666666 den=10000000 fps_x1000=15000
PV-UVC-ENUM interval fourcc=JPEG 640x480 index=2 tipo=discrete num=1000000 den=10000000 fps_x1000=10000
PV-UVC-ENUM size fourcc=JPEG index=3 800x600
PV-UVC-ENUM interval fourcc=JPEG 800x600 index=0 tipo=discrete num=333333 den=10000000 fps_x1000=30000
PV-UVC-ENUM interval fourcc=JPEG 800x600 index=1 tipo=discrete num=666666 den=10000000 fps_x1000=15000
PV-UVC-ENUM interval fourcc=JPEG 800x600 index=2 tipo=discrete num=1000000 den=10000000 fps_x1000=10000
PV-UVC-ENUM size fourcc=JPEG index=4 1024x768
PV-UVC-ENUM interval fourcc=JPEG 1024x768 index=0 tipo=discrete num=333333 den=10000000 fps_x1000=30000
PV-UVC-ENUM interval fourcc=JPEG 1024x768 index=1 tipo=discrete num=666666 den=10000000 fps_x1000=15000
PV-UVC-ENUM interval fourcc=JPEG 1024x768 index=2 tipo=discrete num=1000000 den=10000000 fps_x1000=10000
PV-UVC-ENUM size fourcc=JPEG index=5 1280x720
PV-UVC-ENUM interval fourcc=JPEG 1280x720 index=0 tipo=discrete num=333333 den=10000000 fps_x1000=30000
PV-UVC-ENUM interval fourcc=JPEG 1280x720 index=1 tipo=discrete num=666666 den=10000000 fps_x1000=15000
PV-UVC-ENUM interval fourcc=JPEG 1280x720 index=2 tipo=discrete num=1000000 den=10000000 fps_x1000=10000
PV-UVC-ENUM size fourcc=JPEG index=6 1280x960
PV-UVC-ENUM interval fourcc=JPEG 1280x960 index=0 tipo=discrete num=333333 den=10000000 fps_x1000=30000
PV-UVC-ENUM interval fourcc=JPEG 1280x960 index=1 tipo=discrete num=666666 den=10000000 fps_x1000=15000
PV-UVC-ENUM interval fourcc=JPEG 1280x960 index=2 tipo=discrete num=1000000 den=10000000 fps_x1000=10000
PV-UVC-ENUM size fourcc=JPEG index=7 1600x1200
PV-UVC-ENUM interval fourcc=JPEG 1600x1200 index=0 tipo=discrete num=333333 den=10000000 fps_x1000=30000
PV-UVC-ENUM interval fourcc=JPEG 1600x1200 index=1 tipo=discrete num=666666 den=10000000 fps_x1000=15000
PV-UVC-ENUM interval fourcc=JPEG 1600x1200 index=2 tipo=discrete num=1000000 den=10000000 fps_x1000=10000
PV-UVC-ENUM size fourcc=JPEG index=8 2048x1536
PV-UVC-ENUM interval fourcc=JPEG 2048x1536 index=0 tipo=discrete num=333333 den=10000000 fps_x1000=30000
PV-UVC-ENUM interval fourcc=JPEG 2048x1536 index=1 tipo=discrete num=666666 den=10000000 fps_x1000=15000
PV-UVC-ENUM interval fourcc=JPEG 2048x1536 index=2 tipo=discrete num=1000000 den=10000000 fps_x1000=10000
PV-UVC-ENUM size fourcc=JPEG index=9 2592x1944
PV-UVC-ENUM interval fourcc=JPEG 2592x1944 index=0 tipo=discrete num=333333 den=10000000 fps_x1000=30000
PV-UVC-ENUM interval fourcc=JPEG 2592x1944 index=1 tipo=discrete num=666666 den=10000000 fps_x1000=15000
PV-UVC-ENUM interval fourcc=JPEG 2592x1944 index=2 tipo=discrete num=1000000 den=10000000 fps_x1000=10000
PV-UVC-ENUM size fourcc=JPEG index=10 3264x2448
PV-UVC-ENUM interval fourcc=JPEG 3264x2448 index=0 tipo=discrete num=333333 den=10000000 fps_x1000=30000
PV-UVC-ENUM interval fourcc=JPEG 3264x2448 index=1 tipo=discrete num=666666 den=10000000 fps_x1000=15000
PV-UVC-ENUM interval fourcc=JPEG 3264x2448 index=2 tipo=discrete num=1000000 den=10000000 fps_x1000=10000
PV-UVC-ENUM size fourcc=JPEG index=11 3840x2160
PV-UVC-ENUM interval fourcc=JPEG 3840x2160 index=0 tipo=discrete num=333333 den=10000000 fps_x1000=30000
PV-UVC-ENUM interval fourcc=JPEG 3840x2160 index=1 tipo=discrete num=666666 den=10000000 fps_x1000=15000
PV-UVC-ENUM interval fourcc=JPEG 3840x2160 index=2 tipo=discrete num=1000000 den=10000000 fps_x1000=10000
PV-UVC-ENUM size fourcc=JPEG index=12 4000x3000
PV-UVC-ENUM interval fourcc=JPEG 4000x3000 index=0 tipo=discrete num=666666 den=10000000 fps_x1000=15000
PV-UVC-ENUM interval fourcc=JPEG 4000x3000 index=1 tipo=discrete num=1000000 den=10000000 fps_x1000=10000
PV-UVC-ENUM size fourcc=JPEG index=13 320x240
PV-UVC-ENUM interval fourcc=JPEG 320x240 index=0 tipo=discrete num=333333 den=10000000 fps_x1000=30000
PV-UVC-ENUM interval fourcc=JPEG 320x240 index=1 tipo=discrete num=666666 den=10000000 fps_x1000=15000
PV-UVC-ENUM fmt index=1 fourcc=YUYV flags=0x0 desc="YUV 4:2:2 YUYV"
PV-UVC-ENUM size fourcc=YUYV index=0 320x240
PV-UVC-ENUM interval fourcc=YUYV 320x240 index=0 tipo=discrete num=500000 den=10000000 fps_x1000=20000
PV-UVC-ENUM interval fourcc=YUYV 320x240 index=1 tipo=discrete num=1000000 den=10000000 fps_x1000=10000
PV-UVC-ENUM size fourcc=YUYV index=1 640x360
PV-UVC-ENUM interval fourcc=YUYV 640x360 index=0 tipo=discrete num=500000 den=10000000 fps_x1000=20000
PV-UVC-ENUM interval fourcc=YUYV 640x360 index=1 tipo=discrete num=1000000 den=10000000 fps_x1000=10000
PV-UVC-ENUM size fourcc=YUYV index=2 640x480
PV-UVC-ENUM interval fourcc=YUYV 640x480 index=0 tipo=discrete num=1000000 den=10000000 fps_x1000=10000
PV-UVC-ENUM size fourcc=YUYV index=3 800x600
PV-UVC-ENUM interval fourcc=YUYV 800x600 index=0 tipo=discrete num=1000000 den=10000000 fps_x1000=10000
PV-UVC-ENUM size fourcc=YUYV index=4 1024x720
PV-UVC-ENUM interval fourcc=YUYV 1024x720 index=0 tipo=discrete num=1000000 den=10000000 fps_x1000=10000
PV-UVC-ENUM size fourcc=YUYV index=5 1280x940
PV-UVC-ENUM interval fourcc=YUYV 1280x940 index=0 tipo=discrete num=1000000 den=10000000 fps_x1000=10000
PV-UVC-ENUM size fourcc=YUYV index=6 1280x1024
PV-UVC-ENUM interval fourcc=YUYV 1280x1024 index=0 tipo=discrete num=1000000 den=10000000 fps_x1000=10000
PV-UVC-ENUM size fourcc=YUYV index=7 1600x1200
PV-UVC-ENUM interval fourcc=YUYV 1600x1200 index=0 tipo=discrete num=2000000 den=10000000 fps_x1000=5000
PV-UVC-ENUM size fourcc=YUYV index=8 1920x1080
PV-UVC-ENUM interval fourcc=YUYV 1920x1080 index=0 tipo=discrete num=2000000 den=10000000 fps_x1000=5000
PV-UVC-ENUM size fourcc=YUYV index=9 2048x1536
PV-UVC-ENUM interval fourcc=YUYV 2048x1536 index=0 tipo=discrete num=2000000 den=10000000 fps_x1000=5000
PV-UVC-ENUM size fourcc=YUYV index=10 2560x1440
PV-UVC-ENUM interval fourcc=YUYV 2560x1440 index=0 tipo=discrete num=2000000 den=10000000 fps_x1000=5000
PV-UVC-ENUM size fourcc=YUYV index=11 2592x1944
PV-UVC-ENUM interval fourcc=YUYV 2592x1944 index=0 tipo=discrete num=2000000 den=10000000 fps_x1000=5000
PV-UVC-ENUM result=OK tamanhos_jpeg=14
I (5051) usb_uvc_device: All UVC devices already enumerated
PV-UVC-FMT requested=800x600 applied=800x600 fourcc=JPEG sizeimage=0
I (5070) uvc: Allocating 2 USB transfers for ISOC. Each: 3072 bytes, 1 ISOC packets, 3072 MPS
W (8105) PvUvcSpike: DQBUF de descarte 0 falhou: errno=1(Not owner)
PV-UVC-WARMUP requested=800x600 descartados=0
E (13105) PvUvcSpike: VIDIOC_DQBUF falhou: errno=1(Not owner)

assert failed: usbh_dev_close usbh.c:1226 (dev_obj->dynamic.num_ctrl_xfers_inflight == 0)
Core  0 register dump:
MEPC    : 0x4ff0d048  RA      : 0x4ff0cbe0  SP      : 0x4ff3deb0  GP      : 0x4ff14300  
TP      : 0x4ff3e4e0  T0      : 0x695f7372  T1      : 0x616e7964  T2      : 0x696c666e  
S0/FP   : 0x0000006e  S1      : 0x00000001  A0      : 0x4ff3def8  A1      : 0x4ff16881  
A2      : 0x00000001  A3      : 0x4ff1a000  A4      : 0x00000001  A5      : 0x4ff1a000  
A6      : 0x00000008  A7      : 0x3e2d6a62  S2      : 0x4ff3def8  S3      : 0x4ff3df19  
S4      : 0x4ff16880  S5      : 0x4ff3def8  S6      : 0x48043896  S7      : 0x00000002  
S8      : 0x00001fa9  S9      : 0x480a4c98  S10     : 0x001e8480  S11     : 0x00000002  
T3      : 0x2e63696d  T4      : 0x5f6d756e  T5      : 0x6c727463  T6      : 0x6566785f  
MSTATUS : 0x00011880  MTVEC   : 0x4ff00003  MCAUSE  : 0x00000002  MTVAL   : 0x00000000  
MHARTID : 0x00000000  

Stack memory:
4ff3deb0: 0x00000000 0x4ff3df5c 0x480da1c4 0x4ff0a8b8 0x36323231 0x4ff3e900 0x00000000 0x00000000
4ff3ded0: 0x48000000 0x4ff1712c 0x480da1c4 0x4ff17110 0x480ae0d1 0x4ff1713c 0x4ff3dec0 0x4ff17140
4ff3def0: 0x480ae248 0x4ff16880 0x65737361 0x66207472 0x656c6961 0x75203a64 0x5f686273 0x5f766564
4ff3df10: 0x736f6c63 0x73752065 0x632e6862 0x3232313a 0x64282036 0x6f5f7665 0x3e2d6a62 0x616e7964
4ff3df30: 0x2e63696d 0x5f6d756e 0x6c727463 0x6566785f 0x695f7372 0x696c666e 0x20746867 0x30203d3d
4ff3df50: 0x00000029 0x00000000 0x4ff51bd0 0xfffffffe 0x00000000 0x00000000 0x4ff3e518 0xfffffffe
4ff3df70: 0x00000000 0x480e7b90 0x4ff3e518 0x4807df5c 0x00000000 0x000000a8 0x480e7bc4 0x480e0ee4
4ff3df90: 0x4ff51a08 0x00000000 0x4ff3e8bc 0x4ff3fb68 0x480e6fa8 0x00000000 0x4ff3e8bc 0x4807e2c4
4ff3dfb0: 0x480e6fa8 0x00000000 0x4ff3e8bc 0x4807c782 0x4ff51a08 0x00000000 0x4ff3e418 0x4ff3fb68
4ff3dfd0: 0x480e6fa8 0x4ff1a000 0x480e7018 0x48043896 0x4ff51a08 0x00000000 0x480e7018 0x480e7018
4ff3dff0: 0x480e6fa8 0x4ff1a000 0x480e7018 0x48041a08 0x00000103 0x480e7b28 0x00000002 0x010e7d58
4ff3e010: 0x00000103 0x480e7b28 0x00000002 0x4803c3e6 0x00000103 0x4ff1a000 0x480e7b28 0x4803d944
4ff3e030: 0x00000103 0x4ff3fb68 0x4ff3fae4 0x48025bb0 0x00000000 0x40045613 0x4ff3fb68 0x48022870
4ff3e050: 0x00000001 0x40045613 0x00000001 0x4802303c 0x00000001 0x4ff14588 0x480a4364 0x00003331
4ff3e070: 0x00000000 0x480a4c98 0x4ff5073c 0x4802c984 0x00000001 0x00000000 0x4ff3e418 0x4808041e
4ff3e090: 0x00000001 0x4ff14588 0x480a4848 0x00000004 0x00000000 0x00000000 0x00000000 0x4ff3e0c8
4ff3e0b0: 0x4ff3e418 0x4ff14588 0x00000004 0x48021362 0x00000005 0x00000000 0x4ff3e100 0x00000000
4ff3e0d0: 0x20800008 0x00000001 0x00000001 0x0000000a 0x4ff3e1a8 0x480e71a8 0x480e71a8 0x4803dd74
4ff3e0f0: 0x00000000 0x4ff1a000 0x4ff3fae4 0x00000001 0x00000001 0x4745504a 0x00000000 0x00000002
4ff3e110: 0x00000001 0x00000001 0x00000000 0x00000000 0x4ff3fb68 0x480f0a40 0x48165d80 0x00075300
4ff3e130: 0x00075300 0x00000000 0x00000000 0x00000001 0x00000000 0x00000000 0x00000000 0x00000000
4ff3e150: 0x00000000 0x00000000 0x00000000 0x00000000 0x00000000 0x00000000 0x00000000 0x00000000
4ff3e170: 0x00000000 0x00000001 0x00000000 0x00000000 0x00000000 0x00000000 0x00000001 0x00000320
4ff3e190: 0x00000258 0x4745504a 0x00000000 0x00000000 0x00000000 0x00000000 0x00000000 0x00000000
4ff3e1b0: 0x00000000 0x00000000 0x00000000 0x00000000 0x00000000 0x00000000 0x00000000 0x00000000
4ff3e1d0: 0x00000000 0x00000000 0x00000000 0x00000000 0x00000000 0x00000000 0x00000000 0x00000000
4ff3e1f0: 0x00000000 0x00000000 0x00000000 0x00000000 0x00000000 0x00000000 0x00000000 0x00000000
4ff3e210: 0x00000000 0x00000000 0x00000000 0x00000000 0x00000000 0x00000000 0x00000000 0x00000000
4ff3e230: 0x00000000 0x00000000 0x00000000 0x00000000 0x00000000 0x00000000 0x00000000 0x00000000
4ff3e250: 0x00000000 0x00000001 0x00000320 0x00000258 0x4745504a 0x00000000 0x00000000 0x00000000
4ff3e270: 0x00000000 0x00000000 0x00000000 0x00000000 0x00000000 0x00000000 0x00000000 0x00000000
4ff3e290: 0x00000000 0x00000000 0x00000000 0x00000000 0x00000000 0x00000000 0x00000000 0x00000000



ELF file SHA256: e87c6fa39

Rebooting...
ESP-ROM:esp32p4-eco2-20240710
Build:Jul 10 2024
rst:0xc (SW_CPU_RESET),boot:0xf (SPI_FAST_FLASH_BOOT)
Core0 Saved PC:0x4ff00c9e
Core1 Saved PC:0x4ff0682e
SPI mode:DIO, clock div:1
load:0x4ff33ce0,len:0x5d0
load:0x4ff28ed0,len:0xdf8
load:0x4ff2bbd0,len:0x34b8
entry 0x4ff28ed0
I (46) hex_psram: vendor id    : 0x0d (AP)
I (46) hex_psram: Latency      : 0x01 (Fixed)
I (46) hex_psram: DriveStr.    : 0x00 (25 Ohm)
I (47) hex_psram: dev id       : 0x03 (generation 4)
I (51) hex_psram: density      : 0x07 (256 Mbit)
I (56) hex_psram: good-die     : 0x06 (Pass)
I (60) hex_psram: SRF          : 0x02 (Slow Refresh)
I (64) hex_psram: BurstType    : 0x00 ( Wrap)
I (69) hex_psram: BurstLen     : 0x03 (2048 Byte)
I (73) hex_psram: BitMode      : 0x01 (X16 Mode)
I (77) hex_psram: Readlatency  : 0x04 (14 cycles@Fixed)
I (82) hex_psram: DriveStrength: 0x00 (1/1)
I (86) MSPI Timing: Enter psram timing tuning
I esp_psram: Found 32MB PSRAM device
I esp_psram: Speed: 200MHz
I (283) mmu_psram: .rodata xip on psram
I (317) mmu_psram: .text xip on psram
I (319) hex_psram: psram CS IO is dedicated
I (319) cpu_start: Multicore app
I (328) cpu_start: GPIO 38 and 37 are used as console UART I/O pins
I (328) cpu_start: Pro cpu start user code
I (329) cpu_start: cpu freq: 360000000 Hz
I (330) app_init: Application information:
I (334) app_init: Project name:     xiaozhi
I (338) app_init: App version:      2.4.0
I (342) app_init: Compile time:     Aug 10 2026 22:03:41
I (347) app_init: ELF file SHA256:  e87c6fa39...
I (351) app_init: ESP-IDF:          v6.0.2
I (355) efuse_init: Min chip rev:     v1.0
I (359) efuse_init: Max chip rev:     v1.99 
I (363) efuse_init: Chip rev:         v1.3
I (367) heap_init: Initializing. RAM available for dynamic allocation:
I (373) heap_init: At 4FF1A740 len 00020880 (130 KiB): RETENT_RAM
I (379) heap_init: At 4FF3AFC0 len 00004BF0 (18 KiB): RAM
I (384) heap_init: At 4FF40000 len 00060000 (384 KiB): RAM
I (389) heap_init: At 50108080 len 00007F80 (31 KiB): RTCRAM
I (394) heap_init: At 30100088 len 00001F78 (7 KiB): SPM
I (400) esp_psram: Adding pool of 31808K of PSRAM memory to heap allocator
I (406) esp_psram: Adding pool of 62K of PSRAM memory gap generated due to end address alignment of irom to the heap allocator
I (417) esp_psram: Adding pool of 60K of PSRAM memory gap generated due to end address alignment of drom to the heap allocator
I (429) spi_flash: detected chip: gd
I (432) spi_flash: flash io: qio
I (435) host_init: ESP Hosted : Host chip_ip[18]
I (439) H_API: ESP-Hosted starting. Hosted_Tasks: prio:23, stack: 5120 RPC_task_stack: 5120
I (447) H_API: ** add_esp_wifi_remote_channels **
I (453) sleep_gpio: Configure to isolate all GPIO pins in sleep state
I (458) sleep_gpio: Enable automatic switching of GPIO sleep configuration
I (466) H_SDIO_DRV: sdio_data_to_rx_buf_task started
I (469) main_task: Started on CPU0
I (472) esp_psram: Reserving pool of 64K of internal memory for DMA/internal allocations
I (481) main_task: Calling app_main()

PV-UVC-SPIKE inicio (F2B) degraus=5
PV-UVC-MEM etapa=boot psram_livre=32669812 psram_maior_bloco=32505856 interna_livre=421195
I (2358) main_task: Returned from app_main()
PV-UVC-INIT result=OK usb_host=on uvc_dev_num=1
PV-UVC-ENUM aguardando enumeracao USB em /dev/video40 (ate 10000 ms)
I (2388) usb_uvc_device: Waiting for UVC device to be enumerated...
E (2832) ENUM: LANGID 0x409 not found
*** Configuration descriptor ***
bLength 9
bDescriptorType 2
wTotalLength 1463
bNumInterfaces 5
bConfigurationValue 1
iConfiguration 0
bmAttributes 0x80
bMaxPower 500mA
*** Interface Association Descriptor ***
bLength 8
bDescriptorType 11
bFirstInterface 0
bInterfaceCount 2
bFunctionClass 0xe
bFunctionSubClass 0x3
bFunctionProtocol 0x0
iFunction 4
	*** Interface descriptor ***
	bLength 9
	bDescriptorType 4
	bInterfaceNumber 0
	bAlternateSetting 0
	bNumEndpoints 1
	bInterfaceClass 0xe
	bInterfaceSubClass 0x1
	bInterfaceProtocol 0x0
	iInterface 0
	*** Class-specific VC Interface Descriptor ***
	bLength 13
	bDescriptorType 0x24
	bDescriptorSubType 0x01
	bcdUVC 0100
	wTotalLength 80
	dwClockFrequency 24000000
	bInCollection 1
	baInterfaceNr[0] 1
	*** Input Terminal Descriptor (Camera) ***
	bLength 18
	bDescriptorType 0x24
	bDescriptorSubType 0x02
	bTerminalID 0x1
	wTerminalType 0x201
	bAssocTerminal 0
	iTerminal 0
	wObjectiveFocalLengthMin 0
	wObjectiveFocalLengthMax 0
	wOcularFocalLength 0
	bControlSize 3
	bmControls 0x7A 0x2A 0x2
	*** Extension Unit Descriptor unsupported, skipping... ***
	*** Processing Unit Descriptor ***
	bLength 11
	bDescriptorType 0x24
	bDescriptorSubType 0x05
	bUnitID 3
	bSourceID 2
	wMaxMultiplier 16384
	bControlSize 2
	bmControls 0x7F 0x17 0x0
	iProcessing 9
	bmVideoStandards 0x24
	*** Output Terminal Descriptor ***
	bLength 9
	bDescriptorType 0x24
	bDescriptorSubType 0x03
	bTerminalID 4
	wTerminalType 0x101
	bAssocTerminal 0
	bSourceID 3
	iTerminal 0
		*** Endpoint descriptor ***
		bLength 7
		bDescriptorType 5
		bEndpointAddress 0x81	EP 1 IN
		bmAttributes 0x3	INT
		wMaxPacketSize 16
		bInterval 8
		*** Class-specific Interrupt Endpoint Descriptor ***
		bLength 5
		bDescriptorType 0x25
		bDescriptorSubType 3
		wMaxTransferSize 16
	*** Interface descriptor ***
	bLength 9
	bDescriptorType 4
	bInterfaceNumber 1
	bAlternateSetting 0
	bNumEndpoints 0
	bInterfaceClass 0xe
	bInterfaceSubClass 0x2
	bInterfaceProtocol 0x0
	iInterface 0
	*** Class-specific VC Interface Descriptor ***
	bLength 15
	bDescriptorType 0x24
	bDescriptorSubType 0x01
	bcdUVC fc02
	wTotalLength 33283
	dwClockFrequency 16909312
	bInCollection 1
	baInterfaceNr[0] 1
	*** Extension Unit Descriptor unsupported, skipping... ***
	*** VS Frame Descriptor ***
	bLength 38
	bDescriptorType 0x24
	bDescriptorSubType 0x07
	bFrameIndex 1
	bmCapabilities 0x0
	wWidth 1920
	wHeight 1080
	dwMinBitRate 20736000
	dwMaxBitRate 62208000
	dwMaxVideoFrameBufSize 2073600
	dwDefaultFrameInterval 333333
	bFrameIntervalType 3
	FrameInterval[0] 333333
	FrameInterval[1] 666666
	FrameInterval[2] 1000000
	*** VS Frame Descriptor ***
	bLength 38
	bDescriptorType 0x24
	bDescriptorSubType 0x07
	bFrameIndex 2
	bmCapabilities 0x0
	wWidth 640
	wHeight 320
	dwMinBitRate 2048000
	dwMaxBitRate 6144000
	dwMaxVideoFrameBufSize 204800
	dwDefaultFrameInterval 333333
	bFrameIntervalType 3
	FrameInterval[0] 333333
	FrameInterval[1] 666666
	FrameInterval[2] 1000000
	*** VS Frame Descriptor ***
	bLength 38
	bDescriptorType 0x24
	bDescriptorSubType 0x07
	bFrameIndex 3
	bmCapabilities 0x0
	wWidth 640
	wHeight 480
	dwMinBitRate 3072000
	dwMaxBitRate 9216000
	dwMaxVideoFrameBufSize 307200
	dwDefaultFrameInterval 333333
	bFrameIntervalType 3
	FrameInterval[0] 333333
	FrameInterval[1] 666666
	FrameInterval[2] 1000000
	*** VS Frame Descriptor ***
	bLength 38
	bDescriptorType 0x24
	bDescriptorSubType 0x07
	bFrameIndex 4
	bmCapabilities 0x0
	wWidth 800
	wHeight 600
	dwMinBitRate 4800000
	dwMaxBitRate 14400000
	dwMaxVideoFrameBufSize 480000
	dwDefaultFrameInterval 333333
	bFrameIntervalType 3
	FrameInterval[0] 333333
	FrameInterval[1] 666666
	FrameInterval[2] 1000000
	*** VS Frame Descriptor ***
	bLength 38
	bDescriptorType 0x24
	bDescriptorSubType 0x07
	bFrameIndex 5
	bmCapabilities 0x0
	wWidth 1024
	wHeight 768
	dwMinBitRate 7864320
	dwMaxBitRate 23592960
	dwMaxVideoFrameBufSize 786432
	dwDefaultFrameInterval 333333
	bFrameIntervalType 3
	FrameInterval[0] 333333
	FrameInterval[1] 666666
	FrameInterval[2] 1000000
	*** VS Frame Descriptor ***
	bLength 38
	bDescriptorType 0x24
	bDescriptorSubType 0x07
	bFrameIndex 6
	bmCapabilities 0x0
	wWidth 1280
	wHeight 720
	dwMinBitRate 9216000
	dwMaxBitRate 27648000
	dwMaxVideoFrameBufSize 921600
	dwDefaultFrameInterval 333333
	bFrameIntervalType 3
	FrameInterval[0] 333333
	FrameInterval[1] 666666
	FrameInterval[2] 1000000
	*** VS Frame Descriptor ***
	bLength 38
	bDescriptorType 0x24
	bDescriptorSubType 0x07
	bFrameIndex 7
	bmCapabilities 0x0
	wWidth 1280
	wHeight 960
	dwMinBitRate 12288000
	dwMaxBitRate 36864000
	dwMaxVideoFrameBufSize 1228800
	dwDefaultFrameInterval 333333
	bFrameIntervalType 3
	FrameInterval[0] 333333
	FrameInterval[1] 666666
	FrameInterval[2] 1000000
	*** VS Frame Descriptor ***
	bLength 38
	bDescriptorType 0x24
	bDescriptorSubType 0x07
	bFrameIndex 8
	bmCapabilities 0x0
	wWidth 1600
	wHeight 1200
	dwMinBitRate 19200000
	dwMaxBitRate 57600000
	dwMaxVideoFrameBufSize 1920000
	dwDefaultFrameInterval 333333
	bFrameIntervalType 3
	FrameInterval[0] 333333
	FrameInterval[1] 666666
	FrameInterval[2] 1000000
	*** VS Frame Descriptor ***
	bLength 38
	bDescriptorType 0x24
	bDescriptorSubType 0x07
	bFrameIndex 9
	bmCapabilities 0x0
	wWidth 2048
	wHeight 1536
	dwMinBitRate 31457280
	dwMaxBitRate 94371840
	dwMaxVideoFrameBufSize 3145728
	dwDefaultFrameInterval 333333
	bFrameIntervalType 3
	FrameInterval[0] 333333
	FrameInterval[1] 666666
	FrameInterval[2] 1000000
	*** VS Frame Descriptor ***
	bLength 38
	bDescriptorType 0x24
	bDescriptorSubType 0x07
	bFrameIndex 10
	bmCapabilities 0x0
	wWidth 2592
	wHeight 1944
	dwMinBitRate 50388480
	dwMaxBitRate 151165440
	dwMaxVideoFrameBufSize 5038848
	dwDefaultFrameInterval 333333
	bFrameIntervalType 3
	FrameInterval[0] 333333
	FrameInterval[1] 666666
	FrameInterval[2] 1000000
	*** VS Frame Descriptor ***
	bLength 38
	bDescriptorType 0x24
	bDescriptorSubType 0x07
	bFrameIndex 11
	bmCapabilities 0x0
	wWidth 3264
	wHeight 2448
	dwMinBitRate 79902720
	dwMaxBitRate 239708160
	dwMaxVideoFrameBufSize 7990272
	dwDefaultFrameInterval 333333
	bFrameIntervalType 3
	FrameInterval[0] 333333
	FrameInterval[1] 666666
	FrameInterval[2] 1000000
	*** VS Frame Descriptor ***
	bLength 38
	bDescriptorType 0x24
	bDescriptorSubType 0x07
	bFrameIndex 12
	bmCapabilities 0x0
	wWidth 3840
	wHeight 2160
	dwMinBitRate 82944000
	dwMaxBitRate 248832000
	dwMaxVideoFrameBufSize 8294400
	dwDefaultFrameInterval 333333
	bFrameIntervalType 3
	FrameInterval[0] 333333
	FrameInterval[1] 666666
	FrameInterval[2] 1000000
	*** VS Frame Descriptor ***
	bLength 34
	bDescriptorType 0x24
	bDescriptorSubType 0x07
	bFrameIndex 13
	bmCapabilities 0x0
	wWidth 4000
	wHeight 3000
	dwMinBitRate 120000000
	dwMaxBitRate 180000000
	dwMaxVideoFrameBufSize 12000000
	dwDefaultFrameInterval 666666
	bFrameIntervalType 2
	FrameInterval[0] 666666
	FrameInterval[1] 1000000
	*** VS Frame Descriptor ***
	bLength 34
	bDescriptorType 0x24
	bDescriptorSubType 0x07
	bFrameIndex 14
	bmCapabilities 0x0
	wWidth 320
	wHeight 240
	dwMinBitRate 1152000
	dwMaxBitRate 2304000
	dwMaxVideoFrameBufSize 76800
	dwDefaultFrameInterval 333333
	bFrameIntervalType 2
	FrameInterval[0] 333333
	FrameInterval[1] 666666
	*** Output Terminal Descriptor ***
	bLength 63
	bDescriptorType 0x24
	bDescriptorSubType 0x03
	bTerminalID 0
	wTerminalType 0x800E
	bAssocTerminal 7
	bSourceID 56
	iTerminal 4
	*** VS Color Format Descriptor ***
	bLength 6
	bDescriptorType 0x24
	bDescriptorSubType 0x0D
	bColorPrimaries 0x1
	bTransferCharacteristics 1
	bMatrixCoefficients 0x4
	*** Selector Unit Descriptor ***
	bLength 27
	bDescriptorType 0x24
	bDescriptorSubType 0x04
	bUnitID 2
	bNrInPins 12
	baSourceID1 89
	baSourceID2 85
	iSelector 89
	*** Processing Unit Descriptor ***
	bLength 34
	bDescriptorType 0x24
	bDescriptorSubType 0x05
	bUnitID 1
	bSourceID 0
	wMaxMultiplier 320
	bControlSize 240
	bmControls 0x0 0x0 0x70
	iProcessing 23
	bmVideoStandards 0x0
	*** Processing Unit Descriptor ***
	bLength 34
	bDescriptorType 0x24
	bDescriptorSubType 0x05
	bUnitID 2
	bSourceID 0
	wMaxMultiplier 640
	bControlSize 104
	bmControls 0x1 0x0 0x50
	iProcessing 70
	bmVideoStandards 0x0
	*** Processing Unit Descriptor ***
	bLength 30
	bDescriptorType 0x24
	bDescriptorSubType 0x05
	bUnitID 3
	bSourceID 0
	wMaxMultiplier 640
	bControlSize 224
	bmControls 0x1 0x0 0xC0
	iProcessing 93
	bmVideoStandards 0x0
	*** Processing Unit Descriptor ***
	bLength 30
	bDescriptorType 0x24
	bDescriptorSubType 0x05
	bUnitID 4
	bSourceID 0
	wMaxMultiplier 800
	bControlSize 88
	bmControls 0x2 0x0 0x7C
	iProcessing 146
	bmVideoStandards 0x0
	*** Processing Unit Descriptor ***
	bLength 30
	bDescriptorType 0x24
	bDescriptorSubType 0x05
	bUnitID 5
	bSourceID 0
	wMaxMultiplier 1024
	bControlSize 208
	bmControls 0x2 0x0 0x0
	iProcessing 225
	bmVideoStandards 0x0
	*** Processing Unit Descriptor ***
	bLength 30
	bDescriptorType 0x24
	bDescriptorSubType 0x05
	bUnitID 6
	bSourceID 0
	wMaxMultiplier 1280
	bControlSize 172
	bmControls 0x3 0x0 0x30
	iProcessing 111
	bmVideoStandards 0x1
	*** Processing Unit Descriptor ***
	bLength 30
	bDescriptorType 0x24
	bDescriptorSubType 0x05
	bUnitID 7
	bSourceID 0
	wMaxMultiplier 1280
	bControlSize 0
	bmControls 0x4 0x0 0x0
	iProcessing 144
	bmVideoStandards 0x1
	*** Processing Unit Descriptor ***
	bLength 30
	bDescriptorType 0x24
	bDescriptorSubType 0x05
	bUnitID 8
	bSourceID 0
	wMaxMultiplier 1600
	bControlSize 176
	bmControls 0x4 0x0 0xF8
	iProcessing 36
	bmVideoStandards 0x1
	*** Processing Unit Descriptor ***
	bLength 30
	bDescriptorType 0x24
	bDescriptorSubType 0x05
	bUnitID 9
	bSourceID 0
	wMaxMultiplier 1920
	bControlSize 56
	bmControls 0x4 0x0 0x68
	iProcessing 60
	bmVideoStandards 0x1
	*** Processing Unit Descriptor ***
	bLength 30
	bDescriptorType 0x24
	bDescriptorSubType 0x05
	bUnitID 10
	bSourceID 0
	wMaxMultiplier 2048
	bControlSize 0
	bmControls 0x6 0x0 0x0
	iProcessing 224
	bmVideoStandards 0x1
	*** Processing Unit Descriptor ***
	bLength 30
	bDescriptorType 0x24
	bDescriptorSubType 0x05
	bUnitID 11
	bSourceID 0
	wMaxMultiplier 2560
	bControlSize 160
	bmControls 0x5 0x0 0x80
	iProcessing 50
	bmVideoStandards 0x2
	*** Processing Unit Descriptor ***
	bLength 30
	bDescriptorType 0x24
	bDescriptorSubType 0x05
	bUnitID 12
	bSourceID 0
	wMaxMultiplier 2592
	bControlSize 152
	bmControls 0x7 0x0 0xDE
	iProcessing 0
	bmVideoStandards 0x3
	*** VS Color Format Descriptor ***
	bLength 6
	bDescriptorType 0x24
	bDescriptorSubType 0x0D
	bColorPrimaries 0x1
	bTransferCharacteristics 1
	bMatrixCoefficients 0x4
	*** Interface descriptor ***
	bLength 9
	bDescriptorType 4
	bInterfaceNumber 1
	bAlternateSetting 1
	bNumEndpoints 1
	bInterfaceClass 0xe
	bInterfaceSubClass 0x2
	bInterfaceProtocol 0x0
	iInterface 0
		*** Endpoint descriptor ***
		bLength 7
		bDescriptorType 5
		bEndpointAddress 0x82	EP 2 IN
		bmAttributes 0x5	ISOC
		wMaxPacketSize 192
		bInterval 1
	*** Interface descriptor ***
	bLength 9
	bDescriptorType 4
	bInterfaceNumber 1
	bAlternateSetting 2
	bNumEndpoints 1
	bInterfaceClass 0xe
	bInterfaceSubClass 0x2
	bInterfaceProtocol 0x0
	iInterface 0
		*** Endpoint descriptor ***
		bLength 7
		bDescriptorType 5
		bEndpointAddress 0x82	EP 2 IN
		bmAttributes 0x5	ISOC
		wMaxPacketSize 384
		bInterval 1
	*** Interface descriptor ***
	bLength 9
	bDescriptorType 4
	bInterfaceNumber 1
	bAlternateSetting 3
	bNumEndpoints 1
	bInterfaceClass 0xe
	bInterfaceSubClass 0x2
	bInterfaceProtocol 0x0
	iInterface 0
		*** Endpoint descriptor ***
		bLength 7
		bDescriptorType 5
		bEndpointAddress 0x82	EP 2 IN
		bmAttributes 0x5	ISOC
		wMaxPacketSize 512
		bInterval 1
	*** Interface descriptor ***
	bLength 9
	bDescriptorType 4
	bInterfaceNumber 1
	bAlternateSetting 4
	bNumEndpoints 1
	bInterfaceClass 0xe
	bInterfaceSubClass 0x2
	bInterfaceProtocol 0x0
	iInterface 0
		*** Endpoint descriptor ***
		bLength 7
		bDescriptorType 5
		bEndpointAddress 0x82	EP 2 IN
		bmAttributes 0x5	ISOC
		wMaxPacketSize 640
		bInterval 1
	*** Interface descriptor ***
	bLength 9
	bDescriptorType 4
	bInterfaceNumber 1
	bAlternateSetting 5
	bNumEndpoints 1
	bInterfaceClass 0xe
	bInterfaceSubClass 0x2
	bInterfaceProtocol 0x0
	iInterface 0
		*** Endpoint descriptor ***
		bLength 7
		bDescriptorType 5
		bEndpointAddress 0x82	EP 2 IN
		bmAttributes 0x5	ISOC
		wMaxPacketSize 800
		bInterval 1
	*** Interface descriptor ***
	bLength 9
	bDescriptorType 4
	bInterfaceNumber 1
	bAlternateSetting 6
	bNumEndpoints 1
	bInterfaceClass 0xe
	bInterfaceSubClass 0x2
	bInterfaceProtocol 0x0
	iInterface 0
		*** Endpoint descriptor ***
		bLength 7
		bDescriptorType 5
		bEndpointAddress 0x82	EP 2 IN
		bmAttributes 0x5	ISOC
		wMaxPacketSize 944
		bInterval 1
	*** Interface descriptor ***
	bLength 9
	bDescriptorType 4
	bInterfaceNumber 1
	bAlternateSetting 7
	bNumEndpoints 1
	bInterfaceClass 0xe
	bInterfaceSubClass 0x2
	bInterfaceProtocol 0x0
	iInterface 0
		*** Endpoint descriptor ***
		bLength 7
		bDescriptorType 5
		bEndpointAddress 0x82	EP 2 IN
		bmAttributes 0x5	ISOC
		wMaxPacketSize 640
		wMaxPacketSize (with additional transactions in microframe) 1280
		bInterval 1
	*** Interface descriptor ***
	bLength 9
	bDescriptorType 4
	bInterfaceNumber 1
	bAlternateSetting 8
	bNumEndpoints 1
	bInterfaceClass 0xe
	bInterfaceSubClass 0x2
	bInterfaceProtocol 0x0
	iInterface 0
		*** Endpoint descriptor ***
		bLength 7
		bDescriptorType 5
		bEndpointAddress 0x82	EP 2 IN
		bmAttributes 0x5	ISOC
		wMaxPacketSize 800
		wMaxPacketSize (with additional transactions in microframe) 1600
		bInterval 1
	*** Interface descriptor ***
	bLength 9
	bDescriptorType 4
	bInterfaceNumber 1
	bAlternateSetting 9
	bNumEndpoints 1
	bInterfaceClass 0xe
	bInterfaceSubClass 0x2
	bInterfaceProtocol 0x0
	iInterface 0
		*** Endpoint descriptor ***
		bLength 7
		bDescriptorType 5
		bEndpointAddress 0x82	EP 2 IN
		bmAttributes 0x5	ISOC
		wMaxPacketSize 992
		wMaxPacketSize (with additional transactions in microframe) 1984
		bInterval 1
	*** Interface descriptor ***
	bLength 9
	bDescriptorType 4
	bInterfaceNumber 1
	bAlternateSetting 10
	bNumEndpoints 1
	bInterfaceClass 0xe
	bInterfaceSubClass 0x2
	bInterfaceProtocol 0x0
	iInterface 0
		*** Endpoint descriptor ***
		bLength 7
		bDescriptorType 5
		bEndpointAddress 0x82	EP 2 IN
		bmAttributes 0x5	ISOC
		wMaxPacketSize 896
		wMaxPacketSize (with additional transactions in microframe) 2688
		bInterval 1
	*** Interface descriptor ***
	bLength 9
	bDescriptorType 4
	bInterfaceNumber 1
	bAlternateSetting 11
	bNumEndpoints 1
	bInterfaceClass 0xe
	bInterfaceSubClass 0x2
	bInterfaceProtocol 0x0
	iInterface 0
		*** Endpoint descriptor ***
		bLength 7
		bDescriptorType 5
		bEndpointAddress 0x82	EP 2 IN
		bmAttributes 0x5	ISOC
		wMaxPacketSize 1024
		wMaxPacketSize (with additional transactions in microframe) 3072
		bInterval 1
*** Interface Association Descriptor ***
bLength 8
bDescriptorType 11
bFirstInterface 2
bInterfaceCount 2
bFunctionClass 0x1
bFunctionSubClass 0x0
bFunctionProtocol 0x0
iFunction 5
	*** Interface descriptor ***
	bLength 9
	bDescriptorType 4
	bInterfaceNumber 2
	bAlternateSetting 0
	bNumEndpoints 0
	bInterfaceClass 0x1
	bInterfaceSubClass 0x1
	bInterfaceProtocol 0x0
	iInterface 0
	*** Class-specific VC Interface Descriptor ***
	bLength 9
	bDescriptorType 0x24
	bDescriptorSubType 0x01
	bcdUVC 0100
	wTotalLength 39
	dwClockFrequency 604766977
	bInCollection 2
	baInterfaceNr[0] 1
	baInterfaceNr[1] 1
	*** Input Terminal Descriptor (Camera) ***
	bLength 12
	bDescriptorType 0x24
	bDescriptorSubType 0x02
	bTerminalID 0x1
	wTerminalType 0x201
	bAssocTerminal 0
	iTerminal 1
	wObjectiveFocalLengthMin 3
	wObjectiveFocalLengthMax 0
	wOcularFocalLength 9225
	bControlSize 6
	bmControls 0x2 0x1 0x2
	*** Extension Unit Descriptor unsupported, skipping... ***
	*** Output Terminal Descriptor ***
	bLength 9
	bDescriptorType 0x24
	bDescriptorSubType 0x03
	bTerminalID 3
	wTerminalType 0x101
	bAssocTerminal 0
	bSourceID 2
	iTerminal 0
	*** Interface descriptor ***
	bLength 9
	bDescriptorType 4
	bInterfaceNumber 3
	bAlternateSetting 0
	bNumEndpoints 0
	bInterfaceClass 0x1
	bInterfaceSubClass 0x2
	bInterfaceProtocol 0x0
	iInterface 0
	*** Interface descriptor ***
	bLength 9
	bDescriptorType 4
	bInterfaceNumber 3
	bAlternateSetting 1
	bNumEndpoints 1
	bInterfaceClass 0x1
	bInterfaceSubClass 0x2
	bInterfaceProtocol 0x0
	iInterface 0
	*** Class-specific VC Interface Descriptor ***
	bLength 7
	bDescriptorType 0x24
	bDescriptorSubType 0x01
	bcdUVC 0003
	wTotalLength 1
	dwClockFrequency 16917515
	bInCollection 2
	baInterfaceNr[0] 2
	baInterfaceNr[1] 16
	*** Input Terminal Descriptor (Media) ***
	bLength 11
	bDescriptorType 0x24
	bDescriptorSubType 0x02
	bTerminalID 0x1
	wTerminalType 0x202
	bAssocTerminal 16
	iTerminal 1
	bControlSize 128
	bmControls 0xBB
	bTransportModeSize 0
	bmTransportModes 0x9 0x5 0x83 0x1 0xC0
		*** Endpoint descriptor ***
		bLength 9
		bDescriptorType 5
		bEndpointAddress 0x83	EP 3 IN
		bmAttributes 0x1	ISOC
		wMaxPacketSize 192
		bInterval 4
		*** Class-specific Interrupt Endpoint Descriptor ***
		bLength 7
		bDescriptorType 0x25
		bDescriptorSubType 1
		wMaxTransferSize 1
	*** Interface descriptor ***
	bLength 9
	bDescriptorType 4
	bInterfaceNumber 4
	bAlternateSetting 0
	bNumEndpoints 2
	bInterfaceClass 0x3
	bInterfaceSubClass 0x0
	bInterfaceProtocol 0x0
	iInterface 0
 *** Unknown Descriptor Length: 9 Type: 33 ***
		*** Endpoint descriptor ***
		bLength 7
		bDescriptorType 5
		bEndpointAddress 0x84	EP 4 IN
		bmAttributes 0x3	INT
		wMaxPacketSize 64
		bInterval 4
		*** Endpoint descriptor ***
		bLength 7
		bDescriptorType 5
		bEndpointAddress 0x1	EP 1 OUT
		bmAttributes 0x3	INT
		wMaxPacketSize 64
		bInterval 4
PV-UVC-ENUM device aberto em 2034 ms
PV-UVC-ENUM cap driver=USB-UVC0 card=USB-UVC0 bus=esp32p4:USB-UVC0 caps=0x84201001 device_caps=0x04201001
PV-UVC-ENUM fmt index=0 fourcc=JPEG flags=0x0 desc="JPEG"
PV-UVC-ENUM size fourcc=JPEG index=0 1920x1080
PV-UVC-ENUM interval fourcc=JPEG 1920x1080 index=0 tipo=discrete num=333333 den=10000000 fps_x1000=30000
PV-UVC-ENUM interval fourcc=JPEG 1920x1080 index=1 tipo=discrete num=666666 den=10000000 fps_x1000=15000
PV-UVC-ENUM interval fourcc=JPEG 1920x1080 index=2 tipo=discrete num=1000000 den=10000000 fps_x1000=10000
PV-UVC-ENUM size fourcc=JPEG index=1 640x320
PV-UVC-ENUM interval fourcc=JPEG 640x320 index=0 tipo=discrete num=333333 den=10000000 fps_x1000=30000
PV-UVC-ENUM interval fourcc=JPEG 640x320 index=1 tipo=discrete num=666666 den=10000000 fps_x1000=15000
PV-UVC-ENUM interval fourcc=JPEG 640x320 index=2 tipo=discrete num=1000000 den=10000000 fps_x1000=10000
PV-UVC-ENUM size fourcc=JPEG index=2 640x480
PV-UVC-ENUM interval fourcc=JPEG 640x480 index=0 tipo=discrete num=333333 den=10000000 fps_x1000=30000
PV-UVC-ENUM interval fourcc=JPEG 640x480 index=1 tipo=discrete num=666666 den=10000000 fps_x1000=15000
PV-UVC-ENUM interval fourcc=JPEG 640x480 index=2 tipo=discrete num=1000000 den=10000000 fps_x1000=10000
PV-UVC-ENUM size fourcc=JPEG index=3 800x600
PV-UVC-ENUM interval fourcc=JPEG 800x600 index=0 tipo=discrete num=333333 den=10000000 fps_x1000=30000
PV-UVC-ENUM interval fourcc=JPEG 800x600 index=1 tipo=discrete num=666666 den=10000000 fps_x1000=15000
PV-UVC-ENUM interval fourcc=JPEG 800x600 index=2 tipo=discrete num=1000000 den=10000000 fps_x1000=10000
PV-UVC-ENUM size fourcc=JPEG index=4 1024x768
PV-UVC-ENUM interval fourcc=JPEG 1024x768 index=0 tipo=discrete num=333333 den=10000000 fps_x1000=30000
PV-UVC-ENUM interval fourcc=JPEG 1024x768 index=1 tipo=discrete num=666666 den=10000000 fps_x1000=15000
PV-UVC-ENUM interval fourcc=JPEG 1024x768 index=2 tipo=discrete num=1000000 den=10000000 fps_x1000=10000
PV-UVC-ENUM size fourcc=JPEG index=5 1280x720
PV-UVC-ENUM interval fourcc=JPEG 1280x720 index=0 tipo=discrete num=333333 den=10000000 fps_x1000=30000
PV-UVC-ENUM interval fourcc=JPEG 1280x720 index=1 tipo=discrete num=666666 den=10000000 fps_x1000=15000
PV-UVC-ENUM interval fourcc=JPEG 1280x720 index=2 tipo=discrete num=1000000 den=10000000 fps_x1000=10000
PV-UVC-ENUM size fourcc=JPEG index=6 1280x960
PV-UVC-ENUM interval fourcc=JPEG 1280x960 index=0 tipo=discrete num=333333 den=10000000 fps_x1000=30000
PV-UVC-ENUM interval fourcc=JPEG 1280x960 index=1 tipo=discrete num=666666 den=10000000 fps_x1000=15000
PV-UVC-ENUM interval fourcc=JPEG 1280x960 index=2 tipo=discrete num=1000000 den=10000000 fps_x1000=10000
PV-UVC-ENUM size fourcc=JPEG index=7 1600x1200
PV-UVC-ENUM interval fourcc=JPEG 1600x1200 index=0 tipo=discrete num=333333 den=10000000 fps_x1000=30000
PV-UVC-ENUM interval fourcc=JPEG 1600x1200 index=1 tipo=discrete num=666666 den=10000000 fps_x1000=15000
PV-UVC-ENUM interval fourcc=JPEG 1600x1200 index=2 tipo=discrete num=1000000 den=10000000 fps_x1000=10000
PV-UVC-ENUM size fourcc=JPEG index=8 2048x1536
PV-UVC-ENUM interval fourcc=JPEG 2048x1536 index=0 tipo=discrete num=333333 den=10000000 fps_x1000=30000
PV-UVC-ENUM interval fourcc=JPEG 2048x1536 index=1 tipo=discrete num=666666 den=10000000 fps_x1000=15000
PV-UVC-ENUM interval fourcc=JPEG 2048x1536 index=2 tipo=discrete num=1000000 den=10000000 fps_x1000=10000
PV-UVC-ENUM size fourcc=JPEG index=9 2592x1944
PV-UVC-ENUM interval fourcc=JPEG 2592x1944 index=0 tipo=discrete num=333333 den=10000000 fps_x1000=30000
PV-UVC-ENUM interval fourcc=JPEG 2592x1944 index=1 tipo=discrete num=666666 den=10000000 fps_x1000=15000
PV-UVC-ENUM interval fourcc=JPEG 2592x1944 index=2 tipo=discrete num=1000000 den=10000000 fps_x1000=10000
PV-UVC-ENUM size fourcc=JPEG index=10 3264x2448
PV-UVC-ENUM interval fourcc=JPEG 3264x2448 index=0 tipo=discrete num=333333 den=10000000 fps_x1000=30000
PV-UVC-ENUM interval fourcc=JPEG 3264x2448 index=1 tipo=discrete num=666666 den=10000000 fps_x1000=15000
PV-UVC-ENUM interval fourcc=JPEG 3264x2448 index=2 tipo=discrete num=1000000 den=10000000 fps_x1000=10000
PV-UVC-ENUM size fourcc=JPEG index=11 3840x2160
PV-UVC-ENUM interval fourcc=JPEG 3840x2160 index=0 tipo=discrete num=333333 den=10000000 fps_x1000=30000
PV-UVC-ENUM interval fourcc=JPEG 3840x2160 index=1 tipo=discrete num=666666 den=10000000 fps_x1000=15000
PV-UVC-ENUM interval fourcc=JPEG 3840x2160 index=2 tipo=discrete num=1000000 den=10000000 fps_x1000=10000
PV-UVC-ENUM size fourcc=JPEG index=12 4000x3000
PV-UVC-ENUM interval fourcc=JPEG 4000x3000 index=0 tipo=discrete num=666666 den=10000000 fps_x1000=15000
PV-UVC-ENUM interval fourcc=JPEG 4000x3000 index=1 tipo=discrete num=1000000 den=10000000 fps_x1000=10000
PV-UVC-ENUM size fourcc=JPEG index=13 320x240
PV-UVC-ENUM interval fourcc=JPEG 320x240 index=0 tipo=discrete num=333333 den=10000000 fps_x1000=30000
PV-UVC-ENUM interval fourcc=JPEG 320x240 index=1 tipo=discrete num=666666 den=10000000 fps_x1000=15000
PV-UVC-ENUM fmt index=1 fourcc=YUYV flags=0x0 desc="YUV 4:2:2 YUYV"
PV-UVC-ENUM size fourcc=YUYV index=0 320x240
PV-UVC-ENUM interval fourcc=YUYV 320x240 index=0 tipo=discrete num=500000 den=10000000 fps_x1000=20000
PV-UVC-ENUM interval fourcc=YUYV 320x240 index=1 tipo=discrete num=1000000 den=10000000 fps_x1000=10000
PV-UVC-ENUM size fourcc=YUYV index=1 640x360
PV-UVC-ENUM interval fourcc=YUYV 640x360 index=0 tipo=discrete num=500000 den=10000000 fps_x1000=20000
PV-UVC-ENUM interval fourcc=YUYV 640x360 index=1 tipo=discrete num=1000000 den=10000000 fps_x1000=10000
PV-UVC-ENUM size fourcc=YUYV index=2 640x480
PV-UVC-ENUM interval fourcc=YUYV 640x480 index=0 tipo=discrete num=1000000 den=10000000 fps_x1000=10000
PV-UVC-ENUM size fourcc=YUYV index=3 800x600
PV-UVC-ENUM interval fourcc=YUYV 800x600 index=0 tipo=discrete num=1000000 den=10000000 fps_x1000=10000
PV-UVC-ENUM size fourcc=YUYV index=4 1024x720
PV-UVC-ENUM interval fourcc=YUYV 1024x720 index=0 tipo=discrete num=1000000 den=10000000 fps_x1000=10000
PV-UVC-ENUM size fourcc=YUYV index=5 1280x940
PV-UVC-ENUM interval fourcc=YUYV 1280x940 index=0 tipo=discrete num=1000000 den=10000000 fps_x1000=10000
PV-UVC-ENUM size fourcc=YUYV index=6 1280x1024
PV-UVC-ENUM interval fourcc=YUYV 1280x1024 index=0 tipo=discrete num=1000000 den=10000000 fps_x1000=10000
PV-UVC-ENUM size fourcc=YUYV index=7 1600x1200
PV-UVC-ENUM interval fourcc=YUYV 1600x1200 index=0 tipo=discrete num=2000000 den=10000000 fps_x1000=5000
PV-UVC-ENUM size fourcc=YUYV index=8 1920x1080
PV-UVC-ENUM interval fourcc=YUYV 1920x1080 index=0 tipo=discrete num=2000000 den=10000000 fps_x1000=5000
PV-UVC-ENUM size fourcc=YUYV index=9 2048x1536
PV-UVC-ENUM interval fourcc=YUYV 2048x1536 index=0 tipo=discrete num=2000000 den=10000000 fps_x1000=5000
PV-UVC-ENUM size fourcc=YUYV index=10 2560x1440
PV-UVC-ENUM interval fourcc=YUYV 2560x1440 index=0 tipo=discrete num=2000000 den=10000000 fps_x1000=5000
PV-UVC-ENUM size fourcc=YUYV index=11 2592x1944
PV-UVC-ENUM interval fourcc=YUYV 2592x1944 index=0 tipo=discrete num=2000000 den=10000000 fps_x1000=5000
PV-UVC-ENUM result=OK tamanhos_jpeg=14
I (5051) usb_uvc_device: All UVC devices already enumerated
PV-UVC-FMT requested=800x600 applied=800x600 fourcc=JPEG sizeimage=0
I (5070) uvc: Allocating 2 USB transfers for ISOC. Each: 3072 bytes, 1 ISOC packets, 3072 MPS
W (8105) PvUvcSpike: DQBUF de descarte 0 falhou: errno=1(Not owner)
PV-UVC-WARMUP requested=800x600 descartados=0
E (13105) PvUvcSpike: VIDIOC_DQBUF falhou: errno=1(Not owner)

assert failed: usbh_dev_close usbh.c:1226 (dev_obj->dynamic.num_ctrl_xfers_inflight == 0)
Core  0 register dump:
MEPC    : 0x4ff0d048  RA      : 0x4ff0cbe0  SP      : 0x4ff3deb0  GP      : 0x4ff14300  
TP      : 0x4ff3e4e0  T0      : 0x695f7372  T1      : 0x616e7964  T2      : 0x696c666e  
S0/FP   : 0x0000006e  S1      : 0x00000001  A0      : 0x4ff3def8  A1      : 0x4ff16881  
A2      : 0x00000001  A3      : 0x4ff1a000  A4      : 0x00000001  A5      : 0x4ff1a000  
A6      : 0x00000008  A7      : 0x3e2d6a62  S2      : 0x4ff3def8  S3      : 0x4ff3df19  
S4      : 0x4ff16880  S5      : 0x4ff3def8  S6      : 0x48043896  S7      : 0x00000002  
S8      : 0x00001fa9  S9      : 0x480a4c98  S10     : 0x001e8480  S11     : 0x00000002  
T3      : 0x2e63696d  T4      : 0x5f6d756e  T5      : 0x6c727463  T6      : 0x6566785f  
MSTATUS : 0x00011880  MTVEC   : 0x4ff00003  MCAUSE  : 0x00000002  MTVAL   : 0x00000000  
MHARTID : 0x00000000  

Stack memory:
4ff3deb0: 0x00000000 0x00000000 0x480da1c4 0x4ff0a8b8 0x36323231 0x00000000 0x00000000 0x00000000
4ff3ded0: 0x00000000 0x4ff1712c 0x480da1c4 0x4ff17110 0x480ae0d1 0x4ff1713c 0x4ff3dec0 0x4ff17140
4ff3def0: 0x480ae248 0x4ff16880 0x65737361 0x66207472 0x656c6961 0x75203a64 0x5f686273 0x5f766564
4ff3df10: 0x736f6c63 0x73752065 0x632e6862 0x3232313a 0x64282036 0x6f5f7665 0x3e2d6a62 0x616e7964
4ff3df30: 0x2e63696d 0x5f6d756e 0x6c727463 0x6566785f 0x695f7372 0x696c666e 0x20746867 0x30203d3d
4ff3df50: 0x00000029 0x00000000 0x4ff51bd0 0xfffffffe 0x00000000 0x00000000 0x4ff3e518 0xfffffffe
4ff3df70: 0x00000000 0x480e7b90 0x4ff3e518 0x4807df5c 0x00000000 0x000000a8 0x480e7bc4 0x480e0ee4
4ff3df90: 0x4ff51a08 0x00000000 0x4ff3e8bc 0x4ff3fb68 0x480e6fa8 0x00000000 0x4ff3e8bc 0x4807e2c4
4ff3dfb0: 0x480e6fa8 0x00000000 0x4ff3e8bc 0x4807c782 0x4ff51a08 0x00000000 0x4ff3e418 0x4ff3fb68
4ff3dfd0: 0x480e6fa8 0x4ff1a000 0x480e7018 0x48043896 0x4ff51a08 0x00000000 0x480e7018 0x480e7018
4ff3dff0: 0x480e6fa8 0x4ff1a000 0x480e7018 0x48041a08 0x00000103 0x480e7b28 0x00000002 0x010e7d58
4ff3e010: 0x00000103 0x480e7b28 0x00000002 0x4803c3e6 0x00000103 0x4ff1a000 0x480e7b28 0x4803d944
4ff3e030: 0x00000103 0x4ff3fb68 0x4ff3fae4 0x48025bb0 0x00000000 0x40045613 0x4ff3fb68 0x48022870
4ff3e050: 0x00000001 0x40045613 0x00000001 0x4802303c 0x00000001 0x4ff14588 0x480a4364 0x00003331
4ff3e070: 0x00000000 0x480a4c98 0x4ff5073c 0x4802c984 0x00000001 0x00000000 0x4ff3e418 0x4808041e
4ff3e090: 0x00000001 0x4ff14588 0x480a4848 0x00000004 0x00000000 0x00000000 0x00000000 0x4ff3e0c8
4ff3e0b0: 0x00000004 0x4ff14588 0x00000004 0x48021362 0x00000005 0x00000000 0x4ff3e100 0x00000000
4ff3e0d0: 0x20800008 0x00000001 0x00000001 0x0000000a 0x4ff3e1a8 0x480e71a8 0x480e71a8 0x4803dd74
4ff3e0f0: 0x00000000 0x4ff1a000 0x4ff3fae4 0x00000001 0x00000001 0x4745504a 0x00000000 0x00000002
4ff3e110: 0x00000001 0x00000001 0x00000000 0x00000000 0x4ff3fb68 0x480f0a40 0x48165d80 0x00075300
4ff3e130: 0x00075300 0x00000000 0x00000000 0x00000001 0x00000000 0x00000000 0x00000000 0x00000000
4ff3e150: 0x00000000 0x00000000 0x00000000 0x00000000 0x00000000 0x00000000 0x00000000 0x00000000
4ff3e170: 0x00000000 0x00000001 0x00000000 0x00000000 0x00000000 0x00000000 0x00000001 0x00000320
4ff3e190: 0x00000258 0x4745504a 0x00000000 0x00000000 0x00000000 0x00000000 0x00000000 0x00000000
4ff3e1b0: 0x00000000 0x00000000 0x00000000 0x00000000 0x00000000 0x00000000 0x00000000 0x00000000
4ff3e1d0: 0x00000000 0x00000000 0x00000000 0x00000000 0x00000000 0x00000000 0x00000000 0x00000000
4ff3e1f0: 0x00000000 0x00000000 0x00000000 0x00000000 0x00000000 0x00000000 0x00000000 0x00000000
4ff3e210: 0x00000000 0x00000000 0x00000000 0x00000000 0x00000000 0x00000000 0x00000000 0x00000000
4ff3e230: 0x00000000 0x00000000 0x00000000 0x00000000 0x00000000 0x00000000 0x00000000 0x00000000
4ff3e250: 0x00000000 0x00000001 0x00000320 0x00000258 0x4745504a 0x00000000 0x00000000 0x00000000
4ff3e270: 0x00000000 0x00000000 0x00000000 0x00000000 0x00000000 0x00000000 0x00000000 0x00000000
4ff3e290: 0x00000000 0x00000000 0x00000000 0x00000000 0x00000000 0x00000000 0x00000000 0x00000000



ELF file SHA256: e87c6fa39

Rebooting...
ESP-ROM:esp32p4-eco2-20240710
Build:Jul 10 2024
rst:0xc (SW_CPU_RESET),boot:0xf (SPI_FAST_FLASH_BOOT)
Core0 Saved PC:0x4ff00c9e
Core1 Saved PC:0x4ff0698c
SPI mode:DIO, clock div:1
load:0x4ff33ce0,len:0x5d0
load:0x4ff28ed0,len:0xdf8
load:0x4ff2bbd0,len:0x34b8
entry 0x4ff28ed0
I (46) hex_psram: vendor id    : 0x0d (AP)
I (46) hex_psram: Latency      : 0x01 (Fixed)
I (46) hex_psram: DriveStr.    : 0x00 (25 Ohm)
I (47) hex_psram: dev id       : 0x03 (generation 4)
I (51) hex_psram: density      : 0x07 (256 Mbit)
I (56) hex_psram: good-die     : 0x06 (Pass)
I (60) hex_psram: SRF          : 0x02 (Slow Refresh)
I (64) hex_psram: BurstType    : 0x00 ( Wrap)
I (69) hex_psram: BurstLen     : 0x03 (2048 Byte)
I (73) hex_psram: BitMode      : 0x01 (X16 Mode)
I (77) hex_psram: Readlatency  : 0x04 (14 cycles@Fixed)
I (82) hex_psram: DriveStrength: 0x00 (1/1)
I (86) MSPI Timing: Enter psram timing tuning
I esp_psram: Found 32MB PSRAM device
I esp_psram: Speed: 200MHz
I (283) mmu_psram: .rodata xip on psram
I (316) mmu_psram: .text xip on psram
I (318) hex_psram: psram CS IO is dedicated
I (319) cpu_start: Multicore app
I (328) cpu_start: GPIO 38 and 37 are used as console UART I/O pins
I (328) cpu_start: Pro cpu start user code
I (328) cpu_start: cpu freq: 360000000 Hz
I (330) app_init: Application information:
I (334) app_init: Project name:     xiaozhi
I (338) app_init: App version:      2.4.0
I (342) app_init: Compile time:     Aug 10 2026 22:03:41
I (347) app_init: ELF file SHA256:  e87c6fa39...
I (351) app_init: ESP-IDF:          v6.0.2
I (355) efuse_init: Min chip rev:     v1.0
I (359) efuse_init: Max chip rev:     v1.99 
I (363) efuse_init: Chip rev:         v1.3
I (366) heap_init: Initializing. RAM available for dynamic allocation:
I (373) heap_init: At 4FF1A740 len 00020880 (130 KiB): RETENT_RAM
I (379) heap_init: At 4FF3AFC0 len 00004BF0 (18 KiB): RAM
I (384) heap_init: At 4FF40000 len 00060000 (384 KiB): RAM
I (389) heap_init: At 50108080 len 00007F80 (31 KiB): RTCRAM
I (394) heap_init: At 30100088 len 00001F78 (7 KiB): SPM
I (399) esp_psram: Adding pool of 31808K of PSRAM memory to heap allocator
I (406) esp_psram: Adding pool of 62K of PSRAM memory gap generated due to end address alignment of irom to the heap allocator
I (417) esp_psram: Adding pool of 60K of PSRAM memory gap generated due to end address alignment of drom to the heap allocator
I (428) spi_flash: detected chip: gd
I (431) spi_flash: flash io: qio
I (434) host_init: ESP Hosted : Host chip_ip[18]
I (439) H_API: ESP-Hosted starting. Hosted_Tasks: prio:23, stack: 5120 RPC_task_stack: 5120
I (447) H_API: ** add_esp_wifi_remote_channels **
I (452) sleep_gpio: Configure to isolate all GPIO pins in sleep state
I (458) sleep_gpio: Enable automatic switching of GPIO sleep configuration
I (466) H_SDIO_DRV: sdio_data_to_rx_buf_task started
I (469) main_task: Started on CPU0
I (472) esp_psram: Reserving pool of 64K of internal memory for DMA/internal allocations
I (481) main_task: Calling app_main()

PV-UVC-SPIKE inicio (F2B) degraus=5
PV-UVC-MEM etapa=boot psram_livre=32669812 psram_maior_bloco=32505856 interna_livre=421195
I (2358) main_task: Returned from app_main()
PV-UVC-INIT result=OK usb_host=on uvc_dev_num=1
PV-UVC-ENUM aguardando enumeracao USB em /dev/video40 (ate 10000 ms)
I (2388) usb_uvc_device: Waiting for UVC device to be enumerated...
E (2832) ENUM: LANGID 0x409 not found
*** Configuration descriptor ***
bLength 9
bDescriptorType 2
wTotalLength 1463
bNumInterfaces 5
bConfigurationValue 1
iConfiguration 0
bmAttributes 0x80
bMaxPower 500mA
*** Interface Association Descriptor ***
bLength 8
bDescriptorType 11
bFirstInterface 0
bInterfaceCount 2
bFunctionClass 0xe
bFunctionSubClass 0x3
bFunctionProtocol 0x0
iFunction 4
	*** Interface descriptor ***
	bLength 9
	bDescriptorType 4
	bInterfaceNumber 0
	bAlternateSetting 0
	bNumEndpoints 1
	bInterfaceClass 0xe
	bInterfaceSubClass 0x1
	bInterfaceProtocol 0x0
	iInterface 0
	*** Class-specific VC Interface Descriptor ***
	bLength 13
	bDescriptorType 0x24
	bDescriptorSubType 0x01
	bcdUVC 0100
	wTotalLength 80
	dwClockFrequency 24000000
	bInCollection 1
	baInterfaceNr[0] 1
	*** Input Terminal Descriptor (Camera) ***
	bLength 18
	bDescriptorType 0x24
	bDescriptorSubType 0x02
	bTerminalID 0x1
	wTerminalType 0x201
	bAssocTerminal 0
	iTerminal 0
	wObjectiveFocalLengthMin 0
	wObjectiveFocalLengthMax 0
	wOcularFocalLength 0
	bControlSize 3
	bmControls 0x7A 0x2A 0x2
	*** Extension Unit Descriptor unsupported, skipping... ***
	*** Processing Unit Descriptor ***
	bLength 11
	bDescriptorType 0x24
	bDescriptorSubType 0x05
	bUnitID 3
	bSourceID 2
	wMaxMultiplier 16384
	bControlSize 2
	bmControls 0x7F 0x17 0x0
	iProcessing 9
	bmVideoStandards 0x24
	*** Output Terminal Descriptor ***
	bLength 9
	bDescriptorType 0x24
	bDescriptorSubType 0x03
	bTerminalID 4
	wTerminalType 0x101
	bAssocTerminal 0
	bSourceID 3
	iTerminal 0
		*** Endpoint descriptor ***
		bLength 7
		bDescriptorType 5
		bEndpointAddress 0x81	EP 1 IN
		bmAttributes 0x3	INT
		wMaxPacketSize 16
		bInterval 8
		*** Class-specific Interrupt Endpoint Descriptor ***
		bLength 5
		bDescriptorType 0x25
		bDescriptorSubType 3
		wMaxTransferSize 16
	*** Interface descriptor ***
	bLength 9
	bDescriptorType 4
	bInterfaceNumber 1
	bAlternateSetting 0
	bNumEndpoints 0
	bInterfaceClass 0xe
	bInterfaceSubClass 0x2
	bInterfaceProtocol 0x0
	iInterface 0
	*** Class-specific VC Interface Descriptor ***
	bLength 15
	bDescriptorType 0x24
	bDescriptorSubType 0x01
	bcdUVC fc02
	wTotalLength 33283
	dwClockFrequency 16909312
	bInCollection 1
	baInterfaceNr[0] 1
	*** Extension Unit Descriptor unsupported, skipping... ***
	*** VS Frame Descriptor ***
	bLength 38
	bDescriptorType 0x24
	bDescriptorSubType 0x07
	bFrameIndex 1
	bmCapabilities 0x0
	wWidth 1920
	wHeight 1080
	dwMinBitRate 20736000
	dwMaxBitRate 62208000
	dwMaxVideoFrameBufSize 2073600
	dwDefaultFrameInterval 333333
	bFrameIntervalType 3
	FrameInterval[0] 333333
	FrameInterval[1] 666666
	FrameInterval[2] 1000000
	*** VS Frame Descriptor ***
	bLength 38
	bDescriptorType 0x24
	bDescriptorSubType 0x07
	bFrameIndex 2
	bmCapabilities 0x0
	wWidth 640
	wHeight 320
	dwMinBitRate 2048000
	dwMaxBitRate 6144000
	dwMaxVideoFrameBufSize 204800
	dwDefaultFrameInterval 333333
	bFrameIntervalType 3
	FrameInterval[0] 333333
	FrameInterval[1] 666666
	FrameInterval[2] 1000000
	*** VS Frame Descriptor ***
	bLength 38
	bDescriptorType 0x24
	bDescriptorSubType 0x07
	bFrameIndex 3
	bmCapabilities 0x0
	wWidth 640
	wHeight 480
	dwMinBitRate 3072000
	dwMaxBitRate 9216000
	dwMaxVideoFrameBufSize 307200
	dwDefaultFrameInterval 333333
	bFrameIntervalType 3
	FrameInterval[0] 333333
	FrameInterval[1] 666666
	FrameInterval[2] 1000000
	*** VS Frame Descriptor ***
	bLength 38
	bDescriptorType 0x24
	bDescriptorSubType 0x07
	bFrameIndex 4
	bmCapabilities 0x0
	wWidth 800
	wHeight 600
	dwMinBitRate 4800000
	dwMaxBitRate 14400000
	dwMaxVideoFrameBufSize 480000
	dwDefaultFrameInterval 333333
	bFrameIntervalType 3
	FrameInterval[0] 333333
	FrameInterval[1] 666666
	FrameInterval[2] 1000000
	*** VS Frame Descriptor ***
	bLength 38
	bDescriptorType 0x24
	bDescriptorSubType 0x07
	bFrameIndex 5
	bmCapabilities 0x0
	wWidth 1024
	wHeight 768
	dwMinBitRate 7864320
	dwMaxBitRate 23592960
	dwMaxVideoFrameBufSize 786432
	dwDefaultFrameInterval 333333
	bFrameIntervalType 3
	FrameInterval[0] 333333
	FrameInterval[1] 666666
	FrameInterval[2] 1000000
	*** VS Frame Descriptor ***
	bLength 38
	bDescriptorType 0x24
	bDescriptorSubType 0x07
	bFrameIndex 6
	bmCapabilities 0x0
	wWidth 1280
	wHeight 720
	dwMinBitRate 9216000
	dwMaxBitRate 27648000
	dwMaxVideoFrameBufSize 921600
	dwDefaultFrameInterval 333333
	bFrameIntervalType 3
	FrameInterval[0] 333333
	FrameInterval[1] 666666
	FrameInterval[2] 1000000
	*** VS Frame Descriptor ***
	bLength 38
	bDescriptorType 0x24
	bDescriptorSubType 0x07
	bFrameIndex 7
	bmCapabilities 0x0
	wWidth 1280
	wHeight 960
	dwMinBitRate 12288000
	dwMaxBitRate 36864000
	dwMaxVideoFrameBufSize 1228800
	dwDefaultFrameInterval 333333
	bFrameIntervalType 3
	FrameInterval[0] 333333
	FrameInterval[1] 666666
	FrameInterval[2] 1000000
	*** VS Frame Descriptor ***
	bLength 38
	bDescriptorType 0x24
	bDescriptorSubType 0x07
	bFrameIndex 8
	bmCapabilities 0x0
	wWidth 1600
	wHeight 1200
	dwMinBitRate 19200000
	dwMaxBitRate 57600000
	dwMaxVideoFrameBufSize 1920000
	dwDefaultFrameInterval 333333
	bFrameIntervalType 3
	FrameInterval[0] 333333
	FrameInterval[1] 666666
	FrameInterval[2] 1000000
	*** VS Frame Descriptor ***
	bLength 38
	bDescriptorType 0x24
	bDescriptorSubType 0x07
	bFrameIndex 9
	bmCapabilities 0x0
	wWidth 2048
	wHeight 1536
	dwMinBitRate 31457280
	dwMaxBitRate 94371840
	dwMaxVideoFrameBufSize 3145728
	dwDefaultFrameInterval 333333
	bFrameIntervalType 3
	FrameInterval[0] 333333
	FrameInterval[1] 666666
	FrameInterval[2] 1000000
	*** VS Frame Descriptor ***
	bLength 38
	bDescriptorType 0x24
	bDescriptorSubType 0x07
	bFrameIndex 10
	bmCapabilities 0x0
	wWidth 2592
	wHeight 1944
	dwMinBitRate 50388480
	dwMaxBitRate 151165440
	dwMaxVideoFrameBufSize 5038848
	dwDefaultFrameInterval 333333
	bFrameIntervalType 3
	FrameInterval[0] 333333
	FrameInterval[1] 666666
	FrameInterval[2] 1000000
	*** VS Frame Descriptor ***
	bLength 38
	bDescriptorType 0x24
	bDescriptorSubType 0x07
	bFrameIndex 11
	bmCapabilities 0x0
	wWidth 3264
	wHeight 2448
	dwMinBitRate 79902720
	dwMaxBitRate 239708160
	dwMaxVideoFrameBufSize 7990272
	dwDefaultFrameInterval 333333
	bFrameIntervalType 3
	FrameInterval[0] 333333
	FrameInterval[1] 666666
	FrameInterval[2] 1000000
	*** VS Frame Descriptor ***
	bLength 38
	bDescriptorType 0x24
	bDescriptorSubType 0x07
	bFrameIndex 12
	bmCapabilities 0x0
	wWidth 3840
	wHeight 2160
	dwMinBitRate 82944000
	dwMaxBitRate 248832000
	dwMaxVideoFrameBufSize 8294400
	dwDefaultFrameInterval 333333
	bFrameIntervalType 3
	FrameInterval[0] 333333
	FrameInterval[1] 666666
	FrameInterval[2] 1000000
	*** VS Frame Descriptor ***
	bLength 34
	bDescriptorType 0x24
	bDescriptorSubType 0x07
	bFrameIndex 13
	bmCapabilities 0x0
	wWidth 4000
	wHeight 3000
	dwMinBitRate 120000000
	dwMaxBitRate 180000000
	dwMaxVideoFrameBufSize 12000000
	dwDefaultFrameInterval 666666
	bFrameIntervalType 2
	FrameInterval[0] 666666
	FrameInterval[1] 1000000
	*** VS Frame Descriptor ***
	bLength 34
	bDescriptorType 0x24
	bDescriptorSubType 0x07
	bFrameIndex 14
	bmCapabilities 0x0
	wWidth 320
	wHeight 240
	dwMinBitRate 1152000
	dwMaxBitRate 2304000
	dwMaxVideoFrameBufSize 76800
	dwDefaultFrameInterval 333333
	bFrameIntervalType 2
	FrameInterval[0] 333333
	FrameInterval[1] 666666
	*** Output Terminal Descriptor ***
	bLength 63
	bDescriptorType 0x24
	bDescriptorSubType 0x03
	bTerminalID 0
	wTerminalType 0x800E
	bAssocTerminal 7
	bSourceID 56
	iTerminal 4
	*** VS Color Format Descriptor ***
	bLength 6
	bDescriptorType 0x24
	bDescriptorSubType 0x0D
	bColorPrimaries 0x1
	bTransferCharacteristics 1
	bMatrixCoefficients 0x4
	*** Selector Unit Descriptor ***
	bLength 27
	bDescriptorType 0x24
	bDescriptorSubType 0x04
	bUnitID 2
	bNrInPins 12
	baSourceID1 89
	baSourceID2 85
	iSelector 89
	*** Processing Unit Descriptor ***
	bLength 34
	bDescriptorType 0x24
	bDescriptorSubType 0x05
	bUnitID 1
	bSourceID 0
	wMaxMultiplier 320
	bControlSize 240
	bmControls 0x0 0x0 0x70
	iProcessing 23
	bmVideoStandards 0x0
	*** Processing Unit Descriptor ***
	bLength 34
	bDescriptorType 0x24
	bDescriptorSubType 0x05
	bUnitID 2
	bSourceID 0
	wMaxMultiplier 640
	bControlSize 104
	bmControls 0x1 0x0 0x50
	iProcessing 70
	bmVideoStandards 0x0
	*** Processing Unit Descriptor ***
	bLength 30
	bDescriptorType 0x24
	bDescriptorSubType 0x05
	bUnitID 3
	bSourceID 0
	wMaxMultiplier 640
	bControlSize 224
	bmControls 0x1 0x0 0xC0
	iProcessing 93
	bmVideoStandards 0x0
	*** Processing Unit Descriptor ***
	bLength 30
	bDescriptorType 0x24
	bDescriptorSubType 0x05
	bUnitID 4
	bSourceID 0
	wMaxMultiplier 800
	bControlSize 88
	bmControls 0x2 0x0 0x7C
	iProcessing 146
	bmVideoStandards 0x0
	*** Processing Unit Descriptor ***
	bLength 30
	bDescriptorType 0x24
	bDescriptorSubType 0x05
	bUnitID 5
	bSourceID 0
	wMaxMultiplier 1024
	bControlSize 208
	bmControls 0x2 0x0 0x0
	iProcessing 225
	bmVideoStandards 0x0
	*** Processing Unit Descriptor ***
	bLength 30
	bDescriptorType 0x24
	bDescriptorSubType 0x05
	bUnitID 6
	bSourceID 0
	wMaxMultiplier 1280
	bControlSize 172
	bmControls 0x3 0x0 0x30
	iProcessing 111
	bmVideoStandards 0x1
	*** Processing Unit Descriptor ***
	bLength 30
	bDescriptorType 0x24
	bDescriptorSubType 0x05
	bUnitID 7
	bSourceID 0
	wMaxMultiplier 1280
	bControlSize 0
	bmControls 0x4 0x0 0x0
	iProcessing 144
	bmVideoStandards 0x1
	*** Processing Unit Descriptor ***
	bLength 30
	bDescriptorType 0x24
	bDescriptorSubType 0x05
	bUnitID 8
	bSourceID 0
	wMaxMultiplier 1600
	bControlSize 176
	bmControls 0x4 0x0 0xF8
	iProcessing 36
	bmVideoStandards 0x1
	*** Processing Unit Descriptor ***
	bLength 30
	bDescriptorType 0x24
	bDescriptorSubType 0x05
	bUnitID 9
	bSourceID 0
	wMaxMultiplier 1920
	bControlSize 56
	bmControls 0x4 0x0 0x68
	iProcessing 60
	bmVideoStandards 0x1
	*** Processing Unit Descriptor ***
	bLength 30
	bDescriptorType 0x24
	bDescriptorSubType 0x05
	bUnitID 10
	bSourceID 0
	wMaxMultiplier 2048
	bControlSize 0
	bmControls 0x6 0x0 0x0
	iProcessing 224
	bmVideoStandards 0x1
	*** Processing Unit Descriptor ***
	bLength 30
	bDescriptorType 0x24
	bDescriptorSubType 0x05
	bUnitID 11
	bSourceID 0
	wMaxMultiplier 2560
	bControlSize 160
	bmControls 0x5 0x0 0x80
	iProcessing 50
	bmVideoStandards 0x2
	*** Processing Unit Descriptor ***
	bLength 30
	bDescriptorType 0x24
	bDescriptorSubType 0x05
	bUnitID 12
	bSourceID 0
	wMaxMultiplier 2592
	bControlSize 152
	bmControls 0x7 0x0 0xDE
	iProcessing 0
	bmVideoStandards 0x3
	*** VS Color Format Descriptor ***
	bLength 6
	bDescriptorType 0x24
	bDescriptorSubType 0x0D
	bColorPrimaries 0x1
	bTransferCharacteristics 1
	bMatrixCoefficients 0x4
	*** Interface descriptor ***
	bLength 9
	bDescriptorType 4
	bInterfaceNumber 1
	bAlternateSetting 1
	bNumEndpoints 1
	bInterfaceClass 0xe
	bInterfaceSubClass 0x2
	bInterfaceProtocol 0x0
	iInterface 0
		*** Endpoint descriptor ***
		bLength 7
		bDescriptorType 5
		bEndpointAddress 0x82	EP 2 IN
		bmAttributes 0x5	ISOC
		wMaxPacketSize 192
		bInterval 1
	*** Interface descriptor ***
	bLength 9
	bDescriptorType 4
	bInterfaceNumber 1
	bAlternateSetting 2
	bNumEndpoints 1
	bInterfaceClass 0xe
	bInterfaceSubClass 0x2
	bInterfaceProtocol 0x0
	iInterface 0
		*** Endpoint descriptor ***
		bLength 7
		bDescriptorType 5
		bEndpointAddress 0x82	EP 2 IN
		bmAttributes 0x5	ISOC
		wMaxPacketSize 384
		bInterval 1
	*** Interface descriptor ***
	bLength 9
	bDescriptorType 4
	bInterfaceNumber 1
	bAlternateSetting 3
	bNumEndpoints 1
	bInterfaceClass 0xe
	bInterfaceSubClass 0x2
	bInterfaceProtocol 0x0
	iInterface 0
		*** Endpoint descriptor ***
		bLength 7
		bDescriptorType 5
		bEndpointAddress 0x82	EP 2 IN
		bmAttributes 0x5	ISOC
		wMaxPacketSize 512
		bInterval 1
	*** Interface descriptor ***
	bLength 9
	bDescriptorType 4
	bInterfaceNumber 1
	bAlternateSetting 4
	bNumEndpoints 1
	bInterfaceClass 0xe
	bInterfaceSubClass 0x2
	bInterfaceProtocol 0x0
	iInterface 0
		*** Endpoint descriptor ***
		bLength 7
		bDescriptorType 5
		bEndpointAddress 0x82	EP 2 IN
		bmAttributes 0x5	ISOC
		wMaxPacketSize 640
		bInterval 1
	*** Interface descriptor ***
	bLength 9
	bDescriptorType 4
	bInterfaceNumber 1
	bAlternateSetting 5
	bNumEndpoints 1
	bInterfaceClass 0xe
	bInterfaceSubClass 0x2
	bInterfaceProtocol 0x0
	iInterface 0
		*** Endpoint descriptor ***
		bLength 7
		bDescriptorType 5
		bEndpointAddress 0x82	EP 2 IN
		bmAttributes 0x5	ISOC
		wMaxPacketSize 800
		bInterval 1
	*** Interface descriptor ***
	bLength 9
	bDescriptorType 4
	bInterfaceNumber 1
	bAlternateSetting 6
	bNumEndpoints 1
	bInterfaceClass 0xe
	bInterfaceSubClass 0x2
	bInterfaceProtocol 0x0
	iInterface 0
		*** Endpoint descriptor ***
		bLength 7
		bDescriptorType 5
		bEndpointAddress 0x82	EP 2 IN
		bmAttributes 0x5	ISOC
		wMaxPacketSize 944
		bInterval 1
	*** Interface descriptor ***
	bLength 9
	bDescriptorType 4
	bInterfaceNumber 1
	bAlternateSetting 7
	bNumEndpoints 1
	bInterfaceClass 0xe
	bInterfaceSubClass 0x2
	bInterfaceProtocol 0x0
	iInterface 0
		*** Endpoint descriptor ***
		bLength 7
		bDescriptorType 5
		bEndpointAddress 0x82	EP 2 IN
		bmAttributes 0x5	ISOC
		wMaxPacketSize 640
		wMaxPacketSize (with additional transactions in microframe) 1280
		bInterval 1
	*** Interface descriptor ***
	bLength 9
	bDescriptorType 4
	bInterfaceNumber 1
	bAlternateSetting 8
	bNumEndpoints 1
	bInterfaceClass 0xe
	bInterfaceSubClass 0x2
	bInterfaceProtocol 0x0
	iInterface 0
		*** Endpoint descriptor ***
		bLength 7
		bDescriptorType 5
		bEndpointAddress 0x82	EP 2 IN
		bmAttributes 0x5	ISOC
		wMaxPacketSize 800
		wMaxPacketSize (with additional transactions in microframe) 1600
		bInterval 1
	*** Interface descriptor ***
	bLength 9
	bDescriptorType 4
	bInterfaceNumber 1
	bAlternateSetting 9
	bNumEndpoints 1
	bInterfaceClass 0xe
	bInterfaceSubClass 0x2
	bInterfaceProtocol 0x0
	iInterface 0
		*** Endpoint descriptor ***
		bLength 7
		bDescriptorType 5
		bEndpointAddress 0x82	EP 2 IN
		bmAttributes 0x5	ISOC
		wMaxPacketSize 992
		wMaxPacketSize (with additional transactions in microframe) 1984
		bInterval 1
	*** Interface descriptor ***
	bLength 9
	bDescriptorType 4
	bInterfaceNumber 1
	bAlternateSetting 10
	bNumEndpoints 1
	bInterfaceClass 0xe
	bInterfaceSubClass 0x2
	bInterfaceProtocol 0x0
	iInterface 0
		*** Endpoint descriptor ***
		bLength 7
		bDescriptorType 5
		bEndpointAddress 0x82	EP 2 IN
		bmAttributes 0x5	ISOC
		wMaxPacketSize 896
		wMaxPacketSize (with additional transactions in microframe) 2688
		bInterval 1
	*** Interface descriptor ***
	bLength 9
	bDescriptorType 4
	bInterfaceNumber 1
	bAlternateSetting 11
	bNumEndpoints 1
	bInterfaceClass 0xe
	bInterfaceSubClass 0x2
	bInterfaceProtocol 0x0
	iInterface 0
		*** Endpoint descriptor ***
		bLength 7
		bDescriptorType 5
		bEndpointAddress 0x82	EP 2 IN
		bmAttributes 0x5	ISOC
		wMaxPacketSize 1024
		wMaxPacketSize (with additional transactions in microframe) 3072
		bInterval 1
*** Interface Association Descriptor ***
bLength 8
bDescriptorType 11
bFirstInterface 2
bInterfaceCount 2
bFunctionClass 0x1
bFunctionSubClass 0x0
bFunctionProtocol 0x0
iFunction 5
	*** Interface descriptor ***
	bLength 9
	bDescriptorType 4
	bInterfaceNumber 2
	bAlternateSetting 0
	bNumEndpoints 0
	bInterfaceClass 0x1
	bInterfaceSubClass 0x1
	bInterfaceProtocol 0x0
	iInterface 0
	*** Class-specific VC Interface Descriptor ***
	bLength 9
	bDescriptorType 0x24
	bDescriptorSubType 0x01
	bcdUVC 0100
	wTotalLength 39
	dwClockFrequency 604766977
	bInCollection 2
	baInterfaceNr[0] 1
	baInterfaceNr[1] 1
	*** Input Terminal Descriptor (Camera) ***
	bLength 12
	bDescriptorType 0x24
	bDescriptorSubType 0x02
	bTerminalID 0x1
	wTerminalType 0x201
	bAssocTerminal 0
	iTerminal 1
	wObjectiveFocalLengthMin 3
	wObjectiveFocalLengthMax 0
	wOcularFocalLength 9225
	bControlSize 6
	bmControls 0x2 0x1 0x2
	*** Extension Unit Descriptor unsupported, skipping... ***
	*** Output Terminal Descriptor ***
	bLength 9
	bDescriptorType 0x24
	bDescriptorSubType 0x03
	bTerminalID 3
	wTerminalType 0x101
	bAssocTerminal 0
	bSourceID 2
	iTerminal 0
	*** Interface descriptor ***
	bLength 9
	bDescriptorType 4
	bInterfaceNumber 3
	bAlternateSetting 0
	bNumEndpoints 0
	bInterfaceClass 0x1
	bInterfaceSubClass 0x2
	bInterfaceProtocol 0x0
	iInterface 0
	*** Interface descriptor ***
	bLength 9
	bDescriptorType 4
	bInterfaceNumber 3
	bAlternateSetting 1
	bNumEndpoints 1
	bInterfaceClass 0x1
	bInterfaceSubClass 0x2
	bInterfaceProtocol 0x0
	iInterface 0
	*** Class-specific VC Interface Descriptor ***
	bLength 7
	bDescriptorType 0x24
	bDescriptorSubType 0x01
	bcdUVC 0003
	wTotalLength 1
	dwClockFrequency 16917515
	bInCollection 2
	baInterfaceNr[0] 2
	baInterfaceNr[1] 16
	*** Input Terminal Descriptor (Media) ***
	bLength 11
	bDescriptorType 0x24
	bDescriptorSubType 0x02
	bTerminalID 0x1
	wTerminalType 0x202
	bAssocTerminal 16
	iTerminal 1
	bControlSize 128
	bmControls 0xBB
	bTransportModeSize 0
	bmTransportModes 0x9 0x5 0x83 0x1 0xC0
		*** Endpoint descriptor ***
		bLength 9
		bDescriptorType 5
		bEndpointAddress 0x83	EP 3 IN
		bmAttributes 0x1	ISOC
		wMaxPacketSize 192
		bInterval 4
		*** Class-specific Interrupt Endpoint Descriptor ***
		bLength 7
		bDescriptorType 0x25
		bDescriptorSubType 1
		wMaxTransferSize 1
	*** Interface descriptor ***
	bLength 9
	bDescriptorType 4
	bInterfaceNumber 4
	bAlternateSetting 0
	bNumEndpoints 2
	bInterfaceClass 0x3
	bInterfaceSubClass 0x0
	bInterfaceProtocol 0x0
	iInterface 0
 *** Unknown Descriptor Length: 9 Type: 33 ***
		*** Endpoint descriptor ***
		bLength 7
		bDescriptorType 5
		bEndpointAddress 0x84	EP 4 IN
		bmAttributes 0x3	INT
		wMaxPacketSize 64
		bInterval 4
		*** Endpoint descriptor ***
		bLength 7
		bDescriptorType 5
		bEndpointAddress 0x1	EP 1 OUT
		bmAttributes 0x3	INT
		wMaxPacketSize 64
		bInterval 4
PV-UVC-ENUM device aberto em 2034 ms
PV-UVC-ENUM cap driver=USB-UVC0 card=USB-UVC0 bus=esp32p4:USB-UVC0 caps=0x84201001 device_caps=0x04201001
PV-UVC-ENUM fmt index=0 fourcc=JPEG flags=0x0 desc="JPEG"
PV-UVC-ENUM size fourcc=JPEG index=0 1920x1080
PV-UVC-ENUM interval fourcc=JPEG 1920x1080 index=0 tipo=discrete num=333333 den=10000000 fps_x1000=30000
PV-UVC-ENUM interval fourcc=JPEG 1920x1080 index=1 tipo=discrete num=666666 den=10000000 fps_x1000=15000
PV-UVC-ENUM interval fourcc=JPEG 1920x1080 index=2 tipo=discrete num=1000000 den=10000000 fps_x1000=10000
PV-UVC-ENUM size fourcc=JPEG index=1 640x320
PV-UVC-ENUM interval fourcc=JPEG 640x320 index=0 tipo=discrete num=333333 den=10000000 fps_x1000=30000
PV-UVC-ENUM interval fourcc=JPEG 640x320 index=1 tipo=discrete num=666666 den=10000000 fps_x1000=15000
PV-UVC-ENUM interval fourcc=JPEG 640x320 index=2 tipo=discrete num=1000000 den=10000000 fps_x1000=10000
PV-UVC-ENUM size fourcc=JPEG index=2 640x480
PV-UVC-ENUM interval fourcc=JPEG 640x480 index=0 tipo=discrete num=333333 den=10000000 fps_x1000=30000
PV-UVC-ENUM interval fourcc=JPEG 640x480 index=1 tipo=discrete num=666666 den=10000000 fps_x1000=15000
PV-UVC-ENUM interval fourcc=JPEG 640x480 index=2 tipo=discrete num=1000000 den=10000000 fps_x1000=10000
PV-UVC-ENUM size fourcc=JPEG index=3 800x600
PV-UVC-ENUM interval fourcc=JPEG 800x600 index=0 tipo=discrete num=333333 den=10000000 fps_x1000=30000
PV-UVC-ENUM interval fourcc=JPEG 800x600 index=1 tipo=discrete num=666666 den=10000000 fps_x1000=15000
PV-UVC-ENUM interval fourcc=JPEG 800x600 index=2 tipo=discrete num=1000000 den=10000000 fps_x1000=10000
PV-UVC-ENUM size fourcc=JPEG index=4 1024x768
PV-UVC-ENUM interval fourcc=JPEG 1024x768 index=0 tipo=discrete num=333333 den=10000000 fps_x1000=30000
PV-UVC-ENUM interval fourcc=JPEG 1024x768 index=1 tipo=discrete num=666666 den=10000000 fps_x1000=15000
PV-UVC-ENUM interval fourcc=JPEG 1024x768 index=2 tipo=discrete num=1000000 den=10000000 fps_x1000=10000
PV-UVC-ENUM size fourcc=JPEG index=5 1280x720
PV-UVC-ENUM interval fourcc=JPEG 1280x720 index=0 tipo=discrete num=333333 den=10000000 fps_x1000=30000
PV-UVC-ENUM interval fourcc=JPEG 1280x720 index=1 tipo=discrete num=666666 den=10000000 fps_x1000=15000
PV-UVC-ENUM interval fourcc=JPEG 1280x720 index=2 tipo=discrete num=1000000 den=10000000 fps_x1000=10000
PV-UVC-ENUM size fourcc=JPEG index=6 1280x960
PV-UVC-ENUM interval fourcc=JPEG 1280x960 index=0 tipo=discrete num=333333 den=10000000 fps_x1000=30000
PV-UVC-ENUM interval fourcc=JPEG 1280x960 index=1 tipo=discrete num=666666 den=10000000 fps_x1000=15000
PV-UVC-ENUM interval fourcc=JPEG 1280x960 index=2 tipo=discrete num=1000000 den=10000000 fps_x1000=10000
PV-UVC-ENUM size fourcc=JPEG index=7 1600x1200
PV-UVC-ENUM interval fourcc=JPEG 1600x1200 index=0 tipo=discrete num=333333 den=10000000 fps_x1000=30000
PV-UVC-ENUM interval fourcc=JPEG 1600x1200 index=1 tipo=discrete num=666666 den=10000000 fps_x1000=15000
PV-UVC-ENUM interval fourcc=JPEG 1600x1200 index=2 tipo=discrete num=1000000 den=10000000 fps_x1000=10000
PV-UVC-ENUM size fourcc=JPEG index=8 2048x1536
PV-UVC-ENUM interval fourcc=JPEG 2048x1536 index=0 tipo=discrete num=333333 den=10000000 fps_x1000=30000
PV-UVC-ENUM interval fourcc=JPEG 2048x1536 index=1 tipo=discrete num=666666 den=10000000 fps_x1000=15000
PV-UVC-ENUM interval fourcc=JPEG 2048x1536 index=2 tipo=discrete num=1000000 den=10000000 fps_x1000=10000
PV-UVC-ENUM size fourcc=JPEG index=9 2592x1944
PV-UVC-ENUM interval fourcc=JPEG 2592x1944 index=0 tipo=discrete num=333333 den=10000000 fps_x1000=30000
PV-UVC-ENUM interval fourcc=JPEG 2592x1944 index=1 tipo=discrete num=666666 den=10000000 fps_x1000=15000
PV-UVC-ENUM interval fourcc=JPEG 2592x1944 index=2 tipo=discrete num=1000000 den=10000000 fps_x1000=10000
PV-UVC-ENUM size fourcc=JPEG index=10 3264x2448
PV-UVC-ENUM interval fourcc=JPEG 3264x2448 index=0 tipo=discrete num=333333 den=10000000 fps_x1000=30000
PV-UVC-ENUM interval fourcc=JPEG 3264x2448 index=1 tipo=discrete num=666666 den=10000000 fps_x1000=15000
PV-UVC-ENUM interval fourcc=JPEG 3264x2448 index=2 tipo=discrete num=1000000 den=10000000 fps_x1000=10000
PV-UVC-ENUM size fourcc=JPEG index=11 3840x2160
PV-UVC-ENUM interval fourcc=JPEG 3840x2160 index=0 tipo=discrete num=333333 den=10000000 fps_x1000=30000
PV-UVC-ENUM interval fourcc=JPEG 3840x2160 index=1 tipo=discrete num=666666 den=10000000 fps_x1000=15000
PV-UVC-ENUM interval fourcc=JPEG 3840x2160 index=2 tipo=discrete num=1000000 den=10000000 fps_x1000=10000
PV-UVC-ENUM size fourcc=JPEG index=12 4000x3000
PV-UVC-ENUM interval fourcc=JPEG 4000x3000 index=0 tipo=discrete num=666666 den=10000000 fps_x1000=15000
PV-UVC-ENUM interval fourcc=JPEG 4000x3000 index=1 tipo=discrete num=1000000 den=10000000 fps_x1000=10000
PV-UVC-ENUM size fourcc=JPEG index=13 320x240
PV-UVC-ENUM interval fourcc=JPEG 320x240 index=0 tipo=discrete num=333333 den=10000000 fps_x1000=30000
PV-UVC-ENUM interval fourcc=JPEG 320x240 index=1 tipo=discrete num=666666 den=10000000 fps_x1000=15000
PV-UVC-ENUM fmt index=1 fourcc=YUYV flags=0x0 desc="YUV 4:2:2 YUYV"
PV-UVC-ENUM size fourcc=YUYV index=0 320x240
PV-UVC-ENUM interval fourcc=YUYV 320x240 index=0 tipo=discrete num=500000 den=10000000 fps_x1000=20000
PV-UVC-ENUM interval fourcc=YUYV 320x240 index=1 tipo=discrete num=1000000 den=10000000 fps_x1000=10000
PV-UVC-ENUM size fourcc=YUYV index=1 640x360
PV-UVC-ENUM interval fourcc=YUYV 640x360 index=0 tipo=discrete num=500000 den=10000000 fps_x1000=20000
PV-UVC-ENUM interval fourcc=YUYV 640x360 index=1 tipo=discrete num=1000000 den=10000000 fps_x1000=10000
PV-UVC-ENUM size fourcc=YUYV index=2 640x480
PV-UVC-ENUM interval fourcc=YUYV 640x480 index=0 tipo=discrete num=1000000 den=10000000 fps_x1000=10000
PV-UVC-ENUM size fourcc=YUYV index=3 800x600
PV-UVC-ENUM interval fourcc=YUYV 800x600 index=0 tipo=discrete num=1000000 den=10000000 fps_x1000=10000
PV-UVC-ENUM size fourcc=YUYV index=4 1024x720
PV-UVC-ENUM interval fourcc=YUYV 1024x720 index=0 tipo=discrete num=1000000 den=10000000 fps_x1000=10000
PV-UVC-ENUM size fourcc=YUYV index=5 1280x940
PV-UVC-ENUM interval fourcc=YUYV 1280x940 index=0 tipo=discrete num=1000000 den=10000000 fps_x1000=10000
PV-UVC-ENUM size fourcc=YUYV index=6 1280x1024
PV-UVC-ENUM interval fourcc=YUYV 1280x1024 index=0 tipo=discrete num=1000000 den=10000000 fps_x1000=10000
PV-UVC-ENUM size fourcc=YUYV index=7 1600x1200
PV-UVC-ENUM interval fourcc=YUYV 1600x1200 index=0 tipo=discrete num=2000000 den=10000000 fps_x1000=5000
PV-UVC-ENUM size fourcc=YUYV index=8 1920x1080
PV-UVC-ENUM interval fourcc=YUYV 1920x1080 index=0 tipo=discrete num=2000000 den=10000000 fps_x1000=5000
PV-UVC-ENUM size fourcc=YUYV index=9 2048x1536
PV-UVC-ENUM interval fourcc=YUYV 2048x1536 index=0 tipo=discrete num=2000000 den=10000000 fps_x1000=5000
PV-UVC-ENUM size fourcc=YUYV index=10 2560x1440
PV-UVC-ENUM interval fourcc=YUYV 2560x1440 index=0 tipo=discrete num=2000000 den=10000000 fps_x1000=5000
PV-UVC-ENUM size fourcc=YUYV index=11 2592x1944
PV-UVC-ENUM interval fourcc=YUYV 2592x1944 index=0 tipo=discrete num=2000000 den=10000000 fps_x1000=5000
PV-UVC-ENUM result=OK tamanhos_jpeg=14
I (5051) usb_uvc_device: All UVC devices already enumerated
PV-UVC-FMT requested=800x600 applied=800x600 fourcc=JPEG sizeimage=0
I (5070) uvc: Allocating 2 USB transfers for ISOC. Each: 3072 bytes, 1 ISOC packets, 3072 MPS
W (8105) PvUvcSpike: DQBUF de descarte 0 falhou: errno=1(Not owner)
PV-UVC-WARMUP requested=800x600 descartados=0
E (13105) PvUvcSpike: VIDIOC_DQBUF falhou: errno=1(Not owner)

assert failed: usbh_dev_close usbh.c:1226 (dev_obj->dynamic.num_ctrl_xfers_inflight == 0)
Core  0 register dump:
MEPC    : 0x4ff0d048  RA      : 0x4ff0cbe0  SP      : 0x4ff3deb0  GP      : 0x4ff14300  
TP      : 0x4ff3e4e0  T0      : 0x695f7372  T1      : 0x616e7964  T2      : 0x696c666e  
S0/FP   : 0x0000006e  S1      : 0x00000001  A0      : 0x4ff3def8  A1      : 0x4ff16881  
A2      : 0x00000001  A3      : 0x4ff1a000  A4      : 0x00000001  A5      : 0x4ff1a000  
A6      : 0x00000008  A7      : 0x3e2d6a62  S2      : 0x4ff3def8  S3      : 0x4ff3df19  
S4      : 0x4ff16880  S5      : 0x4ff3def8  S6      : 0x48043896  S7      : 0x00000002  
S8      : 0x00001fa9  S9      : 0x480a4c98  S10     : 0x001e8480  S11     : 0x00000002  
T3      : 0x2e63696d  T4      : 0x5f6d756e  T5      : 0x6c727463  T6      : 0x6566785f  
MSTATUS : 0x00011880  MTVEC   : 0x4ff00003  MCAUSE  : 0x00000002  MTVAL   : 0x00000000  
MHARTID : 0x00000000  

Stack memory:
4ff3deb0: 0x00000000 0x4ff3df5c 0x480da1c4 0x4ff0a8b8 0x36323231 0x4ff3e900 0x00000000 0x00000000
4ff3ded0: 0x48000000 0x4ff1712c 0x480da1c4 0x4ff17110 0x480ae0d1 0x4ff1713c 0x4ff3dec0 0x4ff17140
4ff3def0: 0x480ae248 0x4ff16880 0x65737361 0x66207472 0x656c6961 0x75203a64 0x5f686273 0x5f766564
4ff3df10: 0x736f6c63 0x73752065 0x632e6862 0x3232313a 0x64282036 0x6f5f7665 0x3e2d6a62 0x616e7964
4ff3df30: 0x2e63696d 0x5f6d756e 0x6c727463 0x6566785f 0x695f7372 0x696c666e 0x20746867 0x30203d3d
4ff3df50: 0x00000029 0x00000000 0x4ff51bd0 0xfffffffe 0x00000000 0x00000000 0x4ff3e518 0xfffffffe
4ff3df70: 0x00000000 0x480e7b90 0x4ff3e518 0x4807df5c 0x00000000 0x000000a8 0x480e7bc4 0x480e0ee4
4ff3df90: 0x4ff51a08 0x00000000 0x4ff3e8bc 0x4ff3fb68 0x480e6fa8 0x00000000 0x4ff3e8bc 0x4807e2c4
4ff3dfb0: 0x480e6fa8 0x00000000 0x4ff3e8bc 0x4807c782 0x4ff51a08 0x00000000 0x4ff3e418 0x4ff3fb68
4ff3dfd0: 0x480e6fa8 0x4ff1a000 0x480e7018 0x48043896 0x4ff51a08 0x00000000 0x480e7018 0x480e7018
4ff3dff0: 0x480e6fa8 0x4ff1a000 0x480e7018 0x48041a08 0x00000103 0x480e7b28 0x00000002 0x010e7d58
4ff3e010: 0x00000103 0x480e7b28 0x00000002 0x4803c3e6 0x00000103 0x4ff1a000 0x480e7b28 0x4803d944
4ff3e030: 0x00000103 0x4ff3fb68 0x4ff3fae4 0x48025bb0 0x00000000 0x40045613 0x4ff3fb68 0x48022870
4ff3e050: 0x00000001 0x40045613 0x00000001 0x4802303c 0x00000001 0x4ff14588 0x480a4364 0x00003331
4ff3e070: 0x00000000 0x480a4c98 0x4ff5073c 0x4802c984 0x00000001 0x00000000 0x4ff3e418 0x4808041e
4ff3e090: 0x00000001 0x4ff14588 0x480a4848 0x00000004 0x00000000 0x00000000 0x00000000 0x4ff3e0c8
4ff3e0b0: 0x00000004 0x4ff14588 0x00000004 0x48021362 0x00000005 0x00000000 0x4ff3e100 0x00000000
4ff3e0d0: 0x20800008 0x00000001 0x00000001 0x0000000a 0x4ff3e1a8 0x480e71a8 0x480e71a8 0x4803dd74
4ff3e0f0: 0x00000000 0x4ff1a000 0x4ff3fae4 0x00000001 0x00000001 0x4745504a 0x00000000 0x00000002
4ff3e110: 0x00000001 0x00000001 0x00000000 0x00000000 0x4ff3fb68 0x480f0a40 0x48165d80 0x00075300
4ff3e130: 0x00075300 0x00000000 0x00000000 0x00000001 0x00000000 0x00000000 0x00000000 0x00000000
4ff3e150: 0x00000000 0x00000000 0x00000000 0x00000000 0x00000000 0x00000000 0x00000000 0x00000000
4ff3e170: 0x00000000 0x00000001 0x00000000 0x00000000 0x00000000 0x00000000 0x00000001 0x00000320
4ff3e190: 0x00000258 0x4745504a 0x00000000 0x00000000 0x00000000 0x00000000 0x00000000 0x00000000
4ff3e1b0: 0x00000000 0x00000000 0x00000000 0x00000000 0x00000000 0x00000000 0x00000000 0x00000000
4ff3e1d0: 0x00000000 0x00000000 0x00000000 0x00000000 0x00000000 0x00000000 0x00000000 0x00000000
4ff3e1f0: 0x00000000 0x00000000 0x00000000 0x00000000 0x00000000 0x00000000 0x00000000 0x00000000
4ff3e210: 0x00000000 0x00000000 0x00000000 0x00000000 0x00000000 0x00000000 0x00000000 0x00000000
4ff3e230: 0x00000000 0x00000000 0x00000000 0x00000000 0x00000000 0x00000000 0x00000000 0x00000000
4ff3e250: 0x00000000 0x00000001 0x00000320 0x00000258 0x4745504a 0x00000000 0x00000000 0x00000000
4ff3e270: 0x00000000 0x00000000 0x00000000 0x00000000 0x00000000 0x00000000 0x00000000 0x00000000
4ff3e290: 0x00000000 0x00000000 0x00000000 0x00000000 0x00000000 0x00000000 0x00000000 0x00000000



ELF file SHA256: e87c6fa39

Rebooting...
ESP-ROM:esp32p4-eco2-20240710
Build:Jul 10 2024
rst:0xc (SW_CPU_RESET),boot:0xf (SPI_FAST_FLASH_BOOT)
Core0 Saved PC:0x4ff00c9e
Core1 Saved PC:0x4ff0698c
SPI mode:DIO, clock div:1
load:0x4ff33ce0,len:0x5d0
load:0x4ff28ed0,len:0xdf8
load:0x4ff2bbd0,len:0x34b8
entry 0x4ff28ed0
I (46) hex_psram: vendor id    : 0x0d (AP)
I (46) hex_psram: Latency      : 0x01 (Fixed)
I (46) hex_psram: DriveStr.    : 0x00 (25 Ohm)
I (47) hex_psram: dev id       : 0x03 (generation 4)
I (51) hex_psram: density      : 0x07 (256 Mbit)
I (56) hex_psram: good-die     : 0x06 (Pass)
I (60) hex_psram: SRF          : 0x02 (Slow Refresh)
I (64) hex_psram: BurstType    : 0x00 ( Wrap)
I (69) hex_psram: BurstLen     : 0x03 (2048 Byte)
I (73) hex_psram: BitMode      : 0x01 (X16 Mode)
I (77) hex_psram: Readlatency  : 0x04 (14 cycles@Fixed)
I (82) hex_psram: DriveStrength: 0x00 (1/1)
I (86) MSPI Timing: Enter psram timing tuning
I esp_psram: Found 32MB PSRAM device
I esp_psram: Speed: 200MHz
I (283) mmu_psram: .rodata xip on psram
I (316) mmu_psram: .text xip on psram
I (319) hex_psram: psram CS IO is dedicated
I (319) cpu_start: Multicore app
I (328) cpu_start: GPIO 38 and 37 are used as console UART I/O pins
I (328) cpu_start: Pro cpu start user code
I (329) cpu_start: cpu freq: 360000000 Hz
I (330) app_init: Application information:
I (334) app_init: Project name:     xiaozhi
I (338) app_init: App version:      2.4.0
I (342) app_init: Compile time:     Aug 10 2026 22:03:41
I (347) app_init: ELF file SHA256:  e87c6fa39...
I (351) app_init: ESP-IDF:          v6.0.2
I (355) efuse_init: Min chip rev:     v1.0
I (359) efuse_init: Max chip rev:     v1.99 
I (363) efuse_init: Chip rev:         v1.3
I (367) heap_init: Initializing. RAM available for dynamic allocation:
I (373) heap_init: At 4FF1A740 len 00020880 (130 KiB): RETENT_RAM
I (379) heap_init: At 4FF3AFC0 len 00004BF0 (18 KiB): RAM
I (384) heap_init: At 4FF40000 len 00060000 (384 KiB): RAM
I (389) heap_init: At 50108080 len 00007F80 (31 KiB): RTCRAM
I (394) heap_init: At 30100088 len 00001F78 (7 KiB): SPM
I (400) esp_psram: Adding pool of 31808K of PSRAM memory to heap allocator
I (406) esp_psram: Adding pool of 62K of PSRAM memory gap generated due to end address alignment of irom to the heap allocator
I (417) esp_psram: Adding pool of 60K of PSRAM memory gap generated due to end address alignment of drom to the heap allocator
I (428) spi_flash: detected chip: gd
I (432) spi_flash: flash io: qio
I (435) host_init: ESP Hosted : Host chip_ip[18]
I (439) H_API: ESP-Hosted starting. Hosted_Tasks: prio:23, stack: 5120 RPC_task_stack: 5120
I (447) H_API: ** add_esp_wifi_remote_channels **
I (452) sleep_gpio: Configure to isolate all GPIO pins in sleep state
I (458) sleep_gpio: Enable automatic switching of GPIO sleep configuration
I (466) H_SDIO_DRV: sdio_data_to_rx_buf_task started
I (469) main_task: Started on CPU0
I (472) esp_psram: Reserving pool of 64K of internal memory for DMA/internal allocations
I (481) main_task: Calling app_main()

PV-UVC-SPIKE inicio (F2B) degraus=5
PV-UVC-MEM etapa=boot psram_livre=32669812 psram_maior_bloco=32505856 interna_livre=421195
I (2358) main_task: Returned from app_main()
PV-UVC-INIT result=OK usb_host=on uvc_dev_num=1
PV-UVC-ENUM aguardando enumeracao USB em /dev/video40 (ate 10000 ms)
I (2388) usb_uvc_device: Waiting for UVC device to be enumerated...
E (2832) ENUM: LANGID 0x409 not found
*** Configuration descriptor ***
bLength 9
bDescriptorType 2
wTotalLength 1463
bNumInterfaces 5
bConfigurationValue 1
iConfiguration 0
bmAttributes 0x80
bMaxPower 500mA
*** Interface Association Descriptor ***
bLength 8
bDescriptorType 11
bFirstInterface 0
bInterfaceCount 2
bFunctionClass 0xe
bFunctionSubClass 0x3
bFunctionProtocol 0x0
iFunction 4
	*** Interface descriptor ***
	bLength 9
	bDescriptorType 4
	bInterfaceNumber 0
	bAlternateSetting 0
	bNumEndpoints 1
	bInterfaceClass 0xe
	bInterfaceSubClass 0x1
	bInterfaceProtocol 0x0
	iInterface 0
	*** Class-specific VC Interface Descriptor ***
	bLength 13
	bDescriptorType 0x24
	bDescriptorSubType 0x01
	bcdUVC 0100
	wTotalLength 80
	dwClockFrequency 24000000
	bInCollection 1
	baInterfaceNr[0] 1
	*** Input Terminal Descriptor (Camera) ***
	bLength 18
	bDescriptorType 0x24
	bDescriptorSubType 0x02
	bTerminalID 0x1
	wTerminalType 0x201
	bAssocTerminal 0
	iTerminal 0
	wObjectiveFocalLengthMin 0
	wObjectiveFocalLengthMax 0
	wOcularFocalLength 0
	bControlSize 3
	bmControls 0x7A 0x2A 0x2
	*** Extension Unit Descriptor unsupported, skipping... ***
	*** Processing Unit Descriptor ***
	bLength 11
	bDescriptorType 0x24
	bDescriptorSubType 0x05
	bUnitID 3
	bSourceID 2
	wMaxMultiplier 16384
	bControlSize 2
	bmControls 0x7F 0x17 0x0
	iProcessing 9
	bmVideoStandards 0x24
	*** Output Terminal Descriptor ***
	bLength 9
	bDescriptorType 0x24
	bDescriptorSubType 0x03
	bTerminalID 4
	wTerminalType 0x101
	bAssocTerminal 0
	bSourceID 3
	iTerminal 0
		*** Endpoint descriptor ***
		bLength 7
		bDescriptorType 5
		bEndpointAddress 0x81	EP 1 IN
		bmAttributes 0x3	INT
		wMaxPacketSize 16
		bInterval 8
		*** Class-specific Interrupt Endpoint Descriptor ***
		bLength 5
		bDescriptorType 0x25
		bDescriptorSubType 3
		wMaxTransferSize 16
	*** Interface descriptor ***
	bLength 9
	bDescriptorType 4
	bInterfaceNumber 1
	bAlternateSetting 0
	bNumEndpoints 0
	bInterfaceClass 0xe
	bInterfaceSubClass 0x2
	bInterfaceProtocol 0x0
	iInterface 0
	*** Class-specific VC Interface Descriptor ***
	bLength 15
	bDescriptorType 0x24
	bDescriptorSubType 0x01
	bcdUVC fc02
	wTotalLength 33283
	dwClockFrequency 16909312
	bInCollection 1
	baInterfaceNr[0] 1
	*** Extension Unit Descriptor unsupported, skipping... ***
	*** VS Frame Descriptor ***
	bLength 38
	bDescriptorType 0x24
	bDescriptorSubType 0x07
	bFrameIndex 1
	bmCapabilities 0x0
	wWidth 1920
	wHeight 1080
	dwMinBitRate 20736000
	dwMaxBitRate 62208000
	dwMaxVideoFrameBufSize 2073600
	dwDefaultFrameInterval 333333
	bFrameIntervalType 3
	FrameInterval[0] 333333
	FrameInterval[1] 666666
	FrameInterval[2] 1000000
	*** VS Frame Descriptor ***
	bLength 38
	bDescriptorType 0x24
	bDescriptorSubType 0x07
	bFrameIndex 2
	bmCapabilities 0x0
	wWidth 640
	wHeight 320
	dwMinBitRate 2048000
	dwMaxBitRate 6144000
	dwMaxVideoFrameBufSize 204800
	dwDefaultFrameInterval 333333
	bFrameIntervalType 3
	FrameInterval[0] 333333
	FrameInterval[1] 666666
	FrameInterval[2] 1000000
	*** VS Frame Descriptor ***
	bLength 38
	bDescriptorType 0x24
	bDescriptorSubType 0x07
	bFrameIndex 3
	bmCapabilities 0x0
	wWidth 640
	wHeight 480
	dwMinBitRate 3072000
	dwMaxBitRate 9216000
	dwMaxVideoFrameBufSize 307200
	dwDefaultFrameInterval 333333
	bFrameIntervalType 3
	FrameInterval[0] 333333
	FrameInterval[1] 666666
	FrameInterval[2] 1000000
	*** VS Frame Descriptor ***
	bLength 38
	bDescriptorType 0x24
	bDescriptorSubType 0x07
	bFrameIndex 4
	bmCapabilities 0x0
	wWidth 800
	wHeight 600
	dwMinBitRate 4800000
	dwMaxBitRate 14400000
	dwMaxVideoFrameBufSize 480000
	dwDefaultFrameInterval 333333
	bFrameIntervalType 3
	FrameInterval[0] 333333
	FrameInterval[1] 666666
	FrameInterval[2] 1000000
	*** VS Frame Descriptor ***
	bLength 38
	bDescriptorType 0x24
	bDescriptorSubType 0x07
	bFrameIndex 5
	bmCapabilities 0x0
	wWidth 1024
	wHeight 768
	dwMinBitRate 7864320
	dwMaxBitRate 23592960
	dwMaxVideoFrameBufSize 786432
	dwDefaultFrameInterval 333333
	bFrameIntervalType 3
	FrameInterval[0] 333333
	FrameInterval[1] 666666
	FrameInterval[2] 1000000
	*** VS Frame Descriptor ***
	bLength 38
	bDescriptorType 0x24
	bDescriptorSubType 0x07
	bFrameIndex 6
	bmCapabilities 0x0
	wWidth 1280
	wHeight 720
	dwMinBitRate 9216000
	dwMaxBitRate 27648000
	dwMaxVideoFrameBufSize 921600
	dwDefaultFrameInterval 333333
	bFrameIntervalType 3
	FrameInterval[0] 333333
	FrameInterval[1] 666666
	FrameInterval[2] 1000000
	*** VS Frame Descriptor ***
	bLength 38
	bDescriptorType 0x24
	bDescriptorSubType 0x07
	bFrameIndex 7
	bmCapabilities 0x0
	wWidth 1280
	wHeight 960
	dwMinBitRate 12288000
	dwMaxBitRate 36864000
	dwMaxVideoFrameBufSize 1228800
	dwDefaultFrameInterval 333333
	bFrameIntervalType 3
	FrameInterval[0] 333333
	FrameInterval[1] 666666
	FrameInterval[2] 1000000
	*** VS Frame Descriptor ***
	bLength 38
	bDescriptorType 0x24
	bDescriptorSubType 0x07
	bFrameIndex 8
	bmCapabilities 0x0
	wWidth 1600
	wHeight 1200
	dwMinBitRate 19200000
	dwMaxBitRate 57600000
	dwMaxVideoFrameBufSize 1920000
	dwDefaultFrameInterval 333333
	bFrameIntervalType 3
	FrameInterval[0] 333333
	FrameInterval[1] 666666
	FrameInterval[2] 1000000
	*** VS Frame Descriptor ***
	bLength 38
	bDescriptorType 0x24
	bDescriptorSubType 0x07
	bFrameIndex 9
	bmCapabilities 0x0
	wWidth 2048
	wHeight 1536
	dwMinBitRate 31457280
	dwMaxBitRate 94371840
	dwMaxVideoFrameBufSize 3145728
	dwDefaultFrameInterval 333333
	bFrameIntervalType 3
	FrameInterval[0] 333333
	FrameInterval[1] 666666
	FrameInterval[2] 1000000
	*** VS Frame Descriptor ***
	bLength 38
	bDescriptorType 0x24
	bDescriptorSubType 0x07
	bFrameIndex 10
	bmCapabilities 0x0
	wWidth 2592
	wHeight 1944
	dwMinBitRate 50388480
	dwMaxBitRate 151165440
	dwMaxVideoFrameBufSize 5038848
	dwDefaultFrameInterval 333333
	bFrameIntervalType 3
	FrameInterval[0] 333333
	FrameInterval[1] 666666
	FrameInterval[2] 1000000
	*** VS Frame Descriptor ***
	bLength 38
	bDescriptorType 0x24
	bDescriptorSubType 0x07
	bFrameIndex 11
	bmCapabilities 0x0
	wWidth 3264
	wHeight 2448
	dwMinBitRate 79902720
	dwMaxBitRate 239708160
	dwMaxVideoFrameBufSize 7990272
	dwDefaultFrameInterval 333333
	bFrameIntervalType 3
	FrameInterval[0] 333333
	FrameInterval[1] 666666
	FrameInterval[2] 1000000
	*** VS Frame Descriptor ***
	bLength 38
	bDescriptorType 0x24
	bDescriptorSubType 0x07
	bFrameIndex 12
	bmCapabilities 0x0
	wWidth 3840
	wHeight 2160
	dwMinBitRate 82944000
	dwMaxBitRate 248832000
	dwMaxVideoFrameBufSize 8294400
	dwDefaultFrameInterval 333333
	bFrameIntervalType 3
	FrameInterval[0] 333333
	FrameInterval[1] 666666
	FrameInterval[2] 1000000
	*** VS Frame Descriptor ***
	bLength 34
	bDescriptorType 0x24
	bDescriptorSubType 0x07
	bFrameIndex 13
	bmCapabilities 0x0
	wWidth 4000
	wHeight 3000
	dwMinBitRate 120000000
	dwMaxBitRate 180000000
	dwMaxVideoFrameBufSize 12000000
	dwDefaultFrameInterval 666666
	bFrameIntervalType 2
	FrameInterval[0] 666666
	FrameInterval[1] 1000000
	*** VS Frame Descriptor ***
	bLength 34
	bDescriptorType 0x24
	bDescriptorSubType 0x07
	bFrameIndex 14
	bmCapabilities 0x0
	wWidth 320
	wHeight 240
	dwMinBitRate 1152000
	dwMaxBitRate 2304000
	dwMaxVideoFrameBufSize 76800
	dwDefaultFrameInterval 333333
	bFrameIntervalType 2
	FrameInterval[0] 333333
	FrameInterval[1] 666666
	*** Output Terminal Descriptor ***
	bLength 63
	bDescriptorType 0x24
	bDescriptorSubType 0x03
	bTerminalID 0
	wTerminalType 0x800E
	bAssocTerminal 7
	bSourceID 56
	iTerminal 4
	*** VS Color Format Descriptor ***
	bLength 6
	bDescriptorType 0x24
	bDescriptorSubType 0x0D
	bColorPrimaries 0x1
	bTransferCharacteristics 1
	bMatrixCoefficients 0x4
	*** Selector Unit Descriptor ***
	bLength 27
	bDescriptorType 0x24
	bDescriptorSubType 0x04
	bUnitID 2
	bNrInPins 12
	baSourceID1 89
	baSourceID2 85
	iSelector 89
	*** Processing Unit Descriptor ***
	bLength 34
	bDescriptorType 0x24
	bDescriptorSubType 0x05
	bUnitID 1
	bSourceID 0
	wMaxMultiplier 320
	bControlSize 240
	bmControls 0x0 0x0 0x70
	iProcessing 23
	bmVideoStandards 0x0
	*** Processing Unit Descriptor ***
	bLength 34
	bDescriptorType 0x24
	bDescriptorSubType 0x05
	bUnitID 2
	bSourceID 0
	wMaxMultiplier 640
	bControlSize 104
	bmControls 0x1 0x0 0x50
	iProcessing 70
	bmVideoStandards 0x0
	*** Processing Unit Descriptor ***
	bLength 30
	bDescriptorType 0x24
	bDescriptorSubType 0x05
	bUnitID 3
	bSourceID 0
	wMaxMultiplier 640
	bControlSize 224
	bmControls 0x1 0x0 0xC0
	iProcessing 93
	bmVideoStandards 0x0
	*** Processing Unit Descriptor ***
	bLength 30
	bDescriptorType 0x24
	bDescriptorSubType 0x05
	bUnitID 4
	bSourceID 0
	wMaxMultiplier 800
	bControlSize 88
	bmControls 0x2 0x0 0x7C
	iProcessing 146
	bmVideoStandards 0x0
	*** Processing Unit Descriptor ***
	bLength 30
	bDescriptorType 0x24
	bDescriptorSubType 0x05
	bUnitID 5
	bSourceID 0
	wMaxMultiplier 1024
	bControlSize 208
	bmControls 0x2 0x0 0x0
	iProcessing 225
	bmVideoStandards 0x0
	*** Processing Unit Descriptor ***
	bLength 30
	bDescriptorType 0x24
	bDescriptorSubType 0x05
	bUnitID 6
	bSourceID 0
	wMaxMultiplier 1280
	bControlSize 172
	bmControls 0x3 0x0 0x30
	iProcessing 111
	bmVideoStandards 0x1
	*** Processing Unit Descriptor ***
	bLength 30
	bDescriptorType 0x24
	bDescriptorSubType 0x05
	bUnitID 7
	bSourceID 0
	wMaxMultiplier 1280
	bControlSize 0
	bmControls 0x4 0x0 0x0
	iProcessing 144
	bmVideoStandards 0x1
	*** Processing Unit Descriptor ***
	bLength 30
	bDescriptorType 0x24
	bDescriptorSubType 0x05
	bUnitID 8
	bSourceID 0
	wMaxMultiplier 1600
	bControlSize 176
	bmControls 0x4 0x0 0xF8
	iProcessing 36
	bmVideoStandards 0x1
	*** Processing Unit Descriptor ***
	bLength 30
	bDescriptorType 0x24
	bDescriptorSubType 0x05
	bUnitID 9
	bSourceID 0
	wMaxMultiplier 1920
	bControlSize 56
	bmControls 0x4 0x0 0x68
	iProcessing 60
	bmVideoStandards 0x1
	*** Processing Unit Descriptor ***
	bLength 30
	bDescriptorType 0x24
	bDescriptorSubType 0x05
	bUnitID 10
	bSourceID 0
	wMaxMultiplier 2048
	bControlSize 0
	bmControls 0x6 0x0 0x0
	iProcessing 224
	bmVideoStandards 0x1
	*** Processing Unit Descriptor ***
	bLength 30
	bDescriptorType 0x24
	bDescriptorSubType 0x05
	bUnitID 11
	bSourceID 0
	wMaxMultiplier 2560
	bControlSize 160
	bmControls 0x5 0x0 0x80
	iProcessing 50
	bmVideoStandards 0x2
	*** Processing Unit Descriptor ***
	bLength 30
	bDescriptorType 0x24
	bDescriptorSubType 0x05
	bUnitID 12
	bSourceID 0
	wMaxMultiplier 2592
	bControlSize 152
	bmControls 0x7 0x0 0xDE
	iProcessing 0
	bmVideoStandards 0x3
	*** VS Color Format Descriptor ***
	bLength 6
	bDescriptorType 0x24
	bDescriptorSubType 0x0D
	bColorPrimaries 0x1
	bTransferCharacteristics 1
	bMatrixCoefficients 0x4
	*** Interface descriptor ***
	bLength 9
	bDescriptorType 4
	bInterfaceNumber 1
	bAlternateSetting 1
	bNumEndpoints 1
	bInterfaceClass 0xe
	bInterfaceSubClass 0x2
	bInterfaceProtocol 0x0
	iInterface 0
		*** Endpoint descriptor ***
		bLength 7
		bDescriptorType 5
		bEndpointAddress 0x82	EP 2 IN
		bmAttributes 0x5	ISOC
		wMaxPacketSize 192
		bInterval 1
	*** Interface descriptor ***
	bLength 9
	bDescriptorType 4
	bInterfaceNumber 1
	bAlternateSetting 2
	bNumEndpoints 1
	bInterfaceClass 0xe
	bInterfaceSubClass 0x2
	bInterfaceProtocol 0x0
	iInterface 0
		*** Endpoint descriptor ***
		bLength 7
		bDescriptorType 5
		bEndpointAddress 0x82	EP 2 IN
		bmAttributes 0x5	ISOC
		wMaxPacketSize 384
		bInterval 1
	*** Interface descriptor ***
	bLength 9
	bDescriptorType 4
	bInterfaceNumber 1
	bAlternateSetting 3
	bNumEndpoints 1
	bInterfaceClass 0xe
	bInterfaceSubClass 0x2
	bInterfaceProtocol 0x0
	iInterface 0
		*** Endpoint descriptor ***
		bLength 7
		bDescriptorType 5
		bEndpointAddress 0x82	EP 2 IN
		bmAttributes 0x5	ISOC
		wMaxPacketSize 512
		bInterval 1
	*** Interface descriptor ***
	bLength 9
	bDescriptorType 4
	bInterfaceNumber 1
	bAlternateSetting 4
	bNumEndpoints 1
	bInterfaceClass 0xe
	bInterfaceSubClass 0x2
	bInterfaceProtocol 0x0
	iInterface 0
		*** Endpoint descriptor ***
		bLength 7
		bDescriptorType 5
		bEndpointAddress 0x82	EP 2 IN
		bmAttributes 0x5	ISOC
		wMaxPacketSize 640
		bInterval 1
	*** Interface descriptor ***
	bLength 9
	bDescriptorType 4
	bInterfaceNumber 1
	bAlternateSetting 5
	bNumEndpoints 1
	bInterfaceClass 0xe
	bInterfaceSubClass 0x2
	bInterfaceProtocol 0x0
	iInterface 0
		*** Endpoint descriptor ***
		bLength 7
		bDescriptorType 5
		bEndpointAddress 0x82	EP 2 IN
		bmAttributes 0x5	ISOC
		wMaxPacketSize 800
		bInterval 1
	*** Interface descriptor ***
	bLength 9
	bDescriptorType 4
	bInterfaceNumber 1
	bAlternateSetting 6
	bNumEndpoints 1
	bInterfaceClass 0xe
	bInterfaceSubClass 0x2
	bInterfaceProtocol 0x0
	iInterface 0
		*** Endpoint descriptor ***
		bLength 7
		bDescriptorType 5
		bEndpointAddress 0x82	EP 2 IN
		bmAttributes 0x5	ISOC
		wMaxPacketSize 944
		bInterval 1
	*** Interface descriptor ***
	bLength 9
	bDescriptorType 4
	bInterfaceNumber 1
	bAlternateSetting 7
	bNumEndpoints 1
	bInterfaceClass 0xe
	bInterfaceSubClass 0x2
	bInterfaceProtocol 0x0
	iInterface 0
		*** Endpoint descriptor ***
		bLength 7
		bDescriptorType 5
		bEndpointAddress 0x82	EP 2 IN
		bmAttributes 0x5	ISOC
		wMaxPacketSize 640
		wMaxPacketSize (with additional transactions in microframe) 1280
		bInterval 1
	*** Interface descriptor ***
	bLength 9
	bDescriptorType 4
	bInterfaceNumber 1
	bAlternateSetting 8
	bNumEndpoints 1
	bInterfaceClass 0xe
	bInterfaceSubClass 0x2
	bInterfaceProtocol 0x0
	iInterface 0
		*** Endpoint descriptor ***
		bLength 7
		bDescriptorType 5
		bEndpointAddress 0x82	EP 2 IN
		bmAttributes 0x5	ISOC
		wMaxPacketSize 800
		wMaxPacketSize (with additional transactions in microframe) 1600
		bInterval 1
	*** Interface descriptor ***
	bLength 9
	bDescriptorType 4
	bInterfaceNumber 1
	bAlternateSetting 9
	bNumEndpoints 1
	bInterfaceClass 0xe
	bInterfaceSubClass 0x2
	bInterfaceProtocol 0x0
	iInterface 0
		*** Endpoint descriptor ***
		bLength 7
		bDescriptorType 5
		bEndpointAddress 0x82	EP 2 IN
		bmAttributes 0x5	ISOC
		wMaxPacketSize 992
		wMaxPacketSize (with additional transactions in microframe) 1984
		bInterval 1
	*** Interface descriptor ***
	bLength 9
	bDescriptorType 4
	bInterfaceNumber 1
	bAlternateSetting 10
	bNumEndpoints 1
	bInterfaceClass 0xe
	bInterfaceSubClass 0x2
	bInterfaceProtocol 0x0
	iInterface 0
		*** Endpoint descriptor ***
		bLength 7
		bDescriptorType 5
		bEndpointAddress 0x82	EP 2 IN
		bmAttributes 0x5	ISOC
		wMaxPacketSize 896
		wMaxPacketSize (with additional transactions in microframe) 2688
		bInterval 1
	*** Interface descriptor ***
	bLength 9
	bDescriptorType 4
	bInterfaceNumber 1
	bAlternateSetting 11
	bNumEndpoints 1
	bInterfaceClass 0xe
	bInterfaceSubClass 0x2
	bInterfaceProtocol 0x0
	iInterface 0
		*** Endpoint descriptor ***
		bLength 7
		bDescriptorType 5
		bEndpointAddress 0x82	EP 2 IN
		bmAttributes 0x5	ISOC
		wMaxPacketSize 1024
		wMaxPacketSize (with additional transactions in microframe) 3072
		bInterval 1
*** Interface Association Descriptor ***
bLength 8
bDescriptorType 11
bFirstInterface 2
bInterfaceCount 2
bFunctionClass 0x1
bFunctionSubClass 0x0
bFunctionProtocol 0x0
iFunction 5
	*** Interface descriptor ***
	bLength 9
	bDescriptorType 4
	bInterfaceNumber 2
	bAlternateSetting 0
	bNumEndpoints 0
	bInterfaceClass 0x1
	bInterfaceSubClass 0x1
	bInterfaceProtocol 0x0
	iInterface 0
	*** Class-specific VC Interface Descriptor ***
	bLength 9
	bDescriptorType 0x24
	bDescriptorSubType 0x01
	bcdUVC 0100
	wTotalLength 39
	dwClockFrequency 604766977
	bInCollection 2
	baInterfaceNr[0] 1
	baInterfaceNr[1] 1
	*** Input Terminal Descriptor (Camera) ***
	bLength 12
	bDescriptorType 0x24
	bDescriptorSubType 0x02
	bTerminalID 0x1
	wTerminalType 0x201
	bAssocTerminal 0
	iTerminal 1
	wObjectiveFocalLengthMin 3
	wObjectiveFocalLengthMax 0
	wOcularFocalLength 9225
	bControlSize 6
	bmControls 0x2 0x1 0x2
	*** Extension Unit Descriptor unsupported, skipping... ***
	*** Output Terminal Descriptor ***
	bLength 9
	bDescriptorType 0x24
	bDescriptorSubType 0x03
	bTerminalID 3
	wTerminalType 0x101
	bAssocTerminal 0
	bSourceID 2
	iTerminal 0
	*** Interface descriptor ***
	bLength 9
	bDescriptorType 4
	bInterfaceNumber 3
	bAlternateSetting 0
	bNumEndpoints 0
	bInterfaceClass 0x1
	bInterfaceSubClass 0x2
	bInterfaceProtocol 0x0
	iInterface 0
	*** Interface descriptor ***
	bLength 9
	bDescriptorType 4
	bInterfaceNumber 3
	bAlternateSetting 1
	bNumEndpoints 1
	bInterfaceClass 0x1
	bInterfaceSubClass 0x2
	bInterfaceProtocol 0x0
	iInterface 0
	*** Class-specific VC Interface Descriptor ***
	bLength 7
	bDescriptorType 0x24
	bDescriptorSubType 0x01
	bcdUVC 0003
	wTotalLength 1
	dwClockFrequency 16917515
	bInCollection 2
	baInterfaceNr[0] 2
	baInterfaceNr[1] 16
	*** Input Terminal Descriptor (Media) ***
	bLength 11
	bDescriptorType 0x24
	bDescriptorSubType 0x02
	bTerminalID 0x1
	wTerminalType 0x202
	bAssocTerminal 16
	iTerminal 1
	bControlSize 128
	bmControls 0xBB
	bTransportModeSize 0
	bmTransportModes 0x9 0x5 0x83 0x1 0xC0
		*** Endpoint descriptor ***
		bLength 9
		bDescriptorType 5
		bEndpointAddress 0x83	EP 3 IN
		bmAttributes 0x1	ISOC
		wMaxPacketSize 192
		bInterval 4
		*** Class-specific Interrupt Endpoint Descriptor ***
		bLength 7
		bDescriptorType 0x25
		bDescriptorSubType 1
		wMaxTransferSize 1
	*** Interface descriptor ***
	bLength 9
	bDescriptorType 4
	bInterfaceNumber 4
	bAlternateSetting 0
	bNumEndpoints 2
	bInterfaceClass 0x3
	bInterfaceSubClass 0x0
	bInterfaceProtocol 0x0
	iInterface 0
 *** Unknown Descriptor Length: 9 Type: 33 ***
		*** Endpoint descriptor ***
		bLength 7
		bDescriptorType 5
		bEndpointAddress 0x84	EP 4 IN
		bmAttributes 0x3	INT
		wMaxPacketSize 64
		bInterval 4
		*** Endpoint descriptor ***
		bLength 7
		bDescriptorType 5
		bEndpointAddress 0x1	EP 1 OUT
		bmAttributes 0x3	INT
		wMaxPacketSize 64
		bInterval 4
PV-UVC-ENUM device aberto em 2034 ms
PV-UVC-ENUM cap driver=USB-UVC0 card=USB-UVC0 bus=esp32p4:USB-UVC0 caps=0x84201001 device_caps=0x04201001
PV-UVC-ENUM fmt index=0 fourcc=JPEG flags=0x0 desc="JPEG"
PV-UVC-ENUM size fourcc=JPEG index=0 1920x1080
PV-UVC-ENUM interval fourcc=JPEG 1920x1080 index=0 tipo=discrete num=333333 den=10000000 fps_x1000=30000
PV-UVC-ENUM interval fourcc=JPEG 1920x1080 index=1 tipo=discrete num=666666 den=10000000 fps_x1000=15000
PV-UVC-ENUM interval fourcc=JPEG 1920x1080 index=2 tipo=discrete num=1000000 den=10000000 fps_x1000=10000
PV-UVC-ENUM size fourcc=JPEG index=1 640x320
PV-UVC-ENUM interval fourcc=JPEG 640x320 index=0 tipo=discrete num=333333 den=10000000 fps_x1000=30000
PV-UVC-ENUM interval fourcc=JPEG 640x320 index=1 tipo=discrete num=666666 den=10000000 fps_x1000=15000
PV-UVC-ENUM interval fourcc=JPEG 640x320 index=2 tipo=discrete num=1000000 den=10000000 fps_x1000=10000
PV-UVC-ENUM size fourcc=JPEG index=2 640x480
PV-UVC-ENUM interval fourcc=JPEG 640x480 index=0 tipo=discrete num=333333 den=10000000 fps_x1000=30000
PV-UVC-ENUM interval fourcc=JPEG 640x480 index=1 tipo=discrete num=666666 den=10000000 fps_x1000=15000
PV-UVC-ENUM interval fourcc=JPEG 640x480 index=2 tipo=discrete num=1000000 den=10000000 fps_x1000=10000
PV-UVC-ENUM size fourcc=JPEG index=3 800x600
PV-UVC-ENUM interval fourcc=JPEG 800x600 index=0 tipo=discrete num=333333 den=10000000 fps_x1000=30000
PV-UVC-ENUM interval fourcc=JPEG 800x600 index=1 tipo=discrete num=666666 den=10000000 fps_x1000=15000
PV-UVC-ENUM interval fourcc=JPEG 800x600 index=2 tipo=discrete num=1000000 den=10000000 fps_x1000=10000
PV-UVC-ENUM size fourcc=JPEG index=4 1024x768
PV-UVC-ENUM interval fourcc=JPEG 1024x768 index=0 tipo=discrete num=333333 den=10000000 fps_x1000=30000
PV-UVC-ENUM interval fourcc=JPEG 1024x768 index=1 tipo=discrete num=666666 den=10000000 fps_x1000=15000
PV-UVC-ENUM interval fourcc=JPEG 1024x768 index=2 tipo=discrete num=1000000 den=10000000 fps_x1000=10000
PV-UVC-ENUM size fourcc=JPEG index=5 1280x720
PV-UVC-ENUM interval fourcc=JPEG 1280x720 index=0 tipo=discrete num=333333 den=10000000 fps_x1000=30000
PV-UVC-ENUM interval fourcc=JPEG 1280x720 index=1 tipo=discrete num=666666 den=10000000 fps_x1000=15000
PV-UVC-ENUM interval fourcc=JPEG 1280x720 index=2 tipo=discrete num=1000000 den=10000000 fps_x1000=10000
PV-UVC-ENUM size fourcc=JPEG index=6 1280x960
PV-UVC-ENUM interval fourcc=JPEG 1280x960 index=0 tipo=discrete num=333333 den=10000000 fps_x1000=30000
PV-UVC-ENUM interval fourcc=JPEG 1280x960 index=1 tipo=discrete num=666666 den=10000000 fps_x1000=15000
PV-UVC-ENUM interval fourcc=JPEG 1280x960 index=2 tipo=discrete num=1000000 den=10000000 fps_x1000=10000
PV-UVC-ENUM size fourcc=JPEG index=7 1600x1200
PV-UVC-ENUM interval fourcc=JPEG 1600x1200 index=0 tipo=discrete num=333333 den=10000000 fps_x1000=30000
PV-UVC-ENUM interval fourcc=JPEG 1600x1200 index=1 tipo=discrete num=666666 den=10000000 fps_x1000=15000
PV-UVC-ENUM interval fourcc=JPEG 1600x1200 index=2 tipo=discrete num=1000000 den=10000000 fps_x1000=10000
PV-UVC-ENUM size fourcc=JPEG index=8 2048x1536
PV-UVC-ENUM interval fourcc=JPEG 2048x1536 index=0 tipo=discrete num=333333 den=10000000 fps_x1000=30000
PV-UVC-ENUM interval fourcc=JPEG 2048x1536 index=1 tipo=discrete num=666666 den=10000000 fps_x1000=15000
PV-UVC-ENUM interval fourcc=JPEG 2048x1536 index=2 tipo=discrete num=1000000 den=10000000 fps_x1000=10000
PV-UVC-ENUM size fourcc=JPEG index=9 2592x1944
PV-UVC-ENUM interval fourcc=JPEG 2592x1944 index=0 tipo=discrete num=333333 den=10000000 fps_x1000=30000
PV-UVC-ENUM interval fourcc=JPEG 2592x1944 index=1 tipo=discrete num=666666 den=10000000 fps_x1000=15000
PV-UVC-ENUM interval fourcc=JPEG 2592x1944 index=2 tipo=discrete num=1000000 den=10000000 fps_x1000=10000
PV-UVC-ENUM size fourcc=JPEG index=10 3264x2448
PV-UVC-ENUM interval fourcc=JPEG 3264x2448 index=0 tipo=discrete num=333333 den=10000000 fps_x1000=30000
PV-UVC-ENUM interval fourcc=JPEG 3264x2448 index=1 tipo=discrete num=666666 den=10000000 fps_x1000=15000
PV-UVC-ENUM interval fourcc=JPEG 3264x2448 index=2 tipo=discrete num=1000000 den=10000000 fps_x1000=10000
PV-UVC-ENUM size fourcc=JPEG index=11 3840x2160
PV-UVC-ENUM interval fourcc=JPEG 3840x2160 index=0 tipo=discrete num=333333 den=10000000 fps_x1000=30000
PV-UVC-ENUM interval fourcc=JPEG 3840x2160 index=1 tipo=discrete num=666666 den=10000000 fps_x1000=15000
PV-UVC-ENUM interval fourcc=JPEG 3840x2160 index=2 tipo=discrete num=1000000 den=10000000 fps_x1000=10000
PV-UVC-ENUM size fourcc=JPEG index=12 4000x3000
PV-UVC-ENUM interval fourcc=JPEG 4000x3000 index=0 tipo=discrete num=666666 den=10000000 fps_x1000=15000
PV-UVC-ENUM interval fourcc=JPEG 4000x3000 index=1 tipo=discrete num=1000000 den=10000000 fps_x1000=10000
PV-UVC-ENUM size fourcc=JPEG index=13 320x240
PV-UVC-ENUM interval fourcc=JPEG 320x240 index=0 tipo=discrete num=333333 den=10000000 fps_x1000=30000
PV-UVC-ENUM interval fourcc=JPEG 320x240 index=1 tipo=discrete num=666666 den=10000000 fps_x1000=15000
PV-UVC-ENUM fmt index=1 fourcc=YUYV flags=0x0 desc="YUV 4:2:2 YUYV"
PV-UVC-ENUM size fourcc=YUYV index=0 320x240
PV-UVC-ENUM interval fourcc=YUYV 320x240 index=0 tipo=discrete num=500000 den=10000000 fps_x1000=20000
PV-UVC-ENUM interval fourcc=YUYV 320x240 index=1 tipo=discrete num=1000000 den=10000000 fps_x1000=10000
PV-UVC-ENUM size fourcc=YUYV index=1 640x360
PV-UVC-ENUM interval fourcc=YUYV 640x360 index=0 tipo=discrete num=500000 den=10000000 fps_x1000=20000
PV-UVC-ENUM interval fourcc=YUYV 640x360 index=1 tipo=discrete num=1000000 den=10000000 fps_x1000=10000
PV-UVC-ENUM size fourcc=YUYV index=2 640x480
PV-UVC-ENUM interval fourcc=YUYV 640x480 index=0 tipo=discrete num=1000000 den=10000000 fps_x1000=10000
PV-UVC-ENUM size fourcc=YUYV index=3 800x600
PV-UVC-ENUM interval fourcc=YUYV 800x600 index=0 tipo=discrete num=1000000 den=10000000 fps_x1000=10000
PV-UVC-ENUM size fourcc=YUYV index=4 1024x720
PV-UVC-ENUM interval fourcc=YUYV 1024x720 index=0 tipo=discrete num=1000000 den=10000000 fps_x1000=10000
PV-UVC-ENUM size fourcc=YUYV index=5 1280x940
PV-UVC-ENUM interval fourcc=YUYV 1280x940 index=0 tipo=discrete num=1000000 den=10000000 fps_x1000=10000
PV-UVC-ENUM size fourcc=YUYV index=6 1280x1024
PV-UVC-ENUM interval fourcc=YUYV 1280x1024 index=0 tipo=discrete num=1000000 den=10000000 fps_x1000=10000
PV-UVC-ENUM size fourcc=YUYV index=7 1600x1200
PV-UVC-ENUM interval fourcc=YUYV 1600x1200 index=0 tipo=discrete num=2000000 den=10000000 fps_x1000=5000
PV-UVC-ENUM size fourcc=YUYV index=8 1920x1080
PV-UVC-ENUM interval fourcc=YUYV 1920x1080 index=0 tipo=discrete num=2000000 den=10000000 fps_x1000=5000
PV-UVC-ENUM size fourcc=YUYV index=9 2048x1536
PV-UVC-ENUM interval fourcc=YUYV 2048x1536 index=0 tipo=discrete num=2000000 den=10000000 fps_x1000=5000
PV-UVC-ENUM size fourcc=YUYV index=10 2560x1440
PV-UVC-ENUM interval fourcc=YUYV 2560x1440 index=0 tipo=discrete num=2000000 den=10000000 fps_x1000=5000
PV-UVC-ENUM size fourcc=YUYV index=11 2592x1944
PV-UVC-ENUM interval fourcc=YUYV 2592x1944 index=0 tipo=discrete num=2000000 den=10000000 fps_x1000=5000
PV-UVC-ENUM result=OK tamanhos_jpeg=14
I (5051) usb_uvc_device: All UVC devices already enumerated
PV-UVC-FMT requested=800x600 applied=800x600 fourcc=JPEG sizeimage=0
I (5070) uvc: Allocating 2 USB transfers for ISOC. Each: 3072 bytes, 1 ISOC packets, 3072 MPS
W (8105) PvUvcSpike: DQBUF de descarte 0 falhou: errno=1(Not owner)
PV-UVC-WARMUP requested=800x600 descartados=0
E (13105) PvUvcSpike: VIDIOC_DQBUF falhou: errno=1(Not owner)

assert failed: usbh_dev_close usbh.c:1226 (dev_obj->dynamic.num_ctrl_xfers_inflight == 0)
Core  0 register dump:
MEPC    : 0x4ff0d048  RA      : 0x4ff0cbe0  SP      : 0x4ff3deb0  GP      : 0x4ff14300  
TP      : 0x4ff3e4e0  T0      : 0x695f7372  T1      : 0x616e7964  T2      : 0x696c666e  
S0/FP   : 0x0000006e  S1      : 0x00000001  A0      : 0x4ff3def8  A1      : 0x4ff16881  
A2      : 0x00000001  A3      : 0x4ff1a000  A4      : 0x00000001  A5      : 0x4ff1a000  
A6      : 0x00000008  A7      : 0x3e2d6a62  S2      : 0x4ff3def8  S3      : 0x4ff3df19  
S4      : 0x4ff16880  S5      : 0x4ff3def8  S6      : 0x48043896  S7      : 0x00000002  
S8      : 0x00001fa9  S9      : 0x480a4c98  S10     : 0x001e8480  S11     : 0x00000002  
T3      : 0x2e63696d  T4      : 0x5f6d756e  T5      : 0x6c727463  T6      : 0x6566785f  
MSTATUS : 0x00011880  MTVEC   : 0x4ff00003  MCAUSE  : 0x00000002  MTVAL   : 0x00000000  
MHARTID : 0x00000000  

Stack memory:
4ff3deb0: 0x00000004 0x7f000000 0x480da1c4 0x4ff0a8b8 0x36323231 0x00000000 0x00000000 0x00000000
4ff3ded0: 0x4f000000 0x4ff1712c 0x480da1c4 0x4ff17110 0x480ae0d1 0x4ff1713c 0x4ff3dec0 0x4ff17140
4ff3def0: 0x480ae248 0x4ff16880 0x65737361 0x66207472 0x656c6961 0x75203a64 0x5f686273 0x5f766564
4ff3df10: 0x736f6c63 0x73752065 0x632e6862 0x3232313a 0x64282036 0x6f5f7665 0x3e2d6a62 0x616e7964
4ff3df30: 0x2e63696d 0x5f6d756e 0x6c727463 0x6566785f 0x695f7372 0x696c666e 0x20746867 0x30203d3d
4ff3df50: 0x00000029 0x00000000 0x4ff51bd0 0xfffffffe 0x00000000 0x00000000 0x4ff3e518 0xfffffffe
4ff3df70: 0x00000000 0x480e7b90 0x4ff3e518 0x4807df5c 0x00000000 0x000000a8 0x480e7bc4 0x480e0ee4
4ff3df90: 0x4ff51a08 0x00000000 0x4ff3e8bc 0x4ff3fb68 0x480e6fa8 0x00000000 0x4ff3e8bc 0x4807e2c4
4ff3dfb0: 0x480e6fa8 0x00000000 0x4ff3e8bc 0x4807c782 0x4ff51a08 0x00000000 0x4ff3e418 0x4ff3fb68
4ff3dfd0: 0x480e6fa8 0x4ff1a000 0x480e7018 0x48043896 0x4ff51a08 0x00000000 0x480e7018 0x480e7018
4ff3dff0: 0x480e6fa8 0x4ff1a000 0x480e7018 0x48041a08 0x00000103 0x480e7b28 0x00000002 0x010e7d58
4ff3e010: 0x00000103 0x480e7b28 0x00000002 0x4803c3e6 0x00000103 0x4ff1a000 0x480e7b28 0x4803d944
4ff3e030: 0x00000103 0x4ff3fb68 0x4ff3fae4 0x48025bb0 0x00000000 0x40045613 0x4ff3fb68 0x48022870
4ff3e050: 0x00000001 0x40045613 0x00000001 0x4802303c 0x00000001 0x4ff14588 0x480a4364 0x00003331
4ff3e070: 0x00000000 0x480a4c98 0x4ff5073c 0x4802c984 0x00000001 0x00000000 0x4ff3e418 0x4808041e
4ff3e090: 0x00000001 0x4ff14588 0x480a4848 0x00000004 0x00000000 0x00000000 0x00000000 0x4ff3e0c8
4ff3e0b0: 0x00000004 0x4ff14588 0x00000004 0x48021362 0x00000005 0x00000000 0x4ff3e100 0x00000000
4ff3e0d0: 0x20800008 0x00000001 0x00000001 0x0000000a 0x4ff3e1a8 0x480e71a8 0x480e71a8 0x4803dd74
4ff3e0f0: 0x00000000 0x4ff1a000 0x4ff3fae4 0x00000001 0x00000001 0x4745504a 0x00000000 0x00000002
4ff3e110: 0x00000001 0x00000001 0x00000000 0x00000000 0x4ff3fb68 0x480f0a40 0x48165d80 0x00075300
4ff3e130: 0x00075300 0x00000000 0x00000000 0x00000001 0x00000000 0x00000000 0x00000000 0x00000000
4ff3e150: 0x00000000 0x00000000 0x00000000 0x00000000 0x00000000 0x00000000 0x00000000 0x00000000
4ff3e170: 0x00000000 0x00000001 0x00000000 0x00000000 0x00000000 0x00000000 0x00000001 0x00000320
4ff3e190: 0x00000258 0x4745504a 0x00000000 0x00000000 0x00000000 0x00000000 0x00000000 0x00000000
4ff3e1b0: 0x00000000 0x00000000 0x00000000 0x00000000 0x00000000 0x00000000 0x00000000 0x00000000
4ff3e1d0: 0x00000000 0x00000000 0x00000000 0x00000000 0x00000000 0x00000000 0x00000000 0x00000000
4ff3e1f0: 0x00000000 0x00000000 0x00000000 0x00000000 0x00000000 0x00000000 0x00000000 0x00000000
4ff3e210: 0x00000000 0x00000000 0x00000000 0x00000000 0x00000000 0x00000000 0x00000000 0x00000000
4ff3e230: 0x00000000 0x00000000 0x00000000 0x00000000 0x00000000 0x00000000 0x00000000 0x00000000
4ff3e250: 0x00000000 0x00000001 0x00000320 0x00000258 0x4745504a 0x00000000 0x00000000 0x00000000
4ff3e270: 0x00000000 0x00000000 0x00000000 0x00000000 0x00000000 0x00000000 0x00000000 0x00000000
4ff3e290: 0x00000000 0x00000000 0x00000000 0x00000000 0x00000000 0x00000000 0x00000000 0x00000000



ELF file SHA256: e87c6fa39

Rebooting...
ESP-ROM:esp32p4-eco2-20240710
Build:Jul 10 2024
rst:0xc (SW_CPU_RESET),boot:0xf (SPI_FAST_FLASH_BOOT)
Core0 Saved PC:0x4ff00c9e
Core1 Saved PC:0x4ff0698c
SPI mode:DIO, clock div:1
load:0x4ff33ce0,len:0x5d0
load:0x4ff28ed0,len:0xdf8
load:0x4ff2bbd0,len:0x34b8
entry 0x4ff28ed0
I (46) hex_psram: vendor id    : 0x0d (AP)
I (46) hex_psram: Latency      : 0x01 (Fixed)
I (46) hex_psram: DriveStr.    : 0x00 (25 Ohm)
I (47) hex_psram: dev id       : 0x03 (generation 4)
I (51) hex_psram: density      : 0x07 (256 Mbit)
I (56) hex_psram: good-die     : 0x06 (Pass)
I (60) hex_psram: SRF          : 0x02 (Slow Refresh)
I (64) hex_psram: BurstType    : 0x00 ( Wrap)
I (69) hex_psram: BurstLen     : 0x03 (2048 Byte)
I (73) hex_psram: BitMode      : 0x01 (X16 Mode)
I (77) hex_psram: Readlatency  : 0x04 (14 cycles@Fixed)
I (82) hex_psram: DriveStrength: 0x00 (1/1)
I (86) MSPI Timing: Enter psram timing tuning
I esp_psram: Found 32MB PSRAM device
I esp_psram: Speed: 200MHz
I (282) mmu_psram: .rodata xip on psram
I (316) mmu_psram: .text xip on psram
I (318) hex_psram: psram CS IO is dedicated
I (318) cpu_start: Multicore app
I (328) cpu_start: GPIO 38 and 37 are used as console UART I/O pins
I (328) cpu_start: Pro cpu start user code
I (328) cpu_start: cpu freq: 360000000 Hz
I (330) app_init: Application information:
I (334) app_init: Project name:     xiaozhi
I (338) app_init: App version:      2.4.0
I (341) app_init: Compile time:     Aug 10 2026 22:03:41
I (346) app_init: ELF file SHA256:  e87c6fa39...
I (351) app_init: ESP-IDF:          v6.0.2
I (355) efuse_init: Min chip rev:     v1.0
I (358) efuse_init: Max chip rev:     v1.99 
I (362) efuse_init: Chip rev:         v1.3
I (366) heap_init: Initializing. RAM available for dynamic allocation:
I (372) heap_init: At 4FF1A740 len 00020880 (130 KiB): RETENT_RAM
I (378) heap_init: At 4FF3AFC0 len 00004BF0 (18 KiB): RAM
I (383) heap_init: At 4FF40000 len 00060000 (384 KiB): RAM
I (389) heap_init: At 50108080 len 00007F80 (31 KiB): RTCRAM
I (394) heap_init: At 30100088 len 00001F78 (7 KiB): SPM
I (399) esp_psram: Adding pool of 31808K of PSRAM memory to heap allocator
I (406) esp_psram: Adding pool of 62K of PSRAM memory gap generated due to end address alignment of irom to the heap allocator
I (417) esp_psram: Adding pool of 60K of PSRAM memory gap generated due to end address alignment of drom to the heap allocator
I (428) spi_flash: detected chip: gd
I (431) spi_flash: flash io: qio
I (434) host_init: ESP Hosted : Host chip_ip[18]
I (438) H_API: ESP-Hosted starting. Hosted_Tasks: prio:23, stack: 5120 RPC_task_stack: 5120
I (447) H_API: ** add_esp_wifi_remote_channels **
I (452) sleep_gpio: Configure to isolate all GPIO pins in sleep state
I (457) sleep_gpio: Enable automatic switching of GPIO sleep configuration
I (465) H_SDIO_DRV: sdio_data_to_rx_buf_task started
I (468) main_task: Started on CPU0
I (471) esp_psram: Reserving pool of 64K of internal memory for DMA/internal allocations
I (480) main_task: Calling app_main()

PV-UVC-SPIKE inicio (F2B) degraus=5
PV-UVC-MEM etapa=boot psram_livre=32669812 psram_maior_bloco=32505856 interna_livre=421195
I (2357) main_task: Returned from app_main()
PV-UVC-INIT result=OK usb_host=on uvc_dev_num=1
PV-UVC-ENUM aguardando enumeracao USB em /dev/video40 (ate 10000 ms)
I (2387) usb_uvc_device: Waiting for UVC device to be enumerated...
E (2831) ENUM: LANGID 0x409 not found
*** Configuration descriptor ***
bLength 9
bDescriptorType 2
wTotalLength 1463
bNumInterfaces 5
bConfigurationValue 1
iConfiguration 0
bmAttributes 0x80
bMaxPower 500mA
*** Interface Association Descriptor ***
bLength 8
bDescriptorType 11
bFirstInterface 0
bInterfaceCount 2
bFunctionClass 0xe
bFunctionSubClass 0x3
bFunctionProtocol 0x0
iFunction 4
	*** Interface descriptor ***
	bLength 9
	bDescriptorType 4
	bInterfaceNumber 0
	bAlternateSetting 0
	bNumEndpoints 1
	bInterfaceClass 0xe
	bInterfaceSubClass 0x1
	bInterfaceProtocol 0x0
	iInterface 0
	*** Class-specific VC Interface Descriptor ***
	bLength 13
	bDescriptorType 0x24
	bDescriptorSubType 0x01
	bcdUVC 0100
	wTotalLength 80
	dwClockFrequency 24000000
	bInCollection 1
	baInterfaceNr[0] 1
	*** Input Terminal Descriptor (Camera) ***
	bLength 18
	bDescriptorType 0x24
	bDescriptorSubType 0x02
	bTerminalID 0x1
	wTerminalType 0x201
	bAssocTerminal 0
	iTerminal 0
	wObjectiveFocalLengthMin 0
	wObjectiveFocalLengthMax 0
	wOcularFocalLength 0
	bControlSize 3
	bmControls 0x7A 0x2A 0x2
	*** Extension Unit Descriptor unsupported, skipping... ***
	*** Processing Unit Descriptor ***
	bLength 11
	bDescriptorType 0x24
	bDescriptorSubType 0x05
	bUnitID 3
	bSourceID 2
	wMaxMultiplier 16384
	bControlSize 2
	bmControls 0x7F 0x17 0x0
	iProcessing 9
	bmVideoStandards 0x24
	*** Output Terminal Descriptor ***
	bLength 9
	bDescriptorType 0x24
	bDescriptorSubType 0x03
	bTerminalID 4
	wTerminalType 0x101
	bAssocTerminal 0
	bSourceID 3
	iTerminal 0
		*** Endpoint descriptor ***
		bLength 7
		bDescriptorType 5
		bEndpointAddress 0x81	EP 1 IN
		bmAttributes 0x3	INT
		wMaxPacketSize 16
		bInterval 8
		*** Class-specific Interrupt Endpoint Descriptor ***
		bLength 5
		bDescriptorType 0x25
		bDescriptorSubType 3
		wMaxTransferSize 16
	*** Interface descriptor ***
	bLength 9
	bDescriptorType 4
	bInterfaceNumber 1
	bAlternateSetting 0
	bNumEndpoints 0
	bInterfaceClass 0xe
	bInterfaceSubClass 0x2
	bInterfaceProtocol 0x0
	iInterface 0
	*** Class-specific VC Interface Descriptor ***
	bLength 15
	bDescriptorType 0x24
	bDescriptorSubType 0x01
	bcdUVC fc02
	wTotalLength 33283
	dwClockFrequency 16909312
	bInCollection 1
	baInterfaceNr[0] 1
	*** Extension Unit Descriptor unsupported, skipping... ***
	*** VS Frame Descriptor ***
	bLength 38
	bDescriptorType 0x24
	bDescriptorSubType 0x07
	bFrameIndex 1
	bmCapabilities 0x0
	wWidth 1920
	wHeight 1080
	dwMinBitRate 20736000
	dwMaxBitRate 62208000
	dwMaxVideoFrameBufSize 2073600
	dwDefaultFrameInterval 333333
	bFrameIntervalType 3
	FrameInterval[0] 333333
	FrameInterval[1] 666666
	FrameInterval[2] 1000000
	*** VS Frame Descriptor ***
	bLength 38
	bDescriptorType 0x24
	bDescriptorSubType 0x07
	bFrameIndex 2
	bmCapabilities 0x0
	wWidth 640
	wHeight 320
	dwMinBitRate 2048000
	dwMaxBitRate 6144000
	dwMaxVideoFrameBufSize 204800
	dwDefaultFrameInterval 333333
	bFrameIntervalType 3
	FrameInterval[0] 333333
	FrameInterval[1] 666666
	FrameInterval[2] 1000000
	*** VS Frame Descriptor ***
	bLength 38
	bDescriptorType 0x24
	bDescriptorSubType 0x07
	bFrameIndex 3
	bmCapabilities 0x0
	wWidth 640
	wHeight 480
	dwMinBitRate 3072000
	dwMaxBitRate 9216000
	dwMaxVideoFrameBufSize 307200
	dwDefaultFrameInterval 333333
	bFrameIntervalType 3
	FrameInterval[0] 333333
	FrameInterval[1] 666666
	FrameInterval[2] 1000000
	*** VS Frame Descriptor ***
	bLength 38
	bDescriptorType 0x24
	bDescriptorSubType 0x07
	bFrameIndex 4
	bmCapabilities 0x0
	wWidth 800
	wHeight 600
	dwMinBitRate 4800000
	dwMaxBitRate 14400000
	dwMaxVideoFrameBufSize 480000
	dwDefaultFrameInterval 333333
	bFrameIntervalType 3
	FrameInterval[0] 333333
	FrameInterval[1] 666666
	FrameInterval[2] 1000000
	*** VS Frame Descriptor ***
	bLength 38
	bDescriptorType 0x24
	bDescriptorSubType 0x07
	bFrameIndex 5
	bmCapabilities 0x0
	wWidth 1024
	wHeight 768
	dwMinBitRate 7864320
	dwMaxBitRate 23592960
	dwMaxVideoFrameBufSize 786432
	dwDefaultFrameInterval 333333
	bFrameIntervalType 3
	FrameInterval[0] 333333
	FrameInterval[1] 666666
	FrameInterval[2] 1000000
	*** VS Frame Descriptor ***
	bLength 38
	bDescriptorType 0x24
	bDescriptorSubType 0x07
	bFrameIndex 6
	bmCapabilities 0x0
	wWidth 1280
	wHeight 720
	dwMinBitRate 9216000
	dwMaxBitRate 27648000
	dwMaxVideoFrameBufSize 921600
	dwDefaultFrameInterval 333333
	bFrameIntervalType 3
	FrameInterval[0] 333333
	FrameInterval[1] 666666
	FrameInterval[2] 1000000
	*** VS Frame Descriptor ***
	bLength 38
	bDescriptorType 0x24
	bDescriptorSubType 0x07
	bFrameIndex 7
	bmCapabilities 0x0
	wWidth 1280
	wHeight 960
	dwMinBitRate 12288000
	dwMaxBitRate 36864000
	dwMaxVideoFrameBufSize 1228800
	dwDefaultFrameInterval 333333
	bFrameIntervalType 3
	FrameInterval[0] 333333
	FrameInterval[1] 666666
	FrameInterval[2] 1000000
	*** VS Frame Descriptor ***
	bLength 38
	bDescriptorType 0x24
	bDescriptorSubType 0x07
	bFrameIndex 8
	bmCapabilities 0x0
	wWidth 1600
	wHeight 1200
	dwMinBitRate 19200000
	dwMaxBitRate 57600000
	dwMaxVideoFrameBufSize 1920000
	dwDefaultFrameInterval 333333
	bFrameIntervalType 3
	FrameInterval[0] 333333
	FrameInterval[1] 666666
	FrameInterval[2] 1000000
	*** VS Frame Descriptor ***
	bLength 38
	bDescriptorType 0x24
	bDescriptorSubType 0x07
	bFrameIndex 9
	bmCapabilities 0x0
	wWidth 2048
	wHeight 1536
	dwMinBitRate 31457280
	dwMaxBitRate 94371840
	dwMaxVideoFrameBufSize 3145728
	dwDefaultFrameInterval 333333
	bFrameIntervalType 3
	FrameInterval[0] 333333
	FrameInterval[1] 666666
	FrameInterval[2] 1000000
	*** VS Frame Descriptor ***
	bLength 38
	bDescriptorType 0x24
	bDescriptorSubType 0x07
	bFrameIndex 10
	bmCapabilities 0x0
	wWidth 2592
	wHeight 1944
	dwMinBitRate 50388480
	dwMaxBitRate 151165440
	dwMaxVideoFrameBufSize 5038848
	dwDefaultFrameInterval 333333
	bFrameIntervalType 3
	FrameInterval[0] 333333
	FrameInterval[1] 666666
	FrameInterval[2] 1000000
	*** VS Frame Descriptor ***
	bLength 38
	bDescriptorType 0x24
	bDescriptorSubType 0x07
	bFrameIndex 11
	bmCapabilities 0x0
	wWidth 3264
	wHeight 2448
	dwMinBitRate 79902720
	dwMaxBitRate 239708160
	dwMaxVideoFrameBufSize 7990272
	dwDefaultFrameInterval 333333
	bFrameIntervalType 3
	FrameInterval[0] 333333
	FrameInterval[1] 666666
	FrameInterval[2] 1000000
	*** VS Frame Descriptor ***
	bLength 38
	bDescriptorType 0x24
	bDescriptorSubType 0x07
	bFrameIndex 12
	bmCapabilities 0x0
	wWidth 3840
	wHeight 2160
	dwMinBitRate 82944000
	dwMaxBitRate 248832000
	dwMaxVideoFrameBufSize 8294400
	dwDefaultFrameInterval 333333
	bFrameIntervalType 3
	FrameInterval[0] 333333
	FrameInterval[1] 666666
	FrameInterval[2] 1000000
	*** VS Frame Descriptor ***
	bLength 34
	bDescriptorType 0x24
	bDescriptorSubType 0x07
	bFrameIndex 13
	bmCapabilities 0x0
	wWidth 4000
	wHeight 3000
	dwMinBitRate 120000000
	dwMaxBitRate 180000000
	dwMaxVideoFrameBufSize 12000000
	dwDefaultFrameInterval 666666
	bFrameIntervalType 2
	FrameInterval[0] 666666
	FrameInterval[1] 1000000
	*** VS Frame Descriptor ***
	bLength 34
	bDescriptorType 0x24
	bDescriptorSubType 0x07
	bFrameIndex 14
	bmCapabilities 0x0
	wWidth 320
	wHeight 240
	dwMinBitRate 1152000
	dwMaxBitRate 2304000
	dwMaxVideoFrameBufSize 76800
	dwDefaultFrameInterval 333333
	bFrameIntervalType 2
	FrameInterval[0] 333333
	FrameInterval[1] 666666
	*** Output Terminal Descriptor ***
	bLength 63
	bDescriptorType 0x24
	bDescriptorSubType 0x03
	bTerminalID 0
	wTerminalType 0x800E
	bAssocTerminal 7
	bSourceID 56
	iTerminal 4
	*** VS Color Format Descriptor ***
	bLength 6
	bDescriptorType 0x24
	bDescriptorSubType 0x0D
	bColorPrimaries 0x1
	bTransferCharacteristics 1
	bMatrixCoefficients 0x4
	*** Selector Unit Descriptor ***
	bLength 27
	bDescriptorType 0x24
	bDescriptorSubType 0x04
	bUnitID 2
	bNrInPins 12
	baSourceID1 89
	baSourceID2 85
	iSelector 89
	*** Processing Unit Descriptor ***
	bLength 34
	bDescriptorType 0x24
	bDescriptorSubType 0x05
	bUnitID 1
	bSourceID 0
	wMaxMultiplier 320
	bControlSize 240
	bmControls 0x0 0x0 0x70
	iProcessing 23
	bmVideoStandards 0x0
	*** Processing Unit Descriptor ***
	bLength 34
	bDescriptorType 0x24
	bDescriptorSubType 0x05
	bUnitID 2
	bSourceID 0
	wMaxMultiplier 640
	bControlSize 104
	bmControls 0x1 0x0 0x50
	iProcessing 70
	bmVideoStandards 0x0
	*** Processing Unit Descriptor ***
	bLength 30
	bDescriptorType 0x24
	bDescriptorSubType 0x05
	bUnitID 3
	bSourceID 0
	wMaxMultiplier 640
	bControlSize 224
	bmControls 0x1 0x0 0xC0
	iProcessing 93
	bmVideoStandards 0x0
	*** Processing Unit Descriptor ***
	bLength 30
	bDescriptorType 0x24
	bDescriptorSubType 0x05
	bUnitID 4
	bSourceID 0
	wMaxMultiplier 800
	bControlSize 88
	bmControls 0x2 0x0 0x7C
	iProcessing 146
	bmVideoStandards 0x0
	*** Processing Unit Descriptor ***
	bLength 30
	bDescriptorType 0x24
	bDescriptorSubType 0x05
	bUnitID 5
	bSourceID 0
	wMaxMultiplier 1024
	bControlSize 208
	bmControls 0x2 0x0 0x0
	iProcessing 225
	bmVideoStandards 0x0
	*** Processing Unit Descriptor ***
	bLength 30
	bDescriptorType 0x24
	bDescriptorSubType 0x05
	bUnitID 6
	bSourceID 0
	wMaxMultiplier 1280
	bControlSize 172
	bmControls 0x3 0x0 0x30
	iProcessing 111
	bmVideoStandards 0x1
	*** Processing Unit Descriptor ***
	bLength 30
	bDescriptorType 0x24
	bDescriptorSubType 0x05
	bUnitID 7
	bSourceID 0
	wMaxMultiplier 1280
	bControlSize 0
	bmControls 0x4 0x0 0x0
	iProcessing 144
	bmVideoStandards 0x1
	*** Processing Unit Descriptor ***
	bLength 30
	bDescriptorType 0x24
	bDescriptorSubType 0x05
	bUnitID 8
	bSourceID 0
	wMaxMultiplier 1600
	bControlSize 176
	bmControls 0x4 0x0 0xF8
	iProcessing 36
	bmVideoStandards 0x1
	*** Processing Unit Descriptor ***
	bLength 30
	bDescriptorType 0x24
	bDescriptorSubType 0x05
	bUnitID 9
	bSourceID 0
	wMaxMultiplier 1920
	bControlSize 56
	bmControls 0x4 0x0 0x68
	iProcessing 60
	bmVideoStandards 0x1
	*** Processing Unit Descriptor ***
	bLength 30
	bDescriptorType 0x24
	bDescriptorSubType 0x05
	bUnitID 10
	bSourceID 0
	wMaxMultiplier 2048
	bControlSize 0
	bmControls 0x6 0x0 0x0
	iProcessing 224
	bmVideoStandards 0x1
	*** Processing Unit Descriptor ***
	bLength 30
	bDescriptorType 0x24
	bDescriptorSubType 0x05
	bUnitID 11
	bSourceID 0
	wMaxMultiplier 2560
	bControlSize 160
	bmControls 0x5 0x0 0x80
	iProcessing 50
	bmVideoStandards 0x2
	*** Processing Unit Descriptor ***
	bLength 30
	bDescriptorType 0x24
	bDescriptorSubType 0x05
	bUnitID 12
	bSourceID 0
	wMaxMultiplier 2592
	bControlSize 152
	bmControls 0x7 0x0 0xDE
	iProcessing 0
	bmVideoStandards 0x3
	*** VS Color Format Descriptor ***
	bLength 6
	bDescriptorType 0x24
	bDescriptorSubType 0x0D
	bColorPrimaries 0x1
	bTransferCharacteristics 1
	bMatrixCoefficients 0x4
	*** Interface descriptor ***
	bLength 9
	bDescriptorType 4
	bInterfaceNumber 1
	bAlternateSetting 1
	bNumEndpoints 1
	bInterfaceClass 0xe
	bInterfaceSubClass 0x2
	bInterfaceProtocol 0x0
	iInterface 0
		*** Endpoint descriptor ***
		bLength 7
		bDescriptorType 5
		bEndpointAddress 0x82	EP 2 IN
		bmAttributes 0x5	ISOC
		wMaxPacketSize 192
		bInterval 1
	*** Interface descriptor ***
	bLength 9
	bDescriptorType 4
	bInterfaceNumber 1
	bAlternateSetting 2
	bNumEndpoints 1
	bInterfaceClass 0xe
	bInterfaceSubClass 0x2
	bInterfaceProtocol 0x0
	iInterface 0
		*** Endpoint descriptor ***
		bLength 7
		bDescriptorType 5
		bEndpointAddress 0x82	EP 2 IN
		bmAttributes 0x5	ISOC
		wMaxPacketSize 384
		bInterval 1
	*** Interface descriptor ***
	bLength 9
	bDescriptorType 4
	bInterfaceNumber 1
	bAlternateSetting 3
	bNumEndpoints 1
	bInterfaceClass 0xe
	bInterfaceSubClass 0x2
	bInterfaceProtocol 0x0
	iInterface 0
		*** Endpoint descriptor ***
		bLength 7
		bDescriptorType 5
		bEndpointAddress 0x82	EP 2 IN
		bmAttributes 0x5	ISOC
		wMaxPacketSize 512
		bInterval 1
	*** Interface descriptor ***
	bLength 9
	bDescriptorType 4
	bInterfaceNumber 1
	bAlternateSetting 4
	bNumEndpoints 1
	bInterfaceClass 0xe
	bInterfaceSubClass 0x2
	bInterfaceProtocol 0x0
	iInterface 0
		*** Endpoint descriptor ***
		bLength 7
		bDescriptorType 5
		bEndpointAddress 0x82	EP 2 IN
		bmAttributes 0x5	ISOC
		wMaxPacketSize 640
		bInterval 1
	*** Interface descriptor ***
	bLength 9
	bDescriptorType 4
	bInterfaceNumber 1
	bAlternateSetting 5
	bNumEndpoints 1
	bInterfaceClass 0xe
	bInterfaceSubClass 0x2
	bInterfaceProtocol 0x0
	iInterface 0
		*** Endpoint descriptor ***
		bLength 7
		bDescriptorType 5
		bEndpointAddress 0x82	EP 2 IN
		bmAttributes 0x5	ISOC
		wMaxPacketSize 800
		bInterval 1
	*** Interface descriptor ***
	bLength 9
	bDescriptorType 4
	bInterfaceNumber 1
	bAlternateSetting 6
	bNumEndpoints 1
	bInterfaceClass 0xe
	bInterfaceSubClass 0x2
	bInterfaceProtocol 0x0
	iInterface 0
		*** Endpoint descriptor ***
		bLength 7
		bDescriptorType 5
		bEndpointAddress 0x82	EP 2 IN
		bmAttributes 0x5	ISOC
		wMaxPacketSize 944
		bInterval 1
	*** Interface descriptor ***
	bLength 9
	bDescriptorType 4
	bInterfaceNumber 1
	bAlternateSetting 7
	bNumEndpoints 1
	bInterfaceClass 0xe
	bInterfaceSubClass 0x2
	bInterfaceProtocol 0x0
	iInterface 0
		*** Endpoint descriptor ***
		bLength 7
		bDescriptorType 5
		bEndpointAddress 0x82	EP 2 IN
		bmAttributes 0x5	ISOC
		wMaxPacketSize 640
		wMaxPacketSize (with additional transactions in microframe) 1280
		bInterval 1
	*** Interface descriptor ***
	bLength 9
	bDescriptorType 4
	bInterfaceNumber 1
	bAlternateSetting 8
	bNumEndpoints 1
	bInterfaceClass 0xe
	bInterfaceSubClass 0x2
	bInterfaceProtocol 0x0
	iInterface 0
		*** Endpoint descriptor ***
		bLength 7
		bDescriptorType 5
		bEndpointAddress 0x82	EP 2 IN
		bmAttributes 0x5	ISOC
		wMaxPacketSize 800
		wMaxPacketSize (with additional transactions in microframe) 1600
		bInterval 1
	*** Interface descriptor ***
	bLength 9
	bDescriptorType 4
	bInterfaceNumber 1
	bAlternateSetting 9
	bNumEndpoints 1
	bInterfaceClass 0xe
	bInterfaceSubClass 0x2
	bInterfaceProtocol 0x0
	iInterface 0
		*** Endpoint descriptor ***
		bLength 7
		bDescriptorType 5
		bEndpointAddress 0x82	EP 2 IN
		bmAttributes 0x5	ISOC
		wMaxPacketSize 992
		wMaxPacketSize (with additional transactions in microframe) 1984
		bInterval 1
	*** Interface descriptor ***
	bLength 9
	bDescriptorType 4
	bInterfaceNumber 1
	bAlternateSetting 10
	bNumEndpoints 1
	bInterfaceClass 0xe
	bInterfaceSubClass 0x2
	bInterfaceProtocol 0x0
	iInterface 0
		*** Endpoint descriptor ***
		bLength 7
		bDescriptorType 5
		bEndpointAddress 0x82	EP 2 IN
		bmAttributes 0x5	ISOC
		wMaxPacketSize 896
		wMaxPacketSize (with additional transactions in microframe) 2688
		bInterval 1
	*** Interface descriptor ***
	bLength 9
	bDescriptorType 4
	bInterfaceNumber 1
	bAlternateSetting 11
	bNumEndpoints 1
	bInterfaceClass 0xe
	bInterfaceSubClass 0x2
	bInterfaceProtocol 0x0
	iInterface 0
		*** Endpoint descriptor ***
		bLength 7
		bDescriptorType 5
		bEndpointAddress 0x82	EP 2 IN
		bmAttributes 0x5	ISOC
		wMaxPacketSize 1024
		wMaxPacketSize (with additional transactions in microframe) 3072
		bInterval 1
*** Interface Association Descriptor ***
bLength 8
bDescriptorType 11
bFirstInterface 2
bInterfaceCount 2
bFunctionClass 0x1
bFunctionSubClass 0x0
bFunctionProtocol 0x0
iFunction 5
	*** Interface descriptor ***
	bLength 9
	bDescriptorType 4
	bInterfaceNumber 2
	bAlternateSetting 0
	bNumEndpoints 0
	bInterfaceClass 0x1
	bInterfaceSubClass 0x1
	bInterfaceProtocol 0x0
	iInterface 0
	*** Class-specific VC Interface Descriptor ***
	bLength 9
	bDescriptorType 0x24
	bDescriptorSubType 0x01
	bcdUVC 0100
	wTotalLength 39
	dwClockFrequency 604766977
	bInCollection 2
	baInterfaceNr[0] 1
	baInterfaceNr[1] 1
	*** Input Terminal Descriptor (Camera) ***
	bLength 12
	bDescriptorType 0x24
	bDescriptorSubType 0x02
	bTerminalID 0x1
	wTerminalType 0x201
	bAssocTerminal 0
	iTerminal 1
	wObjectiveFocalLengthMin 3
	wObjectiveFocalLengthMax 0
	wOcularFocalLength 9225
	bControlSize 6
	bmControls 0x2 0x1 0x2
	*** Extension Unit Descriptor unsupported, skipping... ***
	*** Output Terminal Descriptor ***
	bLength 9
	bDescriptorType 0x24
	bDescriptorSubType 0x03
	bTerminalID 3
	wTerminalType 0x101
	bAssocTerminal 0
	bSourceID 2
	iTerminal 0
	*** Interface descriptor ***
	bLength 9
	bDescriptorType 4
	bInterfaceNumber 3
	bAlternateSetting 0
	bNumEndpoints 0
	bInterfaceClass 0x1
	bInterfaceSubClass 0x2
	bInterfaceProtocol 0x0
	iInterface 0
	*** Interface descriptor ***
	bLength 9
	bDescriptorType 4
	bInterfaceNumber 3
	bAlternateSetting 1
	bNumEndpoints 1
	bInterfaceClass 0x1
	bInterfaceSubClass 0x2
	bInterfaceProtocol 0x0
	iInterface 0
	*** Class-specific VC Interface Descriptor ***
	bLength 7
	bDescriptorType 0x24
	bDescriptorSubType 0x01
	bcdUVC 0003
	wTotalLength 1
	dwClockFrequency 16917515
	bInCollection 2
	baInterfaceNr[0] 2
	baInterfaceNr[1] 16
	*** Input Terminal Descriptor (Media) ***
	bLength 11
	bDescriptorType 0x24
	bDescriptorSubType 0x02
	bTerminalID 0x1
	wTerminalType 0x202
	bAssocTerminal 16
	iTerminal 1
	bControlSize 128
	bmControls 0xBB
	bTransportModeSize 0
	bmTransportModes 0x9 0x5 0x83 0x1 0xC0
		*** Endpoint descriptor ***
		bLength 9
		bDescriptorType 5
		bEndpointAddress 0x83	EP 3 IN
		bmAttributes 0x1	ISOC
		wMaxPacketSize 192
		bInterval 4
		*** Class-specific Interrupt Endpoint Descriptor ***
		bLength 7
		bDescriptorType 0x25
		bDescriptorSubType 1
		wMaxTransferSize 1
	*** Interface descriptor ***
	bLength 9
	bDescriptorType 4
	bInterfaceNumber 4
	bAlternateSetting 0
	bNumEndpoints 2
	bInterfaceClass 0x3
	bInterfaceSubClass 0x0
	bInterfaceProtocol 0x0
	iInterface 0
 *** Unknown Descriptor Length: 9 Type: 33 ***
		*** Endpoint descriptor ***
		bLength 7
		bDescriptorType 5
		bEndpointAddress 0x84	EP 4 IN
		bmAttributes 0x3	INT
		wMaxPacketSize 64
		bInterval 4
		*** Endpoint descriptor ***
		bLength 7
		bDescriptorType 5
		bEndpointAddress 0x1	EP 1 OUT
		bmAttributes 0x3	INT
		wMaxPacketSize 64
		bInterval 4
PV-UVC-ENUM device aberto em 2034 ms
PV-UVC-ENUM cap driver=USB-UVC0 card=USB-UVC0 bus=esp32p4:USB-UVC0 caps=0x84201001 device_caps=0x04201001
PV-UVC-ENUM fmt index=0 fourcc=JPEG flags=0x0 desc="JPEG"
PV-UVC-ENUM size fourcc=JPEG index=0 1920x1080
PV-UVC-ENUM interval fourcc=JPEG 1920x1080 index=0 tipo=discrete num=333333 den=10000000 fps_x1000=30000
PV-UVC-ENUM interval fourcc=JPEG 1920x1080 index=1 tipo=discrete num=666666 den=10000000 fps_x1000=15000
PV-UVC-ENUM interval fourcc=JPEG 1920x1080 index=2 tipo=discrete num=1000000 den=10000000 fps_x1000=10000
PV-UVC-ENUM size fourcc=JPEG index=1 640x320
PV-UVC-ENUM interval fourcc=JPEG 640x320 index=0 tipo=discrete num=333333 den=10000000 fps_x1000=30000
PV-UVC-ENUM interval fourcc=JPEG 640x320 index=1 tipo=discrete num=666666 den=10000000 fps_x1000=15000
PV-UVC-ENUM interval fourcc=JPEG 640x320 index=2 tipo=discrete num=1000000 den=10000000 fps_x1000=10000
PV-UVC-ENUM size fourcc=JPEG index=2 640x480
PV-UVC-ENUM interval fourcc=JPEG 640x480 index=0 tipo=discrete num=333333 den=10000000 fps_x1000=30000
PV-UVC-ENUM interval fourcc=JPEG 640x480 index=1 tipo=discrete num=666666 den=10000000 fps_x1000=15000
PV-UVC-ENUM interval fourcc=JPEG 640x480 index=2 tipo=discrete num=1000000 den=10000000 fps_x1000=10000
PV-UVC-ENUM size fourcc=JPEG index=3 800x600
PV-UVC-ENUM interval fourcc=JPEG 800x600 index=0 tipo=discrete num=333333 den=10000000 fps_x1000=30000
PV-UVC-ENUM interval fourcc=JPEG 800x600 index=1 tipo=discrete num=666666 den=10000000 fps_x1000=15000
PV-UVC-ENUM interval fourcc=JPEG 800x600 index=2 tipo=discrete num=1000000 den=10000000 fps_x1000=10000
PV-UVC-ENUM size fourcc=JPEG index=4 1024x768
PV-UVC-ENUM interval fourcc=JPEG 1024x768 index=0 tipo=discrete num=333333 den=10000000 fps_x1000=30000
PV-UVC-ENUM interval fourcc=JPEG 1024x768 index=1 tipo=discrete num=666666 den=10000000 fps_x1000=15000
PV-UVC-ENUM interval fourcc=JPEG 1024x768 index=2 tipo=discrete num=1000000 den=10000000 fps_x1000=10000
PV-UVC-ENUM size fourcc=JPEG index=5 1280x720
PV-UVC-ENUM interval fourcc=JPEG 1280x720 index=0 tipo=discrete num=333333 den=10000000 fps_x1000=30000
PV-UVC-ENUM interval fourcc=JPEG 1280x720 index=1 tipo=discrete num=666666 den=10000000 fps_x1000=15000
PV-UVC-ENUM interval fourcc=JPEG 1280x720 index=2 tipo=discrete num=1000000 den=10000000 fps_x1000=10000
PV-UVC-ENUM size fourcc=JPEG index=6 1280x960
PV-UVC-ENUM interval fourcc=JPEG 1280x960 index=0 tipo=discrete num=333333 den=10000000 fps_x1000=30000
PV-UVC-ENUM interval fourcc=JPEG 1280x960 index=1 tipo=discrete num=666666 den=10000000 fps_x1000=15000
PV-UVC-ENUM interval fourcc=JPEG 1280x960 index=2 tipo=discrete num=1000000 den=10000000 fps_x1000=10000
PV-UVC-ENUM size fourcc=JPEG index=7 1600x1200
PV-UVC-ENUM interval fourcc=JPEG 1600x1200 index=0 tipo=discrete num=333333 den=10000000 fps_x1000=30000
PV-UVC-ENUM interval fourcc=JPEG 1600x1200 index=1 tipo=discrete num=666666 den=10000000 fps_x1000=15000
PV-UVC-ENUM interval fourcc=JPEG 1600x1200 index=2 tipo=discrete num=1000000 den=10000000 fps_x1000=10000
PV-UVC-ENUM size fourcc=JPEG index=8 2048x1536
PV-UVC-ENUM interval fourcc=JPEG 2048x1536 index=0 tipo=discrete num=333333 den=10000000 fps_x1000=30000
PV-UVC-ENUM interval fourcc=JPEG 2048x1536 index=1 tipo=discrete num=666666 den=10000000 fps_x1000=15000
PV-UVC-ENUM interval fourcc=JPEG 2048x1536 index=2 tipo=discrete num=1000000 den=10000000 fps_x1000=10000
PV-UVC-ENUM size fourcc=JPEG index=9 2592x1944
PV-UVC-ENUM interval fourcc=JPEG 2592x1944 index=0 tipo=discrete num=333333 den=10000000 fps_x1000=30000
PV-UVC-ENUM interval fourcc=JPEG 2592x1944 index=1 tipo=discrete num=666666 den=10000000 fps_x1000=15000
PV-UVC-ENUM interval fourcc=JPEG 2592x1944 index=2 tipo=discrete num=1000000 den=10000000 fps_x1000=10000
PV-UVC-ENUM size fourcc=JPEG index=10 3264x2448
PV-UVC-ENUM interval fourcc=JPEG 3264x2448 index=0 tipo=discrete num=333333 den=10000000 fps_x1000=30000
PV-UVC-ENUM interval fourcc=JPEG 3264x2448 index=1 tipo=discrete num=666666 den=10000000 fps_x1000=15000
PV-UVC-ENUM interval fourcc=JPEG 3264x2448 index=2 tipo=discrete num=1000000 den=10000000 fps_x1000=10000
PV-UVC-ENUM size fourcc=JPEG index=11 3840x2160
PV-UVC-ENUM interval fourcc=JPEG 3840x2160 index=0 tipo=discrete num=333333 den=10000000 fps_x1000=30000
PV-UVC-ENUM interval fourcc=JPEG 3840x2160 index=1 tipo=discrete num=666666 den=10000000 fps_x1000=15000
PV-UVC-ENUM interval fourcc=JPEG 3840x2160 index=2 tipo=discrete num=1000000 den=10000000 fps_x1000=10000
PV-UVC-ENUM size fourcc=JPEG index=12 4000x3000
PV-UVC-ENUM interval fourcc=JPEG 4000x3000 index=0 tipo=discrete num=666666 den=10000000 fps_x1000=15000
PV-UVC-ENUM interval fourcc=JPEG 4000x3000 index=1 tipo=discrete num=1000000 den=10000000 fps_x1000=10000
PV-UVC-ENUM size fourcc=JPEG index=13 320x240
PV-UVC-ENUM interval fourcc=JPEG 320x240 index=0 tipo=discrete num=333333 den=10000000 fps_x1000=30000
PV-UVC-ENUM interval fourcc=JPEG 320x240 index=1 tipo=discrete num=666666 den=10000000 fps_x1000=15000
PV-UVC-ENUM fmt index=1 fourcc=YUYV flags=0x0 desc="YUV 4:2:2 YUYV"
PV-UVC-ENUM size fourcc=YUYV index=0 320x240
PV-UVC-ENUM interval fourcc=YUYV 320x240 index=0 tipo=discrete num=500000 den=10000000 fps_x1000=20000
PV-UVC-ENUM interval fourcc=YUYV 320x240 index=1 tipo=discrete num=1000000 den=10000000 fps_x1000=10000
PV-UVC-ENUM size fourcc=YUYV index=1 640x360
PV-UVC-ENUM interval fourcc=YUYV 640x360 index=0 tipo=discrete num=500000 den=10000000 fps_x1000=20000
PV-UVC-ENUM interval fourcc=YUYV 640x360 index=1 tipo=discrete num=1000000 den=10000000 fps_x1000=10000
PV-UVC-ENUM size fourcc=YUYV index=2 640x480
PV-UVC-ENUM interval fourcc=YUYV 640x480 index=0 tipo=discrete num=1000000 den=10000000 fps_x1000=10000
PV-UVC-ENUM size fourcc=YUYV index=3 800x600
PV-UVC-ENUM interval fourcc=YUYV 800x600 index=0 tipo=discrete num=1000000 den=10000000 fps_x1000=10000
PV-UVC-ENUM size fourcc=YUYV index=4 1024x720
PV-UVC-ENUM interval fourcc=YUYV 1024x720 index=0 tipo=discrete num=1000000 den=10000000 fps_x1000=10000
PV-UVC-ENUM size fourcc=YUYV index=5 1280x940
PV-UVC-ENUM interval fourcc=YUYV 1280x940 index=0 tipo=discrete num=1000000 den=10000000 fps_x1000=10000
PV-UVC-ENUM size fourcc=YUYV index=6 1280x1024
PV-UVC-ENUM interval fourcc=YUYV 1280x1024 index=0 tipo=discrete num=1000000 den=10000000 fps_x1000=10000
PV-UVC-ENUM size fourcc=YUYV index=7 1600x1200
PV-UVC-ENUM interval fourcc=YUYV 1600x1200 index=0 tipo=discrete num=2000000 den=10000000 fps_x1000=5000
PV-UVC-ENUM size fourcc=YUYV index=8 1920x1080
PV-UVC-ENUM interval fourcc=YUYV 1920x1080 index=0 tipo=discrete num=2000000 den=10000000 fps_x1000=5000
PV-UVC-ENUM size fourcc=YUYV index=9 2048x1536
PV-UVC-ENUM interval fourcc=YUYV 2048x1536 index=0 tipo=discrete num=2000000 den=10000000 fps_x1000=5000
PV-UVC-ENUM size fourcc=YUYV index=10 2560x1440
PV-UVC-ENUM interval fourcc=YUYV 2560x1440 index=0 tipo=discrete num=2000000 den=10000000 fps_x1000=5000
PV-UVC-ENUM size fourcc=YUYV index=11 2592x1944
PV-UVC-ENUM interval fourcc=YUYV 2592x1944 index=0 tipo=discrete num=2000000 den=10000000 fps_x1000=5000
PV-UVC-ENUM result=OK tamanhos_jpeg=14
I (5050) usb_uvc_device: All UVC devices already enumerated
PV-UVC-FMT requested=800x600 applied=800x600 fourcc=JPEG sizeimage=0
I (5069) uvc: Allocating 2 USB transfers for ISOC. Each: 3072 bytes, 1 ISOC packets, 3072 MPS
W (8104) PvUvcSpike: DQBUF de descarte 0 falhou: errno=1(Not owner)
PV-UVC-WARMUP requested=800x600 descartados=0
E (13104) PvUvcSpike: VIDIOC_DQBUF falhou: errno=1(Not owner)
PV-UVC-RUNG requested=800x600 applied=800x600 fourcc=JPEG bytesused=0 result=FAIL reason=dqbuf
PV-UVC-MEM etapa=pos-degrau psram_livre=32667120 psram_maior_bloco=32505856 interna_livre=415311
I (13210) usb_uvc_device: All UVC devices already enumerated
PV-UVC-FMT requested=1920x1080 applied=1920x1080 fourcc=JPEG sizeimage=0
I (13231) uvc: Allocating 2 USB transfers for ISOC. Each: 3072 bytes, 1 ISOC packets, 3072 MPS
W (16267) PvUvcSpike: DQBUF de descarte 0 falhou: errno=1(Not owner)
PV-UVC-WARMUP requested=1920x1080 descartados=0
E (21267) PvUvcSpike: VIDIOC_DQBUF falhou: errno=1(Not owner)

assert failed: usbh_dev_close usbh.c:1226 (dev_obj->dynamic.num_ctrl_xfers_inflight == 0)
Core  0 register dump:
MEPC    : 0x4ff0d048  RA      : 0x4ff0cbe0  SP      : 0x4ff3deb0  GP      : 0x4ff14300  
TP      : 0x4ff3e4e0  T0      : 0x695f7372  T1      : 0x616e7964  T2      : 0x696c666e  
S0/FP   : 0x0000006e  S1      : 0x00000001  A0      : 0x4ff3def8  A1      : 0x4ff16881  
A2      : 0x00000001  A3      : 0x4ff1a000  A4      : 0x00000001  A5      : 0x4ff1a000  
A6      : 0x00000008  A7      : 0x3e2d6a62  S2      : 0x4ff3def8  S3      : 0x4ff3df19  
S4      : 0x4ff16880  S5      : 0x4ff3def8  S6      : 0x48043896  S7      : 0x00000002  
S8      : 0x00003f8b  S9      : 0x480a4c98  S10     : 0x001e8480  S11     : 0x00000002  
T3      : 0x2e63696d  T4      : 0x5f6d756e  T5      : 0x6c727463  T6      : 0x6566785f  
MSTATUS : 0x00011880  MTVEC   : 0x4ff00003  MCAUSE  : 0x00000002  MTVAL   : 0x00000000  
MHARTID : 0x00000000  

Stack memory:
4ff3deb0: 0x00000000 0x4ff3df5c 0x480da1c4 0x4ff0a8b8 0x36323231 0x4ff3e900 0x00000000 0x00000000
4ff3ded0: 0x48000000 0x4ff1712c 0x480da1c4 0x4ff17110 0x480ae0d1 0x4ff1713c 0x4ff3dec0 0x4ff17140
4ff3def0: 0x480ae248 0x4ff16880 0x65737361 0x66207472 0x656c6961 0x75203a64 0x5f686273 0x5f766564
4ff3df10: 0x736f6c63 0x73752065 0x632e6862 0x3232313a 0x64282036 0x6f5f7665 0x3e2d6a62 0x616e7964
4ff3df30: 0x2e63696d 0x5f6d756e 0x6c727463 0x6566785f 0x695f7372 0x696c666e 0x20746867 0x30203d3d
4ff3df50: 0x00000029 0x00000000 0x4ff51bd0 0xfffffffe 0x00000000 0x00000000 0x4ff3e518 0xfffffffe
4ff3df70: 0x00000000 0x480e7b90 0x4ff3e518 0x4807df5c 0x00000000 0x000000a8 0x480e7bc4 0x480e0ee4
4ff3df90: 0x4ff51a08 0x00000000 0x4ff3e8bc 0x4ff3fb68 0x480e6fa8 0x00000000 0x4ff3e8bc 0x4807e2c4
4ff3dfb0: 0x480e6fa8 0x00000000 0x4ff3e8bc 0x4807c782 0x4ff51a08 0x00000000 0x4ff3e418 0x4ff3fb68
4ff3dfd0: 0x480e6fa8 0x4ff1a000 0x480e7018 0x48043896 0x4ff51a08 0x00000000 0x480e7018 0x480e7018
4ff3dff0: 0x480e6fa8 0x4ff1a000 0x480e7018 0x48041a08 0x00000103 0x480e7b28 0x00000002 0x010e7d58
4ff3e010: 0x00000103 0x480e7b28 0x00000002 0x4803c3e6 0x00000103 0x4ff1a000 0x480e7b28 0x4803d944
4ff3e030: 0x00000103 0x4ff3fb68 0x4ff3fae4 0x48025bb0 0x00000000 0x40045613 0x4ff3fb68 0x48022870
4ff3e050: 0x00000001 0x40045613 0x00000001 0x4802303c 0x00000001 0x4ff19000 0x480a4364 0x00005313
4ff3e070: 0x00000000 0x480a4c98 0x4ff5073c 0x4802c984 0x00000001 0x00000000 0x4ff3e418 0x4808041e
4ff3e090: 0x00000001 0x4ff145a0 0x480a4848 0x00000004 0x00000000 0x00000000 0x00000000 0x4ff3e0c8
4ff3e0b0: 0x00000004 0x4ff145a0 0x00000004 0x48021362 0x00000005 0x00000000 0x4ff3e100 0x00000000
4ff3e0d0: 0x20800008 0x00000001 0x00000001 0x0000000a 0x4ff3e1a8 0x480e71a8 0x480e71a8 0x4803dd74
4ff3e0f0: 0x00000000 0x4ff1a000 0x4ff3fae4 0x00000001 0x00000001 0x4745504a 0x00000000 0x00000002
4ff3e110: 0x00000001 0x00000001 0x00000000 0x00000000 0x4ff3fb68 0x480f0a40 0x482eae80 0x001fa400
4ff3e130: 0x001fa400 0x00000000 0x00000000 0x00000001 0x00000000 0x00000000 0x00000000 0x00000000
4ff3e150: 0x00000000 0x00000000 0x00000000 0x00000000 0x00000000 0x00000000 0x00000000 0x00000000
4ff3e170: 0x00000000 0x00000001 0x00000000 0x00000000 0x00000000 0x00000000 0x00000001 0x00000780
4ff3e190: 0x00000438 0x4745504a 0x00000000 0x00000000 0x00000000 0x00000000 0x00000000 0x00000000
4ff3e1b0: 0x00000000 0x00000000 0x00000000 0x00000000 0x00000000 0x00000000 0x00000000 0x00000000
4ff3e1d0: 0x00000000 0x00000000 0x00000000 0x00000000 0x00000000 0x00000000 0x00000000 0x00000000
4ff3e1f0: 0x00000000 0x00000000 0x00000000 0x00000000 0x00000000 0x00000000 0x00000000 0x00000000
4ff3e210: 0x00000000 0x00000000 0x00000000 0x00000000 0x00000000 0x00000000 0x00000000 0x00000000
4ff3e230: 0x00000000 0x00000000 0x00000000 0x00000000 0x00000000 0x00000000 0x00000000 0x00000000
4ff3e250: 0x00000000 0x00000001 0x00000780 0x00000438 0x4745504a 0x00000000 0x00000000 0x00000000
4ff3e270: 0x00000000 0x00000000 0x00000000 0x00000000 0x00000000 0x00000000 0x00000000 0x00000000
4ff3e290: 0x00000000 0x00000000 0x00000000 0x00000000 0x00000000 0x00000000 0x00000000 0x00000000



ELF file SHA256: e87c6fa39

Rebooting...
ESP-ROM:esp32p4-eco2-20240710
Build:Jul 10 2024
rst:0xc (SW_CPU_RESET),boot:0xf (SPI_FAST_FLASH_BOOT)
Core0 Saved PC:0x4ff00c9e
Core1 Saved PC:0x4ff0698c
SPI mode:DIO, clock div:1
load:0x4ff33ce0,len:0x5d0
load:0x4ff28ed0,len:0xdf8
load:0x4ff2bbd0,len:0x34b8
entry 0x4ff28ed0
I (46) hex_psram: vendor id    : 0x0d (AP)
I (46) hex_psram: Latency      : 0x01 (Fixed)
I (46) hex_psram: DriveStr.    : 0x00 (25 Ohm)
I (47) hex_psram: dev id       : 0x03 (generation 4)
I (51) hex_psram: density      : 0x07 (256 Mbit)
I (56) hex_psram: good-die     : 0x06 (Pass)
I (60) hex_psram: SRF          : 0x02 (Slow Refresh)
I (64) hex_psram: BurstType    : 0x00 ( Wrap)
I (69) hex_psram: BurstLen     : 0x03 (2048 Byte)
I (73) hex_psram: BitMode      : 0x01 (X16 Mode)
I (77) hex_psram: Readlatency  : 0x04 (14 cycles@Fixed)
I (82) hex_psram: DriveStrength: 0x00 (1/1)
I (86) MSPI Timing: Enter psram timing tuning
I esp_psram: Found 32MB PSRAM device
I esp_psram: Speed: 200MHz
I (283) mmu_psram: .rodata xip on psram
I (317) mmu_psram: .text xip on psram
I (319) hex_psram: psram CS IO is dedicated
I (319) cpu_start: Multicore app
I (328) cpu_start: GPIO 38 and 37 are used as console UART I/O pins
I (328) cpu_start: Pro cpu start user code
I (329) cpu_start: cpu freq: 360000000 Hz
I (330) app_init: Application information:
I (334) app_init: Project name:     xiaozhi
I (338) app_init: App version:      2.4.0
I (342) app_init: Compile time:     Aug 10 2026 22:03:41
I (347) app_init: ELF file SHA256:  e87c6fa39...
I (351) app_init: ESP-IDF:          v6.0.2
I (355) efuse_init: Min chip rev:     v1.0
I (359) efuse_init: Max chip rev:     v1.99 
I (363) efuse_init: Chip rev:         v1.3
I (367) heap_init: Initializing. RAM available for dynamic allocation:
I (373) heap_init: At 4FF1A740 len 00020880 (130 KiB): RETENT_RAM
I (379) heap_init: At 4FF3AFC0 len 00004BF0 (18 KiB): RAM
I (384) heap_init: At 4FF40000 len 00060000 (384 KiB): RAM
I (389) heap_init: At 50108080 len 00007F80 (31 KiB): RTCRAM
I (394) heap_init: At 30100088 len 00001F78 (7 KiB): SPM
I (400) esp_psram: Adding pool of 31808K of PSRAM memory to heap allocator
I (406) esp_psram: Adding pool of 62K of PSRAM memory gap generated due to end address alignment of irom to the heap allocator
I (417) esp_psram: Adding pool of 60K of PSRAM memory gap generated due to end address alignment of drom to the heap allocator
I (429) spi_flash: detected chip: gd
I (432) spi_flash: flash io: qio
I (435) host_init: ESP Hosted : Host chip_ip[18]
I (439) H_API: ESP-Hosted starting. Hosted_Tasks: prio:23, stack: 5120 RPC_task_stack: 5120
I (447) H_API: ** add_esp_wifi_remote_channels **
I (452) sleep_gpio: Configure to isolate all GPIO pins in sleep state
I (458) sleep_gpio: Enable automatic switching of GPIO sleep configuration
I (466) H_SDIO_DRV: sdio_data_to_rx_buf_task started
I (469) main_task: Started on CPU0
I (472) esp_psram: Reserving pool of 64K of internal memory for DMA/internal allocations
I (481) main_task: Calling app_main()

PV-UVC-SPIKE inicio (F2B) degraus=5
PV-UVC-MEM etapa=boot psram_livre=32669812 psram_maior_bloco=32505856 interna_livre=421195
I (2358) main_task: Returned from app_main()
PV-UVC-INIT result=OK usb_host=on uvc_dev_num=1
PV-UVC-ENUM aguardando enumeracao USB em /dev/video40 (ate 10000 ms)
I (2388) usb_uvc_device: Waiting for UVC device to be enumerated...
E (2832) ENUM: LANGID 0x409 not found
*** Configuration descriptor ***
bLength 9
bDescriptorType 2
wTotalLength 1463
bNumInterfaces 5
bConfigurationValue 1
iConfiguration 0
bmAttributes 0x80
bMaxPower 500mA
*** Interface Association Descriptor ***
bLength 8
bDescriptorType 11
bFirstInterface 0
bInterfaceCount 2
bFunctionClass 0xe
bFunctionSubClass 0x3
bFunctionProtocol 0x0
iFunction 4
	*** Interface descriptor ***
	bLength 9
	bDescriptorType 4
	bInterfaceNumber 0
	bAlternateSetting 0
	bNumEndpoints 1
	bInterfaceClass 0xe
	bInterfaceSubClass 0x1
	bInterfaceProtocol 0x0
	iInterface 0
	*** Class-specific VC Interface Descriptor ***
	bLength 13
	bDescriptorType 0x24
	bDescriptorSubType 0x01
	bcdUVC 0100
	wTotalLength 80
	dwClockFrequency 24000000
	bInCollection 1
	baInterfaceNr[0] 1
	*** Input Terminal Descriptor (Camera) ***
	bLength 18
	bDescriptorType 0x24
	bDescriptorSubType 0x02
	bTerminalID 0x1
	wTerminalType 0x201
	bAssocTerminal 0
	iTerminal 0
	wObjectiveFocalLengthMin 0
	wObjectiveFocalLengthMax 0
	wOcularFocalLength 0
	bControlSize 3
	bmControls 0x7A 0x2A 0x2
	*** Extension Unit Descriptor unsupported, skipping... ***
	*** Processing Unit Descriptor ***
	bLength 11
	bDescriptorType 0x24
	bDescriptorSubType 0x05
	bUnitID 3
	bSourceID 2
	wMaxMultiplier 16384
	bControlSize 2
	bmControls 0x7F 0x17 0x0
	iProcessing 9
	bmVideoStandards 0x24
	*** Output Terminal Descriptor ***
	bLength 9
	bDescriptorType 0x24
	bDescriptorSubType 0x03
	bTerminalID 4
	wTerminalType 0x101
	bAssocTerminal 0
	bSourceID 3
	iTerminal 0
		*** Endpoint descriptor ***
		bLength 7
		bDescriptorType 5
		bEndpointAddress 0x81	EP 1 IN
		bmAttributes 0x3	INT
		wMaxPacketSize 16
		bInterval 8
		*** Class-specific Interrupt Endpoint Descriptor ***
		bLength 5
		bDescriptorType 0x25
		bDescriptorSubType 3
		wMaxTransferSize 16
	*** Interface descriptor ***
	bLength 9
	bDescriptorType 4
	bInterfaceNumber 1
	bAlternateSetting 0
	bNumEndpoints 0
	bInterfaceClass 0xe
	bInterfaceSubClass 0x2
	bInterfaceProtocol 0x0
	iInterface 0
	*** Class-specific VC Interface Descriptor ***
	bLength 15
	bDescriptorType 0x24
	bDescriptorSubType 0x01
	bcdUVC fc02
	wTotalLength 33283
	dwClockFrequency 16909312
	bInCollection 1
	baInterfaceNr[0] 1
	*** Extension Unit Descriptor unsupported, skipping... ***
	*** VS Frame Descriptor ***
	bLength 38
	bDescriptorType 0x24
	bDescriptorSubType 0x07
	bFrameIndex 1
	bmCapabilities 0x0
	wWidth 1920
	wHeight 1080
	dwMinBitRate 20736000
	dwMaxBitRate 62208000
	dwMaxVideoFrameBufSize 2073600
	dwDefaultFrameInterval 333333
	bFrameIntervalType 3
	FrameInterval[0] 333333
	FrameInterval[1] 666666
	FrameInterval[2] 1000000
	*** VS Frame Descriptor ***
	bLength 38
	bDescriptorType 0x24
	bDescriptorSubType 0x07
	bFrameIndex 2
	bmCapabilities 0x0
	wWidth 640
	wHeight 320
	dwMinBitRate 2048000
	dwMaxBitRate 6144000
	dwMaxVideoFrameBufSize 204800
	dwDefaultFrameInterval 333333
	bFrameIntervalType 3
	FrameInterval[0] 333333
	FrameInterval[1] 666666
	FrameInterval[2] 1000000
	*** VS Frame Descriptor ***
	bLength 38
	bDescriptorType 0x24
	bDescriptorSubType 0x07
	bFrameIndex 3
	bmCapabilities 0x0
	wWidth 640
	wHeight 480
	dwMinBitRate 3072000
	dwMaxBitRate 9216000
	dwMaxVideoFrameBufSize 307200
	dwDefaultFrameInterval 333333
	bFrameIntervalType 3
	FrameInterval[0] 333333
	FrameInterval[1] 666666
	FrameInterval[2] 1000000
	*** VS Frame Descriptor ***
	bLength 38
	bDescriptorType 0x24
	bDescriptorSubType 0x07
	bFrameIndex 4
	bmCapabilities 0x0
	wWidth 800
	wHeight 600
	dwMinBitRate 4800000
	dwMaxBitRate 14400000
	dwMaxVideoFrameBufSize 480000
	dwDefaultFrameInterval 333333
	bFrameIntervalType 3
	FrameInterval[0] 333333
	FrameInterval[1] 666666
	FrameInterval[2] 1000000
	*** VS Frame Descriptor ***
	bLength 38
	bDescriptorType 0x24
	bDescriptorSubType 0x07
	bFrameIndex 5
	bmCapabilities 0x0
	wWidth 1024
	wHeight 768
	dwMinBitRate 7864320
	dwMaxBitRate 23592960
	dwMaxVideoFrameBufSize 786432
	dwDefaultFrameInterval 333333
	bFrameIntervalType 3
	FrameInterval[0] 333333
	FrameInterval[1] 666666
	FrameInterval[2] 1000000
	*** VS Frame Descriptor ***
	bLength 38
	bDescriptorType 0x24
	bDescriptorSubType 0x07
	bFrameIndex 6
	bmCapabilities 0x0
	wWidth 1280
	wHeight 720
	dwMinBitRate 9216000
	dwMaxBitRate 27648000
	dwMaxVideoFrameBufSize 921600
	dwDefaultFrameInterval 333333
	bFrameIntervalType 3
	FrameInterval[0] 333333
	FrameInterval[1] 666666
	FrameInterval[2] 1000000
	*** VS Frame Descriptor ***
	bLength 38
	bDescriptorType 0x24
	bDescriptorSubType 0x07
	bFrameIndex 7
	bmCapabilities 0x0
	wWidth 1280
	wHeight 960
	dwMinBitRate 12288000
	dwMaxBitRate 36864000
	dwMaxVideoFrameBufSize 1228800
	dwDefaultFrameInterval 333333
	bFrameIntervalType 3
	FrameInterval[0] 333333
	FrameInterval[1] 666666
	FrameInterval[2] 1000000
	*** VS Frame Descriptor ***
	bLength 38
	bDescriptorType 0x24
	bDescriptorSubType 0x07
	bFrameIndex 8
	bmCapabilities 0x0
	wWidth 1600
	wHeight 1200
	dwMinBitRate 19200000
	dwMaxBitRate 57600000
	dwMaxVideoFrameBufSize 1920000
	dwDefaultFrameInterval 333333
	bFrameIntervalType 3
	FrameInterval[0] 333333
	FrameInterval[1] 666666
	FrameInterval[2] 1000000
	*** VS Frame Descriptor ***
	bLength 38
	bDescriptorType 0x24
	bDescriptorSubType 0x07
	bFrameIndex 9
	bmCapabilities 0x0
	wWidth 2048
	wHeight 1536
	dwMinBitRate 31457280
	dwMaxBitRate 94371840
	dwMaxVideoFrameBufSize 3145728
	dwDefaultFrameInterval 333333
	bFrameIntervalType 3
	FrameInterval[0] 333333
	FrameInterval[1] 666666
	FrameInterval[2] 1000000
	*** VS Frame Descriptor ***
	bLength 38
	bDescriptorType 0x24
	bDescriptorSubType 0x07
	bFrameIndex 10
	bmCapabilities 0x0
	wWidth 2592
	wHeight 1944
	dwMinBitRate 50388480
	dwMaxBitRate 151165440
	dwMaxVideoFrameBufSize 5038848
	dwDefaultFrameInterval 333333
	bFrameIntervalType 3
	FrameInterval[0] 333333
	FrameInterval[1] 666666
	FrameInterval[2] 1000000
	*** VS Frame Descriptor ***
	bLength 38
	bDescriptorType 0x24
	bDescriptorSubType 0x07
	bFrameIndex 11
	bmCapabilities 0x0
	wWidth 3264
	wHeight 2448
	dwMinBitRate 79902720
	dwMaxBitRate 239708160
	dwMaxVideoFrameBufSize 7990272
	dwDefaultFrameInterval 333333
	bFrameIntervalType 3
	FrameInterval[0] 333333
	FrameInterval[1] 666666
	FrameInterval[2] 1000000
	*** VS Frame Descriptor ***
	bLength 38
	bDescriptorType 0x24
	bDescriptorSubType 0x07
	bFrameIndex 12
	bmCapabilities 0x0
	wWidth 3840
	wHeight 2160
	dwMinBitRate 82944000
	dwMaxBitRate 248832000
	dwMaxVideoFrameBufSize 8294400
	dwDefaultFrameInterval 333333
	bFrameIntervalType 3
	FrameInterval[0] 333333
	FrameInterval[1] 666666
	FrameInterval[2] 1000000
	*** VS Frame Descriptor ***
	bLength 34
	bDescriptorType 0x24
	bDescriptorSubType 0x07
	bFrameIndex 13
	bmCapabilities 0x0
	wWidth 4000
	wHeight 3000
	dwMinBitRate 120000000
	dwMaxBitRate 180000000
	dwMaxVideoFrameBufSize 12000000
	dwDefaultFrameInterval 666666
	bFrameIntervalType 2
	FrameInterval[0] 666666
	FrameInterval[1] 1000000
	*** VS Frame Descriptor ***
	bLength 34
	bDescriptorType 0x24
	bDescriptorSubType 0x07
	bFrameIndex 14
	bmCapabilities 0x0
	wWidth 320
	wHeight 240
	dwMinBitRate 1152000
	dwMaxBitRate 2304000
	dwMaxVideoFrameBufSize 76800
	dwDefaultFrameInterval 333333
	bFrameIntervalType 2
	FrameInterval[0] 333333
	FrameInterval[1] 666666
	*** Output Terminal Descriptor ***
	bLength 63
	bDescriptorType 0x24
	bDescriptorSubType 0x03
	bTerminalID 0
	wTerminalType 0x800E
	bAssocTerminal 7
	bSourceID 56
	iTerminal 4
	*** VS Color Format Descriptor ***
	bLength 6
	bDescriptorType 0x24
	bDescriptorSubType 0x0D
	bColorPrimaries 0x1
	bTransferCharacteristics 1
	bMatrixCoefficients 0x4
	*** Selector Unit Descriptor ***
	bLength 27
	bDescriptorType 0x24
	bDescriptorSubType 0x04
	bUnitID 2
	bNrInPins 12
	baSourceID1 89
	baSourceID2 85
	iSelector 89
	*** Processing Unit Descriptor ***
	bLength 34
	bDescriptorType 0x24
	bDescriptorSubType 0x05
	bUnitID 1
	bSourceID 0
	wMaxMultiplier 320
	bControlSize 240
	bmControls 0x0 0x0 0x70
	iProcessing 23
	bmVideoStandards 0x0
	*** Processing Unit Descriptor ***
	bLength 34
	bDescriptorType 0x24
	bDescriptorSubType 0x05
	bUnitID 2
	bSourceID 0
	wMaxMultiplier 640
	bControlSize 104
	bmControls 0x1 0x0 0x50
	iProcessing 70
	bmVideoStandards 0x0
	*** Processing Unit Descriptor ***
	bLength 30
	bDescriptorType 0x24
	bDescriptorSubType 0x05
	bUnitID 3
	bSourceID 0
	wMaxMultiplier 640
	bControlSize 224
	bmControls 0x1 0x0 0xC0
	iProcessing 93
	bmVideoStandards 0x0
	*** Processing Unit Descriptor ***
	bLength 30
	bDescriptorType 0x24
	bDescriptorSubType 0x05
	bUnitID 4
	bSourceID 0
	wMaxMultiplier 800
	bControlSize 88
	bmControls 0x2 0x0 0x7C
	iProcessing 146
	bmVideoStandards 0x0
	*** Processing Unit Descriptor ***
	bLength 30
	bDescriptorType 0x24
	bDescriptorSubType 0x05
	bUnitID 5
	bSourceID 0
	wMaxMultiplier 1024
	bControlSize 208
	bmControls 0x2 0x0 0x0
	iProcessing 225
	bmVideoStandards 0x0
	*** Processing Unit Descriptor ***
	bLength 30
	bDescriptorType 0x24
	bDescriptorSubType 0x05
	bUnitID 6
	bSourceID 0
	wMaxMultiplier 1280
	bControlSize 172
	bmControls 0x3 0x0 0x30
	iProcessing 111
	bmVideoStandards 0x1
	*** Processing Unit Descriptor ***
	bLength 30
	bDescriptorType 0x24
	bDescriptorSubType 0x05
	bUnitID 7
	bSourceID 0
	wMaxMultiplier 1280
	bControlSize 0
	bmControls 0x4 0x0 0x0
	iProcessing 144
	bmVideoStandards 0x1
	*** Processing Unit Descriptor ***
	bLength 30
	bDescriptorType 0x24
	bDescriptorSubType 0x05
	bUnitID 8
	bSourceID 0
	wMaxMultiplier 1600
	bControlSize 176
	bmControls 0x4 0x0 0xF8
	iProcessing 36
	bmVideoStandards 0x1
	*** Processing Unit Descriptor ***
	bLength 30
	bDescriptorType 0x24
	bDescriptorSubType 0x05
	bUnitID 9
	bSourceID 0
	wMaxMultiplier 1920
	bControlSize 56
	bmControls 0x4 0x0 0x68
	iProcessing 60
	bmVideoStandards 0x1
	*** Processing Unit Descriptor ***
	bLength 30
	bDescriptorType 0x24
	bDescriptorSubType 0x05
	bUnitID 10
	bSourceID 0
	wMaxMultiplier 2048
	bControlSize 0
	bmControls 0x6 0x0 0x0
	iProcessing 224
	bmVideoStandards 0x1
	*** Processing Unit Descriptor ***
	bLength 30
	bDescriptorType 0x24
	bDescriptorSubType 0x05
	bUnitID 11
	bSourceID 0
	wMaxMultiplier 2560
	bControlSize 160
	bmControls 0x5 0x0 0x80
	iProcessing 50
	bmVideoStandards 0x2
	*** Processing Unit Descriptor ***
	bLength 30
	bDescriptorType 0x24
	bDescriptorSubType 0x05
	bUnitID 12
	bSourceID 0
	wMaxMultiplier 2592
	bControlSize 152
	bmControls 0x7 0x0 0xDE
	iProcessing 0
	bmVideoStandards 0x3
	*** VS Color Format Descriptor ***
	bLength 6
	bDescriptorType 0x24
	bDescriptorSubType 0x0D
	bColorPrimaries 0x1
	bTransferCharacteristics 1
	bMatrixCoefficients 0x4
	*** Interface descriptor ***
	bLength 9
	bDescriptorType 4
	bInterfaceNumber 1
	bAlternateSetting 1
	bNumEndpoints 1
	bInterfaceClass 0xe
	bInterfaceSubClass 0x2
	bInterfaceProtocol 0x0
	iInterface 0
		*** Endpoint descriptor ***
		bLength 7
		bDescriptorType 5
		bEndpointAddress 0x82	EP 2 IN
		bmAttributes 0x5	ISOC
		wMaxPacketSize 192
		bInterval 1
	*** Interface descriptor ***
	bLength 9
	bDescriptorType 4
	bInterfaceNumber 1
	bAlternateSetting 2
	bNumEndpoints 1
	bInterfaceClass 0xe
	bInterfaceSubClass 0x2
	bInterfaceProtocol 0x0
	iInterface 0
		*** Endpoint descriptor ***
		bLength 7
		bDescriptorType 5
		bEndpointAddress 0x82	EP 2 IN
		bmAttributes 0x5	ISOC
		wMaxPacketSize 384
		bInterval 1
	*** Interface descriptor ***
	bLength 9
	bDescriptorType 4
	bInterfaceNumber 1
	bAlternateSetting 3
	bNumEndpoints 1
	bInterfaceClass 0xe
	bInterfaceSubClass 0x2
	bInterfaceProtocol 0x0
	iInterface 0
		*** Endpoint descriptor ***
		bLength 7
		bDescriptorType 5
		bEndpointAddress 0x82	EP 2 IN
		bmAttributes 0x5	ISOC
		wMaxPacketSize 512
		bInterval 1
	*** Interface descriptor ***
	bLength 9
	bDescriptorType 4
	bInterfaceNumber 1
	bAlternateSetting 4
	bNumEndpoints 1
	bInterfaceClass 0xe
	bInterfaceSubClass 0x2
	bInterfaceProtocol 0x0
	iInterface 0
		*** Endpoint descriptor ***
		bLength 7
		bDescriptorType 5
		bEndpointAddress 0x82	EP 2 IN
		bmAttributes 0x5	ISOC
		wMaxPacketSize 640
		bInterval 1
	*** Interface descriptor ***
	bLength 9
	bDescriptorType 4
	bInterfaceNumber 1
	bAlternateSetting 5
	bNumEndpoints 1
	bInterfaceClass 0xe
	bInterfaceSubClass 0x2
	bInterfaceProtocol 0x0
	iInterface 0
		*** Endpoint descriptor ***
		bLength 7
		bDescriptorType 5
		bEndpointAddress 0x82	EP 2 IN
		bmAttributes 0x5	ISOC
		wMaxPacketSize 800
		bInterval 1
	*** Interface descriptor ***
	bLength 9
	bDescriptorType 4
	bInterfaceNumber 1
	bAlternateSetting 6
	bNumEndpoints 1
	bInterfaceClass 0xe
	bInterfaceSubClass 0x2
	bInterfaceProtocol 0x0
	iInterface 0
		*** Endpoint descriptor ***
		bLength 7
		bDescriptorType 5
		bEndpointAddress 0x82	EP 2 IN
		bmAttributes 0x5	ISOC
		wMaxPacketSize 944
		bInterval 1
	*** Interface descriptor ***
	bLength 9
	bDescriptorType 4
	bInterfaceNumber 1
	bAlternateSetting 7
	bNumEndpoints 1
	bInterfaceClass 0xe
	bInterfaceSubClass 0x2
	bInterfaceProtocol 0x0
	iInterface 0
		*** Endpoint descriptor ***
		bLength 7
		bDescriptorType 5
		bEndpointAddress 0x82	EP 2 IN
		bmAttributes 0x5	ISOC
		wMaxPacketSize 640
		wMaxPacketSize (with additional transactions in microframe) 1280
		bInterval 1
	*** Interface descriptor ***
	bLength 9
	bDescriptorType 4
	bInterfaceNumber 1
	bAlternateSetting 8
	bNumEndpoints 1
	bInterfaceClass 0xe
	bInterfaceSubClass 0x2
	bInterfaceProtocol 0x0
	iInterface 0
		*** Endpoint descriptor ***
		bLength 7
		bDescriptorType 5
		bEndpointAddress 0x82	EP 2 IN
		bmAttributes 0x5	ISOC
		wMaxPacketSize 800
		wMaxPacketSize (with additional transactions in microframe) 1600
		bInterval 1
	*** Interface descriptor ***
	bLength 9
	bDescriptorType 4
	bInterfaceNumber 1
	bAlternateSetting 9
	bNumEndpoints 1
	bInterfaceClass 0xe
	bInterfaceSubClass 0x2
	bInterfaceProtocol 0x0
	iInterface 0
		*** Endpoint descriptor ***
		bLength 7
		bDescriptorType 5
		bEndpointAddress 0x82	EP 2 IN
		bmAttributes 0x5	ISOC
		wMaxPacketSize 992
		wMaxPacketSize (with additional transactions in microframe) 1984
		bInterval 1
	*** Interface descriptor ***
	bLength 9
	bDescriptorType 4
	bInterfaceNumber 1
	bAlternateSetting 10
	bNumEndpoints 1
	bInterfaceClass 0xe
	bInterfaceSubClass 0x2
	bInterfaceProtocol 0x0
	iInterface 0
		*** Endpoint descriptor ***
		bLength 7
		bDescriptorType 5
		bEndpointAddress 0x82	EP 2 IN
		bmAttributes 0x5	ISOC
		wMaxPacketSize 896
		wMaxPacketSize (with additional transactions in microframe) 2688
		bInterval 1
	*** Interface descriptor ***
	bLength 9
	bDescriptorType 4
	bInterfaceNumber 1
	bAlternateSetting 11
	bNumEndpoints 1
	bInterfaceClass 0xe
	bInterfaceSubClass 0x2
	bInterfaceProtocol 0x0
	iInterface 0
		*** Endpoint descriptor ***
		bLength 7
		bDescriptorType 5
		bEndpointAddress 0x82	EP 2 IN
		bmAttributes 0x5	ISOC
		wMaxPacketSize 1024
		wMaxPacketSize (with additional transactions in microframe) 3072
		bInterval 1
*** Interface Association Descriptor ***
bLength 8
bDescriptorType 11
bFirstInterface 2
bInterfaceCount 2
bFunctionClass 0x1
bFunctionSubClass 0x0
bFunctionProtocol 0x0
iFunction 5
	*** Interface descriptor ***
	bLength 9
	bDescriptorType 4
	bInterfaceNumber 2
	bAlternateSetting 0
	bNumEndpoints 0
	bInterfaceClass 0x1
	bInterfaceSubClass 0x1
	bInterfaceProtocol 0x0
	iInterface 0
	*** Class-specific VC Interface Descriptor ***
	bLength 9
	bDescriptorType 0x24
	bDescriptorSubType 0x01
	bcdUVC 0100
	wTotalLength 39
	dwClockFrequency 604766977
	bInCollection 2
	baInterfaceNr[0] 1
	baInterfaceNr[1] 1
	*** Input Terminal Descriptor (Camera) ***
	bLength 12
	bDescriptorType 0x24
	bDescriptorSubType 0x02
	bTerminalID 0x1
	wTerminalType 0x201
	bAssocTerminal 0
	iTerminal 1
	wObjectiveFocalLengthMin 3
	wObjectiveFocalLengthMax 0
	wOcularFocalLength 9225
	bControlSize 6
	bmControls 0x2 0x1 0x2
	*** Extension Unit Descriptor unsupported, skipping... ***
	*** Output Terminal Descriptor ***
	bLength 9
	bDescriptorType 0x24
	bDescriptorSubType 0x03
	bTerminalID 3
	wTerminalType 0x101
	bAssocTerminal 0
	bSourceID 2
	iTerminal 0
	*** Interface descriptor ***
	bLength 9
	bDescriptorType 4
	bInterfaceNumber 3
	bAlternateSetting 0
	bNumEndpoints 0
	bInterfaceClass 0x1
	bInterfaceSubClass 0x2
	bInterfaceProtocol 0x0
	iInterface 0
	*** Interface descriptor ***
	bLength 9
	bDescriptorType 4
	bInterfaceNumber 3
	bAlternateSetting 1
	bNumEndpoints 1
	bInterfaceClass 0x1
	bInterfaceSubClass 0x2
	bInterfaceProtocol 0x0
	iInterface 0
	*** Class-specific VC Interface Descriptor ***
	bLength 7
	bDescriptorType 0x24
	bDescriptorSubType 0x01
	bcdUVC 0003
	wTotalLength 1
	dwClockFrequency 16917515
	bInCollection 2
	baInterfaceNr[0] 2
	baInterfaceNr[1] 16
	*** Input Terminal Descriptor (Media) ***
	bLength 11
	bDescriptorType 0x24
	bDescriptorSubType 0x02
	bTerminalID 0x1
	wTerminalType 0x202
	bAssocTerminal 16
	iTerminal 1
	bControlSize 128
	bmControls 0xBB
	bTransportModeSize 0
	bmTransportModes 0x9 0x5 0x83 0x1 0xC0
		*** Endpoint descriptor ***
		bLength 9
		bDescriptorType 5
		bEndpointAddress 0x83	EP 3 IN
		bmAttributes 0x1	ISOC
		wMaxPacketSize 192
		bInterval 4
		*** Class-specific Interrupt Endpoint Descriptor ***
		bLength 7
		bDescriptorType 0x25
		bDescriptorSubType 1
		wMaxTransferSize 1
	*** Interface descriptor ***
	bLength 9
	bDescriptorType 4
	bInterfaceNumber 4
	bAlternateSetting 0
	bNumEndpoints 2
	bInterfaceClass 0x3
	bInterfaceSubClass 0x0
	bInterfaceProtocol 0x0
	iInterface 0
 *** Unknown Descriptor Length: 9 Type: 33 ***
		*** Endpoint descriptor ***
		bLength 7
		bDescriptorType 5
		bEndpointAddress 0x84	EP 4 IN
		bmAttributes 0x3	INT
		wMaxPacketSize 64
		bInterval 4
		*** Endpoint descriptor ***
		bLength 7
		bDescriptorType 5
		bEndpointAddress 0x1	EP 1 OUT
		bmAttributes 0x3	INT
		wMaxPacketSize 64
		bInterval 4
PV-UVC-ENUM device aberto em 2034 ms
PV-UVC-ENUM cap driver=USB-UVC0 card=USB-UVC0 bus=esp32p4:USB-UVC0 caps=0x84201001 device_caps=0x04201001
PV-UVC-ENUM fmt index=0 fourcc=JPEG flags=0x0 desc="JPEG"
PV-UVC-ENUM size fourcc=JPEG index=0 1920x1080
PV-UVC-ENUM interval fourcc=JPEG 1920x1080 index=0 tipo=discrete num=333333 den=10000000 fps_x1000=30000
PV-UVC-ENUM interval fourcc=JPEG 1920x1080 index=1 tipo=discrete num=666666 den=10000000 fps_x1000=15000
PV-UVC-ENUM interval fourcc=JPEG 1920x1080 index=2 tipo=discrete num=1000000 den=10000000 fps_x1000=10000
PV-UVC-ENUM size fourcc=JPEG index=1 640x320
PV-UVC-ENUM interval fourcc=JPEG 640x320 index=0 tipo=discrete num=333333 den=10000000 fps_x1000=30000
PV-UVC-ENUM interval fourcc=JPEG 640x320 index=1 tipo=discrete num=666666 den=10000000 fps_x1000=15000
PV-UVC-ENUM interval fourcc=JPEG 640x320 index=2 tipo=discrete num=1000000 den=10000000 fps_x1000=10000
PV-UVC-ENUM size fourcc=JPEG index=2 640x480
PV-UVC-ENUM interval fourcc=JPEG 640x480 index=0 tipo=discrete num=333333 den=10000000 fps_x1000=30000
PV-UVC-ENUM interval fourcc=JPEG 640x480 index=1 tipo=discrete num=666666 den=10000000 fps_x1000=15000
PV-UVC-ENUM interval fourcc=JPEG 640x480 index=2 tipo=discrete num=1000000 den=10000000 fps_x1000=10000
PV-UVC-ENUM size fourcc=JPEG index=3 800x600
PV-UVC-ENUM interval fourcc=JPEG 800x600 index=0 tipo=discrete num=333333 den=10000000 fps_x1000=30000
PV-UVC-ENUM interval fourcc=JPEG 800x600 index=1 tipo=discrete num=666666 den=10000000 fps_x1000=15000
PV-UVC-ENUM interval fourcc=JPEG 800x600 index=2 tipo=discrete num=1000000 den=10000000 fps_x1000=10000
PV-UVC-ENUM size fourcc=JPEG index=4 1024x768
PV-UVC-ENUM interval fourcc=JPEG 1024x768 index=0 tipo=discrete num=333333 den=10000000 fps_x1000=30000
PV-UVC-ENUM interval fourcc=JPEG 1024x768 index=1 tipo=discrete num=666666 den=10000000 fps_x1000=15000
PV-UVC-ENUM interval fourcc=JPEG 1024x768 index=2 tipo=discrete num=1000000 den=10000000 fps_x1000=10000
PV-UVC-ENUM size fourcc=JPEG index=5 1280x720
PV-UVC-ENUM interval fourcc=JPEG 1280x720 index=0 tipo=discrete num=333333 den=10000000 fps_x1000=30000
PV-UVC-ENUM interval fourcc=JPEG 1280x720 index=1 tipo=discrete num=666666 den=10000000 fps_x1000=15000
PV-UVC-ENUM interval fourcc=JPEG 1280x720 index=2 tipo=discrete num=1000000 den=10000000 fps_x1000=10000
PV-UVC-ENUM size fourcc=JPEG index=6 1280x960
PV-UVC-ENUM interval fourcc=JPEG 1280x960 index=0 tipo=discrete num=333333 den=10000000 fps_x1000=30000
PV-UVC-ENUM interval fourcc=JPEG 1280x960 index=1 tipo=discrete num=666666 den=10000000 fps_x1000=15000
PV-UVC-ENUM interval fourcc=JPEG 1280x960 index=2 tipo=discrete num=1000000 den=10000000 fps_x1000=10000
PV-UVC-ENUM size fourcc=JPEG index=7 1600x1200
PV-UVC-ENUM interval fourcc=JPEG 1600x1200 index=0 tipo=discrete num=333333 den=10000000 fps_x1000=30000
PV-UVC-ENUM interval fourcc=JPEG 1600x1200 index=1 tipo=discrete num=666666 den=10000000 fps_x1000=15000
PV-UVC-ENUM interval fourcc=JPEG 1600x1200 index=2 tipo=discrete num=1000000 den=10000000 fps_x1000=10000
PV-UVC-ENUM size fourcc=JPEG index=8 2048x1536
PV-UVC-ENUM interval fourcc=JPEG 2048x1536 index=0 tipo=discrete num=333333 den=10000000 fps_x1000=30000
PV-UVC-ENUM interval fourcc=JPEG 2048x1536 index=1 tipo=discrete num=666666 den=10000000 fps_x1000=15000
PV-UVC-ENUM interval fourcc=JPEG 2048x1536 index=2 tipo=discrete num=1000000 den=10000000 fps_x1000=10000
PV-UVC-ENUM size fourcc=JPEG index=9 2592x1944
PV-UVC-ENUM interval fourcc=JPEG 2592x1944 index=0 tipo=discrete num=333333 den=10000000 fps_x1000=30000
PV-UVC-ENUM interval fourcc=JPEG 2592x1944 index=1 tipo=discrete num=666666 den=10000000 fps_x1000=15000
PV-UVC-ENUM interval fourcc=JPEG 2592x1944 index=2 tipo=discrete num=1000000 den=10000000 fps_x1000=10000
PV-UVC-ENUM size fourcc=JPEG index=10 3264x2448
PV-UVC-ENUM interval fourcc=JPEG 3264x2448 index=0 tipo=discrete num=333333 den=10000000 fps_x1000=30000
PV-UVC-ENUM interval fourcc=JPEG 3264x2448 index=1 tipo=discrete num=666666 den=10000000 fps_x1000=15000
PV-UVC-ENUM interval fourcc=JPEG 3264x2448 index=2 tipo=discrete num=1000000 den=10000000 fps_x1000=10000
PV-UVC-ENUM size fourcc=JPEG index=11 3840x2160
PV-UVC-ENUM interval fourcc=JPEG 3840x2160 index=0 tipo=discrete num=333333 den=10000000 fps_x1000=30000
PV-UVC-ENUM interval fourcc=JPEG 3840x2160 index=1 tipo=discrete num=666666 den=10000000 fps_x1000=15000
PV-UVC-ENUM interval fourcc=JPEG 3840x2160 index=2 tipo=discrete num=1000000 den=10000000 fps_x1000=10000
PV-UVC-ENUM size fourcc=JPEG index=12 4000x3000
PV-UVC-ENUM interval fourcc=JPEG 4000x3000 index=0 tipo=discrete num=666666 den=10000000 fps_x1000=15000
PV-UVC-ENUM interval fourcc=JPEG 4000x3000 index=1 tipo=discrete num=1000000 den=10000000 fps_x1000=10000
PV-UVC-ENUM size fourcc=JPEG index=13 320x240
PV-UVC-ENUM interval fourcc=JPEG 320x240 index=0 tipo=discrete num=333333 den=10000000 fps_x1000=30000
PV-UVC-ENUM interval fourcc=JPEG 320x240 index=1 tipo=discrete num=666666 den=10000000 fps_x1000=15000
PV-UVC-ENUM fmt index=1 fourcc=YUYV flags=0x0 desc="YUV 4:2:2 YUYV"
PV-UVC-ENUM size fourcc=YUYV index=0 320x240
PV-UVC-ENUM interval fourcc=YUYV 320x240 index=0 tipo=discrete num=500000 den=10000000 fps_x1000=20000
PV-UVC-ENUM interval fourcc=YUYV 320x240 index=1 tipo=discrete num=1000000 den=10000000 fps_x1000=10000
PV-UVC-ENUM size fourcc=YUYV index=1 640x360
PV-UVC-ENUM interval fourcc=YUYV 640x360 index=0 tipo=discrete num=500000 den=10000000 fps_x1000=20000
PV-UVC-ENUM interval fourcc=YUYV 640x360 index=1 tipo=discrete num=1000000 den=10000000 fps_x1000=10000
PV-UVC-ENUM size fourcc=YUYV index=2 640x480
PV-UVC-ENUM interval fourcc=YUYV 640x480 index=0 tipo=discrete num=1000000 den=10000000 fps_x1000=10000
PV-UVC-ENUM size fourcc=YUYV index=3 800x600
PV-UVC-ENUM interval fourcc=YUYV 800x600 index=0 tipo=discrete num=1000000 den=10000000 fps_x1000=10000
PV-UVC-ENUM size fourcc=YUYV index=4 1024x720
PV-UVC-ENUM interval fourcc=YUYV 1024x720 index=0 tipo=discrete num=1000000 den=10000000 fps_x1000=10000
PV-UVC-ENUM size fourcc=YUYV index=5 1280x940
PV-UVC-ENUM interval fourcc=YUYV 1280x940 index=0 tipo=discrete num=1000000 den=10000000 fps_x1000=10000
PV-UVC-ENUM size fourcc=YUYV index=6 1280x1024
PV-UVC-ENUM interval fourcc=YUYV 1280x1024 index=0 tipo=discrete num=1000000 den=10000000 fps_x1000=10000
PV-UVC-ENUM size fourcc=YUYV index=7 1600x1200
PV-UVC-ENUM interval fourcc=YUYV 1600x1200 index=0 tipo=discrete num=2000000 den=10000000 fps_x1000=5000
PV-UVC-ENUM size fourcc=YUYV index=8 1920x1080
PV-UVC-ENUM interval fourcc=YUYV 1920x1080 index=0 tipo=discrete num=2000000 den=10000000 fps_x1000=5000
PV-UVC-ENUM size fourcc=YUYV index=9 2048x1536
PV-UVC-ENUM interval fourcc=YUYV 2048x1536 index=0 tipo=discrete num=2000000 den=10000000 fps_x1000=5000
PV-UVC-ENUM size fourcc=YUYV index=10 2560x1440
PV-UVC-ENUM interval fourcc=YUYV 2560x1440 index=0 tipo=discrete num=2000000 den=10000000 fps_x1000=5000
PV-UVC-ENUM size fourcc=YUYV index=11 2592x1944
PV-UVC-ENUM interval fourcc=YUYV 2592x1944 index=0 tipo=discrete num=2000000 den=10000000 fps_x1000=5000
PV-UVC-ENUM result=OK tamanhos_jpeg=14
I (5051) usb_uvc_device: All UVC devices already enumerated
PV-UVC-FMT requested=800x600 applied=800x600 fourcc=JPEG sizeimage=0
I (5070) uvc: Allocating 2 USB transfers for ISOC. Each: 3072 bytes, 1 ISOC packets, 3072 MPS
W (8105) PvUvcSpike: DQBUF de descarte 0 falhou: errno=1(Not owner)
PV-UVC-WARMUP requested=800x600 descartados=0
E (13105) PvUvcSpike: VIDIOC_DQBUF falhou: errno=1(Not owner)

assert failed: usbh_dev_close usbh.c:1226 (dev_obj->dynamic.num_ctrl_xfers_inflight == 0)
Core  0 register dump:
MEPC    : 0x4ff0d048  RA      : 0x4ff0cbe0  SP      : 0x4ff3deb0  GP      : 0x4ff14300  
TP      : 0x4ff3e4e0  T0      : 0x695f7372  T1      : 0x616e7964  T2      : 0x696c666e  
S0/FP   : 0x0000006e  S1      : 0x00000001  A0      : 0x4ff3def8  A1      : 0x4ff16881  
A2      : 0x00000001  A3      : 0x4ff1a000  A4      : 0x00000001  A5      : 0x4ff1a000  
A6      : 0x00000008  A7      : 0x3e2d6a62  S2      : 0x4ff3def8  S3      : 0x4ff3df19  
S4      : 0x4ff16880  S5      : 0x4ff3def8  S6      : 0x48043896  S7      : 0x00000002  
S8      : 0x00001fa9  S9      : 0x480a4c98  S10     : 0x001e8480  S11     : 0x00000002  
T3      : 0x2e63696d  T4      : 0x5f6d756e  T5      : 0x6c727463  T6      : 0x6566785f  
MSTATUS : 0x00011880  MTVEC   : 0x4ff00003  MCAUSE  : 0x00000002  MTVAL   : 0x00000000  
MHARTID : 0x00000000  

Stack memory:
4ff3deb0: 0x00000000 0x4ff3df5c 0x480da1c4 0x4ff0a8b8 0x36323231 0x4ff3e900 0x00000000 0x00000000
4ff3ded0: 0x48000000 0x4ff1712c 0x480da1c4 0x4ff17110 0x480ae0d1 0x4ff1713c 0x4ff3dec0 0x4ff17140
4ff3def0: 0x480ae248 0x4ff16880 0x65737361 0x66207472 0x656c6961 0x75203a64 0x5f686273 0x5f766564
4ff3df10: 0x736f6c63 0x73752065 0x632e6862 0x3232313a 0x64282036 0x6f5f7665 0x3e2d6a62 0x616e7964
4ff3df30: 0x2e63696d 0x5f6d756e 0x6c727463 0x6566785f 0x695f7372 0x696c666e 0x20746867 0x30203d3d
4ff3df50: 0x00000029 0x00000000 0x4ff51bd0 0xfffffffe 0x00000000 0x00000000 0x4ff3e518 0xfffffffe
4ff3df70: 0x00000000 0x480e7b90 0x4ff3e518 0x4807df5c 0x00000000 0x000000a8 0x480e7bc4 0x480e0ee4
4ff3df90: 0x4ff51a08 0x00000000 0x4ff3e8bc 0x4ff3fb68 0x480e6fa8 0x00000000 0x4ff3e8bc 0x4807e2c4
4ff3dfb0: 0x480e6fa8 0x00000000 0x4ff3e8bc 0x4807c782 0x4ff51a08 0x00000000 0x4ff3e418 0x4ff3fb68
4ff3dfd0: 0x480e6fa8 0x4ff1a000 0x480e7018 0x48043896 0x4ff51a08 0x00000000 0x480e7018 0x480e7018
4ff3dff0: 0x480e6fa8 0x4ff1a000 0x480e7018 0x48041a08 0x00000103 0x480e7b28 0x00000002 0x010e7d58
4ff3e010: 0x00000103 0x480e7b28 0x00000002 0x4803c3e6 0x00000103 0x4ff1a000 0x480e7b28 0x4803d944
4ff3e030: 0x00000103 0x4ff3fb68 0x4ff3fae4 0x48025bb0 0x00000000 0x40045613 0x4ff3fb68 0x48022870
4ff3e050: 0x00000001 0x40045613 0x00000001 0x4802303c 0x00000001 0x4ff14588 0x480a4364 0x00003331
4ff3e070: 0x00000000 0x480a4c98 0x4ff5073c 0x4802c984 0x00000001 0x00000000 0x4ff3e418 0x4808041e
4ff3e090: 0x00000001 0x4ff14588 0x480a4848 0x00000004 0x00000000 0x00000000 0x00000000 0x4ff3e0c8
4ff3e0b0: 0x4ff3e418 0x4ff14588 0x00000004 0x48021362 0x00000005 0x00000000 0x4ff3e100 0x00000000
4ff3e0d0: 0x20800008 0x00000001 0x00000001 0x0000000a 0x4ff3e1a8 0x480e71a8 0x480e71a8 0x4803dd74
4ff3e0f0: 0x00000000 0x4ff1a000 0x4ff3fae4 0x00000001 0x00000001 0x4745504a 0x00000000 0x00000002
4ff3e110: 0x00000001 0x00000001 0x00000000 0x00000000 0x4ff3fb68 0x480f0a40 0x48165d80 0x00075300
4ff3e130: 0x00075300 0x00000000 0x00000000 0x00000001 0x00000000 0x00000000 0x00000000 0x00000000
4ff3e150: 0x00000000 0x00000000 0x00000000 0x00000000 0x00000000 0x00000000 0x00000000 0x00000000
4ff3e170: 0x00000000 0x00000001 0x00000000 0x00000000 0x00000000 0x00000000 0x00000001 0x00000320
4ff3e190: 0x00000258 0x4745504a 0x00000000 0x00000000 0x00000000 0x00000000 0x00000000 0x00000000
4ff3e1b0: 0x00000000 0x00000000 0x00000000 0x00000000 0x00000000 0x00000000 0x00000000 0x00000000
4ff3e1d0: 0x00000000 0x00000000 0x00000000 0x00000000 0x00000000 0x00000000 0x00000000 0x00000000
4ff3e1f0: 0x00000000 0x00000000 0x00000000 0x00000000 0x00000000 0x00000000 0x00000000 0x00000000
4ff3e210: 0x00000000 0x00000000 0x00000000 0x00000000 0x00000000 0x00000000 0x00000000 0x00000000
4ff3e230: 0x00000000 0x00000000 0x00000000 0x00000000 0x00000000 0x00000000 0x00000000 0x00000000
4ff3e250: 0x00000000 0x00000001 0x00000320 0x00000258 0x4745504a 0x00000000 0x00000000 0x00000000
4ff3e270: 0x00000000 0x00000000 0x00000000 0x00000000 0x00000000 0x00000000 0x00000000 0x00000000
4ff3e290: 0x00000000 0x00000000 0x00000000 0x00000000 0x00000000 0x00000000 0x00000000 0x00000000



ELF file SHA256: e87c6fa39

Rebooting...
ESP-ROM:esp32p4-eco2-20240710
Build:Jul 10 2024
rst:0xc (SW_CPU_RESET),boot:0xf (SPI_FAST_FLASH_BOOT)
Core0 Saved PC:0x4ff00c9e
Core1 Saved PC:0x4ff0698c
SPI mode:DIO, clock div:1
load:0x4ff33ce0,len:0x5d0
load:0x4ff28ed0,len:0xdf8
load:0x4ff2bbd0,len:0x34b8
entry 0x4ff28ed0
I (46) hex_psram: vendor id    : 0x0d (AP)
I (46) hex_psram: Latency      : 0x01 (Fixed)
I (46) hex_psram: DriveStr.    : 0x00 (25 Ohm)
I (47) hex_psram: dev id       : 0x03 (generation 4)
I (51) hex_psram: density      : 0x07 (256 Mbit)
I (56) hex_psram: good-die     : 0x06 (Pass)
I (60) hex_psram: SRF          : 0x02 (Slow Refresh)
I (64) hex_psram: BurstType    : 0x00 ( Wrap)
I (69) hex_psram: BurstLen     : 0x03 (2048 Byte)
I (73) hex_psram: BitMode      : 0x01 (X16 Mode)
I (77) hex_psram: Readlatency  : 0x04 (14 cycles@Fixed)
I (82) hex_psram: DriveStrength: 0x00 (1/1)
I (86) MSPI Timing: Enter psram timing tuning
I esp_psram: Found 32MB PSRAM device
I esp_psram: Speed: 200MHz
I (283) mmu_psram: .rodata xip on psram
I (316) mmu_psram: .text xip on psram
I (318) hex_psram: psram CS IO is dedicated
I (319) cpu_start: Multicore app
I (328) cpu_start: GPIO 38 and 37 are used as console UART I/O pins
I (328) cpu_start: Pro cpu start user code
I (328) cpu_start: cpu freq: 360000000 Hz
I (330) app_init: Application information:
I (334) app_init: Project name:     xiaozhi
I (338) app_init: App version:      2.4.0
I (342) app_init: Compile time:     Aug 10 2026 22:03:41
I (347) app_init: ELF file SHA256:  e87c6fa39...
I (351) app_init: ESP-IDF:          v6.0.2
I (355) efuse_init: Min chip rev:     v1.0
I (359) efuse_init: Max chip rev:     v1.99 
I (363) efuse_init: Chip rev:         v1.3
I (366) heap_init: Initializing. RAM available for dynamic allocation:
I (373) heap_init: At 4FF1A740 len 00020880 (130 KiB): RETENT_RAM
I (379) heap_init: At 4FF3AFC0 len 00004BF0 (18 KiB): RAM
I (384) heap_init: At 4FF40000 len 00060000 (384 KiB): RAM
I (389) heap_init: At 50108080 len 00007F80 (31 KiB): RTCRAM
I (394) heap_init: At 30100088 len 00001F78 (7 KiB): SPM
I (399) esp_psram: Adding pool of 31808K of PSRAM memory to heap allocator
I (406) esp_psram: Adding pool of 62K of PSRAM memory gap generated due to end address alignment of irom to the heap allocator
I (417) esp_psram: Adding pool of 60K of PSRAM memory gap generated due to end address alignment of drom to the heap allocator
I (428) spi_flash: detected chip: gd
I (431) spi_flash: flash io: qio
I (434) host_init: ESP Hosted : Host chip_ip[18]
I (439) H_API: ESP-Hosted starting. Hosted_Tasks: prio:23, stack: 5120 RPC_task_stack: 5120
I (447) H_API: ** add_esp_wifi_remote_channels **
I (452) sleep_gpio: Configure to isolate all GPIO pins in sleep state
I (458) sleep_gpio: Enable automatic switching of GPIO sleep configuration
I (466) H_SDIO_DRV: sdio_data_to_rx_buf_task started
I (469) main_task: Started on CPU0
I (472) esp_psram: Reserving pool of 64K of internal memory for DMA/internal allocations
I (481) main_task: Calling app_main()

PV-UVC-SPIKE inicio (F2B) degraus=5
PV-UVC-MEM etapa=boot psram_livre=32669812 psram_maior_bloco=32505856 interna_livre=421195
I (2358) main_task: Returned from app_main()
PV-UVC-INIT result=OK usb_host=on uvc_dev_num=1
PV-UVC-ENUM aguardando enumeracao USB em /dev/video40 (ate 10000 ms)
I (2388) usb_uvc_device: Waiting for UVC device to be enumerated...
E (2832) ENUM: LANGID 0x409 not found
*** Configuration descriptor ***
bLength 9
bDescriptorType 2
wTotalLength 1463
bNumInterfaces 5
bConfigurationValue 1
iConfiguration 0
bmAttributes 0x80
bMaxPower 500mA
*** Interface Association Descriptor ***
bLength 8
bDescriptorType 11
bFirstInterface 0
bInterfaceCount 2
bFunctionClass 0xe
bFunctionSubClass 0x3
bFunctionProtocol 0x0
iFunction 4
	*** Interface descriptor ***
	bLength 9
	bDescriptorType 4
	bInterfaceNumber 0
	bAlternateSetting 0
	bNumEndpoints 1
	bInterfaceClass 0xe
	bInterfaceSubClass 0x1
	bInterfaceProtocol 0x0
	iInterface 0
	*** Class-specific VC Interface Descriptor ***
	bLength 13
	bDescriptorType 0x24
	bDescriptorSubType 0x01
	bcdUVC 0100
	wTotalLength 80
	dwClockFrequency 24000000
	bInCollection 1
	baInterfaceNr[0] 1
	*** Input Terminal Descriptor (Camera) ***
	bLength 18
	bDescriptorType 0x24
	bDescriptorSubType 0x02
	bTerminalID 0x1
	wTerminalType 0x201
	bAssocTerminal 0
	iTerminal 0
	wObjectiveFocalLengthMin 0
	wObjectiveFocalLengthMax 0
	wOcularFocalLength 0
	bControlSize 3
	bmControls 0x7A 0x2A 0x2
	*** Extension Unit Descriptor unsupported, skipping... ***
	*** Processing Unit Descriptor ***
	bLength 11
	bDescriptorType 0x24
	bDescriptorSubType 0x05
	bUnitID 3
	bSourceID 2
	wMaxMultiplier 16384
	bControlSize 2
	bmControls 0x7F 0x17 0x0
	iProcessing 9
	bmVideoStandards 0x24
	*** Output Terminal Descriptor ***
	bLength 9
	bDescriptorType 0x24
	bDescriptorSubType 0x03
	bTerminalID 4
	wTerminalType 0x101
	bAssocTerminal 0
	bSourceID 3
	iTerminal 0
		*** Endpoint descriptor ***
		bLength 7
		bDescriptorType 5
		bEndpointAddress 0x81	EP 1 IN
		bmAttributes 0x3	INT
		wMaxPacketSize 16
		bInterval 8
		*** Class-specific Interrupt Endpoint Descriptor ***
		bLength 5
		bDescriptorType 0x25
		bDescriptorSubType 3
		wMaxTransferSize 16
	*** Interface descriptor ***
	bLength 9
	bDescriptorType 4
	bInterfaceNumber 1
	bAlternateSetting 0
	bNumEndpoints 0
	bInterfaceClass 0xe
	bInterfaceSubClass 0x2
	bInterfaceProtocol 0x0
	iInterface 0
	*** Class-specific VC Interface Descriptor ***
	bLength 15
	bDescriptorType 0x24
	bDescriptorSubType 0x01
	bcdUVC fc02
	wTotalLength 33283
	dwClockFrequency 16909312
	bInCollection 1
	baInterfaceNr[0] 1
	*** Extension Unit Descriptor unsupported, skipping... ***
	*** VS Frame Descriptor ***
	bLength 38
	bDescriptorType 0x24
	bDescriptorSubType 0x07
	bFrameIndex 1
	bmCapabilities 0x0
	wWidth 1920
	wHeight 1080
	dwMinBitRate 20736000
	dwMaxBitRate 62208000
	dwMaxVideoFrameBufSize 2073600
	dwDefaultFrameInterval 333333
	bFrameIntervalType 3
	FrameInterval[0] 333333
	FrameInterval[1] 666666
	FrameInterval[2] 1000000
	*** VS Frame Descriptor ***
	bLength 38
	bDescriptorType 0x24
	bDescriptorSubType 0x07
	bFrameIndex 2
	bmCapabilities 0x0
	wWidth 640
	wHeight 320
	dwMinBitRate 2048000
	dwMaxBitRate 6144000
	dwMaxVideoFrameBufSize 204800
	dwDefaultFrameInterval 333333
	bFrameIntervalType 3
	FrameInterval[0] 333333
	FrameInterval[1] 666666
	FrameInterval[2] 1000000
	*** VS Frame Descriptor ***
	bLength 38
	bDescriptorType 0x24
	bDescriptorSubType 0x07
	bFrameIndex 3
	bmCapabilities 0x0
	wWidth 640
	wHeight 480
	dwMinBitRate 3072000
	dwMaxBitRate 9216000
	dwMaxVideoFrameBufSize 307200
	dwDefaultFrameInterval 333333
	bFrameIntervalType 3
	FrameInterval[0] 333333
	FrameInterval[1] 666666
	FrameInterval[2] 1000000
	*** VS Frame Descriptor ***
	bLength 38
	bDescriptorType 0x24
	bDescriptorSubType 0x07
	bFrameIndex 4
	bmCapabilities 0x0
	wWidth 800
	wHeight 600
	dwMinBitRate 4800000
	dwMaxBitRate 14400000
	dwMaxVideoFrameBufSize 480000
	dwDefaultFrameInterval 333333
	bFrameIntervalType 3
	FrameInterval[0] 333333
	FrameInterval[1] 666666
	FrameInterval[2] 1000000
	*** VS Frame Descriptor ***
	bLength 38
	bDescriptorType 0x24
	bDescriptorSubType 0x07
	bFrameIndex 5
	bmCapabilities 0x0
	wWidth 1024
	wHeight 768
	dwMinBitRate 7864320
	dwMaxBitRate 23592960
	dwMaxVideoFrameBufSize 786432
	dwDefaultFrameInterval 333333
	bFrameIntervalType 3
	FrameInterval[0] 333333
	FrameInterval[1] 666666
	FrameInterval[2] 1000000
	*** VS Frame Descriptor ***
	bLength 38
	bDescriptorType 0x24
	bDescriptorSubType 0x07
	bFrameIndex 6
	bmCapabilities 0x0
	wWidth 1280
	wHeight 720
	dwMinBitRate 9216000
	dwMaxBitRate 27648000
	dwMaxVideoFrameBufSize 921600
	dwDefaultFrameInterval 333333
	bFrameIntervalType 3
	FrameInterval[0] 333333
	FrameInterval[1] 666666
	FrameInterval[2] 1000000
	*** VS Frame Descriptor ***
	bLength 38
	bDescriptorType 0x24
	bDescriptorSubType 0x07
	bFrameIndex 7
	bmCapabilities 0x0
	wWidth 1280
	wHeight 960
	dwMinBitRate 12288000
	dwMaxBitRate 36864000
	dwMaxVideoFrameBufSize 1228800
	dwDefaultFrameInterval 333333
	bFrameIntervalType 3
	FrameInterval[0] 333333
	FrameInterval[1] 666666
	FrameInterval[2] 1000000
	*** VS Frame Descriptor ***
	bLength 38
	bDescriptorType 0x24
	bDescriptorSubType 0x07
	bFrameIndex 8
	bmCapabilities 0x0
	wWidth 1600
	wHeight 1200
	dwMinBitRate 19200000
	dwMaxBitRate 57600000
	dwMaxVideoFrameBufSize 1920000
	dwDefaultFrameInterval 333333
	bFrameIntervalType 3
	FrameInterval[0] 333333
	FrameInterval[1] 666666
	FrameInterval[2] 1000000
	*** VS Frame Descriptor ***
	bLength 38
	bDescriptorType 0x24
	bDescriptorSubType 0x07
	bFrameIndex 9
	bmCapabilities 0x0
	wWidth 2048
	wHeight 1536
	dwMinBitRate 31457280
	dwMaxBitRate 94371840
	dwMaxVideoFrameBufSize 3145728
	dwDefaultFrameInterval 333333
	bFrameIntervalType 3
	FrameInterval[0] 333333
	FrameInterval[1] 666666
	FrameInterval[2] 1000000
	*** VS Frame Descriptor ***
	bLength 38
	bDescriptorType 0x24
	bDescriptorSubType 0x07
	bFrameIndex 10
	bmCapabilities 0x0
	wWidth 2592
	wHeight 1944
	dwMinBitRate 50388480
	dwMaxBitRate 151165440
	dwMaxVideoFrameBufSize 5038848
	dwDefaultFrameInterval 333333
	bFrameIntervalType 3
	FrameInterval[0] 333333
	FrameInterval[1] 666666
	FrameInterval[2] 1000000
	*** VS Frame Descriptor ***
	bLength 38
	bDescriptorType 0x24
	bDescriptorSubType 0x07
	bFrameIndex 11
	bmCapabilities 0x0
	wWidth 3264
	wHeight 2448
	dwMinBitRate 79902720
	dwMaxBitRate 239708160
	dwMaxVideoFrameBufSize 7990272
	dwDefaultFrameInterval 333333
	bFrameIntervalType 3
	FrameInterval[0] 333333
	FrameInterval[1] 666666
	FrameInterval[2] 1000000
	*** VS Frame Descriptor ***
	bLength 38
	bDescriptorType 0x24
	bDescriptorSubType 0x07
	bFrameIndex 12
	bmCapabilities 0x0
	wWidth 3840
	wHeight 2160
	dwMinBitRate 82944000
	dwMaxBitRate 248832000
	dwMaxVideoFrameBufSize 8294400
	dwDefaultFrameInterval 333333
	bFrameIntervalType 3
	FrameInterval[0] 333333
	FrameInterval[1] 666666
	FrameInterval[2] 1000000
	*** VS Frame Descriptor ***
	bLength 34
	bDescriptorType 0x24
	bDescriptorSubType 0x07
	bFrameIndex 13
	bmCapabilities 0x0
	wWidth 4000
	wHeight 3000
	dwMinBitRate 120000000
	dwMaxBitRate 180000000
	dwMaxVideoFrameBufSize 12000000
	dwDefaultFrameInterval 666666
	bFrameIntervalType 2
	FrameInterval[0] 666666
	FrameInterval[1] 1000000
	*** VS Frame Descriptor ***
	bLength 34
	bDescriptorType 0x24
	bDescriptorSubType 0x07
	bFrameIndex 14
	bmCapabilities 0x0
	wWidth 320
	wHeight 240
	dwMinBitRate 1152000
	dwMaxBitRate 2304000
	dwMaxVideoFrameBufSize 76800
	dwDefaultFrameInterval 333333
	bFrameIntervalType 2
	FrameInterval[0] 333333
	FrameInterval[1] 666666
	*** Output Terminal Descriptor ***
	bLength 63
	bDescriptorType 0x24
	bDescriptorSubType 0x03
	bTerminalID 0
	wTerminalType 0x800E
	bAssocTerminal 7
	bSourceID 56
	iTerminal 4
	*** VS Color Format Descriptor ***
	bLength 6
	bDescriptorType 0x24
	bDescriptorSubType 0x0D
	bColorPrimaries 0x1
	bTransferCharacteristics 1
	bMatrixCoefficients 0x4
	*** Selector Unit Descriptor ***
	bLength 27
	bDescriptorType 0x24
	bDescriptorSubType 0x04
	bUnitID 2
	bNrInPins 12
	baSourceID1 89
	baSourceID2 85
	iSelector 89
	*** Processing Unit Descriptor ***
	bLength 34
	bDescriptorType 0x24
	bDescriptorSubType 0x05
	bUnitID 1
	bSourceID 0
	wMaxMultiplier 320
	bControlSize 240
	bmControls 0x0 0x0 0x70
	iProcessing 23
	bmVideoStandards 0x0
	*** Processing Unit Descriptor ***
	bLength 34
	bDescriptorType 0x24
	bDescriptorSubType 0x05
	bUnitID 2
	bSourceID 0
	wMaxMultiplier 640
	bControlSize 104
	bmControls 0x1 0x0 0x50
	iProcessing 70
	bmVideoStandards 0x0
	*** Processing Unit Descriptor ***
	bLength 30
	bDescriptorType 0x24
	bDescriptorSubType 0x05
	bUnitID 3
	bSourceID 0
	wMaxMultiplier 640
	bControlSize 224
	bmControls 0x1 0x0 0xC0
	iProcessing 93
	bmVideoStandards 0x0
	*** Processing Unit Descriptor ***
	bLength 30
	bDescriptorType 0x24
	bDescriptorSubType 0x05
	bUnitID 4
	bSourceID 0
	wMaxMultiplier 800
	bControlSize 88
	bmControls 0x2 0x0 0x7C
	iProcessing 146
	bmVideoStandards 0x0
	*** Processing Unit Descriptor ***
	bLength 30
	bDescriptorType 0x24
	bDescriptorSubType 0x05
	bUnitID 5
	bSourceID 0
	wMaxMultiplier 1024
	bControlSize 208
	bmControls 0x2 0x0 0x0
	iProcessing 225
	bmVideoStandards 0x0
	*** Processing Unit Descriptor ***
	bLength 30
	bDescriptorType 0x24
	bDescriptorSubType 0x05
	bUnitID 6
	bSourceID 0
	wMaxMultiplier 1280
	bControlSize 172
	bmControls 0x3 0x0 0x30
	iProcessing 111
	bmVideoStandards 0x1
	*** Processing Unit Descriptor ***
	bLength 30
	bDescriptorType 0x24
	bDescriptorSubType 0x05
	bUnitID 7
	bSourceID 0
	wMaxMultiplier 1280
	bControlSize 0
	bmControls 0x4 0x0 0x0
	iProcessing 144
	bmVideoStandards 0x1
	*** Processing Unit Descriptor ***
	bLength 30
	bDescriptorType 0x24
	bDescriptorSubType 0x05
	bUnitID 8
	bSourceID 0
	wMaxMultiplier 1600
	bControlSize 176
	bmControls 0x4 0x0 0xF8
	iProcessing 36
	bmVideoStandards 0x1
	*** Processing Unit Descriptor ***
	bLength 30
	bDescriptorType 0x24
	bDescriptorSubType 0x05
	bUnitID 9
	bSourceID 0
	wMaxMultiplier 1920
	bControlSize 56
	bmControls 0x4 0x0 0x68
	iProcessing 60
	bmVideoStandards 0x1
	*** Processing Unit Descriptor ***
	bLength 30
	bDescriptorType 0x24
	bDescriptorSubType 0x05
	bUnitID 10
	bSourceID 0
	wMaxMultiplier 2048
	bControlSize 0
	bmControls 0x6 0x0 0x0
	iProcessing 224
	bmVideoStandards 0x1
	*** Processing Unit Descriptor ***
	bLength 30
	bDescriptorType 0x24
	bDescriptorSubType 0x05
	bUnitID 11
	bSourceID 0
	wMaxMultiplier 2560
	bControlSize 160
	bmControls 0x5 0x0 0x80
	iProcessing 50
	bmVideoStandards 0x2
	*** Processing Unit Descriptor ***
	bLength 30
	bDescriptorType 0x24
	bDescriptorSubType 0x05
	bUnitID 12
	bSourceID 0
	wMaxMultiplier 2592
	bControlSize 152
	bmControls 0x7 0x0 0xDE
	iProcessing 0
	bmVideoStandards 0x3
	*** VS Color Format Descriptor ***
	bLength 6
	bDescriptorType 0x24
	bDescriptorSubType 0x0D
	bColorPrimaries 0x1
	bTransferCharacteristics 1
	bMatrixCoefficients 0x4
	*** Interface descriptor ***
	bLength 9
	bDescriptorType 4
	bInterfaceNumber 1
	bAlternateSetting 1
	bNumEndpoints 1
	bInterfaceClass 0xe
	bInterfaceSubClass 0x2
	bInterfaceProtocol 0x0
	iInterface 0
		*** Endpoint descriptor ***
		bLength 7
		bDescriptorType 5
		bEndpointAddress 0x82	EP 2 IN
		bmAttributes 0x5	ISOC
		wMaxPacketSize 192
		bInterval 1
	*** Interface descriptor ***
	bLength 9
	bDescriptorType 4
	bInterfaceNumber 1
	bAlternateSetting 2
	bNumEndpoints 1
	bInterfaceClass 0xe
	bInterfaceSubClass 0x2
	bInterfaceProtocol 0x0
	iInterface 0
		*** Endpoint descriptor ***
		bLength 7
		bDescriptorType 5
		bEndpointAddress 0x82	EP 2 IN
		bmAttributes 0x5	ISOC
		wMaxPacketSize 384
		bInterval 1
	*** Interface descriptor ***
	bLength 9
	bDescriptorType 4
	bInterfaceNumber 1
	bAlternateSetting 3
	bNumEndpoints 1
	bInterfaceClass 0xe
	bInterfaceSubClass 0x2
	bInterfaceProtocol 0x0
	iInterface 0
		*** Endpoint descriptor ***
		bLength 7
		bDescriptorType 5
		bEndpointAddress 0x82	EP 2 IN
		bmAttributes 0x5	ISOC
		wMaxPacketSize 512
		bInterval 1
	*** Interface descriptor ***
	bLength 9
	bDescriptorType 4
	bInterfaceNumber 1
	bAlternateSetting 4
	bNumEndpoints 1
	bInterfaceClass 0xe
	bInterfaceSubClass 0x2
	bInterfaceProtocol 0x0
	iInterface 0
		*** Endpoint descriptor ***
		bLength 7
		bDescriptorType 5
		bEndpointAddress 0x82	EP 2 IN
		bmAttributes 0x5	ISOC
		wMaxPacketSize 640
		bInterval 1
	*** Interface descriptor ***
	bLength 9
	bDescriptorType 4
	bInterfaceNumber 1
	bAlternateSetting 5
	bNumEndpoints 1
	bInterfaceClass 0xe
	bInterfaceSubClass 0x2
	bInterfaceProtocol 0x0
	iInterface 0
		*** Endpoint descriptor ***
		bLength 7
		bDescriptorType 5
		bEndpointAddress 0x82	EP 2 IN
		bmAttributes 0x5	ISOC
		wMaxPacketSize 800
		bInterval 1
	*** Interface descriptor ***
	bLength 9
	bDescriptorType 4
	bInterfaceNumber 1
	bAlternateSetting 6
	bNumEndpoints 1
	bInterfaceClass 0xe
	bInterfaceSubClass 0x2
	bInterfaceProtocol 0x0
	iInterface 0
		*** Endpoint descriptor ***
		bLength 7
		bDescriptorType 5
		bEndpointAddress 0x82	EP 2 IN
		bmAttributes 0x5	ISOC
		wMaxPacketSize 944
		bInterval 1
	*** Interface descriptor ***
	bLength 9
	bDescriptorType 4
	bInterfaceNumber 1
	bAlternateSetting 7
	bNumEndpoints 1
	bInterfaceClass 0xe
	bInterfaceSubClass 0x2
	bInterfaceProtocol 0x0
	iInterface 0
		*** Endpoint descriptor ***
		bLength 7
		bDescriptorType 5
		bEndpointAddress 0x82	EP 2 IN
		bmAttributes 0x5	ISOC
		wMaxPacketSize 640
		wMaxPacketSize (with additional transactions in microframe) 1280
		bInterval 1
	*** Interface descriptor ***
	bLength 9
	bDescriptorType 4
	bInterfaceNumber 1
	bAlternateSetting 8
	bNumEndpoints 1
	bInterfaceClass 0xe
	bInterfaceSubClass 0x2
	bInterfaceProtocol 0x0
	iInterface 0
		*** Endpoint descriptor ***
		bLength 7
		bDescriptorType 5
		bEndpointAddress 0x82	EP 2 IN
		bmAttributes 0x5	ISOC
		wMaxPacketSize 800
		wMaxPacketSize (with additional transactions in microframe) 1600
		bInterval 1
	*** Interface descriptor ***
	bLength 9
	bDescriptorType 4
	bInterfaceNumber 1
	bAlternateSetting 9
	bNumEndpoints 1
	bInterfaceClass 0xe
	bInterfaceSubClass 0x2
	bInterfaceProtocol 0x0
	iInterface 0
		*** Endpoint descriptor ***
		bLength 7
		bDescriptorType 5
		bEndpointAddress 0x82	EP 2 IN
		bmAttributes 0x5	ISOC
		wMaxPacketSize 992
		wMaxPacketSize (with additional transactions in microframe) 1984
		bInterval 1
	*** Interface descriptor ***
	bLength 9
	bDescriptorType 4
	bInterfaceNumber 1
	bAlternateSetting 10
	bNumEndpoints 1
	bInterfaceClass 0xe
	bInterfaceSubClass 0x2
	bInterfaceProtocol 0x0
	iInterface 0
		*** Endpoint descriptor ***
		bLength 7
		bDescriptorType 5
		bEndpointAddress 0x82	EP 2 IN
		bmAttributes 0x5	ISOC
		wMaxPacketSize 896
		wMaxPacketSize (with additional transactions in microframe) 2688
		bInterval 1
	*** Interface descriptor ***
	bLength 9
	bDescriptorType 4
	bInterfaceNumber 1
	bAlternateSetting 11
	bNumEndpoints 1
	bInterfaceClass 0xe
	bInterfaceSubClass 0x2
	bInterfaceProtocol 0x0
	iInterface 0
		*** Endpoint descriptor ***
		bLength 7
		bDescriptorType 5
		bEndpointAddress 0x82	EP 2 IN
		bmAttributes 0x5	ISOC
		wMaxPacketSize 1024
		wMaxPacketSize (with additional transactions in microframe) 3072
		bInterval 1
*** Interface Association Descriptor ***
bLength 8
bDescriptorType 11
bFirstInterface 2
bInterfaceCount 2
bFunctionClass 0x1
bFunctionSubClass 0x0
bFunctionProtocol 0x0
iFunction 5
	*** Interface descriptor ***
	bLength 9
	bDescriptorType 4
	bInterfaceNumber 2
	bAlternateSetting 0
	bNumEndpoints 0
	bInterfaceClass 0x1
	bInterfaceSubClass 0x1
	bInterfaceProtocol 0x0
	iInterface 0
	*** Class-specific VC Interface Descriptor ***
	bLength 9
	bDescriptorType 0x24
	bDescriptorSubType 0x01
	bcdUVC 0100
	wTotalLength 39
	dwClockFrequency 604766977
	bInCollection 2
	baInterfaceNr[0] 1
	baInterfaceNr[1] 1
	*** Input Terminal Descriptor (Camera) ***
	bLength 12
	bDescriptorType 0x24
	bDescriptorSubType 0x02
	bTerminalID 0x1
	wTerminalType 0x201
	bAssocTerminal 0
	iTerminal 1
	wObjectiveFocalLengthMin 3
	wObjectiveFocalLengthMax 0
	wOcularFocalLength 9225
	bControlSize 6
	bmControls 0x2 0x1 0x2
	*** Extension Unit Descriptor unsupported, skipping... ***
	*** Output Terminal Descriptor ***
	bLength 9
	bDescriptorType 0x24
	bDescriptorSubType 0x03
	bTerminalID 3
	wTerminalType 0x101
	bAssocTerminal 0
	bSourceID 2
	iTerminal 0
	*** Interface descriptor ***
	bLength 9
	bDescriptorType 4
	bInterfaceNumber 3
	bAlternateSetting 0
	bNumEndpoints 0
	bInterfaceClass 0x1
	bInterfaceSubClass 0x2
	bInterfaceProtocol 0x0
	iInterface 0
	*** Interface descriptor ***
	bLength 9
	bDescriptorType 4
	bInterfaceNumber 3
	bAlternateSetting 1
	bNumEndpoints 1
	bInterfaceClass 0x1
	bInterfaceSubClass 0x2
	bInterfaceProtocol 0x0
	iInterface 0
	*** Class-specific VC Interface Descriptor ***
	bLength 7
	bDescriptorType 0x24
	bDescriptorSubType 0x01
	bcdUVC 0003
	wTotalLength 1
	dwClockFrequency 16917515
	bInCollection 2
	baInterfaceNr[0] 2
	baInterfaceNr[1] 16
	*** Input Terminal Descriptor (Media) ***
	bLength 11
	bDescriptorType 0x24
	bDescriptorSubType 0x02
	bTerminalID 0x1
	wTerminalType 0x202
	bAssocTerminal 16
	iTerminal 1
	bControlSize 128
	bmControls 0xBB
	bTransportModeSize 0
	bmTransportModes 0x9 0x5 0x83 0x1 0xC0
		*** Endpoint descriptor ***
		bLength 9
		bDescriptorType 5
		bEndpointAddress 0x83	EP 3 IN
		bmAttributes 0x1	ISOC
		wMaxPacketSize 192
		bInterval 4
		*** Class-specific Interrupt Endpoint Descriptor ***
		bLength 7
		bDescriptorType 0x25
		bDescriptorSubType 1
		wMaxTransferSize 1
	*** Interface descriptor ***
	bLength 9
	bDescriptorType 4
	bInterfaceNumber 4
	bAlternateSetting 0
	bNumEndpoints 2
	bInterfaceClass 0x3
	bInterfaceSubClass 0x0
	bInterfaceProtocol 0x0
	iInterface 0
 *** Unknown Descriptor Length: 9 Type: 33 ***
		*** Endpoint descriptor ***
		bLength 7
		bDescriptorType 5
		bEndpointAddress 0x84	EP 4 IN
		bmAttributes 0x3	INT
		wMaxPacketSize 64
		bInterval 4
		*** Endpoint descriptor ***
		bLength 7
		bDescriptorType 5
		bEndpointAddress 0x1	EP 1 OUT
		bmAttributes 0x3	INT
		wMaxPacketSize 64
		bInterval 4
PV-UVC-ENUM device aberto em 2034 ms
PV-UVC-ENUM cap driver=USB-UVC0 card=USB-UVC0 bus=esp32p4:USB-UVC0 caps=0x84201001 device_caps=0x04201001
PV-UVC-ENUM fmt index=0 fourcc=JPEG flags=0x0 desc="JPEG"
PV-UVC-ENUM size fourcc=JPEG index=0 1920x1080
PV-UVC-ENUM interval fourcc=JPEG 1920x1080 index=0 tipo=discrete num=333333 den=10000000 fps_x1000=30000
PV-UVC-ENUM interval fourcc=JPEG 1920x1080 index=1 tipo=discrete num=666666 den=10000000 fps_x1000=15000
PV-UVC-ENUM interval fourcc=JPEG 1920x1080 index=2 tipo=discrete num=1000000 den=10000000 fps_x1000=10000
PV-UVC-ENUM size fourcc=JPEG index=1 640x320
PV-UVC-ENUM interval fourcc=JPEG 640x320 index=0 tipo=discrete num=333333 den=10000000 fps_x1000=30000
PV-UVC-ENUM interval fourcc=JPEG 640x320 index=1 tipo=discrete num=666666 den=10000000 fps_x1000=15000
PV-UVC-ENUM interval fourcc=JPEG 640x320 index=2 tipo=discrete num=1000000 den=10000000 fps_x1000=10000
PV-UVC-ENUM size fourcc=JPEG index=2 640x480
PV-UVC-ENUM interval fourcc=JPEG 640x480 index=0 tipo=discrete num=333333 den=10000000 fps_x1000=30000
PV-UVC-ENUM interval fourcc=JPEG 640x480 index=1 tipo=discrete num=666666 den=10000000 fps_x1000=15000
PV-UVC-ENUM interval fourcc=JPEG 640x480 index=2 tipo=discrete num=1000000 den=10000000 fps_x1000=10000
PV-UVC-ENUM size fourcc=JPEG index=3 800x600
PV-UVC-ENUM interval fourcc=JPEG 800x600 index=0 tipo=discrete num=333333 den=10000000 fps_x1000=30000
PV-UVC-ENUM interval fourcc=JPEG 800x600 index=1 tipo=discrete num=666666 den=10000000 fps_x1000=15000
PV-UVC-ENUM interval fourcc=JPEG 800x600 index=2 tipo=discrete num=1000000 den=10000000 fps_x1000=10000
PV-UVC-ENUM size fourcc=JPEG index=4 1024x768
PV-UVC-ENUM interval fourcc=JPEG 1024x768 index=0 tipo=discrete num=333333 den=10000000 fps_x1000=30000
PV-UVC-ENUM interval fourcc=JPEG 1024x768 index=1 tipo=discrete num=666666 den=10000000 fps_x1000=15000
PV-UVC-ENUM interval fourcc=JPEG 1024x768 index=2 tipo=discrete num=1000000 den=10000000 fps_x1000=10000
PV-UVC-ENUM size fourcc=JPEG index=5 1280x720
PV-UVC-ENUM interval fourcc=JPEG 1280x720 index=0 tipo=discrete num=333333 den=10000000 fps_x1000=30000
PV-UVC-ENUM interval fourcc=JPEG 1280x720 index=1 tipo=discrete num=666666 den=10000000 fps_x1000=15000
PV-UVC-ENUM interval fourcc=JPEG 1280x720 index=2 tipo=discrete num=1000000 den=10000000 fps_x1000=10000
PV-UVC-ENUM size fourcc=JPEG index=6 1280x960
PV-UVC-ENUM interval fourcc=JPEG 1280x960 index=0 tipo=discrete num=333333 den=10000000 fps_x1000=30000
PV-UVC-ENUM interval fourcc=JPEG 1280x960 index=1 tipo=discrete num=666666 den=10000000 fps_x1000=15000
PV-UVC-ENUM interval fourcc=JPEG 1280x960 index=2 tipo=discrete num=1000000 den=10000000 fps_x1000=10000
PV-UVC-ENUM size fourcc=JPEG index=7 1600x1200
PV-UVC-ENUM interval fourcc=JPEG 1600x1200 index=0 tipo=discrete num=333333 den=10000000 fps_x1000=30000
PV-UVC-ENUM interval fourcc=JPEG 1600x1200 index=1 tipo=discrete num=666666 den=10000000 fps_x1000=15000
PV-UVC-ENUM interval fourcc=JPEG 1600x1200 index=2 tipo=discrete num=1000000 den=10000000 fps_x1000=10000
PV-UVC-ENUM size fourcc=JPEG index=8 2048x1536
PV-UVC-ENUM interval fourcc=JPEG 2048x1536 index=0 tipo=discrete num=333333 den=10000000 fps_x1000=30000
PV-UVC-ENUM interval fourcc=JPEG 2048x1536 index=1 tipo=discrete num=666666 den=10000000 fps_x1000=15000
PV-UVC-ENUM interval fourcc=JPEG 2048x1536 index=2 tipo=discrete num=1000000 den=10000000 fps_x1000=10000
PV-UVC-ENUM size fourcc=JPEG index=9 2592x1944
PV-UVC-ENUM interval fourcc=JPEG 2592x1944 index=0 tipo=discrete num=333333 den=10000000 fps_x1000=30000
PV-UVC-ENUM interval fourcc=JPEG 2592x1944 index=1 tipo=discrete num=666666 den=10000000 fps_x1000=15000
PV-UVC-ENUM interval fourcc=JPEG 2592x1944 index=2 tipo=discrete num=1000000 den=10000000 fps_x1000=10000
PV-UVC-ENUM size fourcc=JPEG index=10 3264x2448
PV-UVC-ENUM interval fourcc=JPEG 3264x2448 index=0 tipo=discrete num=333333 den=10000000 fps_x1000=30000
PV-UVC-ENUM interval fourcc=JPEG 3264x2448 index=1 tipo=discrete num=666666 den=10000000 fps_x1000=15000
PV-UVC-ENUM interval fourcc=JPEG 3264x2448 index=2 tipo=discrete num=1000000 den=10000000 fps_x1000=10000
PV-UVC-ENUM size fourcc=JPEG index=11 3840x2160
PV-UVC-ENUM interval fourcc=JPEG 3840x2160 index=0 tipo=discrete num=333333 den=10000000 fps_x1000=30000
PV-UVC-ENUM interval fourcc=JPEG 3840x2160 index=1 tipo=discrete num=666666 den=10000000 fps_x1000=15000
PV-UVC-ENUM interval fourcc=JPEG 3840x2160 index=2 tipo=discrete num=1000000 den=10000000 fps_x1000=10000
PV-UVC-ENUM size fourcc=JPEG index=12 4000x3000
PV-UVC-ENUM interval fourcc=JPEG 4000x3000 index=0 tipo=discrete num=666666 den=10000000 fps_x1000=15000
PV-UVC-ENUM interval fourcc=JPEG 4000x3000 index=1 tipo=discrete num=1000000 den=10000000 fps_x1000=10000
PV-UVC-ENUM size fourcc=JPEG index=13 320x240
PV-UVC-ENUM interval fourcc=JPEG 320x240 index=0 tipo=discrete num=333333 den=10000000 fps_x1000=30000
PV-UVC-ENUM interval fourcc=JPEG 320x240 index=1 tipo=discrete num=666666 den=10000000 fps_x1000=15000
PV-UVC-ENUM fmt index=1 fourcc=YUYV flags=0x0 desc="YUV 4:2:2 YUYV"
PV-UVC-ENUM size fourcc=YUYV index=0 320x240
PV-UVC-ENUM interval fourcc=YUYV 320x240 index=0 tipo=discrete num=500000 den=10000000 fps_x1000=20000
PV-UVC-ENUM interval fourcc=YUYV 320x240 index=1 tipo=discrete num=1000000 den=10000000 fps_x1000=10000
PV-UVC-ENUM size fourcc=YUYV index=1 640x360
PV-UVC-ENUM interval fourcc=YUYV 640x360 index=0 tipo=discrete num=500000 den=10000000 fps_x1000=20000
PV-UVC-ENUM interval fourcc=YUYV 640x360 index=1 tipo=discrete num=1000000 den=10000000 fps_x1000=10000
PV-UVC-ENUM size fourcc=YUYV index=2 640x480
PV-UVC-ENUM interval fourcc=YUYV 640x480 index=0 tipo=discrete num=1000000 den=10000000 fps_x1000=10000
PV-UVC-ENUM size fourcc=YUYV index=3 800x600
PV-UVC-ENUM interval fourcc=YUYV 800x600 index=0 tipo=discrete num=1000000 den=10000000 fps_x1000=10000
PV-UVC-ENUM size fourcc=YUYV index=4 1024x720
PV-UVC-ENUM interval fourcc=YUYV 1024x720 index=0 tipo=discrete num=1000000 den=10000000 fps_x1000=10000
PV-UVC-ENUM size fourcc=YUYV index=5 1280x940
PV-UVC-ENUM interval fourcc=YUYV 1280x940 index=0 tipo=discrete num=1000000 den=10000000 fps_x1000=10000
PV-UVC-ENUM size fourcc=YUYV index=6 1280x1024
PV-UVC-ENUM interval fourcc=YUYV 1280x1024 index=0 tipo=discrete num=1000000 den=10000000 fps_x1000=10000
PV-UVC-ENUM size fourcc=YUYV index=7 1600x1200
PV-UVC-ENUM interval fourcc=YUYV 1600x1200 index=0 tipo=discrete num=2000000 den=10000000 fps_x1000=5000
PV-UVC-ENUM size fourcc=YUYV index=8 1920x1080
PV-UVC-ENUM interval fourcc=YUYV 1920x1080 index=0 tipo=discrete num=2000000 den=10000000 fps_x1000=5000
PV-UVC-ENUM size fourcc=YUYV index=9 2048x1536
PV-UVC-ENUM interval fourcc=YUYV 2048x1536 index=0 tipo=discrete num=2000000 den=10000000 fps_x1000=5000
PV-UVC-ENUM size fourcc=YUYV index=10 2560x1440
PV-UVC-ENUM interval fourcc=YUYV 2560x1440 index=0 tipo=discrete num=2000000 den=10000000 fps_x1000=5000
PV-UVC-ENUM size fourcc=YUYV index=11 2592x1944
PV-UVC-ENUM interval fourcc=YUYV 2592x1944 index=0 tipo=discrete num=2000000 den=10000000 fps_x1000=5000
PV-UVC-ENUM result=OK tamanhos_jpeg=14
I (5051) usb_uvc_device: All UVC devices already enumerated
PV-UVC-FMT requested=800x600 applied=800x600 fourcc=JPEG sizeimage=0
I (5070) uvc: Allocating 2 USB transfers for ISOC. Each: 3072 bytes, 1 ISOC packets, 3072 MPS
W (8105) PvUvcSpike: DQBUF de descarte 0 falhou: errno=1(Not owner)
PV-UVC-WARMUP requested=800x600 descartados=0
E (13105) PvUvcSpike: VIDIOC_DQBUF falhou: errno=1(Not owner)

assert failed: usbh_dev_close usbh.c:1226 (dev_obj->dynamic.num_ctrl_xfers_inflight == 0)
Core  0 register dump:
MEPC    : 0x4ff0d048  RA      : 0x4ff0cbe0  SP      : 0x4ff3deb0  GP      : 0x4ff14300  
TP      : 0x4ff3e4e0  T0      : 0x695f7372  T1      : 0x616e7964  T2      : 0x696c666e  
S0/FP   : 0x0000006e  S1      : 0x00000001  A0      : 0x4ff3def8  A1      : 0x4ff16881  
A2      : 0x00000001  A3      : 0x4ff1a000  A4      : 0x00000001  A5      : 0x4ff1a000  
A6      : 0x00000008  A7      : 0x3e2d6a62  S2      : 0x4ff3def8  S3      : 0x4ff3df19  
S4      : 0x4ff16880  S5      : 0x4ff3def8  S6      : 0x48043896  S7      : 0x00000002  
S8      : 0x00001fa9  S9      : 0x480a4c98  S10     : 0x001e8480  S11     : 0x00000002  
T3      : 0x2e63696d  T4      : 0x5f6d756e  T5      : 0x6c727463  T6      : 0x6566785f  
MSTATUS : 0x00011880  MTVEC   : 0x4ff00003  MCAUSE  : 0x00000002  MTVAL   : 0x00000000  
MHARTID : 0x00000000  

Stack memory:
4ff3deb0: 0x00000000 0x4ff3df5c 0x480da1c4 0x4ff0a8b8 0x36323231 0x4ff3e900 0x00000000 0x00000000
4ff3ded0: 0x48000000 0x4ff1712c 0x480da1c4 0x4ff17110 0x480ae0d1 0x4ff1713c 0x4ff3dec0 0x4ff17140
4ff3def0: 0x480ae248 0x4ff16880 0x65737361 0x66207472 0x656c6961 0x75203a64 0x5f686273 0x5f766564
4ff3df10: 0x736f6c63 0x73752065 0x632e6862 0x3232313a 0x64282036 0x6f5f7665 0x3e2d6a62 0x616e7964
4ff3df30: 0x2e63696d 0x5f6d756e 0x6c727463 0x6566785f 0x695f7372 0x696c666e 0x20746867 0x30203d3d
4ff3df50: 0x00000029 0x00000000 0x4ff51bd0 0xfffffffe 0x00000000 0x00000000 0x4ff3e518 0xfffffffe
4ff3df70: 0x00000000 0x480e7b90 0x4ff3e518 0x4807df5c 0x00000000 0x000000a8 0x480e7bc4 0x480e0ee4
4ff3df90: 0x4ff51a08 0x00000000 0x4ff3e8bc 0x4ff3fb68 0x480e6fa8 0x00000000 0x4ff3e8bc 0x4807e2c4
4ff3dfb0: 0x480e6fa8 0x00000000 0x4ff3e8bc 0x4807c782 0x4ff51a08 0x00000000 0x4ff3e418 0x4ff3fb68
4ff3dfd0: 0x480e6fa8 0x4ff1a000 0x480e7018 0x48043896 0x4ff51a08 0x00000000 0x480e7018 0x480e7018
4ff3dff0: 0x480e6fa8 0x4ff1a000 0x480e7018 0x48041a08 0x00000103 0x480e7b28 0x00000002 0x010e7d58
4ff3e010: 0x00000103 0x480e7b28 0x00000002 0x4803c3e6 0x00000103 0x4ff1a000 0x480e7b28 0x4803d944
4ff3e030: 0x00000103 0x4ff3fb68 0x4ff3fae4 0x48025bb0 0x00000000 0x40045613 0x4ff3fb68 0x48022870
4ff3e050: 0x00000001 0x40045613 0x00000001 0x4802303c 0x00000001 0x4ff14588 0x480a4364 0x00003331
4ff3e070: 0x00000000 0x480a4c98 0x4ff5073c 0x4802c984 0x00000001 0x00000000 0x4ff3e418 0x4808041e
4ff3e090: 0x00000001 0x4ff14588 0x480a4848 0x00000004 0x00000000 0x00000000 0x00000000 0x4ff3e0c8
4ff3e0b0: 0x00000004 0x4ff14588 0x00000004 0x48021362 0x00000005 0x00000000 0x4ff3e100 0x00000000
4ff3e0d0: 0x20800008 0x00000001 0x00000001 0x0000000a 0x4ff3e1a8 0x480e71a8 0x480e71a8 0x4803dd74
4ff3e0f0: 0x00000000 0x4ff1a000 0x4ff3fae4 0x00000001 0x00000001 0x4745504a 0x00000000 0x00000002
4ff3e110: 0x00000001 0x00000001 0x00000000 0x00000000 0x4ff3fb68 0x480f0a40 0x48165d80 0x00075300
4ff3e130: 0x00075300 0x00000000 0x00000000 0x00000001 0x00000000 0x00000000 0x00000000 0x00000000
4ff3e150: 0x00000000 0x00000000 0x00000000 0x00000000 0x00000000 0x00000000 0x00000000 0x00000000
4ff3e170: 0x00000000 0x00000001 0x00000000 0x00000000 0x00000000 0x00000000 0x00000001 0x00000320
4ff3e190: 0x00000258 0x4745504a 0x00000000 0x00000000 0x00000000 0x00000000 0x00000000 0x00000000
4ff3e1b0: 0x00000000 0x00000000 0x00000000 0x00000000 0x00000000 0x00000000 0x00000000 0x00000000
4ff3e1d0: 0x00000000 0x00000000 0x00000000 0x00000000 0x00000000 0x00000000 0x00000000 0x00000000
4ff3e1f0: 0x00000000 0x00000000 0x00000000 0x00000000 0x00000000 0x00000000 0x00000000 0x00000000
4ff3e210: 0x00000000 0x00000000 0x00000000 0x00000000 0x00000000 0x00000000 0x00000000 0x00000000
4ff3e230: 0x00000000 0x00000000 0x00000000 0x00000000 0x00000000 0x00000000 0x00000000 0x00000000
4ff3e250: 0x00000000 0x00000001 0x00000320 0x00000258 0x4745504a 0x00000000 0x00000000 0x00000000
4ff3e270: 0x00000000 0x00000000 0x00000000 0x00000000 0x00000000 0x00000000 0x00000000 0x00000000
4ff3e290: 0x00000000 0x00000000 0x00000000 0x00000000 0x00000000 0x00000000 0x00000000 0x00000000



ELF file SHA256: e87c6fa39

Rebooting...
ESP-ROM:esp32p4-eco2-20240710
Build:Jul 10 2024
rst:0xc (SW_CPU_RESET),boot:0xf (SPI_FAST_FLASH_BOOT)
Core0 Saved PC:0x4ff00c9e
Core1 Saved PC:0x4ff0698c
SPI mode:DIO, clock div:1
load:0x4ff33ce0,len:0x5d0
load:0x4ff28ed0,len:0xdf8
load:0x4ff2bbd0,len:0x34b8
entry 0x4ff28ed0
I (46) hex_psram: vendor id    : 0x0d (AP)
I (46) hex_psram: Latency      : 0x01 (Fixed)
I (46) hex_psram: DriveStr.    : 0x00 (25 Ohm)
I (47) hex_psram: dev id       : 0x03 (generation 4)
I (51) hex_psram: density      : 0x07 (256 Mbit)
I (56) hex_psram: good-die     : 0x06 (Pass)
I (60) hex_psram: SRF          : 0x02 (Slow Refresh)
I (64) hex_psram: BurstType    : 0x00 ( Wrap)
I (69) hex_psram: BurstLen     : 0x03 (2048 Byte)
I (73) hex_psram: BitMode      : 0x01 (X16 Mode)
I (77) hex_psram: Readlatency  : 0x04 (14 cycles@Fixed)
I (82) hex_psram: DriveStrength: 0x00 (1/1)
I (86) MSPI Timing: Enter psram timing tuning
I esp_psram: Found 32MB PSRAM device
I esp_psram: Speed: 200MHz
I (283) mmu_psram: .rodata xip on psram
I (316) mmu_psram: .text xip on psram
I (319) hex_psram: psram CS IO is dedicated
I (319) cpu_start: Multicore app
I (328) cpu_start: GPIO 38 and 37 are used as console UART I/O pins
I (328) cpu_start: Pro cpu start user code
I (329) cpu_start: cpu freq: 360000000 Hz
I (330) app_init: Application information:
I (334) app_init: Project name:     xiaozhi
I (338) app_init: App version:      2.4.0
I (342) app_init: Compile time:     Aug 10 2026 22:03:41
I (347) app_init: ELF file SHA256:  e87c6fa39...
I (351) app_init: ESP-IDF:          v6.0.2
I (355) efuse_init: Min chip rev:     v1.0
I (359) efuse_init: Max chip rev:     v1.99 
I (363) efuse_init: Chip rev:         v1.3
I (367) heap_init: Initializing. RAM available for dynamic allocation:
I (373) heap_init: At 4FF1A740 len 00020880 (130 KiB): RETENT_RAM
I (379) heap_init: At 4FF3AFC0 len 00004BF0 (18 KiB): RAM
I (384) heap_init: At 4FF40000 len 00060000 (384 KiB): RAM
I (389) heap_init: At 50108080 len 00007F80 (31 KiB): RTCRAM
I (394) heap_init: At 30100088 len 00001F78 (7 KiB): SPM
I (400) esp_psram: Adding pool of 31808K of PSRAM memory to heap allocator
I (406) esp_psram: Adding pool of 62K of PSRAM memory gap generated due to end address alignment of irom to the heap allocator
I (417) esp_psram: Adding pool of 60K of PSRAM memory gap generated due to end address alignment of drom to the heap allocator
I (428) spi_flash: detected chip: gd
I (432) spi_flash: flash io: qio
I (435) host_init: ESP Hosted : Host chip_ip[18]
I (439) H_API: ESP-Hosted starting. Hosted_Tasks: prio:23, stack: 5120 RPC_task_stack: 5120
I (447) H_API: ** add_esp_wifi_remote_channels **
I (452) sleep_gpio: Configure to isolate all GPIO pins in sleep state
I (458) sleep_gpio: Enable automatic switching of GPIO sleep configuration
I (466) H_SDIO_DRV: sdio_data_to_rx_buf_task started
I (469) main_task: Started on CPU0
I (472) esp_psram: Reserving pool of 64K of internal memory for DMA/internal allocations
I (481) main_task: Calling app_main()

PV-UVC-SPIKE inicio (F2B) degraus=5
PV-UVC-MEM etapa=boot psram_livre=32669812 psram_maior_bloco=32505856 interna_livre=421195
I (2358) main_task: Returned from app_main()
PV-UVC-INIT result=OK usb_host=on uvc_dev_num=1
PV-UVC-ENUM aguardando enumeracao USB em /dev/video40 (ate 10000 ms)
I (2388) usb_uvc_device: Waiting for UVC device to be enumerated...
E (2832) ENUM: LANGID 0x409 not found
*** Configuration descriptor ***
bLength 9
bDescriptorType 2
wTotalLength 1463
bNumInterfaces 5
bConfigurationValue 1
iConfiguration 0
bmAttributes 0x80
bMaxPower 500mA
*** Interface Association Descriptor ***
bLength 8
bDescriptorType 11
bFirstInterface 0
bInterfaceCount 2
bFunctionClass 0xe
bFunctionSubClass 0x3
bFunctionProtocol 0x0
iFunction 4
	*** Interface descriptor ***
	bLength 9
	bDescriptorType 4
	bInterfaceNumber 0
	bAlternateSetting 0
	bNumEndpoints 1
	bInterfaceClass 0xe
	bInterfaceSubClass 0x1
	bInterfaceProtocol 0x0
	iInterface 0
	*** Class-specific VC Interface Descriptor ***
	bLength 13
	bDescriptorType 0x24
	bDescriptorSubType 0x01
	bcdUVC 0100
	wTotalLength 80
	dwClockFrequency 24000000
	bInCollection 1
	baInterfaceNr[0] 1
	*** Input Terminal Descriptor (Camera) ***
	bLength 18
	bDescriptorType 0x24
	bDescriptorSubType 0x02
	bTerminalID 0x1
	wTerminalType 0x201
	bAssocTerminal 0
	iTerminal 0
	wObjectiveFocalLengthMin 0
	wObjectiveFocalLengthMax 0
	wOcularFocalLength 0
	bControlSize 3
	bmControls 0x7A 0x2A 0x2
	*** Extension Unit Descriptor unsupported, skipping... ***
	*** Processing Unit Descriptor ***
	bLength 11
	bDescriptorType 0x24
	bDescriptorSubType 0x05
	bUnitID 3
	bSourceID 2
	wMaxMultiplier 16384
	bControlSize 2
	bmControls 0x7F 0x17 0x0
	iProcessing 9
	bmVideoStandards 0x24
	*** Output Terminal Descriptor ***
	bLength 9
	bDescriptorType 0x24
	bDescriptorSubType 0x03
	bTerminalID 4
	wTerminalType 0x101
	bAssocTerminal 0
	bSourceID 3
	iTerminal 0
		*** Endpoint descriptor ***
		bLength 7
		bDescriptorType 5
		bEndpointAddress 0x81	EP 1 IN
		bmAttributes 0x3	INT
		wMaxPacketSize 16
		bInterval 8
		*** Class-specific Interrupt Endpoint Descriptor ***
		bLength 5
		bDescriptorType 0x25
		bDescriptorSubType 3
		wMaxTransferSize 16
	*** Interface descriptor ***
	bLength 9
	bDescriptorType 4
	bInterfaceNumber 1
	bAlternateSetting 0
	bNumEndpoints 0
	bInterfaceClass 0xe
	bInterfaceSubClass 0x2
	bInterfaceProtocol 0x0
	iInterface 0
	*** Class-specific VC Interface Descriptor ***
	bLength 15
	bDescriptorType 0x24
	bDescriptorSubType 0x01
	bcdUVC fc02
	wTotalLength 33283
	dwClockFrequency 16909312
	bInCollection 1
	baInterfaceNr[0] 1
	*** Extension Unit Descriptor unsupported, skipping... ***
	*** VS Frame Descriptor ***
	bLength 38
	bDescriptorType 0x24
	bDescriptorSubType 0x07
	bFrameIndex 1
	bmCapabilities 0x0
	wWidth 1920
	wHeight 1080
	dwMinBitRate 20736000
	dwMaxBitRate 62208000
	dwMaxVideoFrameBufSize 2073600
	dwDefaultFrameInterval 333333
	bFrameIntervalType 3
	FrameInterval[0] 333333
	FrameInterval[1] 666666
	FrameInterval[2] 1000000
	*** VS Frame Descriptor ***
	bLength 38
	bDescriptorType 0x24
	bDescriptorSubType 0x07
	bFrameIndex 2
	bmCapabilities 0x0
	wWidth 640
	wHeight 320
	dwMinBitRate 2048000
	dwMaxBitRate 6144000
	dwMaxVideoFrameBufSize 204800
	dwDefaultFrameInterval 333333
	bFrameIntervalType 3
	FrameInterval[0] 333333
	FrameInterval[1] 666666
	FrameInterval[2] 1000000
	*** VS Frame Descriptor ***
	bLength 38
	bDescriptorType 0x24
	bDescriptorSubType 0x07
	bFrameIndex 3
	bmCapabilities 0x0
	wWidth 640
	wHeight 480
	dwMinBitRate 3072000
	dwMaxBitRate 9216000
	dwMaxVideoFrameBufSize 307200
	dwDefaultFrameInterval 333333
	bFrameIntervalType 3
	FrameInterval[0] 333333
	FrameInterval[1] 666666
	FrameInterval[2] 1000000
	*** VS Frame Descriptor ***
	bLength 38
	bDescriptorType 0x24
	bDescriptorSubType 0x07
	bFrameIndex 4
	bmCapabilities 0x0
	wWidth 800
	wHeight 600
	dwMinBitRate 4800000
	dwMaxBitRate 14400000
	dwMaxVideoFrameBufSize 480000
	dwDefaultFrameInterval 333333
	bFrameIntervalType 3
	FrameInterval[0] 333333
	FrameInterval[1] 666666
	FrameInterval[2] 1000000
	*** VS Frame Descriptor ***
	bLength 38
	bDescriptorType 0x24
	bDescriptorSubType 0x07
	bFrameIndex 5
	bmCapabilities 0x0
	wWidth 1024
	wHeight 768
	dwMinBitRate 7864320
	dwMaxBitRate 23592960
	dwMaxVideoFrameBufSize 786432
	dwDefaultFrameInterval 333333
	bFrameIntervalType 3
	FrameInterval[0] 333333
	FrameInterval[1] 666666
	FrameInterval[2] 1000000
	*** VS Frame Descriptor ***
	bLength 38
	bDescriptorType 0x24
	bDescriptorSubType 0x07
	bFrameIndex 6
	bmCapabilities 0x0
	wWidth 1280
	wHeight 720
	dwMinBitRate 9216000
	dwMaxBitRate 27648000
	dwMaxVideoFrameBufSize 921600
	dwDefaultFrameInterval 333333
	bFrameIntervalType 3
	FrameInterval[0] 333333
	FrameInterval[1] 666666
	FrameInterval[2] 1000000
	*** VS Frame Descriptor ***
	bLength 38
	bDescriptorType 0x24
	bDescriptorSubType 0x07
	bFrameIndex 7
	bmCapabilities 0x0
	wWidth 1280
	wHeight 960
	dwMinBitRate 12288000
	dwMaxBitRate 36864000
	dwMaxVideoFrameBufSize 1228800
	dwDefaultFrameInterval 333333
	bFrameIntervalType 3
	FrameInterval[0] 333333
	FrameInterval[1] 666666
	FrameInterval[2] 1000000
	*** VS Frame Descriptor ***
	bLength 38
	bDescriptorType 0x24
	bDescriptorSubType 0x07
	bFrameIndex 8
	bmCapabilities 0x0
	wWidth 1600
	wHeight 1200
	dwMinBitRate 19200000
	dwMaxBitRate 57600000
	dwMaxVideoFrameBufSize 1920000
	dwDefaultFrameInterval 333333
	bFrameIntervalType 3
	FrameInterval[0] 333333
	FrameInterval[1] 666666
	FrameInterval[2] 1000000
	*** VS Frame Descriptor ***
	bLength 38
	bDescriptorType 0x24
	bDescriptorSubType 0x07
	bFrameIndex 9
	bmCapabilities 0x0
	wWidth 2048
	wHeight 1536
	dwMinBitRate 31457280
	dwMaxBitRate 94371840
	dwMaxVideoFrameBufSize 3145728
	dwDefaultFrameInterval 333333
	bFrameIntervalType 3
	FrameInterval[0] 333333
	FrameInterval[1] 666666
	FrameInterval[2] 1000000
	*** VS Frame Descriptor ***
	bLength 38
	bDescriptorType 0x24
	bDescriptorSubType 0x07
	bFrameIndex 10
	bmCapabilities 0x0
	wWidth 2592
	wHeight 1944
	dwMinBitRate 50388480
	dwMaxBitRate 151165440
	dwMaxVideoFrameBufSize 5038848
	dwDefaultFrameInterval 333333
	bFrameIntervalType 3
	FrameInterval[0] 333333
	FrameInterval[1] 666666
	FrameInterval[2] 1000000
	*** VS Frame Descriptor ***
	bLength 38
	bDescriptorType 0x24
	bDescriptorSubType 0x07
	bFrameIndex 11
	bmCapabilities 0x0
	wWidth 3264
	wHeight 2448
	dwMinBitRate 79902720
	dwMaxBitRate 239708160
	dwMaxVideoFrameBufSize 7990272
	dwDefaultFrameInterval 333333
	bFrameIntervalType 3
	FrameInterval[0] 333333
	FrameInterval[1] 666666
	FrameInterval[2] 1000000
	*** VS Frame Descriptor ***
	bLength 38
	bDescriptorType 0x24
	bDescriptorSubType 0x07
	bFrameIndex 12
	bmCapabilities 0x0
	wWidth 3840
	wHeight 2160
	dwMinBitRate 82944000
	dwMaxBitRate 248832000
	dwMaxVideoFrameBufSize 8294400
	dwDefaultFrameInterval 333333
	bFrameIntervalType 3
	FrameInterval[0] 333333
	FrameInterval[1] 666666
	FrameInterval[2] 1000000
	*** VS Frame Descriptor ***
	bLength 34
	bDescriptorType 0x24
	bDescriptorSubType 0x07
	bFrameIndex 13
	bmCapabilities 0x0
	wWidth 4000
	wHeight 3000
	dwMinBitRate 120000000
	dwMaxBitRate 180000000
	dwMaxVideoFrameBufSize 12000000
	dwDefaultFrameInterval 666666
	bFrameIntervalType 2
	FrameInterval[0] 666666
	FrameInterval[1] 1000000
	*** VS Frame Descriptor ***
	bLength 34
	bDescriptorType 0x24
	bDescriptorSubType 0x07
	bFrameIndex 14
	bmCapabilities 0x0
	wWidth 320
	wHeight 240
	dwMinBitRate 1152000
	dwMaxBitRate 2304000
	dwMaxVideoFrameBufSize 76800
	dwDefaultFrameInterval 333333
	bFrameIntervalType 2
	FrameInterval[0] 333333
	FrameInterval[1] 666666
	*** Output Terminal Descriptor ***
	bLength 63
	bDescriptorType 0x24
	bDescriptorSubType 0x03
	bTerminalID 0
	wTerminalType 0x800E
	bAssocTerminal 7
	bSourceID 56
	iTerminal 4
	*** VS Color Format Descriptor ***
	bLength 6
	bDescriptorType 0x24
	bDescriptorSubType 0x0D
	bColorPrimaries 0x1
	bTransferCharacteristics 1
	bMatrixCoefficients 0x4
	*** Selector Unit Descriptor ***
	bLength 27
	bDescriptorType 0x24
	bDescriptorSubType 0x04
	bUnitID 2
	bNrInPins 12
	baSourceID1 89
	baSourceID2 85
	iSelector 89
	*** Processing Unit Descriptor ***
	bLength 34
	bDescriptorType 0x24
	bDescriptorSubType 0x05
	bUnitID 1
	bSourceID 0
	wMaxMultiplier 320
	bControlSize 240
	bmControls 0x0 0x0 0x70
	iProcessing 23
	bmVideoStandards 0x0
	*** Processing Unit Descriptor ***
	bLength 34
	bDescriptorType 0x24
	bDescriptorSubType 0x05
	bUnitID 2
	bSourceID 0
	wMaxMultiplier 640
	bControlSize 104
	bmControls 0x1 0x0 0x50
	iProcessing 70
	bmVideoStandards 0x0
	*** Processing Unit Descriptor ***
	bLength 30
	bDescriptorType 0x24
	bDescriptorSubType 0x05
	bUnitID 3
	bSourceID 0
	wMaxMultiplier 640
	bControlSize 224
	bmControls 0x1 0x0 0xC0
	iProcessing 93
	bmVideoStandards 0x0
	*** Processing Unit Descriptor ***
	bLength 30
	bDescriptorType 0x24
	bDescriptorSubType 0x05
	bUnitID 4
	bSourceID 0
	wMaxMultiplier 800
	bControlSize 88
	bmControls 0x2 0x0 0x7C
	iProcessing 146
	bmVideoStandards 0x0
	*** Processing Unit Descriptor ***
	bLength 30
	bDescriptorType 0x24
	bDescriptorSubType 0x05
	bUnitID 5
	bSourceID 0
	wMaxMultiplier 1024
	bControlSize 208
	bmControls 0x2 0x0 0x0
	iProcessing 225
	bmVideoStandards 0x0
	*** Processing Unit Descriptor ***
	bLength 30
	bDescriptorType 0x24
	bDescriptorSubType 0x05
	bUnitID 6
	bSourceID 0
	wMaxMultiplier 1280
	bControlSize 172
	bmControls 0x3 0x0 0x30
	iProcessing 111
	bmVideoStandards 0x1
	*** Processing Unit Descriptor ***
	bLength 30
	bDescriptorType 0x24
	bDescriptorSubType 0x05
	bUnitID 7
	bSourceID 0
	wMaxMultiplier 1280
	bControlSize 0
	bmControls 0x4 0x0 0x0
	iProcessing 144
	bmVideoStandards 0x1
	*** Processing Unit Descriptor ***
	bLength 30
	bDescriptorType 0x24
	bDescriptorSubType 0x05
	bUnitID 8
	bSourceID 0
	wMaxMultiplier 1600
	bControlSize 176
	bmControls 0x4 0x0 0xF8
	iProcessing 36
	bmVideoStandards 0x1
	*** Processing Unit Descriptor ***
	bLength 30
	bDescriptorType 0x24
	bDescriptorSubType 0x05
	bUnitID 9
	bSourceID 0
	wMaxMultiplier 1920
	bControlSize 56
	bmControls 0x4 0x0 0x68
	iProcessing 60
	bmVideoStandards 0x1
	*** Processing Unit Descriptor ***
	bLength 30
	bDescriptorType 0x24
	bDescriptorSubType 0x05
	bUnitID 10
	bSourceID 0
	wMaxMultiplier 2048
	bControlSize 0
	bmControls 0x6 0x0 0x0
	iProcessing 224
	bmVideoStandards 0x1
	*** Processing Unit Descriptor ***
	bLength 30
	bDescriptorType 0x24
	bDescriptorSubType 0x05
	bUnitID 11
	bSourceID 0
	wMaxMultiplier 2560
	bControlSize 160
	bmControls 0x5 0x0 0x80
	iProcessing 50
	bmVideoStandards 0x2
	*** Processing Unit Descriptor ***
	bLength 30
	bDescriptorType 0x24
	bDescriptorSubType 0x05
	bUnitID 12
	bSourceID 0
	wMaxMultiplier 2592
	bControlSize 152
	bmControls 0x7 0x0 0xDE
	iProcessing 0
	bmVideoStandards 0x3
	*** VS Color Format Descriptor ***
	bLength 6
	bDescriptorType 0x24
	bDescriptorSubType 0x0D
	bColorPrimaries 0x1
	bTransferCharacteristics 1
	bMatrixCoefficients 0x4
	*** Interface descriptor ***
	bLength 9
	bDescriptorType 4
	bInterfaceNumber 1
	bAlternateSetting 1
	bNumEndpoints 1
	bInterfaceClass 0xe
	bInterfaceSubClass 0x2
	bInterfaceProtocol 0x0
	iInterface 0
		*** Endpoint descriptor ***
		bLength 7
		bDescriptorType 5
		bEndpointAddress 0x82	EP 2 IN
		bmAttributes 0x5	ISOC
		wMaxPacketSize 192
		bInterval 1
	*** Interface descriptor ***
	bLength 9
	bDescriptorType 4
	bInterfaceNumber 1
	bAlternateSetting 2
	bNumEndpoints 1
	bInterfaceClass 0xe
	bInterfaceSubClass 0x2
	bInterfaceProtocol 0x0
	iInterface 0
		*** Endpoint descriptor ***
		bLength 7
		bDescriptorType 5
		bEndpointAddress 0x82	EP 2 IN
		bmAttributes 0x5	ISOC
		wMaxPacketSize 384
		bInterval 1
	*** Interface descriptor ***
	bLength 9
	bDescriptorType 4
	bInterfaceNumber 1
	bAlternateSetting 3
	bNumEndpoints 1
	bInterfaceClass 0xe
	bInterfaceSubClass 0x2
	bInterfaceProtocol 0x0
	iInterface 0
		*** Endpoint descriptor ***
		bLength 7
		bDescriptorType 5
		bEndpointAddress 0x82	EP 2 IN
		bmAttributes 0x5	ISOC
		wMaxPacketSize 512
		bInterval 1
	*** Interface descriptor ***
	bLength 9
	bDescriptorType 4
	bInterfaceNumber 1
	bAlternateSetting 4
	bNumEndpoints 1
	bInterfaceClass 0xe
	bInterfaceSubClass 0x2
	bInterfaceProtocol 0x0
	iInterface 0
		*** Endpoint descriptor ***
		bLength 7
		bDescriptorType 5
		bEndpointAddress 0x82	EP 2 IN
		bmAttributes 0x5	ISOC
		wMaxPacketSize 640
		bInterval 1
	*** Interface descriptor ***
	bLength 9
	bDescriptorType 4
	bInterfaceNumber 1
	bAlternateSetting 5
	bNumEndpoints 1
	bInterfaceClass 0xe
	bInterfaceSubClass 0x2
	bInterfaceProtocol 0x0
	iInterface 0
		*** Endpoint descriptor ***
		bLength 7
		bDescriptorType 5
		bEndpointAddress 0x82	EP 2 IN
		bmAttributes 0x5	ISOC
		wMaxPacketSize 800
		bInterval 1
	*** Interface descriptor ***
	bLength 9
	bDescriptorType 4
	bInterfaceNumber 1
	bAlternateSetting 6
	bNumEndpoints 1
	bInterfaceClass 0xe
	bInterfaceSubClass 0x2
	bInterfaceProtocol 0x0
	iInterface 0
		*** Endpoint descriptor ***
		bLength 7
		bDescriptorType 5
		bEndpointAddress 0x82	EP 2 IN
		bmAttributes 0x5	ISOC
		wMaxPacketSize 944
		bInterval 1
	*** Interface descriptor ***
	bLength 9
	bDescriptorType 4
	bInterfaceNumber 1
	bAlternateSetting 7
	bNumEndpoints 1
	bInterfaceClass 0xe
	bInterfaceSubClass 0x2
	bInterfaceProtocol 0x0
	iInterface 0
		*** Endpoint descriptor ***
		bLength 7
		bDescriptorType 5
		bEndpointAddress 0x82	EP 2 IN
		bmAttributes 0x5	ISOC
		wMaxPacketSize 640
		wMaxPacketSize (with additional transactions in microframe) 1280
		bInterval 1
	*** Interface descriptor ***
	bLength 9
	bDescriptorType 4
	bInterfaceNumber 1
	bAlternateSetting 8
	bNumEndpoints 1
	bInterfaceClass 0xe
	bInterfaceSubClass 0x2
	bInterfaceProtocol 0x0
	iInterface 0
		*** Endpoint descriptor ***
		bLength 7
		bDescriptorType 5
		bEndpointAddress 0x82	EP 2 IN
		bmAttributes 0x5	ISOC
		wMaxPacketSize 800
		wMaxPacketSize (with additional transactions in microframe) 1600
		bInterval 1
	*** Interface descriptor ***
	bLength 9
	bDescriptorType 4
	bInterfaceNumber 1
	bAlternateSetting 9
	bNumEndpoints 1
	bInterfaceClass 0xe
	bInterfaceSubClass 0x2
	bInterfaceProtocol 0x0
	iInterface 0
		*** Endpoint descriptor ***
		bLength 7
		bDescriptorType 5
		bEndpointAddress 0x82	EP 2 IN
		bmAttributes 0x5	ISOC
		wMaxPacketSize 992
		wMaxPacketSize (with additional transactions in microframe) 1984
		bInterval 1
	*** Interface descriptor ***
	bLength 9
	bDescriptorType 4
	bInterfaceNumber 1
	bAlternateSetting 10
	bNumEndpoints 1
	bInterfaceClass 0xe
	bInterfaceSubClass 0x2
	bInterfaceProtocol 0x0
	iInterface 0
		*** Endpoint descriptor ***
		bLength 7
		bDescriptorType 5
		bEndpointAddress 0x82	EP 2 IN
		bmAttributes 0x5	ISOC
		wMaxPacketSize 896
		wMaxPacketSize (with additional transactions in microframe) 2688
		bInterval 1
	*** Interface descriptor ***
	bLength 9
	bDescriptorType 4
	bInterfaceNumber 1
	bAlternateSetting 11
	bNumEndpoints 1
	bInterfaceClass 0xe
	bInterfaceSubClass 0x2
	bInterfaceProtocol 0x0
	iInterface 0
		*** Endpoint descriptor ***
		bLength 7
		bDescriptorType 5
		bEndpointAddress 0x82	EP 2 IN
		bmAttributes 0x5	ISOC
		wMaxPacketSize 1024
		wMaxPacketSize (with additional transactions in microframe) 3072
		bInterval 1
*** Interface Association Descriptor ***
bLength 8
bDescriptorType 11
bFirstInterface 2
bInterfaceCount 2
bFunctionClass 0x1
bFunctionSubClass 0x0
bFunctionProtocol 0x0
iFunction 5
	*** Interface descriptor ***
	bLength 9
	bDescriptorType 4
	bInterfaceNumber 2
	bAlternateSetting 0
	bNumEndpoints 0
	bInterfaceClass 0x1
	bInterfaceSubClass 0x1
	bInterfaceProtocol 0x0
	iInterface 0
	*** Class-specific VC Interface Descriptor ***
	bLength 9
	bDescriptorType 0x24
	bDescriptorSubType 0x01
	bcdUVC 0100
	wTotalLength 39
	dwClockFrequency 604766977
	bInCollection 2
	baInterfaceNr[0] 1
	baInterfaceNr[1] 1
	*** Input Terminal Descriptor (Camera) ***
	bLength 12
	bDescriptorType 0x24
	bDescriptorSubType 0x02
	bTerminalID 0x1
	wTerminalType 0x201
	bAssocTerminal 0
	iTerminal 1
	wObjectiveFocalLengthMin 3
	wObjectiveFocalLengthMax 0
	wOcularFocalLength 9225
	bControlSize 6
	bmControls 0x2 0x1 0x2
	*** Extension Unit Descriptor unsupported, skipping... ***
	*** Output Terminal Descriptor ***
	bLength 9
	bDescriptorType 0x24
	bDescriptorSubType 0x03
	bTerminalID 3
	wTerminalType 0x101
	bAssocTerminal 0
	bSourceID 2
	iTerminal 0
	*** Interface descriptor ***
	bLength 9
	bDescriptorType 4
	bInterfaceNumber 3
	bAlternateSetting 0
	bNumEndpoints 0
	bInterfaceClass 0x1
	bInterfaceSubClass 0x2
	bInterfaceProtocol 0x0
	iInterface 0
	*** Interface descriptor ***
	bLength 9
	bDescriptorType 4
	bInterfaceNumber 3
	bAlternateSetting 1
	bNumEndpoints 1
	bInterfaceClass 0x1
	bInterfaceSubClass 0x2
	bInterfaceProtocol 0x0
	iInterface 0
	*** Class-specific VC Interface Descriptor ***
	bLength 7
	bDescriptorType 0x24
	bDescriptorSubType 0x01
	bcdUVC 0003
	wTotalLength 1
	dwClockFrequency 16917515
	bInCollection 2
	baInterfaceNr[0] 2
	baInterfaceNr[1] 16
	*** Input Terminal Descriptor (Media) ***
	bLength 11
	bDescriptorType 0x24
	bDescriptorSubType 0x02
	bTerminalID 0x1
	wTerminalType 0x202
	bAssocTerminal 16
	iTerminal 1
	bControlSize 128
	bmControls 0xBB
	bTransportModeSize 0
	bmTransportModes 0x9 0x5 0x83 0x1 0xC0
		*** Endpoint descriptor ***
		bLength 9
		bDescriptorType 5
		bEndpointAddress 0x83	EP 3 IN
		bmAttributes 0x1	ISOC
		wMaxPacketSize 192
		bInterval 4
		*** Class-specific Interrupt Endpoint Descriptor ***
		bLength 7
		bDescriptorType 0x25
		bDescriptorSubType 1
		wMaxTransferSize 1
	*** Interface descriptor ***
	bLength 9
	bDescriptorType 4
	bInterfaceNumber 4
	bAlternateSetting 0
	bNumEndpoints 2
	bInterfaceClass 0x3
	bInterfaceSubClass 0x0
	bInterfaceProtocol 0x0
	iInterface 0
 *** Unknown Descriptor Length: 9 Type: 33 ***
		*** Endpoint descriptor ***
		bLength 7
		bDescriptorType 5
		bEndpointAddress 0x84	EP 4 IN
		bmAttributes 0x3	INT
		wMaxPacketSize 64
		bInterval 4
		*** Endpoint descriptor ***
		bLength 7
		bDescriptorType 5
		bEndpointAddress 0x1	EP 1 OUT
		bmAttributes 0x3	INT
		wMaxPacketSize 64
		bInterval 4
PV-UVC-ENUM device aberto em 2034 ms
PV-UVC-ENUM cap driver=USB-UVC0 card=USB-UVC0 bus=esp32p4:USB-UVC0 caps=0x84201001 device_caps=0x04201001
PV-UVC-ENUM fmt index=0 fourcc=JPEG flags=0x0 desc="JPEG"
PV-UVC-ENUM size fourcc=JPEG index=0 1920x1080
PV-UVC-ENUM interval fourcc=JPEG 1920x1080 index=0 tipo=discrete num=333333 den=10000000 fps_x1000=30000
PV-UVC-ENUM interval fourcc=JPEG 1920x1080 index=1 tipo=discrete num=666666 den=10000000 fps_x1000=15000
PV-UVC-ENUM interval fourcc=JPEG 1920x1080 index=2 tipo=discrete num=1000000 den=10000000 fps_x1000=10000
PV-UVC-ENUM size fourcc=JPEG index=1 640x320
PV-UVC-ENUM interval fourcc=JPEG 640x320 index=0 tipo=discrete num=333333 den=10000000 fps_x1000=30000
PV-UVC-ENUM interval fourcc=JPEG 640x320 index=1 tipo=discrete num=666666 den=10000000 fps_x1000=15000
PV-UVC-ENUM interval fourcc=JPEG 640x320 index=2 tipo=discrete num=1000000 den=10000000 fps_x1000=10000
PV-UVC-ENUM size fourcc=JPEG index=2 640x480
PV-UVC-ENUM interval fourcc=JPEG 640x480 index=0 tipo=discrete num=333333 den=10000000 fps_x1000=30000
PV-UVC-ENUM interval fourcc=JPEG 640x480 index=1 tipo=discrete num=666666 den=10000000 fps_x1000=15000
PV-UVC-ENUM interval fourcc=JPEG 640x480 index=2 tipo=discrete num=1000000 den=10000000 fps_x1000=10000
PV-UVC-ENUM size fourcc=JPEG index=3 800x600
PV-UVC-ENUM interval fourcc=JPEG 800x600 index=0 tipo=discrete num=333333 den=10000000 fps_x1000=30000
PV-UVC-ENUM interval fourcc=JPEG 800x600 index=1 tipo=discrete num=666666 den=10000000 fps_x1000=15000
PV-UVC-ENUM interval fourcc=JPEG 800x600 index=2 tipo=discrete num=1000000 den=10000000 fps_x1000=10000
PV-UVC-ENUM size fourcc=JPEG index=4 1024x768
PV-UVC-ENUM interval fourcc=JPEG 1024x768 index=0 tipo=discrete num=333333 den=10000000 fps_x1000=30000
PV-UVC-ENUM interval fourcc=JPEG 1024x768 index=1 tipo=discrete num=666666 den=10000000 fps_x1000=15000
PV-UVC-ENUM interval fourcc=JPEG 1024x768 index=2 tipo=discrete num=1000000 den=10000000 fps_x1000=10000
PV-UVC-ENUM size fourcc=JPEG index=5 1280x720
PV-UVC-ENUM interval fourcc=JPEG 1280x720 index=0 tipo=discrete num=333333 den=10000000 fps_x1000=30000
PV-UVC-ENUM interval fourcc=JPEG 1280x720 index=1 tipo=discrete num=666666 den=10000000 fps_x1000=15000
PV-UVC-ENUM interval fourcc=JPEG 1280x720 index=2 tipo=discrete num=1000000 den=10000000 fps_x1000=10000
PV-UVC-ENUM size fourcc=JPEG index=6 1280x960
PV-UVC-ENUM interval fourcc=JPEG 1280x960 index=0 tipo=discrete num=333333 den=10000000 fps_x1000=30000
PV-UVC-ENUM interval fourcc=JPEG 1280x960 index=1 tipo=discrete num=666666 den=10000000 fps_x1000=15000
PV-UVC-ENUM interval fourcc=JPEG 1280x960 index=2 tipo=discrete num=1000000 den=10000000 fps_x1000=10000
PV-UVC-ENUM size fourcc=JPEG index=7 1600x1200
PV-UVC-ENUM interval fourcc=JPEG 1600x1200 index=0 tipo=discrete num=333333 den=10000000 fps_x1000=30000
PV-UVC-ENUM interval fourcc=JPEG 1600x1200 index=1 tipo=discrete num=666666 den=10000000 fps_x1000=15000
PV-UVC-ENUM interval fourcc=JPEG 1600x1200 index=2 tipo=discrete num=1000000 den=10000000 fps_x1000=10000
PV-UVC-ENUM size fourcc=JPEG index=8 2048x1536
PV-UVC-ENUM interval fourcc=JPEG 2048x1536 index=0 tipo=discrete num=333333 den=10000000 fps_x1000=30000
PV-UVC-ENUM interval fourcc=JPEG 2048x1536 index=1 tipo=discrete num=666666 den=10000000 fps_x1000=15000
PV-UVC-ENUM interval fourcc=JPEG 2048x1536 index=2 tipo=discrete num=1000000 den=10000000 fps_x1000=10000
PV-UVC-ENUM size fourcc=JPEG index=9 2592x1944
PV-UVC-ENUM interval fourcc=JPEG 2592x1944 index=0 tipo=discrete num=333333 den=10000000 fps_x1000=30000
PV-UVC-ENUM interval fourcc=JPEG 2592x1944 index=1 tipo=discrete num=666666 den=10000000 fps_x1000=15000
PV-UVC-ENUM interval fourcc=JPEG 2592x1944 index=2 tipo=discrete num=1000000 den=10000000 fps_x1000=10000
PV-UVC-ENUM size fourcc=JPEG index=10 3264x2448
PV-UVC-ENUM interval fourcc=JPEG 3264x2448 index=0 tipo=discrete num=333333 den=10000000 fps_x1000=30000
PV-UVC-ENUM interval fourcc=JPEG 3264x2448 index=1 tipo=discrete num=666666 den=10000000 fps_x1000=15000
PV-UVC-ENUM interval fourcc=JPEG 3264x2448 index=2 tipo=discrete num=1000000 den=10000000 fps_x1000=10000
PV-UVC-ENUM size fourcc=JPEG index=11 3840x2160
PV-UVC-ENUM interval fourcc=JPEG 3840x2160 index=0 tipo=discrete num=333333 den=10000000 fps_x1000=30000
PV-UVC-ENUM interval fourcc=JPEG 3840x2160 index=1 tipo=discrete num=666666 den=10000000 fps_x1000=15000
PV-UVC-ENUM interval fourcc=JPEG 3840x2160 index=2 tipo=discrete num=1000000 den=10000000 fps_x1000=10000
PV-UVC-ENUM size fourcc=JPEG index=12 4000x3000
PV-UVC-ENUM interval fourcc=JPEG 4000x3000 index=0 tipo=discrete num=666666 den=10000000 fps_x1000=15000
PV-UVC-ENUM interval fourcc=JPEG 4000x3000 index=1 tipo=discrete num=1000000 den=10000000 fps_x1000=10000
PV-UVC-ENUM size fourcc=JPEG index=13 320x240
PV-UVC-ENUM interval fourcc=JPEG 320x240 index=0 tipo=discrete num=333333 den=10000000 fps_x1000=30000
PV-UVC-ENUM interval fourcc=JPEG 320x240 index=1 tipo=discrete num=666666 den=10000000 fps_x1000=15000
PV-UVC-ENUM fmt index=1 fourcc=YUYV flags=0x0 desc="YUV 4:2:2 YUYV"
PV-UVC-ENUM size fourcc=YUYV index=0 320x240
PV-UVC-ENUM interval fourcc=YUYV 320x240 index=0 tipo=discrete num=500000 den=10000000 fps_x1000=20000
PV-UVC-ENUM interval fourcc=YUYV 320x240 index=1 tipo=discrete num=1000000 den=10000000 fps_x1000=10000
PV-UVC-ENUM size fourcc=YUYV index=1 640x360
PV-UVC-ENUM interval fourcc=YUYV 640x360 index=0 tipo=discrete num=500000 den=10000000 fps_x1000=20000
PV-UVC-ENUM interval fourcc=YUYV 640x360 index=1 tipo=discrete num=1000000 den=10000000 fps_x1000=10000
PV-UVC-ENUM size fourcc=YUYV index=2 640x480
PV-UVC-ENUM interval fourcc=YUYV 640x480 index=0 tipo=discrete num=1000000 den=10000000 fps_x1000=10000
PV-UVC-ENUM size fourcc=YUYV index=3 800x600
PV-UVC-ENUM interval fourcc=YUYV 800x600 index=0 tipo=discrete num=1000000 den=10000000 fps_x1000=10000
PV-UVC-ENUM size fourcc=YUYV index=4 1024x720
PV-UVC-ENUM interval fourcc=YUYV 1024x720 index=0 tipo=discrete num=1000000 den=10000000 fps_x1000=10000
PV-UVC-ENUM size fourcc=YUYV index=5 1280x940
PV-UVC-ENUM interval fourcc=YUYV 1280x940 index=0 tipo=discrete num=1000000 den=10000000 fps_x1000=10000
PV-UVC-ENUM size fourcc=YUYV index=6 1280x1024
PV-UVC-ENUM interval fourcc=YUYV 1280x1024 index=0 tipo=discrete num=1000000 den=10000000 fps_x1000=10000
PV-UVC-ENUM size fourcc=YUYV index=7 1600x1200
PV-UVC-ENUM interval fourcc=YUYV 1600x1200 index=0 tipo=discrete num=2000000 den=10000000 fps_x1000=5000
PV-UVC-ENUM size fourcc=YUYV index=8 1920x1080
PV-UVC-ENUM interval fourcc=YUYV 1920x1080 index=0 tipo=discrete num=2000000 den=10000000 fps_x1000=5000
PV-UVC-ENUM size fourcc=YUYV index=9 2048x1536
PV-UVC-ENUM interval fourcc=YUYV 2048x1536 index=0 tipo=discrete num=2000000 den=10000000 fps_x1000=5000
PV-UVC-ENUM size fourcc=YUYV index=10 2560x1440
PV-UVC-ENUM interval fourcc=YUYV 2560x1440 index=0 tipo=discrete num=2000000 den=10000000 fps_x1000=5000
PV-UVC-ENUM size fourcc=YUYV index=11 2592x1944
PV-UVC-ENUM interval fourcc=YUYV 2592x1944 index=0 tipo=discrete num=2000000 den=10000000 fps_x1000=5000
PV-UVC-ENUM result=OK tamanhos_jpeg=14
I (5051) usb_uvc_device: All UVC devices already enumerated
PV-UVC-FMT requested=800x600 applied=800x600 fourcc=JPEG sizeimage=0
I (5070) uvc: Allocating 2 USB transfers for ISOC. Each: 3072 bytes, 1 ISOC packets, 3072 MPS
W (8105) PvUvcSpike: DQBUF de descarte 0 falhou: errno=1(Not owner)
PV-UVC-WARMUP requested=800x600 descartados=0
E (13105) PvUvcSpike: VIDIOC_DQBUF falhou: errno=1(Not owner)

assert failed: usbh_dev_close usbh.c:1226 (dev_obj->dynamic.num_ctrl_xfers_inflight == 0)
Core  0 register dump:
MEPC    : 0x4ff0d048  RA      : 0x4ff0cbe0  SP      : 0x4ff3deb0  GP      : 0x4ff14300  
TP      : 0x4ff3e4e0  T0      : 0x695f7372  T1      : 0x616e7964  T2      : 0x696c666e  
S0/FP   : 0x0000006e  S1      : 0x00000001  A0      : 0x4ff3def8  A1      : 0x4ff16881  
A2      : 0x00000001  A3      : 0x4ff1a000  A4      : 0x00000001  A5      : 0x4ff1a000  
A6      : 0x00000008  A7      : 0x3e2d6a62  S2      : 0x4ff3def8  S3      : 0x4ff3df19  
S4      : 0x4ff16880  S5      : 0x4ff3def8  S6      : 0x48043896  S7      : 0x00000002  
S8      : 0x00001fa9  S9      : 0x480a4c98  S10     : 0x001e8480  S11     : 0x00000002  
T3      : 0x2e63696d  T4      : 0x5f6d756e  T5      : 0x6c727463  T6      : 0x6566785f  
MSTATUS : 0x00011880  MTVEC   : 0x4ff00003  MCAUSE  : 0x00000002  MTVAL   : 0x00000000  
MHARTID : 0x00000000  

Stack memory:
4ff3deb0: 0x00000000 0x4ff3df5c 0x480da1c4 0x4ff0a8b8 0x36323231 0x4ff3e900 0x00000000 0x00000000
4ff3ded0: 0x48000000 0x4ff1712c 0x480da1c4 0x4ff17110 0x480ae0d1 0x4ff1713c 0x4ff3dec0 0x4ff17140
4ff3def0: 0x480ae248 0x4ff16880 0x65737361 0x66207472 0x656c6961 0x75203a64 0x5f686273 0x5f766564
4ff3df10: 0x736f6c63 0x73752065 0x632e6862 0x3232313a 0x64282036 0x6f5f7665 0x3e2d6a62 0x616e7964
4ff3df30: 0x2e63696d 0x5f6d756e 0x6c727463 0x6566785f 0x695f7372 0x696c666e 0x20746867 0x30203d3d
4ff3df50: 0x00000029 0x00000000 0x4ff51bd0 0xfffffffe 0x00000000 0x00000000 0x4ff3e518 0xfffffffe
4ff3df70: 0x00000000 0x480e7b90 0x4ff3e518 0x4807df5c 0x00000000 0x000000a8 0x480e7bc4 0x480e0ee4
4ff3df90: 0x4ff51a08 0x00000000 0x4ff3e8bc 0x4ff3fb68 0x480e6fa8 0x00000000 0x4ff3e8bc 0x4807e2c4
4ff3dfb0: 0x480e6fa8 0x00000000 0x4ff3e8bc 0x4807c782 0x4ff51a08 0x00000000 0x4ff3e418 0x4ff3fb68
4ff3dfd0: 0x480e6fa8 0x4ff1a000 0x480e7018 0x48043896 0x4ff51a08 0x00000000 0x480e7018 0x480e7018
4ff3dff0: 0x480e6fa8 0x4ff1a000 0x480e7018 0x48041a08 0x00000103 0x480e7b28 0x00000002 0x010e7d58
4ff3e010: 0x00000103 0x480e7b28 0x00000002 0x4803c3e6 0x00000103 0x4ff1a000 0x480e7b28 0x4803d944
4ff3e030: 0x00000103 0x4ff3fb68 0x4ff3fae4 0x48025bb0 0x00000000 0x40045613 0x4ff3fb68 0x48022870
4ff3e050: 0x00000001 0x40045613 0x00000001 0x4802303c 0x00000001 0x4ff14588 0x480a4364 0x00003331
4ff3e070: 0x00000000 0x480a4c98 0x4ff5073c 0x4802c984 0x00000001 0x00000000 0x4ff3e418 0x4808041e
4ff3e090: 0x00000001 0x4ff14588 0x480a4848 0x00000004 0x00000000 0x00000000 0x00000000 0x4ff3e0c8
4ff3e0b0: 0x00000004 0x4ff14588 0x00000004 0x48021362 0x00000005 0x00000000 0x4ff3e100 0x00000000
4ff3e0d0: 0x20800008 0x00000001 0x00000001 0x0000000a 0x4ff3e1a8 0x480e71a8 0x480e71a8 0x4803dd74
4ff3e0f0: 0x00000000 0x4ff1a000 0x4ff3fae4 0x00000001 0x00000001 0x4745504a 0x00000000 0x00000002
4ff3e110: 0x00000001 0x00000001 0x00000000 0x00000000 0x4ff3fb68 0x480f0a40 0x48165d80 0x00075300
4ff3e130: 0x00075300 0x00000000 0x00000000 0x00000001 0x00000000 0x00000000 0x00000000 0x00000000
4ff3e150: 0x00000000 0x00000000 0x00000000 0x00000000 0x00000000 0x00000000 0x00000000 0x00000000
4ff3e170: 0x00000000 0x00000001 0x00000000 0x00000000 0x00000000 0x00000000 0x00000001 0x00000320
4ff3e190: 0x00000258 0x4745504a 0x00000000 0x00000000 0x00000000 0x00000000 0x00000000 0x00000000
4ff3e1b0: 0x00000000 0x00000000 0x00000000 0x00000000 0x00000000 0x00000000 0x00000000 0x00000000
4ff3e1d0: 0x00000000 0x00000000 0x00000000 0x00000000 0x00000000 0x00000000 0x00000000 0x00000000
4ff3e1f0: 0x00000000 0x00000000 0x00000000 0x00000000 0x00000000 0x00000000 0x00000000 0x00000000
4ff3e210: 0x00000000 0x00000000 0x00000000 0x00000000 0x00000000 0x00000000 0x00000000 0x00000000
4ff3e230: 0x00000000 0x00000000 0x00000000 0x00000000 0x00000000 0x00000000 0x00000000 0x00000000
4ff3e250: 0x00000000 0x00000001 0x00000320 0x00000258 0x4745504a 0x00000000 0x00000000 0x00000000
4ff3e270: 0x00000000 0x00000000 0x00000000 0x00000000 0x00000000 0x00000000 0x00000000 0x00000000
4ff3e290: 0x00000000 0x00000000 0x00000000 0x00000000 0x00000000 0x00000000 0x00000000 0x00000000



ELF file SHA256: e87c6fa39

Rebooting...
ESP-ROM:esp32p4-eco2-20240710
Build:Jul 10 2024
rst:0xc (SW_CPU_RESET),boot:0xf (SPI_FAST_FLASH_BOOT)
Core0 Saved PC:0x4ff00c9e
Core1 Saved PC:0x4ff0682e
SPI mode:DIO, clock div:1
load:0x4ff33ce0,len:0x5d0
load:0x4ff28ed0,len:0xdf8
load:0x4ff2bbd0,len:0x34b8
entry 0x4ff28ed0
I (46) hex_psram: vendor id    : 0x0d (AP)
I (46) hex_psram: Latency      : 0x01 (Fixed)
I (46) hex_psram: DriveStr.    : 0x00 (25 Ohm)
I (47) hex_psram: dev id       : 0x03 (generation 4)
I (51) hex_psram: density      : 0x07 (256 Mbit)
I (56) hex_psram: good-die     : 0x06 (Pass)
I (60) hex_psram: SRF          : 0x02 (Slow Refresh)
I (64) hex_psram: BurstType    : 0x00 ( Wrap)
I (69) hex_psram: BurstLen     : 0x03 (2048 Byte)
I (73) hex_psram: BitMode      : 0x01 (X16 Mode)
I (77) hex_psram: Readlatency  : 0x04 (14 cycles@Fixed)
I (82) hex_psram: DriveStrength: 0x00 (1/1)
I (86) MSPI Timing: Enter psram timing tuning
I esp_psram: Found 32MB PSRAM device
I esp_psram: Speed: 200MHz
I (283) mmu_psram: .rodata xip on psram
I (316) mmu_psram: .text xip on psram
I (318) hex_psram: psram CS IO is dedicated
I (319) cpu_start: Multicore app
I (328) cpu_start: GPIO 38 and 37 are used as console UART I/O pins
I (328) cpu_start: Pro cpu start user code
I (328) cpu_start: cpu freq: 360000000 Hz
I (330) app_init: Application information:
I (334) app_init: Project name:     xiaozhi
I (338) app_init: App version:      2.4.0
I (342) app_init: Compile time:     Aug 10 2026 22:03:41
I (347) app_init: ELF file SHA256:  e87c6fa39...
I (351) app_init: ESP-IDF:          v6.0.2
I (355) efuse_init: Min chip rev:     v1.0
I (359) efuse_init: Max chip rev:     v1.99 
I (363) efuse_init: Chip rev:         v1.3
I (366) heap_init: Initializing. RAM available for dynamic allocation:
I (373) heap_init: At 4FF1A740 len 00020880 (130 KiB): RETENT_RAM
I (379) heap_init: At 4FF3AFC0 len 00004BF0 (18 KiB): RAM
I (384) heap_init: At 4FF40000 len 00060000 (384 KiB): RAM
I (389) heap_init: At 50108080 len 00007F80 (31 KiB): RTCRAM
I (394) heap_init: At 30100088 len 00001F78 (7 KiB): SPM
I (399) esp_psram: Adding pool of 31808K of PSRAM memory to heap allocator
I (406) esp_psram: Adding pool of 62K of PSRAM memory gap generated due to end address alignment of irom to the heap allocator
I (417) esp_psram: Adding pool of 60K of PSRAM memory gap generated due to end address alignment of drom to the heap allocator
I (428) spi_flash: detected chip: gd
I (431) spi_flash: flash io: qio
I (434) host_init: ESP Hosted : Host chip_ip[18]
I (439) H_API: ESP-Hosted starting. Hosted_Tasks: prio:23, stack: 5120 RPC_task_stack: 5120
I (447) H_API: ** add_esp_wifi_remote_channels **
I (452) sleep_gpio: Configure to isolate all GPIO pins in sleep state
I (458) sleep_gpio: Enable automatic switching of GPIO sleep configuration
I (466) H_SDIO_DRV: sdio_data_to_rx_buf_task started
I (469) main_task: Started on CPU0
I (472) esp_psram: Reserving pool of 64K of internal memory for DMA/internal allocations
I (481) main_task: Calling app_main()

PV-UVC-SPIKE inicio (F2B) degraus=5
PV-UVC-MEM etapa=boot psram_livre=32669812 psram_maior_bloco=32505856 interna_livre=421195
I (2358) main_task: Returned from app_main()
PV-UVC-INIT result=OK usb_host=on uvc_dev_num=1
PV-UVC-ENUM aguardando enumeracao USB em /dev/video40 (ate 10000 ms)
I (2388) usb_uvc_device: Waiting for UVC device to be enumerated...
E (2832) ENUM: LANGID 0x409 not found
*** Configuration descriptor ***
bLength 9
bDescriptorType 2
wTotalLength 1463
bNumInterfaces 5
bConfigurationValue 1
iConfiguration 0
bmAttributes 0x80
bMaxPower 500mA
*** Interface Association Descriptor ***
bLength 8
bDescriptorType 11
bFirstInterface 0
bInterfaceCount 2
bFunctionClass 0xe
bFunctionSubClass 0x3
bFunctionProtocol 0x0
iFunction 4
	*** Interface descriptor ***
	bLength 9
	bDescriptorType 4
	bInterfaceNumber 0
	bAlternateSetting 0
	bNumEndpoints 1
	bInterfaceClass 0xe
	bInterfaceSubClass 0x1
	bInterfaceProtocol 0x0
	iInterface 0
	*** Class-specific VC Interface Descriptor ***
	bLength 13
	bDescriptorType 0x24
	bDescriptorSubType 0x01
	bcdUVC 0100
	wTotalLength 80
	dwClockFrequency 24000000
	bInCollection 1
	baInterfaceNr[0] 1
	*** Input Terminal Descriptor (Camera) ***
	bLength 18
	bDescriptorType 0x24
	bDescriptorSubType 0x02
	bTerminalID 0x1
	wTerminalType 0x201
	bAssocTerminal 0
	iTerminal 0
	wObjectiveFocalLengthMin 0
	wObjectiveFocalLengthMax 0
	wOcularFocalLength 0
	bControlSize 3
	bmControls 0x7A 0x2A 0x2
	*** Extension Unit Descriptor unsupported, skipping... ***
	*** Processing Unit Descriptor ***
	bLength 11
	bDescriptorType 0x24
	bDescriptorSubType 0x05
	bUnitID 3
	bSourceID 2
	wMaxMultiplier 16384
	bControlSize 2
	bmControls 0x7F 0x17 0x0
	iProcessing 9
	bmVideoStandards 0x24
	*** Output Terminal Descriptor ***
	bLength 9
	bDescriptorType 0x24
	bDescriptorSubType 0x03
	bTerminalID 4
	wTerminalType 0x101
	bAssocTerminal 0
	bSourceID 3
	iTerminal 0
		*** Endpoint descriptor ***
		bLength 7
		bDescriptorType 5
		bEndpointAddress 0x81	EP 1 IN
		bmAttributes 0x3	INT
		wMaxPacketSize 16
		bInterval 8
		*** Class-specific Interrupt Endpoint Descriptor ***
		bLength 5
		bDescriptorType 0x25
		bDescriptorSubType 3
		wMaxTransferSize 16
	*** Interface descriptor ***
	bLength 9
	bDescriptorType 4
	bInterfaceNumber 1
	bAlternateSetting 0
	bNumEndpoints 0
	bInterfaceClass 0xe
	bInterfaceSubClass 0x2
	bInterfaceProtocol 0x0
	iInterface 0
	*** Class-specific VC Interface Descriptor ***
	bLength 15
	bDescriptorType 0x24
	bDescriptorSubType 0x01
	bcdUVC fc02
	wTotalLength 33283
	dwClockFrequency 16909312
	bInCollection 1
	baInterfaceNr[0] 1
	*** Extension Unit Descriptor unsupported, skipping... ***
	*** VS Frame Descriptor ***
	bLength 38
	bDescriptorType 0x24
	bDescriptorSubType 0x07
	bFrameIndex 1
	bmCapabilities 0x0
	wWidth 1920
	wHeight 1080
	dwMinBitRate 20736000
	dwMaxBitRate 62208000
	dwMaxVideoFrameBufSize 2073600
	dwDefaultFrameInterval 333333
	bFrameIntervalType 3
	FrameInterval[0] 333333
	FrameInterval[1] 666666
	FrameInterval[2] 1000000
	*** VS Frame Descriptor ***
	bLength 38
	bDescriptorType 0x24
	bDescriptorSubType 0x07
	bFrameIndex 2
	bmCapabilities 0x0
	wWidth 640
	wHeight 320
	dwMinBitRate 2048000
	dwMaxBitRate 6144000
	dwMaxVideoFrameBufSize 204800
	dwDefaultFrameInterval 333333
	bFrameIntervalType 3
	FrameInterval[0] 333333
	FrameInterval[1] 666666
	FrameInterval[2] 1000000
	*** VS Frame Descriptor ***
	bLength 38
	bDescriptorType 0x24
	bDescriptorSubType 0x07
	bFrameIndex 3
	bmCapabilities 0x0
	wWidth 640
	wHeight 480
	dwMinBitRate 3072000
	dwMaxBitRate 9216000
	dwMaxVideoFrameBufSize 307200
	dwDefaultFrameInterval 333333
	bFrameIntervalType 3
	FrameInterval[0] 333333
	FrameInterval[1] 666666
	FrameInterval[2] 1000000
	*** VS Frame Descriptor ***
	bLength 38
	bDescriptorType 0x24
	bDescriptorSubType 0x07
	bFrameIndex 4
	bmCapabilities 0x0
	wWidth 800
	wHeight 600
	dwMinBitRate 4800000
	dwMaxBitRate 14400000
	dwMaxVideoFrameBufSize 480000
	dwDefaultFrameInterval 333333
	bFrameIntervalType 3
	FrameInterval[0] 333333
	FrameInterval[1] 666666
	FrameInterval[2] 1000000
	*** VS Frame Descriptor ***
	bLength 38
	bDescriptorType 0x24
	bDescriptorSubType 0x07
	bFrameIndex 5
	bmCapabilities 0x0
	wWidth 1024
	wHeight 768
	dwMinBitRate 7864320
	dwMaxBitRate 23592960
	dwMaxVideoFrameBufSize 786432
	dwDefaultFrameInterval 333333
	bFrameIntervalType 3
	FrameInterval[0] 333333
	FrameInterval[1] 666666
	FrameInterval[2] 1000000
	*** VS Frame Descriptor ***
	bLength 38
	bDescriptorType 0x24
	bDescriptorSubType 0x07
	bFrameIndex 6
	bmCapabilities 0x0
	wWidth 1280
	wHeight 720
	dwMinBitRate 9216000
	dwMaxBitRate 27648000
	dwMaxVideoFrameBufSize 921600
	dwDefaultFrameInterval 333333
	bFrameIntervalType 3
	FrameInterval[0] 333333
	FrameInterval[1] 666666
	FrameInterval[2] 1000000
	*** VS Frame Descriptor ***
	bLength 38
	bDescriptorType 0x24
	bDescriptorSubType 0x07
	bFrameIndex 7
	bmCapabilities 0x0
	wWidth 1280
	wHeight 960
	dwMinBitRate 12288000
	dwMaxBitRate 36864000
	dwMaxVideoFrameBufSize 1228800
	dwDefaultFrameInterval 333333
	bFrameIntervalType 3
	FrameInterval[0] 333333
	FrameInterval[1] 666666
	FrameInterval[2] 1000000
	*** VS Frame Descriptor ***
	bLength 38
	bDescriptorType 0x24
	bDescriptorSubType 0x07
	bFrameIndex 8
	bmCapabilities 0x0
	wWidth 1600
	wHeight 1200
	dwMinBitRate 19200000
	dwMaxBitRate 57600000
	dwMaxVideoFrameBufSize 1920000
	dwDefaultFrameInterval 333333
	bFrameIntervalType 3
	FrameInterval[0] 333333
	FrameInterval[1] 666666
	FrameInterval[2] 1000000
	*** VS Frame Descriptor ***
	bLength 38
	bDescriptorType 0x24
	bDescriptorSubType 0x07
	bFrameIndex 9
	bmCapabilities 0x0
	wWidth 2048
	wHeight 1536
	dwMinBitRate 31457280
	dwMaxBitRate 94371840
	dwMaxVideoFrameBufSize 3145728
	dwDefaultFrameInterval 333333
	bFrameIntervalType 3
	FrameInterval[0] 333333
	FrameInterval[1] 666666
	FrameInterval[2] 1000000
	*** VS Frame Descriptor ***
	bLength 38
	bDescriptorType 0x24
	bDescriptorSubType 0x07
	bFrameIndex 10
	bmCapabilities 0x0
	wWidth 2592
	wHeight 1944
	dwMinBitRate 50388480
	dwMaxBitRate 151165440
	dwMaxVideoFrameBufSize 5038848
	dwDefaultFrameInterval 333333
	bFrameIntervalType 3
	FrameInterval[0] 333333
	FrameInterval[1] 666666
	FrameInterval[2] 1000000
	*** VS Frame Descriptor ***
	bLength 38
	bDescriptorType 0x24
	bDescriptorSubType 0x07
	bFrameIndex 11
	bmCapabilities 0x0
	wWidth 3264
	wHeight 2448
	dwMinBitRate 79902720
	dwMaxBitRate 239708160
	dwMaxVideoFrameBufSize 7990272
	dwDefaultFrameInterval 333333
	bFrameIntervalType 3
	FrameInterval[0] 333333
	FrameInterval[1] 666666
	FrameInterval[2] 1000000
	*** VS Frame Descriptor ***
	bLength 38
	bDescriptorType 0x24
	bDescriptorSubType 0x07
	bFrameIndex 12
	bmCapabilities 0x0
	wWidth 3840
	wHeight 2160
	dwMinBitRate 82944000
	dwMaxBitRate 248832000
	dwMaxVideoFrameBufSize 8294400
	dwDefaultFrameInterval 333333
	bFrameIntervalType 3
	FrameInterval[0] 333333
	FrameInterval[1] 666666
	FrameInterval[2] 1000000
	*** VS Frame Descriptor ***
	bLength 34
	bDescriptorType 0x24
	bDescriptorSubType 0x07
	bFrameIndex 13
	bmCapabilities 0x0
	wWidth 4000
	wHeight 3000
	dwMinBitRate 120000000
	dwMaxBitRate 180000000
	dwMaxVideoFrameBufSize 12000000
	dwDefaultFrameInterval 666666
	bFrameIntervalType 2
	FrameInterval[0] 666666
	FrameInterval[1] 1000000
	*** VS Frame Descriptor ***
	bLength 34
	bDescriptorType 0x24
	bDescriptorSubType 0x07
	bFrameIndex 14
	bmCapabilities 0x0
	wWidth 320
	wHeight 240
	dwMinBitRate 1152000
	dwMaxBitRate 2304000
	dwMaxVideoFrameBufSize 76800
	dwDefaultFrameInterval 333333
	bFrameIntervalType 2
	FrameInterval[0] 333333
	FrameInterval[1] 666666
	*** Output Terminal Descriptor ***
	bLength 63
	bDescriptorType 0x24
	bDescriptorSubType 0x03
	bTerminalID 0
	wTerminalType 0x800E
	bAssocTerminal 7
	bSourceID 56
	iTerminal 4
	*** VS Color Format Descriptor ***
	bLength 6
	bDescriptorType 0x24
	bDescriptorSubType 0x0D
	bColorPrimaries 0x1
	bTransferCharacteristics 1
	bMatrixCoefficients 0x4
	*** Selector Unit Descriptor ***
	bLength 27
	bDescriptorType 0x24
	bDescriptorSubType 0x04
	bUnitID 2
	bNrInPins 12
	baSourceID1 89
	baSourceID2 85
	iSelector 89
	*** Processing Unit Descriptor ***
	bLength 34
	bDescriptorType 0x24
	bDescriptorSubType 0x05
	bUnitID 1
	bSourceID 0
	wMaxMultiplier 320
	bControlSize 240
	bmControls 0x0 0x0 0x70
	iProcessing 23
	bmVideoStandards 0x0
	*** Processing Unit Descriptor ***
	bLength 34
	bDescriptorType 0x24
	bDescriptorSubType 0x05
	bUnitID 2
	bSourceID 0
	wMaxMultiplier 640
	bControlSize 104
	bmControls 0x1 0x0 0x50
	iProcessing 70
	bmVideoStandards 0x0
	*** Processing Unit Descriptor ***
	bLength 30
	bDescriptorType 0x24
	bDescriptorSubType 0x05
	bUnitID 3
	bSourceID 0
	wMaxMultiplier 640
	bControlSize 224
	bmControls 0x1 0x0 0xC0
	iProcessing 93
	bmVideoStandards 0x0
	*** Processing Unit Descriptor ***
	bLength 30
	bDescriptorType 0x24
	bDescriptorSubType 0x05
	bUnitID 4
	bSourceID 0
	wMaxMultiplier 800
	bControlSize 88
	bmControls 0x2 0x0 0x7C
	iProcessing 146
	bmVideoStandards 0x0
	*** Processing Unit Descriptor ***
	bLength 30
	bDescriptorType 0x24
	bDescriptorSubType 0x05
	bUnitID 5
	bSourceID 0
	wMaxMultiplier 1024
	bControlSize 208
	bmControls 0x2 0x0 0x0
	iProcessing 225
	bmVideoStandards 0x0
	*** Processing Unit Descriptor ***
	bLength 30
	bDescriptorType 0x24
	bDescriptorSubType 0x05
	bUnitID 6
	bSourceID 0
	wMaxMultiplier 1280
	bControlSize 172
	bmControls 0x3 0x0 0x30
	iProcessing 111
	bmVideoStandards 0x1
	*** Processing Unit Descriptor ***
	bLength 30
	bDescriptorType 0x24
	bDescriptorSubType 0x05
	bUnitID 7
	bSourceID 0
	wMaxMultiplier 1280
	bControlSize 0
	bmControls 0x4 0x0 0x0
	iProcessing 144
	bmVideoStandards 0x1
	*** Processing Unit Descriptor ***
	bLength 30
	bDescriptorType 0x24
	bDescriptorSubType 0x05
	bUnitID 8
	bSourceID 0
	wMaxMultiplier 1600
	bControlSize 176
	bmControls 0x4 0x0 0xF8
	iProcessing 36
	bmVideoStandards 0x1
	*** Processing Unit Descriptor ***
	bLength 30
	bDescriptorType 0x24
	bDescriptorSubType 0x05
	bUnitID 9
	bSourceID 0
	wMaxMultiplier 1920
	bControlSize 56
	bmControls 0x4 0x0 0x68
	iProcessing 60
	bmVideoStandards 0x1
	*** Processing Unit Descriptor ***
	bLength 30
	bDescriptorType 0x24
	bDescriptorSubType 0x05
	bUnitID 10
	bSourceID 0
	wMaxMultiplier 2048
	bControlSize 0
	bmControls 0x6 0x0 0x0
	iProcessing 224
	bmVideoStandards 0x1
	*** Processing Unit Descriptor ***
	bLength 30
	bDescriptorType 0x24
	bDescriptorSubType 0x05
	bUnitID 11
	bSourceID 0
	wMaxMultiplier 2560
	bControlSize 160
	bmControls 0x5 0x0 0x80
	iProcessing 50
	bmVideoStandards 0x2
	*** Processing Unit Descriptor ***
	bLength 30
	bDescriptorType 0x24
	bDescriptorSubType 0x05
	bUnitID 12
	bSourceID 0
	wMaxMultiplier 2592
	bControlSize 152
	bmControls 0x7 0x0 0xDE
	iProcessing 0
	bmVideoStandards 0x3
	*** VS Color Format Descriptor ***
	bLength 6
	bDescriptorType 0x24
	bDescriptorSubType 0x0D
	bColorPrimaries 0x1
	bTransferCharacteristics 1
	bMatrixCoefficients 0x4
	*** Interface descriptor ***
	bLength 9
	bDescriptorType 4
	bInterfaceNumber 1
	bAlternateSetting 1
	bNumEndpoints 1
	bInterfaceClass 0xe
	bInterfaceSubClass 0x2
	bInterfaceProtocol 0x0
	iInterface 0
		*** Endpoint descriptor ***
		bLength 7
		bDescriptorType 5
		bEndpointAddress 0x82	EP 2 IN
		bmAttributes 0x5	ISOC
		wMaxPacketSize 192
		bInterval 1
	*** Interface descriptor ***
	bLength 9
	bDescriptorType 4
	bInterfaceNumber 1
	bAlternateSetting 2
	bNumEndpoints 1
	bInterfaceClass 0xe
	bInterfaceSubClass 0x2
	bInterfaceProtocol 0x0
	iInterface 0
		*** Endpoint descriptor ***
		bLength 7
		bDescriptorType 5
		bEndpointAddress 0x82	EP 2 IN
		bmAttributes 0x5	ISOC
		wMaxPacketSize 384
		bInterval 1
	*** Interface descriptor ***
	bLength 9
	bDescriptorType 4
	bInterfaceNumber 1
	bAlternateSetting 3
	bNumEndpoints 1
	bInterfaceClass 0xe
	bInterfaceSubClass 0x2
	bInterfaceProtocol 0x0
	iInterface 0
		*** Endpoint descriptor ***
		bLength 7
		bDescriptorType 5
		bEndpointAddress 0x82	EP 2 IN
		bmAttributes 0x5	ISOC
		wMaxPacketSize 512
		bInterval 1
	*** Interface descriptor ***
	bLength 9
	bDescriptorType 4
	bInterfaceNumber 1
	bAlternateSetting 4
	bNumEndpoints 1
	bInterfaceClass 0xe
	bInterfaceSubClass 0x2
	bInterfaceProtocol 0x0
	iInterface 0
		*** Endpoint descriptor ***
		bLength 7
		bDescriptorType 5
		bEndpointAddress 0x82	EP 2 IN
		bmAttributes 0x5	ISOC
		wMaxPacketSize 640
		bInterval 1
	*** Interface descriptor ***
	bLength 9
	bDescriptorType 4
	bInterfaceNumber 1
	bAlternateSetting 5
	bNumEndpoints 1
	bInterfaceClass 0xe
	bInterfaceSubClass 0x2
	bInterfaceProtocol 0x0
	iInterface 0
		*** Endpoint descriptor ***
		bLength 7
		bDescriptorType 5
		bEndpointAddress 0x82	EP 2 IN
		bmAttributes 0x5	ISOC
		wMaxPacketSize 800
		bInterval 1
	*** Interface descriptor ***
	bLength 9
	bDescriptorType 4
	bInterfaceNumber 1
	bAlternateSetting 6
	bNumEndpoints 1
	bInterfaceClass 0xe
	bInterfaceSubClass 0x2
	bInterfaceProtocol 0x0
	iInterface 0
		*** Endpoint descriptor ***
		bLength 7
		bDescriptorType 5
		bEndpointAddress 0x82	EP 2 IN
		bmAttributes 0x5	ISOC
		wMaxPacketSize 944
		bInterval 1
	*** Interface descriptor ***
	bLength 9
	bDescriptorType 4
	bInterfaceNumber 1
	bAlternateSetting 7
	bNumEndpoints 1
	bInterfaceClass 0xe
	bInterfaceSubClass 0x2
	bInterfaceProtocol 0x0
	iInterface 0
		*** Endpoint descriptor ***
		bLength 7
		bDescriptorType 5
		bEndpointAddress 0x82	EP 2 IN
		bmAttributes 0x5	ISOC
		wMaxPacketSize 640
		wMaxPacketSize (with additional transactions in microframe) 1280
		bInterval 1
	*** Interface descriptor ***
	bLength 9
	bDescriptorType 4
	bInterfaceNumber 1
	bAlternateSetting 8
	bNumEndpoints 1
	bInterfaceClass 0xe
	bInterfaceSubClass 0x2
	bInterfaceProtocol 0x0
	iInterface 0
		*** Endpoint descriptor ***
		bLength 7
		bDescriptorType 5
		bEndpointAddress 0x82	EP 2 IN
		bmAttributes 0x5	ISOC
		wMaxPacketSize 800
		wMaxPacketSize (with additional transactions in microframe) 1600
		bInterval 1
	*** Interface descriptor ***
	bLength 9
	bDescriptorType 4
	bInterfaceNumber 1
	bAlternateSetting 9
	bNumEndpoints 1
	bInterfaceClass 0xe
	bInterfaceSubClass 0x2
	bInterfaceProtocol 0x0
	iInterface 0
		*** Endpoint descriptor ***
		bLength 7
		bDescriptorType 5
		bEndpointAddress 0x82	EP 2 IN
		bmAttributes 0x5	ISOC
		wMaxPacketSize 992
		wMaxPacketSize (with additional transactions in microframe) 1984
		bInterval 1
	*** Interface descriptor ***
	bLength 9
	bDescriptorType 4
	bInterfaceNumber 1
	bAlternateSetting 10
	bNumEndpoints 1
	bInterfaceClass 0xe
	bInterfaceSubClass 0x2
	bInterfaceProtocol 0x0
	iInterface 0
		*** Endpoint descriptor ***
		bLength 7
		bDescriptorType 5
		bEndpointAddress 0x82	EP 2 IN
		bmAttributes 0x5	ISOC
		wMaxPacketSize 896
		wMaxPacketSize (with additional transactions in microframe) 2688
		bInterval 1
	*** Interface descriptor ***
	bLength 9
	bDescriptorType 4
	bInterfaceNumber 1
	bAlternateSetting 11
	bNumEndpoints 1
	bInterfaceClass 0xe
	bInterfaceSubClass 0x2
	bInterfaceProtocol 0x0
	iInterface 0
		*** Endpoint descriptor ***
		bLength 7
		bDescriptorType 5
		bEndpointAddress 0x82	EP 2 IN
		bmAttributes 0x5	ISOC
		wMaxPacketSize 1024
		wMaxPacketSize (with additional transactions in microframe) 3072
		bInterval 1
*** Interface Association Descriptor ***
bLength 8
bDescriptorType 11
bFirstInterface 2
bInterfaceCount 2
bFunctionClass 0x1
bFunctionSubClass 0x0
bFunctionProtocol 0x0
iFunction 5
	*** Interface descriptor ***
	bLength 9
	bDescriptorType 4
	bInterfaceNumber 2
	bAlternateSetting 0
	bNumEndpoints 0
	bInterfaceClass 0x1
	bInterfaceSubClass 0x1
	bInterfaceProtocol 0x0
	iInterface 0
	*** Class-specific VC Interface Descriptor ***
	bLength 9
	bDescriptorType 0x24
	bDescriptorSubType 0x01
	bcdUVC 0100
	wTotalLength 39
	dwClockFrequency 604766977
	bInCollection 2
	baInterfaceNr[0] 1
	baInterfaceNr[1] 1
	*** Input Terminal Descriptor (Camera) ***
	bLength 12
	bDescriptorType 0x24
	bDescriptorSubType 0x02
	bTerminalID 0x1
	wTerminalType 0x201
	bAssocTerminal 0
	iTerminal 1
	wObjectiveFocalLengthMin 3
	wObjectiveFocalLengthMax 0
	wOcularFocalLength 9225
	bControlSize 6
	bmControls 0x2 0x1 0x2
	*** Extension Unit Descriptor unsupported, skipping... ***
	*** Output Terminal Descriptor ***
	bLength 9
	bDescriptorType 0x24
	bDescriptorSubType 0x03
	bTerminalID 3
	wTerminalType 0x101
	bAssocTerminal 0
	bSourceID 2
	iTerminal 0
	*** Interface descriptor ***
	bLength 9
	bDescriptorType 4
	bInterfaceNumber 3
	bAlternateSetting 0
	bNumEndpoints 0
	bInterfaceClass 0x1
	bInterfaceSubClass 0x2
	bInterfaceProtocol 0x0
	iInterface 0
	*** Interface descriptor ***
	bLength 9
	bDescriptorType 4
	bInterfaceNumber 3
	bAlternateSetting 1
	bNumEndpoints 1
	bInterfaceClass 0x1
	bInterfaceSubClass 0x2
	bInterfaceProtocol 0x0
	iInterface 0
	*** Class-specific VC Interface Descriptor ***
	bLength 7
	bDescriptorType 0x24
	bDescriptorSubType 0x01
	bcdUVC 0003
	wTotalLength 1
	dwClockFrequency 16917515
	bInCollection 2
	baInterfaceNr[0] 2
	baInterfaceNr[1] 16
	*** Input Terminal Descriptor (Media) ***
	bLength 11
	bDescriptorType 0x24
	bDescriptorSubType 0x02
	bTerminalID 0x1
	wTerminalType 0x202
	bAssocTerminal 16
	iTerminal 1
	bControlSize 128
	bmControls 0xBB
	bTransportModeSize 0
	bmTransportModes 0x9 0x5 0x83 0x1 0xC0
		*** Endpoint descriptor ***
		bLength 9
		bDescriptorType 5
		bEndpointAddress 0x83	EP 3 IN
		bmAttributes 0x1	ISOC
		wMaxPacketSize 192
		bInterval 4
		*** Class-specific Interrupt Endpoint Descriptor ***
		bLength 7
		bDescriptorType 0x25
		bDescriptorSubType 1
		wMaxTransferSize 1
	*** Interface descriptor ***
	bLength 9
	bDescriptorType 4
	bInterfaceNumber 4
	bAlternateSetting 0
	bNumEndpoints 2
	bInterfaceClass 0x3
	bInterfaceSubClass 0x0
	bInterfaceProtocol 0x0
	iInterface 0
 *** Unknown Descriptor Length: 9 Type: 33 ***
		*** Endpoint descriptor ***
		bLength 7
		bDescriptorType 5
		bEndpointAddress 0x84	EP 4 IN
		bmAttributes 0x3	INT
		wMaxPacketSize 64
		bInterval 4
		*** Endpoint descriptor ***
		bLength 7
		bDescriptorType 5
		bEndpointAddress 0x1	EP 1 OUT
		bmAttributes 0x3	INT
		wMaxPacketSize 64
		bInterval 4
PV-UVC-ENUM device aberto em 2034 ms
PV-UVC-ENUM cap driver=USB-UVC0 card=USB-UVC0 bus=esp32p4:USB-UVC0 caps=0x84201001 device_caps=0x04201001
PV-UVC-ENUM fmt index=0 fourcc=JPEG flags=0x0 desc="JPEG"
PV-UVC-ENUM size fourcc=JPEG index=0 1920x1080
PV-UVC-ENUM interval fourcc=JPEG 1920x1080 index=0 tipo=discrete num=333333 den=10000000 fps_x1000=30000
PV-UVC-ENUM interval fourcc=JPEG 1920x1080 index=1 tipo=discrete num=666666 den=10000000 fps_x1000=15000
PV-UVC-ENUM interval fourcc=JPEG 1920x1080 index=2 tipo=discrete num=1000000 den=10000000 fps_x1000=10000
PV-UVC-ENUM size fourcc=JPEG index=1 640x320
PV-UVC-ENUM interval fourcc=JPEG 640x320 index=0 tipo=discrete num=333333 den=10000000 fps_x1000=30000
PV-UVC-ENUM interval fourcc=JPEG 640x320 index=1 tipo=discrete num=666666 den=10000000 fps_x1000=15000
PV-UVC-ENUM interval fourcc=JPEG 640x320 index=2 tipo=discrete num=1000000 den=10000000 fps_x1000=10000
PV-UVC-ENUM size fourcc=JPEG index=2 640x480
PV-UVC-ENUM interval fourcc=JPEG 640x480 index=0 tipo=discrete num=333333 den=10000000 fps_x1000=30000
PV-UVC-ENUM interval fourcc=JPEG 640x480 index=1 tipo=discrete num=666666 den=10000000 fps_x1000=15000
PV-UVC-ENUM interval fourcc=JPEG 640x480 index=2 tipo=discrete num=1000000 den=10000000 fps_x1000=10000
PV-UVC-ENUM size fourcc=JPEG index=3 800x600
PV-UVC-ENUM interval fourcc=JPEG 800x600 index=0 tipo=discrete num=333333 den=10000000 fps_x1000=30000
PV-UVC-ENUM interval fourcc=JPEG 800x600 index=1 tipo=discrete num=666666 den=10000000 fps_x1000=15000
PV-UVC-ENUM interval fourcc=JPEG 800x600 index=2 tipo=discrete num=1000000 den=10000000 fps_x1000=10000
PV-UVC-ENUM size fourcc=JPEG index=4 1024x768
PV-UVC-ENUM interval fourcc=JPEG 1024x768 index=0 tipo=discrete num=333333 den=10000000 fps_x1000=30000
PV-UVC-ENUM interval fourcc=JPEG 1024x768 index=1 tipo=discrete num=666666 den=10000000 fps_x1000=15000
PV-UVC-ENUM interval fourcc=JPEG 1024x768 index=2 tipo=discrete num=1000000 den=10000000 fps_x1000=10000
PV-UVC-ENUM size fourcc=JPEG index=5 1280x720
PV-UVC-ENUM interval fourcc=JPEG 1280x720 index=0 tipo=discrete num=333333 den=10000000 fps_x1000=30000
PV-UVC-ENUM interval fourcc=JPEG 1280x720 index=1 tipo=discrete num=666666 den=10000000 fps_x1000=15000
PV-UVC-ENUM interval fourcc=JPEG 1280x720 index=2 tipo=discrete num=1000000 den=10000000 fps_x1000=10000
PV-UVC-ENUM size fourcc=JPEG index=6 1280x960
PV-UVC-ENUM interval fourcc=JPEG 1280x960 index=0 tipo=discrete num=333333 den=10000000 fps_x1000=30000
PV-UVC-ENUM interval fourcc=JPEG 1280x960 index=1 tipo=discrete num=666666 den=10000000 fps_x1000=15000
PV-UVC-ENUM interval fourcc=JPEG 1280x960 index=2 tipo=discrete num=1000000 den=10000000 fps_x1000=10000
PV-UVC-ENUM size fourcc=JPEG index=7 1600x1200
PV-UVC-ENUM interval fourcc=JPEG 1600x1200 index=0 tipo=discrete num=333333 den=10000000 fps_x1000=30000
PV-UVC-ENUM interval fourcc=JPEG 1600x1200 index=1 tipo=discrete num=666666 den=10000000 fps_x1000=15000
PV-UVC-ENUM interval fourcc=JPEG 1600x1200 index=2 tipo=discrete num=1000000 den=10000000 fps_x1000=10000
PV-UVC-ENUM size fourcc=JPEG index=8 2048x1536
PV-UVC-ENUM interval fourcc=JPEG 2048x1536 index=0 tipo=discrete num=333333 den=10000000 fps_x1000=30000
PV-UVC-ENUM interval fourcc=JPEG 2048x1536 index=1 tipo=discrete num=666666 den=10000000 fps_x1000=15000
PV-UVC-ENUM interval fourcc=JPEG 2048x1536 index=2 tipo=discrete num=1000000 den=10000000 fps_x1000=10000
PV-UVC-ENUM size fourcc=JPEG index=9 2592x1944
PV-UVC-ENUM interval fourcc=JPEG 2592x1944 index=0 tipo=discrete num=333333 den=10000000 fps_x1000=30000
PV-UVC-ENUM interval fourcc=JPEG 2592x1944 index=1 tipo=discrete num=666666 den=10000000 fps_x1000=15000
PV-UVC-ENUM interval fourcc=JPEG 2592x1944 index=2 tipo=discrete num=1000000 den=10000000 fps_x1000=10000
PV-UVC-ENUM size fourcc=JPEG index=10 3264x2448
PV-UVC-ENUM interval fourcc=JPEG 3264x2448 index=0 tipo=discrete num=333333 den=10000000 fps_x1000=30000
PV-UVC-ENUM interval fourcc=JPEG 3264x2448 index=1 tipo=discrete num=666666 den=10000000 fps_x1000=15000
PV-UVC-ENUM interval fourcc=JPEG 3264x2448 index=2 tipo=discrete num=1000000 den=10000000 fps_x1000=10000
PV-UVC-ENUM size fourcc=JPEG index=11 3840x2160
PV-UVC-ENUM interval fourcc=JPEG 3840x2160 index=0 tipo=discrete num=333333 den=10000000 fps_x1000=30000
PV-UVC-ENUM interval fourcc=JPEG 3840x2160 index=1 tipo=discrete num=666666 den=10000000 fps_x1000=15000
PV-UVC-ENUM interval fourcc=JPEG 3840x2160 index=2 tipo=discrete num=1000000 den=10000000 fps_x1000=10000
PV-UVC-ENUM size fourcc=JPEG index=12 4000x3000
PV-UVC-ENUM interval fourcc=JPEG 4000x3000 index=0 tipo=discrete num=666666 den=10000000 fps_x1000=15000
PV-UVC-ENUM interval fourcc=JPEG 4000x3000 index=1 tipo=discrete num=1000000 den=10000000 fps_x1000=10000
PV-UVC-ENUM size fourcc=JPEG index=13 320x240
PV-UVC-ENUM interval fourcc=JPEG 320x240 index=0 tipo=discrete num=333333 den=10000000 fps_x1000=30000
PV-UVC-ENUM interval fourcc=JPEG 320x240 index=1 tipo=discrete num=666666 den=10000000 fps_x1000=15000
PV-UVC-ENUM fmt index=1 fourcc=YUYV flags=0x0 desc="YUV 4:2:2 YUYV"
PV-UVC-ENUM size fourcc=YUYV index=0 320x240
PV-UVC-ENUM interval fourcc=YUYV 320x240 index=0 tipo=discrete num=500000 den=10000000 fps_x1000=20000
PV-UVC-ENUM interval fourcc=YUYV 320x240 index=1 tipo=discrete num=1000000 den=10000000 fps_x1000=10000
PV-UVC-ENUM size fourcc=YUYV index=1 640x360
PV-UVC-ENUM interval fourcc=YUYV 640x360 index=0 tipo=discrete num=500000 den=10000000 fps_x1000=20000
PV-UVC-ENUM interval fourcc=YUYV 640x360 index=1 tipo=discrete num=1000000 den=10000000 fps_x1000=10000
PV-UVC-ENUM size fourcc=YUYV index=2 640x480
PV-UVC-ENUM interval fourcc=YUYV 640x480 index=0 tipo=discrete num=1000000 den=10000000 fps_x1000=10000
PV-UVC-ENUM size fourcc=YUYV index=3 800x600
PV-UVC-ENUM interval fourcc=YUYV 800x600 index=0 tipo=discrete num=1000000 den=10000000 fps_x1000=10000
PV-UVC-ENUM size fourcc=YUYV index=4 1024x720
PV-UVC-ENUM interval fourcc=YUYV 1024x720 index=0 tipo=discrete num=1000000 den=10000000 fps_x1000=10000
PV-UVC-ENUM size fourcc=YUYV index=5 1280x940
PV-UVC-ENUM interval fourcc=YUYV 1280x940 index=0 tipo=discrete num=1000000 den=10000000 fps_x1000=10000
PV-UVC-ENUM size fourcc=YUYV index=6 1280x1024
PV-UVC-ENUM interval fourcc=YUYV 1280x1024 index=0 tipo=discrete num=1000000 den=10000000 fps_x1000=10000
PV-UVC-ENUM size fourcc=YUYV index=7 1600x1200
PV-UVC-ENUM interval fourcc=YUYV 1600x1200 index=0 tipo=discrete num=2000000 den=10000000 fps_x1000=5000
PV-UVC-ENUM size fourcc=YUYV index=8 1920x1080
PV-UVC-ENUM interval fourcc=YUYV 1920x1080 index=0 tipo=discrete num=2000000 den=10000000 fps_x1000=5000
PV-UVC-ENUM size fourcc=YUYV index=9 2048x1536
PV-UVC-ENUM interval fourcc=YUYV 2048x1536 index=0 tipo=discrete num=2000000 den=10000000 fps_x1000=5000
PV-UVC-ENUM size fourcc=YUYV index=10 2560x1440
PV-UVC-ENUM interval fourcc=YUYV 2560x1440 index=0 tipo=discrete num=2000000 den=10000000 fps_x1000=5000
PV-UVC-ENUM size fourcc=YUYV index=11 2592x1944
PV-UVC-ENUM interval fourcc=YUYV 2592x1944 index=0 tipo=discrete num=2000000 den=10000000 fps_x1000=5000
PV-UVC-ENUM result=OK tamanhos_jpeg=14
I (5051) usb_uvc_device: All UVC devices already enumerated
PV-UVC-FMT requested=800x600 applied=800x600 fourcc=JPEG sizeimage=0
I (5070) uvc: Allocating 2 USB transfers for ISOC. Each: 3072 bytes, 1 ISOC packets, 3072 MPS
W (8105) PvUvcSpike: DQBUF de descarte 0 falhou: errno=1(Not owner)
PV-UVC-WARMUP requested=800x600 descartados=0
E (13105) PvUvcSpike: VIDIOC_DQBUF falhou: errno=1(Not owner)

assert failed: usbh_dev_close usbh.c:1226 (dev_obj->dynamic.num_ctrl_xfers_inflight == 0)
Core  0 register dump:
MEPC    : 0x4ff0d048  RA      : 0x4ff0cbe0  SP      : 0x4ff3deb0  GP      : 0x4ff14300  
TP      : 0x4ff3e4e0  T0      : 0x695f7372  T1      : 0x616e7964  T2      : 0x696c666e  
S0/FP   : 0x0000006e  S1      : 0x00000001  A0      : 0x4ff3def8  A1      : 0x4ff16881  
A2      : 0x00000001  A3      : 0x4ff1a000  A4      : 0x00000001  A5      : 0x4ff1a000  
A6      : 0x00000008  A7      : 0x3e2d6a62  S2      : 0x4ff3def8  S3      : 0x4ff3df19  
S4      : 0x4ff16880  S5      : 0x4ff3def8  S6      : 0x48043896  S7      : 0x00000002  
S8      : 0x00001fa9  S9      : 0x480a4c98  S10     : 0x001e8480  S11     : 0x00000002  
T3      : 0x2e63696d  T4      : 0x5f6d756e  T5      : 0x6c727463  T6      : 0x6566785f  
MSTATUS : 0x00011880  MTVEC   : 0x4ff00003  MCAUSE  : 0x00000002  MTVAL   : 0x00000000  
MHARTID : 0x00000000  

Stack memory:
4ff3deb0: 0x00000000 0x00000000 0x480da1c4 0x4ff0a8b8 0x36323231 0x00000000 0x00000000 0x00000000
4ff3ded0: 0x00000000 0x4ff1712c 0x480da1c4 0x4ff17110 0x480ae0d1 0x4ff1713c 0x4ff3dec0 0x4ff17140
4ff3def0: 0x480ae248 0x4ff16880 0x65737361 0x66207472 0x656c6961 0x75203a64 0x5f686273 0x5f766564
4ff3df10: 0x736f6c63 0x73752065 0x632e6862 0x3232313a 0x64282036 0x6f5f7665 0x3e2d6a62 0x616e7964
4ff3df30: 0x2e63696d 0x5f6d756e 0x6c727463 0x6566785f 0x695f7372 0x696c666e 0x20746867 0x30203d3d
4ff3df50: 0x00000029 0x00000000 0x4ff51bd0 0xfffffffe 0x00000000 0x00000000 0x4ff3e518 0xfffffffe
4ff3df70: 0x00000000 0x480e7b90 0x4ff3e518 0x4807df5c 0x00000000 0x000000a8 0x480e7bc4 0x480e0ee4
4ff3df90: 0x4ff51a08 0x00000000 0x4ff3e8bc 0x4ff3fb68 0x480e6fa8 0x00000000 0x4ff3e8bc 0x4807e2c4
4ff3dfb0: 0x480e6fa8 0x00000000 0x4ff3e8bc 0x4807c782 0x4ff51a08 0x00000000 0x4ff3e418 0x4ff3fb68
4ff3dfd0: 0x480e6fa8 0x4ff1a000 0x480e7018 0x48043896 0x4ff51a08 0x00000000 0x480e7018 0x480e7018
4ff3dff0: 0x480e6fa8 0x4ff1a000 0x480e7018 0x48041a08 0x00000103 0x480e7b28 0x00000002 0x010e7d58
4ff3e010: 0x00000103 0x480e7b28 0x00000002 0x4803c3e6 0x00000103 0x4ff1a000 0x480e7b28 0x4803d944
4ff3e030: 0x00000103 0x4ff3fb68 0x4ff3fae4 0x48025bb0 0x00000000 0x40045613 0x4ff3fb68 0x48022870
4ff3e050: 0x00000001 0x40045613 0x00000001 0x4802303c 0x00000001 0x4ff14588 0x480a4364 0x00003331
4ff3e070: 0x00000000 0x480a4c98 0x4ff5073c 0x4802c984 0x00000001 0x00000000 0x4ff3e418 0x4808041e
4ff3e090: 0x00000001 0x4ff14588 0x480a4848 0x00000004 0x00000000 0x00000000 0x00000000 0x4ff3e0c8
4ff3e0b0: 0x00000004 0x4ff14588 0x00000004 0x48021362 0x00000005 0x00000000 0x4ff3e100 0x00000000
4ff3e0d0: 0x20800008 0x00000001 0x00000001 0x0000000a 0x4ff3e1a8 0x480e71a8 0x480e71a8 0x4803dd74
4ff3e0f0: 0x00000000 0x4ff1a000 0x4ff3fae4 0x00000001 0x00000001 0x4745504a 0x00000000 0x00000002
4ff3e110: 0x00000001 0x00000001 0x00000000 0x00000000 0x4ff3fb68 0x480f0a40 0x48165d80 0x00075300
4ff3e130: 0x00075300 0x00000000 0x00000000 0x00000001 0x00000000 0x00000000 0x00000000 0x00000000
4ff3e150: 0x00000000 0x00000000 0x00000000 0x00000000 0x00000000 0x00000000 0x00000000 0x00000000
4ff3e170: 0x00000000 0x00000001 0x00000000 0x00000000 0x00000000 0x00000000 0x00000001 0x00000320
4ff3e190: 0x00000258 0x4745504a 0x00000000 0x00000000 0x00000000 0x00000000 0x00000000 0x00000000
4ff3e1b0: 0x00000000 0x00000000 0x00000000 0x00000000 0x00000000 0x00000000 0x00000000 0x00000000
4ff3e1d0: 0x00000000 0x00000000 0x00000000 0x00000000 0x00000000 0x00000000 0x00000000 0x00000000
4ff3e1f0: 0x00000000 0x00000000 0x00000000 0x00000000 0x00000000 0x00000000 0x00000000 0x00000000
4ff3e210: 0x00000000 0x00000000 0x00000000 0x00000000 0x00000000 0x00000000 0x00000000 0x00000000
4ff3e230: 0x00000000 0x00000000 0x00000000 0x00000000 0x00000000 0x00000000 0x00000000 0x00000000
4ff3e250: 0x00000000 0x00000001 0x00000320 0x00000258 0x4745504a 0x00000000 0x00000000 0x00000000
4ff3e270: 0x00000000 0x00000000 0x00000000 0x00000000 0x00000000 0x00000000 0x00000000 0x00000000
4ff3e290: 0x00000000 0x00000000 0x00000000 0x00000000 0x00000000 0x00000000 0x00000000 0x00000000



ELF file SHA256: e87c6fa39

Rebooting...
ESP-ROM:esp32p4-eco2-20240710
Build:Jul 10 2024
rst:0xc (SW_CPU_RESET),boot:0xf (SPI_FAST_FLASH_BOOT)
Core0 Saved PC:0x4ff00c9e
Core1 Saved PC:0x4ff0698c
SPI mode:DIO, clock div:1
load:0x4ff33ce0,len:0x5d0
load:0x4ff28ed0,len:0xdf8
load:0x4ff2bbd0,len:0x34b8
entry 0x4ff28ed0
I (46) hex_psram: vendor id    : 0x0d (AP)
I (46) hex_psram: Latency      : 0x01 (Fixed)
I (46) hex_psram: DriveStr.    : 0x00 (25 Ohm)
I (47) hex_psram: dev id       : 0x03 (generation 4)
I (51) hex_psram: density      : 0x07 (256 Mbit)
I (56) hex_psram: good-die     : 0x06 (Pass)
I (60) hex_psram: SRF          : 0x02 (Slow Refresh)
I (64) hex_psram: BurstType    : 0x00 ( Wrap)
I (69) hex_psram: BurstLen     : 0x03 (2048 Byte)
I (73) hex_psram: BitMode      : 0x01 (X16 Mode)
I (77) hex_psram: Readlatency  : 0x04 (14 cycles@Fixed)
I (82) hex_psram: DriveStrength: 0x00 (1/1)
I (86) MSPI Timing: Enter psram timing tuning
I esp_psram: Found 32MB PSRAM device
I esp_psram: Speed: 200MHz
I (282) mmu_psram: .rodata xip on psram
I (316) mmu_psram: .text xip on psram
I (318) hex_psram: psram CS IO is dedicated
I (318) cpu_start: Multicore app
I (328) cpu_start: GPIO 38 and 37 are used as console UART I/O pins
I (328) cpu_start: Pro cpu start user code
I (328) cpu_start: cpu freq: 360000000 Hz
I (330) app_init: Application information:
I (334) app_init: Project name:     xiaozhi
I (338) app_init: App version:      2.4.0
I (341) app_init: Compile time:     Aug 10 2026 22:03:41
I (346) app_init: ELF file SHA256:  e87c6fa39...
I (351) app_init: ESP-IDF:          v6.0.2
I (355) efuse_init: Min chip rev:     v1.0
I (358) efuse_init: Max chip rev:     v1.99 
I (362) efuse_init: Chip rev:         v1.3
I (366) heap_init: Initializing. RAM available for dynamic allocation:
I (372) heap_init: At 4FF1A740 len 00020880 (130 KiB): RETENT_RAM
I (378) heap_init: At 4FF3AFC0 len 00004BF0 (18 KiB): RAM
I (383) heap_init: At 4FF40000 len 00060000 (384 KiB): RAM
I (389) heap_init: At 50108080 len 00007F80 (31 KiB): RTCRAM
I (394) heap_init: At 30100088 len 00001F78 (7 KiB): SPM
I (399) esp_psram: Adding pool of 31808K of PSRAM memory to heap allocator
I (406) esp_psram: Adding pool of 62K of PSRAM memory gap generated due to end address alignment of irom to the heap allocator
I (417) esp_psram: Adding pool of 60K of PSRAM memory gap generated due to end address alignment of drom to the heap allocator
I (428) spi_flash: detected chip: gd
I (431) spi_flash: flash io: qio
I (434) host_init: ESP Hosted : Host chip_ip[18]
I (438) H_API: ESP-Hosted starting. Hosted_Tasks: prio:23, stack: 5120 RPC_task_stack: 5120
I (447) H_API: ** add_esp_wifi_remote_channels **
I (452) sleep_gpio: Configure to isolate all GPIO pins in sleep state
I (457) sleep_gpio: Enable automatic switching of GPIO sleep configuration
I (465) H_SDIO_DRV: sdio_data_to_rx_buf_task started
I (468) main_task: Started on CPU0
I (471) esp_psram: Reserving pool of 64K of internal memory for DMA/internal allocations
I (480) main_task: Calling app_main()

PV-UVC-SPIKE inicio (F2B) degraus=5
PV-UVC-MEM etapa=boot psram_livre=32669812 psram_maior_bloco=32505856 interna_livre=421195
I (2357) main_task: Returned from app_main()
PV-UVC-INIT result=OK usb_host=on uvc_dev_num=1
PV-UVC-ENUM aguardando enumeracao USB em /dev/video40 (ate 10000 ms)
I (2387) usb_uvc_device: Waiting for UVC device to be enumerated...
E (2831) ENUM: LANGID 0x409 not found
*** Configuration descriptor ***
bLength 9
bDescriptorType 2
wTotalLength 1463
bNumInterfaces 5
bConfigurationValue 1
iConfiguration 0
bmAttributes 0x80
bMaxPower 500mA
*** Interface Association Descriptor ***
bLength 8
bDescriptorType 11
bFirstInterface 0
bInterfaceCount 2
bFunctionClass 0xe
bFunctionSubClass 0x3
bFunctionProtocol 0x0
iFunction 4
	*** Interface descriptor ***
	bLength 9
	bDescriptorType 4
	bInterfaceNumber 0
	bAlternateSetting 0
	bNumEndpoints 1
	bInterfaceClass 0xe
	bInterfaceSubClass 0x1
	bInterfaceProtocol 0x0
	iInterface 0
	*** Class-specific VC Interface Descriptor ***
	bLength 13
	bDescriptorType 0x24
	bDescriptorSubType 0x01
	bcdUVC 0100
	wTotalLength 80
	dwClockFrequency 24000000
	bInCollection 1
	baInterfaceNr[0] 1
	*** Input Terminal Descriptor (Camera) ***
	bLength 18
	bDescriptorType 0x24
	bDescriptorSubType 0x02
	bTerminalID 0x1
	wTerminalType 0x201
	bAssocTerminal 0
	iTerminal 0
	wObjectiveFocalLengthMin 0
	wObjectiveFocalLengthMax 0
	wOcularFocalLength 0
	bControlSize 3
	bmControls 0x7A 0x2A 0x2
	*** Extension Unit Descriptor unsupported, skipping... ***
	*** Processing Unit Descriptor ***
	bLength 11
	bDescriptorType 0x24
	bDescriptorSubType 0x05
	bUnitID 3
	bSourceID 2
	wMaxMultiplier 16384
	bControlSize 2
	bmControls 0x7F 0x17 0x0
	iProcessing 9
	bmVideoStandards 0x24
	*** Output Terminal Descriptor ***
	bLength 9
	bDescriptorType 0x24
	bDescriptorSubType 0x03
	bTerminalID 4
	wTerminalType 0x101
	bAssocTerminal 0
	bSourceID 3
	iTerminal 0
		*** Endpoint descriptor ***
		bLength 7
		bDescriptorType 5
		bEndpointAddress 0x81	EP 1 IN
		bmAttributes 0x3	INT
		wMaxPacketSize 16
		bInterval 8
		*** Class-specific Interrupt Endpoint Descriptor ***
		bLength 5
		bDescriptorType 0x25
		bDescriptorSubType 3
		wMaxTransferSize 16
	*** Interface descriptor ***
	bLength 9
	bDescriptorType 4
	bInterfaceNumber 1
	bAlternateSetting 0
	bNumEndpoints 0
	bInterfaceClass 0xe
	bInterfaceSubClass 0x2
	bInterfaceProtocol 0x0
	iInterface 0
	*** Class-specific VC Interface Descriptor ***
	bLength 15
	bDescriptorType 0x24
	bDescriptorSubType 0x01
	bcdUVC fc02
	wTotalLength 33283
	dwClockFrequency 16909312
	bInCollection 1
	baInterfaceNr[0] 1
	*** Extension Unit Descriptor unsupported, skipping... ***
	*** VS Frame Descriptor ***
	bLength 38
	bDescriptorType 0x24
	bDescriptorSubType 0x07
	bFrameIndex 1
	bmCapabilities 0x0
	wWidth 1920
	wHeight 1080
	dwMinBitRate 20736000
	dwMaxBitRate 62208000
	dwMaxVideoFrameBufSize 2073600
	dwDefaultFrameInterval 333333
	bFrameIntervalType 3
	FrameInterval[0] 333333
	FrameInterval[1] 666666
	FrameInterval[2] 1000000
	*** VS Frame Descriptor ***
	bLength 38
	bDescriptorType 0x24
	bDescriptorSubType 0x07
	bFrameIndex 2
	bmCapabilities 0x0
	wWidth 640
	wHeight 320
	dwMinBitRate 2048000
	dwMaxBitRate 6144000
	dwMaxVideoFrameBufSize 204800
	dwDefaultFrameInterval 333333
	bFrameIntervalType 3
	FrameInterval[0] 333333
	FrameInterval[1] 666666
	FrameInterval[2] 1000000
	*** VS Frame Descriptor ***
	bLength 38
	bDescriptorType 0x24
	bDescriptorSubType 0x07
	bFrameIndex 3
	bmCapabilities 0x0
	wWidth 640
	wHeight 480
	dwMinBitRate 3072000
	dwMaxBitRate 9216000
	dwMaxVideoFrameBufSize 307200
	dwDefaultFrameInterval 333333
	bFrameIntervalType 3
	FrameInterval[0] 333333
	FrameInterval[1] 666666
	FrameInterval[2] 1000000
	*** VS Frame Descriptor ***
	bLength 38
	bDescriptorType 0x24
	bDescriptorSubType 0x07
	bFrameIndex 4
	bmCapabilities 0x0
	wWidth 800
	wHeight 600
	dwMinBitRate 4800000
	dwMaxBitRate 14400000
	dwMaxVideoFrameBufSize 480000
	dwDefaultFrameInterval 333333
	bFrameIntervalType 3
	FrameInterval[0] 333333
	FrameInterval[1] 666666
	FrameInterval[2] 1000000
	*** VS Frame Descriptor ***
	bLength 38
	bDescriptorType 0x24
	bDescriptorSubType 0x07
	bFrameIndex 5
	bmCapabilities 0x0
	wWidth 1024
	wHeight 768
	dwMinBitRate 7864320
	dwMaxBitRate 23592960
	dwMaxVideoFrameBufSize 786432
	dwDefaultFrameInterval 333333
	bFrameIntervalType 3
	FrameInterval[0] 333333
	FrameInterval[1] 666666
	FrameInterval[2] 1000000
	*** VS Frame Descriptor ***
	bLength 38
	bDescriptorType 0x24
	bDescriptorSubType 0x07
	bFrameIndex 6
	bmCapabilities 0x0
	wWidth 1280
	wHeight 720
	dwMinBitRate 9216000
	dwMaxBitRate 27648000
	dwMaxVideoFrameBufSize 921600
	dwDefaultFrameInterval 333333
	bFrameIntervalType 3
	FrameInterval[0] 333333
	FrameInterval[1] 666666
	FrameInterval[2] 1000000
	*** VS Frame Descriptor ***
	bLength 38
	bDescriptorType 0x24
	bDescriptorSubType 0x07
	bFrameIndex 7
	bmCapabilities 0x0
	wWidth 1280
	wHeight 960
	dwMinBitRate 12288000
	dwMaxBitRate 36864000
	dwMaxVideoFrameBufSize 1228800
	dwDefaultFrameInterval 333333
	bFrameIntervalType 3
	FrameInterval[0] 333333
	FrameInterval[1] 666666
	FrameInterval[2] 1000000
	*** VS Frame Descriptor ***
	bLength 38
	bDescriptorType 0x24
	bDescriptorSubType 0x07
	bFrameIndex 8
	bmCapabilities 0x0
	wWidth 1600
	wHeight 1200
	dwMinBitRate 19200000
	dwMaxBitRate 57600000
	dwMaxVideoFrameBufSize 1920000
	dwDefaultFrameInterval 333333
	bFrameIntervalType 3
	FrameInterval[0] 333333
	FrameInterval[1] 666666
	FrameInterval[2] 1000000
	*** VS Frame Descriptor ***
	bLength 38
	bDescriptorType 0x24
	bDescriptorSubType 0x07
	bFrameIndex 9
	bmCapabilities 0x0
	wWidth 2048
	wHeight 1536
	dwMinBitRate 31457280
	dwMaxBitRate 94371840
	dwMaxVideoFrameBufSize 3145728
	dwDefaultFrameInterval 333333
	bFrameIntervalType 3
	FrameInterval[0] 333333
	FrameInterval[1] 666666
	FrameInterval[2] 1000000
	*** VS Frame Descriptor ***
	bLength 38
	bDescriptorType 0x24
	bDescriptorSubType 0x07
	bFrameIndex 10
	bmCapabilities 0x0
	wWidth 2592
	wHeight 1944
	dwMinBitRate 50388480
	dwMaxBitRate 151165440
	dwMaxVideoFrameBufSize 5038848
	dwDefaultFrameInterval 333333
	bFrameIntervalType 3
	FrameInterval[0] 333333
	FrameInterval[1] 666666
	FrameInterval[2] 1000000
	*** VS Frame Descriptor ***
	bLength 38
	bDescriptorType 0x24
	bDescriptorSubType 0x07
	bFrameIndex 11
	bmCapabilities 0x0
	wWidth 3264
	wHeight 2448
	dwMinBitRate 79902720
	dwMaxBitRate 239708160
	dwMaxVideoFrameBufSize 7990272
	dwDefaultFrameInterval 333333
	bFrameIntervalType 3
	FrameInterval[0] 333333
	FrameInterval[1] 666666
	FrameInterval[2] 1000000
	*** VS Frame Descriptor ***
	bLength 38
	bDescriptorType 0x24
	bDescriptorSubType 0x07
	bFrameIndex 12
	bmCapabilities 0x0
	wWidth 3840
	wHeight 2160
	dwMinBitRate 82944000
	dwMaxBitRate 248832000
	dwMaxVideoFrameBufSize 8294400
	dwDefaultFrameInterval 333333
	bFrameIntervalType 3
	FrameInterval[0] 333333
	FrameInterval[1] 666666
	FrameInterval[2] 1000000
	*** VS Frame Descriptor ***
	bLength 34
	bDescriptorType 0x24
	bDescriptorSubType 0x07
	bFrameIndex 13
	bmCapabilities 0x0
	wWidth 4000
	wHeight 3000
	dwMinBitRate 120000000
	dwMaxBitRate 180000000
	dwMaxVideoFrameBufSize 12000000
	dwDefaultFrameInterval 666666
	bFrameIntervalType 2
	FrameInterval[0] 666666
	FrameInterval[1] 1000000
	*** VS Frame Descriptor ***
	bLength 34
	bDescriptorType 0x24
	bDescriptorSubType 0x07
	bFrameIndex 14
	bmCapabilities 0x0
	wWidth 320
	wHeight 240
	dwMinBitRate 1152000
	dwMaxBitRate 2304000
	dwMaxVideoFrameBufSize 76800
	dwDefaultFrameInterval 333333
	bFrameIntervalType 2
	FrameInterval[0] 333333
	FrameInterval[1] 666666
	*** Output Terminal Descriptor ***
	bLength 63
	bDescriptorType 0x24
	bDescriptorSubType 0x03
	bTerminalID 0
	wTerminalType 0x800E
	bAssocTerminal 7
	bSourceID 56
	iTerminal 4
	*** VS Color Format Descriptor ***
	bLength 6
	bDescriptorType 0x24
	bDescriptorSubType 0x0D
	bColorPrimaries 0x1
	bTransferCharacteristics 1
	bMatrixCoefficients 0x4
	*** Selector Unit Descriptor ***
	bLength 27
	bDescriptorType 0x24
	bDescriptorSubType 0x04
	bUnitID 2
	bNrInPins 12
	baSourceID1 89
	baSourceID2 85
	iSelector 89
	*** Processing Unit Descriptor ***
	bLength 34
	bDescriptorType 0x24
	bDescriptorSubType 0x05
	bUnitID 1
	bSourceID 0
	wMaxMultiplier 320
	bControlSize 240
	bmControls 0x0 0x0 0x70
	iProcessing 23
	bmVideoStandards 0x0
	*** Processing Unit Descriptor ***
	bLength 34
	bDescriptorType 0x24
	bDescriptorSubType 0x05
	bUnitID 2
	bSourceID 0
	wMaxMultiplier 640
	bControlSize 104
	bmControls 0x1 0x0 0x50
	iProcessing 70
	bmVideoStandards 0x0
	*** Processing Unit Descriptor ***
	bLength 30
	bDescriptorType 0x24
	bDescriptorSubType 0x05
	bUnitID 3
	bSourceID 0
	wMaxMultiplier 640
	bControlSize 224
	bmControls 0x1 0x0 0xC0
	iProcessing 93
	bmVideoStandards 0x0
	*** Processing Unit Descriptor ***
	bLength 30
	bDescriptorType 0x24
	bDescriptorSubType 0x05
	bUnitID 4
	bSourceID 0
	wMaxMultiplier 800
	bControlSize 88
	bmControls 0x2 0x0 0x7C
	iProcessing 146
	bmVideoStandards 0x0
	*** Processing Unit Descriptor ***
	bLength 30
	bDescriptorType 0x24
	bDescriptorSubType 0x05
	bUnitID 5
	bSourceID 0
	wMaxMultiplier 1024
	bControlSize 208
	bmControls 0x2 0x0 0x0
	iProcessing 225
	bmVideoStandards 0x0
	*** Processing Unit Descriptor ***
	bLength 30
	bDescriptorType 0x24
	bDescriptorSubType 0x05
	bUnitID 6
	bSourceID 0
	wMaxMultiplier 1280
	bControlSize 172
	bmControls 0x3 0x0 0x30
	iProcessing 111
	bmVideoStandards 0x1
	*** Processing Unit Descriptor ***
	bLength 30
	bDescriptorType 0x24
	bDescriptorSubType 0x05
	bUnitID 7
	bSourceID 0
	wMaxMultiplier 1280
	bControlSize 0
	bmControls 0x4 0x0 0x0
	iProcessing 144
	bmVideoStandards 0x1
	*** Processing Unit Descriptor ***
	bLength 30
	bDescriptorType 0x24
	bDescriptorSubType 0x05
	bUnitID 8
	bSourceID 0
	wMaxMultiplier 1600
	bControlSize 176
	bmControls 0x4 0x0 0xF8
	iProcessing 36
	bmVideoStandards 0x1
	*** Processing Unit Descriptor ***
	bLength 30
	bDescriptorType 0x24
	bDescriptorSubType 0x05
	bUnitID 9
	bSourceID 0
	wMaxMultiplier 1920
	bControlSize 56
	bmControls 0x4 0x0 0x68
	iProcessing 60
	bmVideoStandards 0x1
	*** Processing Unit Descriptor ***
	bLength 30
	bDescriptorType 0x24
	bDescriptorSubType 0x05
	bUnitID 10
	bSourceID 0
	wMaxMultiplier 2048
	bControlSize 0
	bmControls 0x6 0x0 0x0
	iProcessing 224
	bmVideoStandards 0x1
	*** Processing Unit Descriptor ***
	bLength 30
	bDescriptorType 0x24
	bDescriptorSubType 0x05
	bUnitID 11
	bSourceID 0
	wMaxMultiplier 2560
	bControlSize 160
	bmControls 0x5 0x0 0x80
	iProcessing 50
	bmVideoStandards 0x2
	*** Processing Unit Descriptor ***
	bLength 30
	bDescriptorType 0x24
	bDescriptorSubType 0x05
	bUnitID 12
	bSourceID 0
	wMaxMultiplier 2592
	bControlSize 152
	bmControls 0x7 0x0 0xDE
	iProcessing 0
	bmVideoStandards 0x3
	*** VS Color Format Descriptor ***
	bLength 6
	bDescriptorType 0x24
	bDescriptorSubType 0x0D
	bColorPrimaries 0x1
	bTransferCharacteristics 1
	bMatrixCoefficients 0x4
	*** Interface descriptor ***
	bLength 9
	bDescriptorType 4
	bInterfaceNumber 1
	bAlternateSetting 1
	bNumEndpoints 1
	bInterfaceClass 0xe
	bInterfaceSubClass 0x2
	bInterfaceProtocol 0x0
	iInterface 0
		*** Endpoint descriptor ***
		bLength 7
		bDescriptorType 5
		bEndpointAddress 0x82	EP 2 IN
		bmAttributes 0x5	ISOC
		wMaxPacketSize 192
		bInterval 1
	*** Interface descriptor ***
	bLength 9
	bDescriptorType 4
	bInterfaceNumber 1
	bAlternateSetting 2
	bNumEndpoints 1
	bInterfaceClass 0xe
	bInterfaceSubClass 0x2
	bInterfaceProtocol 0x0
	iInterface 0
		*** Endpoint descriptor ***
		bLength 7
		bDescriptorType 5
		bEndpointAddress 0x82	EP 2 IN
		bmAttributes 0x5	ISOC
		wMaxPacketSize 384
		bInterval 1
	*** Interface descriptor ***
	bLength 9
	bDescriptorType 4
	bInterfaceNumber 1
	bAlternateSetting 3
	bNumEndpoints 1
	bInterfaceClass 0xe
	bInterfaceSubClass 0x2
	bInterfaceProtocol 0x0
	iInterface 0
		*** Endpoint descriptor ***
		bLength 7
		bDescriptorType 5
		bEndpointAddress 0x82	EP 2 IN
		bmAttributes 0x5	ISOC
		wMaxPacketSize 512
		bInterval 1
	*** Interface descriptor ***
	bLength 9
	bDescriptorType 4
	bInterfaceNumber 1
	bAlternateSetting 4
	bNumEndpoints 1
	bInterfaceClass 0xe
	bInterfaceSubClass 0x2
	bInterfaceProtocol 0x0
	iInterface 0
		*** Endpoint descriptor ***
		bLength 7
		bDescriptorType 5
		bEndpointAddress 0x82	EP 2 IN
		bmAttributes 0x5	ISOC
		wMaxPacketSize 640
		bInterval 1
	*** Interface descriptor ***
	bLength 9
	bDescriptorType 4
	bInterfaceNumber 1
	bAlternateSetting 5
	bNumEndpoints 1
	bInterfaceClass 0xe
	bInterfaceSubClass 0x2
	bInterfaceProtocol 0x0
	iInterface 0
		*** Endpoint descriptor ***
		bLength 7
		bDescriptorType 5
		bEndpointAddress 0x82	EP 2 IN
		bmAttributes 0x5	ISOC
		wMaxPacketSize 800
		bInterval 1
	*** Interface descriptor ***
	bLength 9
	bDescriptorType 4
	bInterfaceNumber 1
	bAlternateSetting 6
	bNumEndpoints 1
	bInterfaceClass 0xe
	bInterfaceSubClass 0x2
	bInterfaceProtocol 0x0
	iInterface 0
		*** Endpoint descriptor ***
		bLength 7
		bDescriptorType 5
		bEndpointAddress 0x82	EP 2 IN
		bmAttributes 0x5	ISOC
		wMaxPacketSize 944
		bInterval 1
	*** Interface descriptor ***
	bLength 9
	bDescriptorType 4
	bInterfaceNumber 1
	bAlternateSetting 7
	bNumEndpoints 1
	bInterfaceClass 0xe
	bInterfaceSubClass 0x2
	bInterfaceProtocol 0x0
	iInterface 0
		*** Endpoint descriptor ***
		bLength 7
		bDescriptorType 5
		bEndpointAddress 0x82	EP 2 IN
		bmAttributes 0x5	ISOC
		wMaxPacketSize 640
		wMaxPacketSize (with additional transactions in microframe) 1280
		bInterval 1
	*** Interface descriptor ***
	bLength 9
	bDescriptorType 4
	bInterfaceNumber 1
	bAlternateSetting 8
	bNumEndpoints 1
	bInterfaceClass 0xe
	bInterfaceSubClass 0x2
	bInterfaceProtocol 0x0
	iInterface 0
		*** Endpoint descriptor ***
		bLength 7
		bDescriptorType 5
		bEndpointAddress 0x82	EP 2 IN
		bmAttributes 0x5	ISOC
		wMaxPacketSize 800
		wMaxPacketSize (with additional transactions in microframe) 1600
		bInterval 1
	*** Interface descriptor ***
	bLength 9
	bDescriptorType 4
	bInterfaceNumber 1
	bAlternateSetting 9
	bNumEndpoints 1
	bInterfaceClass 0xe
	bInterfaceSubClass 0x2
	bInterfaceProtocol 0x0
	iInterface 0
		*** Endpoint descriptor ***
		bLength 7
		bDescriptorType 5
		bEndpointAddress 0x82	EP 2 IN
		bmAttributes 0x5	ISOC
		wMaxPacketSize 992
		wMaxPacketSize (with additional transactions in microframe) 1984
		bInterval 1
	*** Interface descriptor ***
	bLength 9
	bDescriptorType 4
	bInterfaceNumber 1
	bAlternateSetting 10
	bNumEndpoints 1
	bInterfaceClass 0xe
	bInterfaceSubClass 0x2
	bInterfaceProtocol 0x0
	iInterface 0
		*** Endpoint descriptor ***
		bLength 7
		bDescriptorType 5
		bEndpointAddress 0x82	EP 2 IN
		bmAttributes 0x5	ISOC
		wMaxPacketSize 896
		wMaxPacketSize (with additional transactions in microframe) 2688
		bInterval 1
	*** Interface descriptor ***
	bLength 9
	bDescriptorType 4
	bInterfaceNumber 1
	bAlternateSetting 11
	bNumEndpoints 1
	bInterfaceClass 0xe
	bInterfaceSubClass 0x2
	bInterfaceProtocol 0x0
	iInterface 0
		*** Endpoint descriptor ***
		bLength 7
		bDescriptorType 5
		bEndpointAddress 0x82	EP 2 IN
		bmAttributes 0x5	ISOC
		wMaxPacketSize 1024
		wMaxPacketSize (with additional transactions in microframe) 3072
		bInterval 1
*** Interface Association Descriptor ***
bLength 8
bDescriptorType 11
bFirstInterface 2
bInterfaceCount 2
bFunctionClass 0x1
bFunctionSubClass 0x0
bFunctionProtocol 0x0
iFunction 5
	*** Interface descriptor ***
	bLength 9
	bDescriptorType 4
	bInterfaceNumber 2
	bAlternateSetting 0
	bNumEndpoints 0
	bInterfaceClass 0x1
	bInterfaceSubClass 0x1
	bInterfaceProtocol 0x0
	iInterface 0
	*** Class-specific VC Interface Descriptor ***
	bLength 9
	bDescriptorType 0x24
	bDescriptorSubType 0x01
	bcdUVC 0100
	wTotalLength 39
	dwClockFrequency 604766977
	bInCollection 2
	baInterfaceNr[0] 1
	baInterfaceNr[1] 1
	*** Input Terminal Descriptor (Camera) ***
	bLength 12
	bDescriptorType 0x24
	bDescriptorSubType 0x02
	bTerminalID 0x1
	wTerminalType 0x201
	bAssocTerminal 0
	iTerminal 1
	wObjectiveFocalLengthMin 3
	wObjectiveFocalLengthMax 0
	wOcularFocalLength 9225
	bControlSize 6
	bmControls 0x2 0x1 0x2
	*** Extension Unit Descriptor unsupported, skipping... ***
	*** Output Terminal Descriptor ***
	bLength 9
	bDescriptorType 0x24
	bDescriptorSubType 0x03
	bTerminalID 3
	wTerminalType 0x101
	bAssocTerminal 0
	bSourceID 2
	iTerminal 0
	*** Interface descriptor ***
	bLength 9
	bDescriptorType 4
	bInterfaceNumber 3
	bAlternateSetting 0
	bNumEndpoints 0
	bInterfaceClass 0x1
	bInterfaceSubClass 0x2
	bInterfaceProtocol 0x0
	iInterface 0
	*** Interface descriptor ***
	bLength 9
	bDescriptorType 4
	bInterfaceNumber 3
	bAlternateSetting 1
	bNumEndpoints 1
	bInterfaceClass 0x1
	bInterfaceSubClass 0x2
	bInterfaceProtocol 0x0
	iInterface 0
	*** Class-specific VC Interface Descriptor ***
	bLength 7
	bDescriptorType 0x24
	bDescriptorSubType 0x01
	bcdUVC 0003
	wTotalLength 1
	dwClockFrequency 16917515
	bInCollection 2
	baInterfaceNr[0] 2
	baInterfaceNr[1] 16
	*** Input Terminal Descriptor (Media) ***
	bLength 11
	bDescriptorType 0x24
	bDescriptorSubType 0x02
	bTerminalID 0x1
	wTerminalType 0x202
	bAssocTerminal 16
	iTerminal 1
	bControlSize 128
	bmControls 0xBB
	bTransportModeSize 0
	bmTransportModes 0x9 0x5 0x83 0x1 0xC0
		*** Endpoint descriptor ***
		bLength 9
		bDescriptorType 5
		bEndpointAddress 0x83	EP 3 IN
		bmAttributes 0x1	ISOC
		wMaxPacketSize 192
		bInterval 4
		*** Class-specific Interrupt Endpoint Descriptor ***
		bLength 7
		bDescriptorType 0x25
		bDescriptorSubType 1
		wMaxTransferSize 1
	*** Interface descriptor ***
	bLength 9
	bDescriptorType 4
	bInterfaceNumber 4
	bAlternateSetting 0
	bNumEndpoints 2
	bInterfaceClass 0x3
	bInterfaceSubClass 0x0
	bInterfaceProtocol 0x0
	iInterface 0
 *** Unknown Descriptor Length: 9 Type: 33 ***
		*** Endpoint descriptor ***
		bLength 7
		bDescriptorType 5
		bEndpointAddress 0x84	EP 4 IN
		bmAttributes 0x3	INT
		wMaxPacketSize 64
		bInterval 4
		*** Endpoint descriptor ***
		bLength 7
		bDescriptorType 5
		bEndpointAddress 0x1	EP 1 OUT
		bmAttributes 0x3	INT
		wMaxPacketSize 64
		bInterval 4
PV-UVC-ENUM device aberto em 2034 ms
PV-UVC-ENUM cap driver=USB-UVC0 card=USB-UVC0 bus=esp32p4:USB-UVC0 caps=0x84201001 device_caps=0x04201001
PV-UVC-ENUM fmt index=0 fourcc=JPEG flags=0x0 desc="JPEG"
PV-UVC-ENUM size fourcc=JPEG index=0 1920x1080
PV-UVC-ENUM interval fourcc=JPEG 1920x1080 index=0 tipo=discrete num=333333 den=10000000 fps_x1000=30000
PV-UVC-ENUM interval fourcc=JPEG 1920x1080 index=1 tipo=discrete num=666666 den=10000000 fps_x1000=15000
PV-UVC-ENUM interval fourcc=JPEG 1920x1080 index=2 tipo=discrete num=1000000 den=10000000 fps_x1000=10000
PV-UVC-ENUM size fourcc=JPEG index=1 640x320
PV-UVC-ENUM interval fourcc=JPEG 640x320 index=0 tipo=discrete num=333333 den=10000000 fps_x1000=30000
PV-UVC-ENUM interval fourcc=JPEG 640x320 index=1 tipo=discrete num=666666 den=10000000 fps_x1000=15000
PV-UVC-ENUM interval fourcc=JPEG 640x320 index=2 tipo=discrete num=1000000 den=10000000 fps_x1000=10000
PV-UVC-ENUM size fourcc=JPEG index=2 640x480
PV-UVC-ENUM interval fourcc=JPEG 640x480 index=0 tipo=discrete num=333333 den=10000000 fps_x1000=30000
PV-UVC-ENUM interval fourcc=JPEG 640x480 index=1 tipo=discrete num=666666 den=10000000 fps_x1000=15000
PV-UVC-ENUM interval fourcc=JPEG 640x480 index=2 tipo=discrete num=1000000 den=10000000 fps_x1000=10000
PV-UVC-ENUM size fourcc=JPEG index=3 800x600
PV-UVC-ENUM interval fourcc=JPEG 800x600 index=0 tipo=discrete num=333333 den=10000000 fps_x1000=30000
PV-UVC-ENUM interval fourcc=JPEG 800x600 index=1 tipo=discrete num=666666 den=10000000 fps_x1000=15000
PV-UVC-ENUM interval fourcc=JPEG 800x600 index=2 tipo=discrete num=1000000 den=10000000 fps_x1000=10000
PV-UVC-ENUM size fourcc=JPEG index=4 1024x768
PV-UVC-ENUM interval fourcc=JPEG 1024x768 index=0 tipo=discrete num=333333 den=10000000 fps_x1000=30000
PV-UVC-ENUM interval fourcc=JPEG 1024x768 index=1 tipo=discrete num=666666 den=10000000 fps_x1000=15000
PV-UVC-ENUM interval fourcc=JPEG 1024x768 index=2 tipo=discrete num=1000000 den=10000000 fps_x1000=10000
PV-UVC-ENUM size fourcc=JPEG index=5 1280x720
PV-UVC-ENUM interval fourcc=JPEG 1280x720 index=0 tipo=discrete num=333333 den=10000000 fps_x1000=30000
PV-UVC-ENUM interval fourcc=JPEG 1280x720 index=1 tipo=discrete num=666666 den=10000000 fps_x1000=15000
PV-UVC-ENUM interval fourcc=JPEG 1280x720 index=2 tipo=discrete num=1000000 den=10000000 fps_x1000=10000
PV-UVC-ENUM size fourcc=JPEG index=6 1280x960
PV-UVC-ENUM interval fourcc=JPEG 1280x960 index=0 tipo=discrete num=333333 den=10000000 fps_x1000=30000
PV-UVC-ENUM interval fourcc=JPEG 1280x960 index=1 tipo=discrete num=666666 den=10000000 fps_x1000=15000
PV-UVC-ENUM interval fourcc=JPEG 1280x960 index=2 tipo=discrete num=1000000 den=10000000 fps_x1000=10000
PV-UVC-ENUM size fourcc=JPEG index=7 1600x1200
PV-UVC-ENUM interval fourcc=JPEG 1600x1200 index=0 tipo=discrete num=333333 den=10000000 fps_x1000=30000
PV-UVC-ENUM interval fourcc=JPEG 1600x1200 index=1 tipo=discrete num=666666 den=10000000 fps_x1000=15000
PV-UVC-ENUM interval fourcc=JPEG 1600x1200 index=2 tipo=discrete num=1000000 den=10000000 fps_x1000=10000
PV-UVC-ENUM size fourcc=JPEG index=8 2048x1536
PV-UVC-ENUM interval fourcc=JPEG 2048x1536 index=0 tipo=discrete num=333333 den=10000000 fps_x1000=30000
PV-UVC-ENUM interval fourcc=JPEG 2048x1536 index=1 tipo=discrete num=666666 den=10000000 fps_x1000=15000
PV-UVC-ENUM interval fourcc=JPEG 2048x1536 index=2 tipo=discrete num=1000000 den=10000000 fps_x1000=10000
PV-UVC-ENUM size fourcc=JPEG index=9 2592x1944
PV-UVC-ENUM interval fourcc=JPEG 2592x1944 index=0 tipo=discrete num=333333 den=10000000 fps_x1000=30000
PV-UVC-ENUM interval fourcc=JPEG 2592x1944 index=1 tipo=discrete num=666666 den=10000000 fps_x1000=15000
PV-UVC-ENUM interval fourcc=JPEG 2592x1944 index=2 tipo=discrete num=1000000 den=10000000 fps_x1000=10000
PV-UVC-ENUM size fourcc=JPEG index=10 3264x2448
PV-UVC-ENUM interval fourcc=JPEG 3264x2448 index=0 tipo=discrete num=333333 den=10000000 fps_x1000=30000
PV-UVC-ENUM interval fourcc=JPEG 3264x2448 index=1 tipo=discrete num=666666 den=10000000 fps_x1000=15000
PV-UVC-ENUM interval fourcc=JPEG 3264x2448 index=2 tipo=discrete num=1000000 den=10000000 fps_x1000=10000
PV-UVC-ENUM size fourcc=JPEG index=11 3840x2160
PV-UVC-ENUM interval fourcc=JPEG 3840x2160 index=0 tipo=discrete num=333333 den=10000000 fps_x1000=30000
PV-UVC-ENUM interval fourcc=JPEG 3840x2160 index=1 tipo=discrete num=666666 den=10000000 fps_x1000=15000
PV-UVC-ENUM interval fourcc=JPEG 3840x2160 index=2 tipo=discrete num=1000000 den=10000000 fps_x1000=10000
PV-UVC-ENUM size fourcc=JPEG index=12 4000x3000
PV-UVC-ENUM interval fourcc=JPEG 4000x3000 index=0 tipo=discrete num=666666 den=10000000 fps_x1000=15000
PV-UVC-ENUM interval fourcc=JPEG 4000x3000 index=1 tipo=discrete num=1000000 den=10000000 fps_x1000=10000
PV-UVC-ENUM size fourcc=JPEG index=13 320x240
PV-UVC-ENUM interval fourcc=JPEG 320x240 index=0 tipo=discrete num=333333 den=10000000 fps_x1000=30000
PV-UVC-ENUM interval fourcc=JPEG 320x240 index=1 tipo=discrete num=666666 den=10000000 fps_x1000=15000
PV-UVC-ENUM fmt index=1 fourcc=YUYV flags=0x0 desc="YUV 4:2:2 YUYV"
PV-UVC-ENUM size fourcc=YUYV index=0 320x240
PV-UVC-ENUM interval fourcc=YUYV 320x240 index=0 tipo=discrete num=500000 den=10000000 fps_x1000=20000
PV-UVC-ENUM interval fourcc=YUYV 320x240 index=1 tipo=discrete num=1000000 den=10000000 fps_x1000=10000
PV-UVC-ENUM size fourcc=YUYV index=1 640x360
PV-UVC-ENUM interval fourcc=YUYV 640x360 index=0 tipo=discrete num=500000 den=10000000 fps_x1000=20000
PV-UVC-ENUM interval fourcc=YUYV 640x360 index=1 tipo=discrete num=1000000 den=10000000 fps_x1000=10000
PV-UVC-ENUM size fourcc=YUYV index=2 640x480
PV-UVC-ENUM interval fourcc=YUYV 640x480 index=0 tipo=discrete num=1000000 den=10000000 fps_x1000=10000
PV-UVC-ENUM size fourcc=YUYV index=3 800x600
PV-UVC-ENUM interval fourcc=YUYV 800x600 index=0 tipo=discrete num=1000000 den=10000000 fps_x1000=10000
PV-UVC-ENUM size fourcc=YUYV index=4 1024x720
PV-UVC-ENUM interval fourcc=YUYV 1024x720 index=0 tipo=discrete num=1000000 den=10000000 fps_x1000=10000
PV-UVC-ENUM size fourcc=YUYV index=5 1280x940
PV-UVC-ENUM interval fourcc=YUYV 1280x940 index=0 tipo=discrete num=1000000 den=10000000 fps_x1000=10000
PV-UVC-ENUM size fourcc=YUYV index=6 1280x1024
PV-UVC-ENUM interval fourcc=YUYV 1280x1024 index=0 tipo=discrete num=1000000 den=10000000 fps_x1000=10000
PV-UVC-ENUM size fourcc=YUYV index=7 1600x1200
PV-UVC-ENUM interval fourcc=YUYV 1600x1200 index=0 tipo=discrete num=2000000 den=10000000 fps_x1000=5000
PV-UVC-ENUM size fourcc=YUYV index=8 1920x1080
PV-UVC-ENUM interval fourcc=YUYV 1920x1080 index=0 tipo=discrete num=2000000 den=10000000 fps_x1000=5000
PV-UVC-ENUM size fourcc=YUYV index=9 2048x1536
PV-UVC-ENUM interval fourcc=YUYV 2048x1536 index=0 tipo=discrete num=2000000 den=10000000 fps_x1000=5000
PV-UVC-ENUM size fourcc=YUYV index=10 2560x1440
PV-UVC-ENUM interval fourcc=YUYV 2560x1440 index=0 tipo=discrete num=2000000 den=10000000 fps_x1000=5000
PV-UVC-ENUM size fourcc=YUYV index=11 2592x1944
PV-UVC-ENUM interval fourcc=YUYV 2592x1944 index=0 tipo=discrete num=2000000 den=10000000 fps_x1000=5000
PV-UVC-ENUM result=OK tamanhos_jpeg=14
I (5050) usb_uvc_device: All UVC devices already enumerated
PV-UVC-FMT requested=800x600 applied=800x600 fourcc=JPEG sizeimage=0
I (5069) uvc: Allocating 2 USB transfers for ISOC. Each: 3072 bytes, 1 ISOC packets, 3072 MPS
W (8104) PvUvcSpike: DQBUF de descarte 0 falhou: errno=1(Not owner)
PV-UVC-WARMUP requested=800x600 descartados=0
E (13104) PvUvcSpike: VIDIOC_DQBUF falhou: errno=1(Not owner)

assert failed: usbh_dev_close usbh.c:1226 (dev_obj->dynamic.num_ctrl_xfers_inflight == 0)
Core  0 register dump:
MEPC    : 0x4ff0d048  RA      : 0x4ff0cbe0  SP      : 0x4ff3deb0  GP      : 0x4ff14300  
TP      : 0x4ff3e4e0  T0      : 0x695f7372  T1      : 0x616e7964  T2      : 0x696c666e  
S0/FP   : 0x0000006e  S1      : 0x00000001  A0      : 0x4ff3def8  A1      : 0x4ff16881  
A2      : 0x00000001  A3      : 0x4ff1a000  A4      : 0x00000001  A5      : 0x4ff1a000  
A6      : 0x00000008  A7      : 0x3e2d6a62  S2      : 0x4ff3def8  S3      : 0x4ff3df19  
S4      : 0x4ff16880  S5      : 0x4ff3def8  S6      : 0x48043896  S7      : 0x00000002  
S8      : 0x00001fa8  S9      : 0x480a4c98  S10     : 0x001e8480  S11     : 0x00000002  
T3      : 0x2e63696d  T4      : 0x5f6d756e  T5      : 0x6c727463  T6      : 0x6566785f  
MSTATUS : 0x00011880  MTVEC   : 0x4ff00003  MCAUSE  : 0x00000002  MTVAL   : 0x00000000  
MHARTID : 0x00000000  

Stack memory:
4ff3deb0: 0x00000004 0x7f000000 0x480da1c4 0x4ff0a8b8 0x36323231 0x00000000 0x00000000 0x00000000
4ff3ded0: 0x4f000000 0x4ff1712c 0x480da1c4 0x4ff17110 0x480ae0d1 0x4ff1713c 0x4ff3dec0 0x4ff17140
4ff3def0: 0x480ae248 0x4ff16880 0x65737361 0x66207472 0x656c6961 0x75203a64 0x5f686273 0x5f766564
4ff3df10: 0x736f6c63 0x73752065 0x632e6862 0x3232313a 0x64282036 0x6f5f7665 0x3e2d6a62 0x616e7964
4ff3df30: 0x2e63696d 0x5f6d756e 0x6c727463 0x6566785f 0x695f7372 0x696c666e 0x20746867 0x30203d3d
4ff3df50: 0x00000029 0x00000001 0x4ff530b8 0x00000000 0x00000000 0x00000000 0x20800008 0x1f000000
4ff3df70: 0x480e7b70 0x00000028 0x4ff53064 0x4ff3fb68 0x4ff3e00c 0x00000000 0x4ff51a08 0x00000002
4ff3df90: 0x4ff51a08 0x00000000 0x001e8480 0x4ff3fb68 0x480e6fa8 0x00000000 0x4ff3e8bc 0x4807e2c4
4ff3dfb0: 0x480e6fa8 0x00000000 0x4ff3e8bc 0x4807c782 0x4ff51a08 0x00000000 0x4ff3e418 0x4ff3fb68
4ff3dfd0: 0x480e6fa8 0x4ff1a000 0x480e7018 0x48043896 0x4ff51a08 0x00000000 0x480e7018 0x480e7018
4ff3dff0: 0x480e6fa8 0x4ff1a000 0x480e7018 0x48041a08 0x00000103 0x480e7b28 0x00000002 0x010e7d58
4ff3e010: 0x00000103 0x480e7b28 0x00000002 0x4803c3e6 0x00000103 0x4ff1a000 0x480e7b28 0x4803d944
4ff3e030: 0x00000103 0x4ff3fb68 0x4ff3fae4 0x48025bb0 0x00000000 0x40045613 0x4ff3fb68 0x48022870
4ff3e050: 0x00000001 0x40045613 0x00000001 0x4802303c 0x00000001 0x4ff14588 0x480a4364 0x00003330
4ff3e070: 0x00000000 0x480a4c98 0x4ff5073c 0x4802c984 0x00000001 0x00000000 0x4ff3e418 0x4808041e
4ff3e090: 0x00000001 0x4ff14588 0x480a4848 0x00000004 0x00000000 0x00000000 0x00000000 0x4ff3e0c8
4ff3e0b0: 0x00000004 0x4ff14588 0x00000004 0x48021362 0x00000005 0x00000000 0x4ff3e100 0x00000000
4ff3e0d0: 0x20800008 0x00000001 0x00000001 0x0000000a 0x4ff3e1a8 0x480e71a8 0x480e71a8 0x4803dd74
4ff3e0f0: 0x00000000 0x4ff1a000 0x4ff3fae4 0x00000001 0x00000001 0x4745504a 0x00000000 0x00000002
4ff3e110: 0x00000001 0x00000001 0x00000000 0x00000000 0x4ff3fb68 0x480f0a40 0x48165d80 0x00075300
4ff3e130: 0x00075300 0x00000000 0x00000000 0x00000001 0x00000000 0x00000000 0x00000000 0x00000000
4ff3e150: 0x00000000 0x00000000 0x00000000 0x00000000 0x00000000 0x00000000 0x00000000 0x00000000
4ff3e170: 0x00000000 0x00000001 0x00000000 0x00000000 0x00000000 0x00000000 0x00000001 0x00000320
4ff3e190: 0x00000258 0x4745504a 0x00000000 0x00000000 0x00000000 0x00000000 0x00000000 0x00000000
4ff3e1b0: 0x00000000 0x00000000 0x00000000 0x00000000 0x00000000 0x00000000 0x00000000 0x00000000
4ff3e1d0: 0x00000000 0x00000000 0x00000000 0x00000000 0x00000000 0x00000000 0x00000000 0x00000000
4ff3e1f0: 0x00000000 0x00000000 0x00000000 0x00000000 0x00000000 0x00000000 0x00000000 0x00000000
4ff3e210: 0x00000000 0x00000000 0x00000000 0x00000000 0x00000000 0x00000000 0x00000000 0x00000000
4ff3e230: 0x00000000 0x00000000 0x00000000 0x00000000 0x00000000 0x00000000 0x00000000 0x00000000
4ff3e250: 0x00000000 0x00000001 0x00000320 0x00000258 0x4745504a 0x00000000 0x00000000 0x00000000
4ff3e270: 0x00000000 0x00000000 0x00000000 0x00000000 0x00000000 0x00000000 0x00000000 0x00000000
4ff3e290: 0x00000000 0x00000000 0x00000000 0x00000000 0x00000000 0x00000000 0x00000000 0x00000000



ELF file SHA256: e87c6fa39

Rebooting...
ESP-ROM:esp32p4-eco2-20240710
Build:Jul 10 2024
rst:0xc (SW_CPU_RESET),boot:0xf (SPI_FAST_FLASH_BOOT)
Core0 Saved PC:0x4ff00c9e
Core1 Saved PC:0x4ff0698c
SPI mode:DIO, clock div:1
load:0x4ff33ce0,len:0x5d0
load:0x4ff28ed0,len:0xdf8
load:0x4ff2bbd0,len:0x34b8
entry 0x4ff28ed0
I (46) hex_psram: vendor id    : 0x0d (AP)
I (46) hex_psram: Latency      : 0x01 (Fixed)
I (46) hex_psram: DriveStr.    : 0x00 (25 Ohm)
I (47) hex_psram: dev id       : 0x03 (generation 4)
I (51) hex_psram: density      : 0x07 (256 Mbit)
I (56) hex_psram: good-die     : 0x06 (Pass)
I (60) hex_psram: SRF          : 0x02 (Slow Refresh)
I (64) hex_psram: BurstType    : 0x00 ( Wrap)
I (69) hex_psram: BurstLen     : 0x03 (2048 Byte)
I (73) hex_psram: BitMode      : 0x01 (X16 Mode)
I (77) hex_psram: Readlatency  : 0x04 (14 cycles@Fixed)
I (82) hex_psram: DriveStrength: 0x00 (1/1)
I (86) MSPI Timing: Enter psram timing tuning
I esp_psram: Found 32MB PSRAM device
I esp_psram: Speed: 200MHz
I (283) mmu_psram: .rodata xip on psram
I (316) mmu_psram: .text xip on psram
I (319) hex_psram: psram CS IO is dedicated
I (319) cpu_start: Multicore app
I (328) cpu_start: GPIO 38 and 37 are used as console UART I/O pins
I (328) cpu_start: Pro cpu start user code
I (328) cpu_start: cpu freq: 360000000 Hz
I (330) app_init: Application information:
I (334) app_init: Project name:     xiaozhi
I (338) app_init: App version:      2.4.0
I (342) app_init: Compile time:     Aug 10 2026 22:03:41
I (347) app_init: ELF file SHA256:  e87c6fa39...
I (351) app_init: ESP-IDF:          v6.0.2
I (355) efuse_init: Min chip rev:     v1.0
I (359) efuse_init: Max chip rev:     v1.99 
I (363) efuse_init: Chip rev:         v1.3
I (367) heap_init: Initializing. RAM available for dynamic allocation:
I (373) heap_init: At 4FF1A740 len 00020880 (130 KiB): RETENT_RAM
I (379) heap_init: At 4FF3AFC0 len 00004BF0 (18 KiB): RAM
I (384) heap_init: At 4FF40000 len 00060000 (384 KiB): RAM
I (389) heap_init: At 50108080 len 00007F80 (31 KiB): RTCRAM
I (394) heap_init: At 30100088 len 00001F78 (7 KiB): SPM
I (399) esp_psram: Adding pool of 31808K of PSRAM memory to heap allocator
I (406) esp_psram: Adding pool of 62K of PSRAM memory gap generated due to end address alignment of irom to the heap allocator
I (417) esp_psram: Adding pool of 60K of PSRAM memory gap generated due to end address alignment of drom to the heap allocator
I (428) spi_flash: detected chip: gd
I (431) spi_flash: flash io: qio
I (434) host_init: ESP Hosted : Host chip_ip[18]
I (439) H_API: ESP-Hosted starting. Hosted_Tasks: prio:23, stack: 5120 RPC_task_stack: 5120
I (447) H_API: ** add_esp_wifi_remote_channels **
I (452) sleep_gpio: Configure to isolate all GPIO pins in sleep state
I (458) sleep_gpio: Enable automatic switching of GPIO sleep configuration
I (466) H_SDIO_DRV: sdio_data_to_rx_buf_task started
I (469) main_task: Started on CPU0
I (472) esp_psram: Reserving pool of 64K of internal memory for DMA/internal allocations
I (481) main_task: Calling app_main()

PV-UVC-SPIKE inicio (F2B) degraus=5
PV-UVC-MEM etapa=boot psram_livre=32669812 psram_maior_bloco=32505856 interna_livre=421195
I (2357) main_task: Returned from app_main()
PV-UVC-INIT result=OK usb_host=on uvc_dev_num=1
PV-UVC-ENUM aguardando enumeracao USB em /dev/video40 (ate 10000 ms)
I (2387) usb_uvc_device: Waiting for UVC device to be enumerated...
E (2831) ENUM: LANGID 0x409 not found
*** Configuration descriptor ***
bLength 9
bDescriptorType 2
wTotalLength 1463
bNumInterfaces 5
bConfigurationValue 1
iConfiguration 0
bmAttributes 0x80
bMaxPower 500mA
*** Interface Association Descriptor ***
bLength 8
bDescriptorType 11
bFirstInterface 0
bInterfaceCount 2
bFunctionClass 0xe
bFunctionSubClass 0x3
bFunctionProtocol 0x0
iFunction 4
	*** Interface descriptor ***
	bLength 9
	bDescriptorType 4
	bInterfaceNumber 0
	bAlternateSetting 0
	bNumEndpoints 1
	bInterfaceClass 0xe
	bInterfaceSubClass 0x1
	bInterfaceProtocol 0x0
	iInterface 0
	*** Class-specific VC Interface Descriptor ***
	bLength 13
	bDescriptorType 0x24
	bDescriptorSubType 0x01
	bcdUVC 0100
	wTotalLength 80
	dwClockFrequency 24000000
	bInCollection 1
	baInterfaceNr[0] 1
	*** Input Terminal Descriptor (Camera) ***
	bLength 18
	bDescriptorType 0x24
	bDescriptorSubType 0x02
	bTerminalID 0x1
	wTerminalType 0x201
	bAssocTerminal 0
	iTerminal 0
	wObjectiveFocalLengthMin 0
	wObjectiveFocalLengthMax 0
	wOcularFocalLength 0
	bControlSize 3
	bmControls 0x7A 0x2A 0x2
	*** Extension Unit Descriptor unsupported, skipping... ***
	*** Processing Unit Descriptor ***
	bLength 11
	bDescriptorType 0x24
	bDescriptorSubType 0x05
	bUnitID 3
	bSourceID 2
	wMaxMultiplier 16384
	bControlSize 2
	bmControls 0x7F 0x17 0x0
	iProcessing 9
	bmVideoStandards 0x24
	*** Output Terminal Descriptor ***
	bLength 9
	bDescriptorType 0x24
	bDescriptorSubType 0x03
	bTerminalID 4
	wTerminalType 0x101
	bAssocTerminal 0
	bSourceID 3
	iTerminal 0
		*** Endpoint descriptor ***
		bLength 7
		bDescriptorType 5
		bEndpointAddress 0x81	EP 1 IN
		bmAttributes 0x3	INT
		wMaxPacketSize 16
		bInterval 8
		*** Class-specific Interrupt Endpoint Descriptor ***
		bLength 5
		bDescriptorType 0x25
		bDescriptorSubType 3
		wMaxTransferSize 16
	*** Interface descriptor ***
	bLength 9
	bDescriptorType 4
	bInterfaceNumber 1
	bAlternateSetting 0
	bNumEndpoints 0
	bInterfaceClass 0xe
	bInterfaceSubClass 0x2
	bInterfaceProtocol 0x0
	iInterface 0
	*** Class-specific VC Interface Descriptor ***
	bLength 15
	bDescriptorType 0x24
	bDescriptorSubType 0x01
	bcdUVC fc02
	wTotalLength 33283
	dwClockFrequency 16909312
	bInCollection 1
	baInterfaceNr[0] 1
	*** Extension Unit Descriptor unsupported, skipping... ***
	*** VS Frame Descriptor ***
	bLength 38
	bDescriptorType 0x24
	bDescriptorSubType 0x07
	bFrameIndex 1
	bmCapabilities 0x0
	wWidth 1920
	wHeight 1080
	dwMinBitRate 20736000
	dwMaxBitRate 62208000
	dwMaxVideoFrameBufSize 2073600
	dwDefaultFrameInterval 333333
	bFrameIntervalType 3
	FrameInterval[0] 333333
	FrameInterval[1] 666666
	FrameInterval[2] 1000000
	*** VS Frame Descriptor ***
	bLength 38
	bDescriptorType 0x24
	bDescriptorSubType 0x07
	bFrameIndex 2
	bmCapabilities 0x0
	wWidth 640
	wHeight 320
	dwMinBitRate 2048000
	dwMaxBitRate 6144000
	dwMaxVideoFrameBufSize 204800
	dwDefaultFrameInterval 333333
	bFrameIntervalType 3
	FrameInterval[0] 333333
	FrameInterval[1] 666666
	FrameInterval[2] 1000000
	*** VS Frame Descriptor ***
	bLength 38
	bDescriptorType 0x24
	bDescriptorSubType 0x07
	bFrameIndex 3
	bmCapabilities 0x0
	wWidth 640
	wHeight 480
	dwMinBitRate 3072000
	dwMaxBitRate 9216000
	dwMaxVideoFrameBufSize 307200
	dwDefaultFrameInterval 333333
	bFrameIntervalType 3
	FrameInterval[0] 333333
	FrameInterval[1] 666666
	FrameInterval[2] 1000000
	*** VS Frame Descriptor ***
	bLength 38
	bDescriptorType 0x24
	bDescriptorSubType 0x07
	bFrameIndex 4
	bmCapabilities 0x0
	wWidth 800
	wHeight 600
	dwMinBitRate 4800000
	dwMaxBitRate 14400000
	dwMaxVideoFrameBufSize 480000
	dwDefaultFrameInterval 333333
	bFrameIntervalType 3
	FrameInterval[0] 333333
	FrameInterval[1] 666666
	FrameInterval[2] 1000000
	*** VS Frame Descriptor ***
	bLength 38
	bDescriptorType 0x24
	bDescriptorSubType 0x07
	bFrameIndex 5
	bmCapabilities 0x0
	wWidth 1024
	wHeight 768
	dwMinBitRate 7864320
	dwMaxBitRate 23592960
	dwMaxVideoFrameBufSize 786432
	dwDefaultFrameInterval 333333
	bFrameIntervalType 3
	FrameInterval[0] 333333
	FrameInterval[1] 666666
	FrameInterval[2] 1000000
	*** VS Frame Descriptor ***
	bLength 38
	bDescriptorType 0x24
	bDescriptorSubType 0x07
	bFrameIndex 6
	bmCapabilities 0x0
	wWidth 1280
	wHeight 720
	dwMinBitRate 9216000
	dwMaxBitRate 27648000
	dwMaxVideoFrameBufSize 921600
	dwDefaultFrameInterval 333333
	bFrameIntervalType 3
	FrameInterval[0] 333333
	FrameInterval[1] 666666
	FrameInterval[2] 1000000
	*** VS Frame Descriptor ***
	bLength 38
	bDescriptorType 0x24
	bDescriptorSubType 0x07
	bFrameIndex 7
	bmCapabilities 0x0
	wWidth 1280
	wHeight 960
	dwMinBitRate 12288000
	dwMaxBitRate 36864000
	dwMaxVideoFrameBufSize 1228800
	dwDefaultFrameInterval 333333
	bFrameIntervalType 3
	FrameInterval[0] 333333
	FrameInterval[1] 666666
	FrameInterval[2] 1000000
	*** VS Frame Descriptor ***
	bLength 38
	bDescriptorType 0x24
	bDescriptorSubType 0x07
	bFrameIndex 8
	bmCapabilities 0x0
	wWidth 1600
	wHeight 1200
	dwMinBitRate 19200000
	dwMaxBitRate 57600000
	dwMaxVideoFrameBufSize 1920000
	dwDefaultFrameInterval 333333
	bFrameIntervalType 3
	FrameInterval[0] 333333
	FrameInterval[1] 666666
	FrameInterval[2] 1000000
	*** VS Frame Descriptor ***
	bLength 38
	bDescriptorType 0x24
	bDescriptorSubType 0x07
	bFrameIndex 9
	bmCapabilities 0x0
	wWidth 2048
	wHeight 1536
	dwMinBitRate 31457280
	dwMaxBitRate 94371840
	dwMaxVideoFrameBufSize 3145728
	dwDefaultFrameInterval 333333
	bFrameIntervalType 3
	FrameInterval[0] 333333
	FrameInterval[1] 666666
	FrameInterval[2] 1000000
	*** VS Frame Descriptor ***
	bLength 38
	bDescriptorType 0x24
	bDescriptorSubType 0x07
	bFrameIndex 10
	bmCapabilities 0x0
	wWidth 2592
	wHeight 1944
	dwMinBitRate 50388480
	dwMaxBitRate 151165440
	dwMaxVideoFrameBufSize 5038848
	dwDefaultFrameInterval 333333
	bFrameIntervalType 3
	FrameInterval[0] 333333
	FrameInterval[1] 666666
	FrameInterval[2] 1000000
	*** VS Frame Descriptor ***
	bLength 38
	bDescriptorType 0x24
	bDescriptorSubType 0x07
	bFrameIndex 11
	bmCapabilities 0x0
	wWidth 3264
	wHeight 2448
	dwMinBitRate 79902720
	dwMaxBitRate 239708160
	dwMaxVideoFrameBufSize 7990272
	dwDefaultFrameInterval 333333
	bFrameIntervalType 3
	FrameInterval[0] 333333
	FrameInterval[1] 666666
	FrameInterval[2] 1000000
	*** VS Frame Descriptor ***
	bLength 38
	bDescriptorType 0x24
	bDescriptorSubType 0x07
	bFrameIndex 12
	bmCapabilities 0x0
	wWidth 3840
	wHeight 2160
	dwMinBitRate 82944000
	dwMaxBitRate 248832000
	dwMaxVideoFrameBufSize 8294400
	dwDefaultFrameInterval 333333
	bFrameIntervalType 3
	FrameInterval[0] 333333
	FrameInterval[1] 666666
	FrameInterval[2] 1000000
	*** VS Frame Descriptor ***
	bLength 34
	bDescriptorType 0x24
	bDescriptorSubType 0x07
	bFrameIndex 13
	bmCapabilities 0x0
	wWidth 4000
	wHeight 3000
	dwMinBitRate 120000000
	dwMaxBitRate 180000000
	dwMaxVideoFrameBufSize 12000000
	dwDefaultFrameInterval 666666
	bFrameIntervalType 2
	FrameInterval[0] 666666
	FrameInterval[1] 1000000
	*** VS Frame Descriptor ***
	bLength 34
	bDescriptorType 0x24
	bDescriptorSubType 0x07
	bFrameIndex 14
	bmCapabilities 0x0
	wWidth 320
	wHeight 240
	dwMinBitRate 1152000
	dwMaxBitRate 2304000
	dwMaxVideoFrameBufSize 76800
	dwDefaultFrameInterval 333333
	bFrameIntervalType 2
	FrameInterval[0] 333333
	FrameInterval[1] 666666
	*** Output Terminal Descriptor ***
	bLength 63
	bDescriptorType 0x24
	bDescriptorSubType 0x03
	bTerminalID 0
	wTerminalType 0x800E
	bAssocTerminal 7
	bSourceID 56
	iTerminal 4
	*** VS Color Format Descriptor ***
	bLength 6
	bDescriptorType 0x24
	bDescriptorSubType 0x0D
	bColorPrimaries 0x1
	bTransferCharacteristics 1
	bMatrixCoefficients 0x4
	*** Selector Unit Descriptor ***
	bLength 27
	bDescriptorType 0x24
	bDescriptorSubType 0x04
	bUnitID 2
	bNrInPins 12
	baSourceID1 89
	baSourceID2 85
	iSelector 89
	*** Processing Unit Descriptor ***
	bLength 34
	bDescriptorType 0x24
	bDescriptorSubType 0x05
	bUnitID 1
	bSourceID 0
	wMaxMultiplier 320
	bControlSize 240
	bmControls 0x0 0x0 0x70
	iProcessing 23
	bmVideoStandards 0x0
	*** Processing Unit Descriptor ***
	bLength 34
	bDescriptorType 0x24
	bDescriptorSubType 0x05
	bUnitID 2
	bSourceID 0
	wMaxMultiplier 640
	bControlSize 104
	bmControls 0x1 0x0 0x50
	iProcessing 70
	bmVideoStandards 0x0
	*** Processing Unit Descriptor ***
	bLength 30
	bDescriptorType 0x24
	bDescriptorSubType 0x05
	bUnitID 3
	bSourceID 0
	wMaxMultiplier 640
	bControlSize 224
	bmControls 0x1 0x0 0xC0
	iProcessing 93
	bmVideoStandards 0x0
	*** Processing Unit Descriptor ***
	bLength 30
	bDescriptorType 0x24
	bDescriptorSubType 0x05
	bUnitID 4
	bSourceID 0
	wMaxMultiplier 800
	bControlSize 88
	bmControls 0x2 0x0 0x7C
	iProcessing 146
	bmVideoStandards 0x0
	*** Processing Unit Descriptor ***
	bLength 30
	bDescriptorType 0x24
	bDescriptorSubType 0x05
	bUnitID 5
	bSourceID 0
	wMaxMultiplier 1024
	bControlSize 208
	bmControls 0x2 0x0 0x0
	iProcessing 225
	bmVideoStandards 0x0
	*** Processing Unit Descriptor ***
	bLength 30
	bDescriptorType 0x24
	bDescriptorSubType 0x05
	bUnitID 6
	bSourceID 0
	wMaxMultiplier 1280
	bControlSize 172
	bmControls 0x3 0x0 0x30
	iProcessing 111
	bmVideoStandards 0x1
	*** Processing Unit Descriptor ***
	bLength 30
	bDescriptorType 0x24
	bDescriptorSubType 0x05
	bUnitID 7
	bSourceID 0
	wMaxMultiplier 1280
	bControlSize 0
	bmControls 0x4 0x0 0x0
	iProcessing 144
	bmVideoStandards 0x1
	*** Processing Unit Descriptor ***
	bLength 30
	bDescriptorType 0x24
	bDescriptorSubType 0x05
	bUnitID 8
	bSourceID 0
	wMaxMultiplier 1600
	bControlSize 176
	bmControls 0x4 0x0 0xF8
	iProcessing 36
	bmVideoStandards 0x1
	*** Processing Unit Descriptor ***
	bLength 30
	bDescriptorType 0x24
	bDescriptorSubType 0x05
	bUnitID 9
	bSourceID 0
	wMaxMultiplier 1920
	bControlSize 56
	bmControls 0x4 0x0 0x68
	iProcessing 60
	bmVideoStandards 0x1
	*** Processing Unit Descriptor ***
	bLength 30
	bDescriptorType 0x24
	bDescriptorSubType 0x05
	bUnitID 10
	bSourceID 0
	wMaxMultiplier 2048
	bControlSize 0
	bmControls 0x6 0x0 0x0
	iProcessing 224
	bmVideoStandards 0x1
	*** Processing Unit Descriptor ***
	bLength 30
	bDescriptorType 0x24
	bDescriptorSubType 0x05
	bUnitID 11
	bSourceID 0
	wMaxMultiplier 2560
	bControlSize 160
	bmControls 0x5 0x0 0x80
	iProcessing 50
	bmVideoStandards 0x2
	*** Processing Unit Descriptor ***
	bLength 30
	bDescriptorType 0x24
	bDescriptorSubType 0x05
	bUnitID 12
	bSourceID 0
	wMaxMultiplier 2592
	bControlSize 152
	bmControls 0x7 0x0 0xDE
	iProcessing 0
	bmVideoStandards 0x3
	*** VS Color Format Descriptor ***
	bLength 6
	bDescriptorType 0x24
	bDescriptorSubType 0x0D
	bColorPrimaries 0x1
	bTransferCharacteristics 1
	bMatrixCoefficients 0x4
	*** Interface descriptor ***
	bLength 9
	bDescriptorType 4
	bInterfaceNumber 1
	bAlternateSetting 1
	bNumEndpoints 1
	bInterfaceClass 0xe
	bInterfaceSubClass 0x2
	bInterfaceProtocol 0x0
	iInterface 0
		*** Endpoint descriptor ***
		bLength 7
		bDescriptorType 5
		bEndpointAddress 0x82	EP 2 IN
		bmAttributes 0x5	ISOC
		wMaxPacketSize 192
		bInterval 1
	*** Interface descriptor ***
	bLength 9
	bDescriptorType 4
	bInterfaceNumber 1
	bAlternateSetting 2
	bNumEndpoints 1
	bInterfaceClass 0xe
	bInterfaceSubClass 0x2
	bInterfaceProtocol 0x0
	iInterface 0
		*** Endpoint descriptor ***
		bLength 7
		bDescriptorType 5
		bEndpointAddress 0x82	EP 2 IN
		bmAttributes 0x5	ISOC
		wMaxPacketSize 384
		bInterval 1
	*** Interface descriptor ***
	bLength 9
	bDescriptorType 4
	bInterfaceNumber 1
	bAlternateSetting 3
	bNumEndpoints 1
	bInterfaceClass 0xe
	bInterfaceSubClass 0x2
	bInterfaceProtocol 0x0
	iInterface 0
		*** Endpoint descriptor ***
		bLength 7
		bDescriptorType 5
		bEndpointAddress 0x82	EP 2 IN
		bmAttributes 0x5	ISOC
		wMaxPacketSize 512
		bInterval 1
	*** Interface descriptor ***
	bLength 9
	bDescriptorType 4
	bInterfaceNumber 1
	bAlternateSetting 4
	bNumEndpoints 1
	bInterfaceClass 0xe
	bInterfaceSubClass 0x2
	bInterfaceProtocol 0x0
	iInterface 0
		*** Endpoint descriptor ***
		bLength 7
		bDescriptorType 5
		bEndpointAddress 0x82	EP 2 IN
		bmAttributes 0x5	ISOC
		wMaxPacketSize 640
		bInterval 1
	*** Interface descriptor ***
	bLength 9
	bDescriptorType 4
	bInterfaceNumber 1
	bAlternateSetting 5
	bNumEndpoints 1
	bInterfaceClass 0xe
	bInterfaceSubClass 0x2
	bInterfaceProtocol 0x0
	iInterface 0
		*** Endpoint descriptor ***
		bLength 7
		bDescriptorType 5
		bEndpointAddress 0x82	EP 2 IN
		bmAttributes 0x5	ISOC
		wMaxPacketSize 800
		bInterval 1
	*** Interface descriptor ***
	bLength 9
	bDescriptorType 4
	bInterfaceNumber 1
	bAlternateSetting 6
	bNumEndpoints 1
	bInterfaceClass 0xe
	bInterfaceSubClass 0x2
	bInterfaceProtocol 0x0
	iInterface 0
		*** Endpoint descriptor ***
		bLength 7
		bDescriptorType 5
		bEndpointAddress 0x82	EP 2 IN
		bmAttributes 0x5	ISOC
		wMaxPacketSize 944
		bInterval 1
	*** Interface descriptor ***
	bLength 9
	bDescriptorType 4
	bInterfaceNumber 1
	bAlternateSetting 7
	bNumEndpoints 1
	bInterfaceClass 0xe
	bInterfaceSubClass 0x2
	bInterfaceProtocol 0x0
	iInterface 0
		*** Endpoint descriptor ***
		bLength 7
		bDescriptorType 5
		bEndpointAddress 0x82	EP 2 IN
		bmAttributes 0x5	ISOC
		wMaxPacketSize 640
		wMaxPacketSize (with additional transactions in microframe) 1280
		bInterval 1
	*** Interface descriptor ***
	bLength 9
	bDescriptorType 4
	bInterfaceNumber 1
	bAlternateSetting 8
	bNumEndpoints 1
	bInterfaceClass 0xe
	bInterfaceSubClass 0x2
	bInterfaceProtocol 0x0
	iInterface 0
		*** Endpoint descriptor ***
		bLength 7
		bDescriptorType 5
		bEndpointAddress 0x82	EP 2 IN
		bmAttributes 0x5	ISOC
		wMaxPacketSize 800
		wMaxPacketSize (with additional transactions in microframe) 1600
		bInterval 1
	*** Interface descriptor ***
	bLength 9
	bDescriptorType 4
	bInterfaceNumber 1
	bAlternateSetting 9
	bNumEndpoints 1
	bInterfaceClass 0xe
	bInterfaceSubClass 0x2
	bInterfaceProtocol 0x0
	iInterface 0
		*** Endpoint descriptor ***
		bLength 7
		bDescriptorType 5
		bEndpointAddress 0x82	EP 2 IN
		bmAttributes 0x5	ISOC
		wMaxPacketSize 992
		wMaxPacketSize (with additional transactions in microframe) 1984
		bInterval 1
	*** Interface descriptor ***
	bLength 9
	bDescriptorType 4
	bInterfaceNumber 1
	bAlternateSetting 10
	bNumEndpoints 1
	bInterfaceClass 0xe
	bInterfaceSubClass 0x2
	bInterfaceProtocol 0x0
	iInterface 0
		*** Endpoint descriptor ***
		bLength 7
		bDescriptorType 5
		bEndpointAddress 0x82	EP 2 IN
		bmAttributes 0x5	ISOC
		wMaxPacketSize 896
		wMaxPacketSize (with additional transactions in microframe) 2688
		bInterval 1
	*** Interface descriptor ***
	bLength 9
	bDescriptorType 4
	bInterfaceNumber 1
	bAlternateSetting 11
	bNumEndpoints 1
	bInterfaceClass 0xe
	bInterfaceSubClass 0x2
	bInterfaceProtocol 0x0
	iInterface 0
		*** Endpoint descriptor ***
		bLength 7
		bDescriptorType 5
		bEndpointAddress 0x82	EP 2 IN
		bmAttributes 0x5	ISOC
		wMaxPacketSize 1024
		wMaxPacketSize (with additional transactions in microframe) 3072
		bInterval 1
*** Interface Association Descriptor ***
bLength 8
bDescriptorType 11
bFirstInterface 2
bInterfaceCount 2
bFunctionClass 0x1
bFunctionSubClass 0x0
bFunctionProtocol 0x0
iFunction 5
	*** Interface descriptor ***
	bLength 9
	bDescriptorType 4
	bInterfaceNumber 2
	bAlternateSetting 0
	bNumEndpoints 0
	bInterfaceClass 0x1
	bInterfaceSubClass 0x1
	bInterfaceProtocol 0x0
	iInterface 0
	*** Class-specific VC Interface Descriptor ***
	bLength 9
	bDescriptorType 0x24
	bDescriptorSubType 0x01
	bcdUVC 0100
	wTotalLength 39
	dwClockFrequency 604766977
	bInCollection 2
	baInterfaceNr[0] 1
	baInterfaceNr[1] 1
	*** Input Terminal Descriptor (Camera) ***
	bLength 12
	bDescriptorType 0x24
	bDescriptorSubType 0x02
	bTerminalID 0x1
	wTerminalType 0x201
	bAssocTerminal 0
	iTerminal 1
	wObjectiveFocalLengthMin 3
	wObjectiveFocalLengthMax 0
	wOcularFocalLength 9225
	bControlSize 6
	bmControls 0x2 0x1 0x2
	*** Extension Unit Descriptor unsupported, skipping... ***
	*** Output Terminal Descriptor ***
	bLength 9
	bDescriptorType 0x24
	bDescriptorSubType 0x03
	bTerminalID 3
	wTerminalType 0x101
	bAssocTerminal 0
	bSourceID 2
	iTerminal 0
	*** Interface descriptor ***
	bLength 9
	bDescriptorType 4
	bInterfaceNumber 3
	bAlternateSetting 0
	bNumEndpoints 0
	bInterfaceClass 0x1
	bInterfaceSubClass 0x2
	bInterfaceProtocol 0x0
	iInterface 0
	*** Interface descriptor ***
	bLength 9
	bDescriptorType 4
	bInterfaceNumber 3
	bAlternateSetting 1
	bNumEndpoints 1
	bInterfaceClass 0x1
	bInterfaceSubClass 0x2
	bInterfaceProtocol 0x0
	iInterface 0
	*** Class-specific VC Interface Descriptor ***
	bLength 7
	bDescriptorType 0x24
	bDescriptorSubType 0x01
	bcdUVC 0003
	wTotalLength 1
	dwClockFrequency 16917515
	bInCollection 2
	baInterfaceNr[0] 2
	baInterfaceNr[1] 16
	*** Input Terminal Descriptor (Media) ***
	bLength 11
	bDescriptorType 0x24
	bDescriptorSubType 0x02
	bTerminalID 0x1
	wTerminalType 0x202
	bAssocTerminal 16
	iTerminal 1
	bControlSize 128
	bmControls 0xBB
	bTransportModeSize 0
	bmTransportModes 0x9 0x5 0x83 0x1 0xC0
		*** Endpoint descriptor ***
		bLength 9
		bDescriptorType 5
		bEndpointAddress 0x83	EP 3 IN
		bmAttributes 0x1	ISOC
		wMaxPacketSize 192
		bInterval 4
		*** Class-specific Interrupt Endpoint Descriptor ***
		bLength 7
		bDescriptorType 0x25
		bDescriptorSubType 1
		wMaxTransferSize 1
	*** Interface descriptor ***
	bLength 9
	bDescriptorType 4
	bInterfaceNumber 4
	bAlternateSetting 0
	bNumEndpoints 2
	bInterfaceClass 0x3
	bInterfaceSubClass 0x0
	bInterfaceProtocol 0x0
	iInterface 0
 *** Unknown Descriptor Length: 9 Type: 33 ***
		*** Endpoint descriptor ***
		bLength 7
		bDescriptorType 5
		bEndpointAddress 0x84	EP 4 IN
		bmAttributes 0x3	INT
		wMaxPacketSize 64
		bInterval 4
		*** Endpoint descriptor ***
		bLength 7
		bDescriptorType 5
		bEndpointAddress 0x1	EP 1 OUT
		bmAttributes 0x3	INT
		wMaxPacketSize 64
		bInterval 4
PV-UVC-ENUM device aberto em 2034 ms
PV-UVC-ENUM cap driver=USB-UVC0 card=USB-UVC0 bus=esp32p4:USB-UVC0 caps=0x84201001 device_caps=0x04201001
PV-UVC-ENUM fmt index=0 fourcc=JPEG flags=0x0 desc="JPEG"
PV-UVC-ENUM size fourcc=JPEG index=0 1920x1080
PV-UVC-ENUM interval fourcc=JPEG 1920x1080 index=0 tipo=discrete num=333333 den=10000000 fps_x1000=30000
PV-UVC-ENUM interval fourcc=JPEG 1920x1080 index=1 tipo=discrete num=666666 den=10000000 fps_x1000=15000
PV-UVC-ENUM interval fourcc=JPEG 1920x1080 index=2 tipo=discrete num=1000000 den=10000000 fps_x1000=10000
PV-UVC-ENUM size fourcc=JPEG index=1 640x320
PV-UVC-ENUM interval fourcc=JPEG 640x320 index=0 tipo=discrete num=333333 den=10000000 fps_x1000=30000
PV-UVC-ENUM interval fourcc=JPEG 640x320 index=1 tipo=discrete num=666666 den=10000000 fps_x1000=15000
PV-UVC-ENUM interval fourcc=JPEG 640x320 index=2 tipo=discrete num=1000000 den=10000000 fps_x1000=10000
PV-UVC-ENUM size fourcc=JPEG index=2 640x480
PV-UVC-ENUM interval fourcc=JPEG 640x480 index=0 tipo=discrete num=333333 den=10000000 fps_x1000=30000
PV-UVC-ENUM interval fourcc=JPEG 640x480 index=1 tipo=discrete num=666666 den=10000000 fps_x1000=15000
PV-UVC-ENUM interval fourcc=JPEG 640x480 index=2 tipo=discrete num=1000000 den=10000000 fps_x1000=10000
PV-UVC-ENUM size fourcc=JPEG index=3 800x600
PV-UVC-ENUM interval fourcc=JPEG 800x600 index=0 tipo=discrete num=333333 den=10000000 fps_x1000=30000
PV-UVC-ENUM interval fourcc=JPEG 800x600 index=1 tipo=discrete num=666666 den=10000000 fps_x1000=15000
PV-UVC-ENUM interval fourcc=JPEG 800x600 index=2 tipo=discrete num=1000000 den=10000000 fps_x1000=10000
PV-UVC-ENUM size fourcc=JPEG index=4 1024x768
PV-UVC-ENUM interval fourcc=JPEG 1024x768 index=0 tipo=discrete num=333333 den=10000000 fps_x1000=30000
PV-UVC-ENUM interval fourcc=JPEG 1024x768 index=1 tipo=discrete num=666666 den=10000000 fps_x1000=15000
PV-UVC-ENUM interval fourcc=JPEG 1024x768 index=2 tipo=discrete num=1000000 den=10000000 fps_x1000=10000
PV-UVC-ENUM size fourcc=JPEG index=5 1280x720
PV-UVC-ENUM interval fourcc=JPEG 1280x720 index=0 tipo=discrete num=333333 den=10000000 fps_x1000=30000
PV-UVC-ENUM interval fourcc=JPEG 1280x720 index=1 tipo=discrete num=666666 den=10000000 fps_x1000=15000
PV-UVC-ENUM interval fourcc=JPEG 1280x720 index=2 tipo=discrete num=1000000 den=10000000 fps_x1000=10000
PV-UVC-ENUM size fourcc=JPEG index=6 1280x960
PV-UVC-ENUM interval fourcc=JPEG 1280x960 index=0 tipo=discrete num=333333 den=10000000 fps_x1000=30000
PV-UVC-ENUM interval fourcc=JPEG 1280x960 index=1 tipo=discrete num=666666 den=10000000 fps_x1000=15000
PV-UVC-ENUM interval fourcc=JPEG 1280x960 index=2 tipo=discrete num=1000000 den=10000000 fps_x1000=10000
PV-UVC-ENUM size fourcc=JPEG index=7 1600x1200
PV-UVC-ENUM interval fourcc=JPEG 1600x1200 index=0 tipo=discrete num=333333 den=10000000 fps_x1000=30000
PV-UVC-ENUM interval fourcc=JPEG 1600x1200 index=1 tipo=discrete num=666666 den=10000000 fps_x1000=15000
PV-UVC-ENUM interval fourcc=JPEG 1600x1200 index=2 tipo=discrete num=1000000 den=10000000 fps_x1000=10000
PV-UVC-ENUM size fourcc=JPEG index=8 2048x1536
PV-UVC-ENUM interval fourcc=JPEG 2048x1536 index=0 tipo=discrete num=333333 den=10000000 fps_x1000=30000
PV-UVC-ENUM interval fourcc=JPEG 2048x1536 index=1 tipo=discrete num=666666 den=10000000 fps_x1000=15000
PV-UVC-ENUM interval fourcc=JPEG 2048x1536 index=2 tipo=discrete num=1000000 den=10000000 fps_x1000=10000
PV-UVC-ENUM size fourcc=JPEG index=9 2592x1944
PV-UVC-ENUM interval fourcc=JPEG 2592x1944 index=0 tipo=discrete num=333333 den=10000000 fps_x1000=30000
PV-UVC-ENUM interval fourcc=JPEG 2592x1944 index=1 tipo=discrete num=666666 den=10000000 fps_x1000=15000
PV-UVC-ENUM interval fourcc=JPEG 2592x1944 index=2 tipo=discrete num=1000000 den=10000000 fps_x1000=10000
PV-UVC-ENUM size fourcc=JPEG index=10 3264x2448
PV-UVC-ENUM interval fourcc=JPEG 3264x2448 index=0 tipo=discrete num=333333 den=10000000 fps_x1000=30000
PV-UVC-ENUM interval fourcc=JPEG 3264x2448 index=1 tipo=discrete num=666666 den=10000000 fps_x1000=15000
PV-UVC-ENUM interval fourcc=JPEG 3264x2448 index=2 tipo=discrete num=1000000 den=10000000 fps_x1000=10000
PV-UVC-ENUM size fourcc=JPEG index=11 3840x2160
PV-UVC-ENUM interval fourcc=JPEG 3840x2160 index=0 tipo=discrete num=333333 den=10000000 fps_x1000=30000
PV-UVC-ENUM interval fourcc=JPEG 3840x2160 index=1 tipo=discrete num=666666 den=10000000 fps_x1000=15000
PV-UVC-ENUM interval fourcc=JPEG 3840x2160 index=2 tipo=discrete num=1000000 den=10000000 fps_x1000=10000
PV-UVC-ENUM size fourcc=JPEG index=12 4000x3000
PV-UVC-ENUM interval fourcc=JPEG 4000x3000 index=0 tipo=discrete num=666666 den=10000000 fps_x1000=15000
PV-UVC-ENUM interval fourcc=JPEG 4000x3000 index=1 tipo=discrete num=1000000 den=10000000 fps_x1000=10000
PV-UVC-ENUM size fourcc=JPEG index=13 320x240
PV-UVC-ENUM interval fourcc=JPEG 320x240 index=0 tipo=discrete num=333333 den=10000000 fps_x1000=30000
PV-UVC-ENUM interval fourcc=JPEG 320x240 index=1 tipo=discrete num=666666 den=10000000 fps_x1000=15000
PV-UVC-ENUM fmt index=1 fourcc=YUYV flags=0x0 desc="YUV 4:2:2 YUYV"
PV-UVC-ENUM size fourcc=YUYV index=0 320x240
PV-UVC-ENUM interval fourcc=YUYV 320x240 index=0 tipo=discrete num=500000 den=10000000 fps_x1000=20000
PV-UVC-ENUM interval fourcc=YUYV 320x240 index=1 tipo=discrete num=1000000 den=10000000 fps_x1000=10000
PV-UVC-ENUM size fourcc=YUYV index=1 640x360
PV-UVC-ENUM interval fourcc=YUYV 640x360 index=0 tipo=discrete num=500000 den=10000000 fps_x1000=20000
PV-UVC-ENUM interval fourcc=YUYV 640x360 index=1 tipo=discrete num=1000000 den=10000000 fps_x1000=10000
PV-UVC-ENUM size fourcc=YUYV index=2 640x480
PV-UVC-ENUM interval fourcc=YUYV 640x480 index=0 tipo=discrete num=1000000 den=10000000 fps_x1000=10000
PV-UVC-ENUM size fourcc=YUYV index=3 800x600
PV-UVC-ENUM interval fourcc=YUYV 800x600 index=0 tipo=discrete num=1000000 den=10000000 fps_x1000=10000
PV-UVC-ENUM size fourcc=YUYV index=4 1024x720
PV-UVC-ENUM interval fourcc=YUYV 1024x720 index=0 tipo=discrete num=1000000 den=10000000 fps_x1000=10000
PV-UVC-ENUM size fourcc=YUYV index=5 1280x940
PV-UVC-ENUM interval fourcc=YUYV 1280x940 index=0 tipo=discrete num=1000000 den=10000000 fps_x1000=10000
PV-UVC-ENUM size fourcc=YUYV index=6 1280x1024
PV-UVC-ENUM interval fourcc=YUYV 1280x1024 index=0 tipo=discrete num=1000000 den=10000000 fps_x1000=10000
PV-UVC-ENUM size fourcc=YUYV index=7 1600x1200
PV-UVC-ENUM interval fourcc=YUYV 1600x1200 index=0 tipo=discrete num=2000000 den=10000000 fps_x1000=5000
PV-UVC-ENUM size fourcc=YUYV index=8 1920x1080
PV-UVC-ENUM interval fourcc=YUYV 1920x1080 index=0 tipo=discrete num=2000000 den=10000000 fps_x1000=5000
PV-UVC-ENUM size fourcc=YUYV index=9 2048x1536
PV-UVC-ENUM interval fourcc=YUYV 2048x1536 index=0 tipo=discrete num=2000000 den=10000000 fps_x1000=5000
PV-UVC-ENUM size fourcc=YUYV index=10 2560x1440
PV-UVC-ENUM interval fourcc=YUYV 2560x1440 index=0 tipo=discrete num=2000000 den=10000000 fps_x1000=5000
PV-UVC-ENUM size fourcc=YUYV index=11 2592x1944
PV-UVC-ENUM interval fourcc=YUYV 2592x1944 index=0 tipo=discrete num=2000000 den=10000000 fps_x1000=5000
PV-UVC-ENUM result=OK tamanhos_jpeg=14
I (5050) usb_uvc_device: All UVC devices already enumerated
PV-UVC-FMT requested=800x600 applied=800x600 fourcc=JPEG sizeimage=0
I (5069) uvc: Allocating 2 USB transfers for ISOC. Each: 3072 bytes, 1 ISOC packets, 3072 MPS
W (8104) PvUvcSpike: DQBUF de descarte 0 falhou: errno=1(Not owner)
PV-UVC-WARMUP requested=800x600 descartados=0
E (13104) PvUvcSpike: VIDIOC_DQBUF falhou: errno=1(Not owner)

assert failed: usbh_dev_close usbh.c:1226 (dev_obj->dynamic.num_ctrl_xfers_inflight == 0)
Core  0 register dump:
MEPC    : 0x4ff0d048  RA      : 0x4ff0cbe0  SP      : 0x4ff3deb0  GP      : 0x4ff14300  
TP      : 0x4ff3e4e0  T0      : 0x695f7372  T1      : 0x616e7964  T2      : 0x696c666e  
S0/FP   : 0x0000006e  S1      : 0x00000001  A0      : 0x4ff3def8  A1      : 0x4ff16881  
A2      : 0x00000001  A3      : 0x4ff1a000  A4      : 0x00000001  A5      : 0x4ff1a000  
A6      : 0x00000008  A7      : 0x3e2d6a62  S2      : 0x4ff3def8  S3      : 0x4ff3df19  
S4      : 0x4ff16880  S5      : 0x4ff3def8  S6      : 0x48043896  S7      : 0x00000002  
S8      : 0x00001fa8  S9      : 0x480a4c98  S10     : 0x001e8480  S11     : 0x00000002  
T3      : 0x2e63696d  T4      : 0x5f6d756e  T5      : 0x6c727463  T6      : 0x6566785f  
MSTATUS : 0x00011880  MTVEC   : 0x4ff00003  MCAUSE  : 0x00000002  MTVAL   : 0x00000000  
MHARTID : 0x00000000  

Stack memory:
4ff3deb0: 0x00000000 0x4ff3df5c 0x480da1c4 0x4ff0a8b8 0x36323231 0x4ff3e900 0x00000000 0x00000000
4ff3ded0: 0x48000000 0x4ff1712c 0x480da1c4 0x4ff17110 0x480ae0d1 0x4ff1713c 0x4ff3dec0 0x4ff17140
4ff3def0: 0x480ae248 0x4ff16880 0x65737361 0x66207472 0x656c6961 0x75203a64 0x5f686273 0x5f766564
4ff3df10: 0x736f6c63 0x73752065 0x632e6862 0x3232313a 0x64282036 0x6f5f7665 0x3e2d6a62 0x616e7964
4ff3df30: 0x2e63696d 0x5f6d756e 0x6c727463 0x6566785f 0x695f7372 0x696c666e 0x20746867 0x30203d3d
4ff3df50: 0x00000029 0x00000000 0x4ff51bd0 0xfffffffe 0x00000000 0x00000000 0x4ff3e518 0xfffffffe
4ff3df70: 0x00000000 0x480e7b90 0x4ff3e518 0x4807df5c 0x00000000 0x000000a8 0x480e7bc4 0x480e0ee4
4ff3df90: 0x4ff51a08 0x00000000 0x4ff3e8bc 0x4ff3fb68 0x480e6fa8 0x00000000 0x4ff3e8bc 0x4807e2c4
4ff3dfb0: 0x480e6fa8 0x00000000 0x4ff3e8bc 0x4807c782 0x4ff51a08 0x00000000 0x4ff3e418 0x4ff3fb68
4ff3dfd0: 0x480e6fa8 0x4ff1a000 0x480e7018 0x48043896 0x4ff51a08 0x00000000 0x480e7018 0x480e7018
4ff3dff0: 0x480e6fa8 0x4ff1a000 0x480e7018 0x48041a08 0x00000103 0x480e7b28 0x00000002 0x010e7d58
4ff3e010: 0x00000103 0x480e7b28 0x00000002 0x4803c3e6 0x00000103 0x4ff1a000 0x480e7b28 0x4803d944
4ff3e030: 0x00000103 0x4ff3fb68 0x4ff3fae4 0x48025bb0 0x00000000 0x40045613 0x4ff3fb68 0x48022870
4ff3e050: 0x00000001 0x40045613 0x00000001 0x4802303c 0x00000001 0x4ff14588 0x480a4364 0x00003330
4ff3e070: 0x00000000 0x480a4c98 0x4ff5073c 0x4802c984 0x00000001 0x00000000 0x4ff3e418 0x4808041e
4ff3e090: 0x00000001 0x4ff14588 0x480a4848 0x00000004 0x00000000 0x00000000 0x00000000 0x4ff3e0c8
4ff3e0b0: 0x00000004 0x4ff14588 0x00000004 0x48021362 0x00000005 0x00000000 0x4ff3e100 0x00000000
4ff3e0d0: 0x20800008 0x00000001 0x00000001 0x0000000a 0x4ff3e1a8 0x480e71a8 0x480e71a8 0x4803dd74
4ff3e0f0: 0x00000000 0x4ff1a000 0x4ff3fae4 0x00000001 0x00000001 0x4745504a 0x00000000 0x00000002
4ff3e110: 0x00000001 0x00000001 0x00000000 0x00000000 0x4ff3fb68 0x480f0a40 0x48165d80 0x00075300
4ff3e130: 0x00075300 0x00000000 0x00000000 0x00000001 0x00000000 0x00000000 0x00000000 0x00000000
4ff3e150: 0x00000000 0x00000000 0x00000000 0x00000000 0x00000000 0x00000000 0x00000000 0x00000000
4ff3e170: 0x00000000 0x00000001 0x00000000 0x00000000 0x00000000 0x00000000 0x00000001 0x00000320
4ff3e190: 0x00000258 0x4745504a 0x00000000 0x00000000 0x00000000 0x00000000 0x00000000 0x00000000
4ff3e1b0: 0x00000000 0x00000000 0x00000000 0x00000000 0x00000000 0x00000000 0x00000000 0x00000000
4ff3e1d0: 0x00000000 0x00000000 0x00000000 0x00000000 0x00000000 0x00000000 0x00000000 0x00000000
4ff3e1f0: 0x00000000 0x00000000 0x00000000 0x00000000 0x00000000 0x00000000 0x00000000 0x00000000
4ff3e210: 0x00000000 0x00000000 0x00000000 0x00000000 0x00000000 0x00000000 0x00000000 0x00000000
4ff3e230: 0x00000000 0x00000000 0x00000000 0x00000000 0x00000000 0x00000000 0x00000000 0x00000000
4ff3e250: 0x00000000 0x00000001 0x00000320 0x00000258 0x4745504a 0x00000000 0x00000000 0x00000000
4ff3e270: 0x00000000 0x00000000 0x00000000 0x00000000 0x00000000 0x00000000 0x00000000 0x00000000
4ff3e290: 0x00000000 0x00000000 0x00000000 0x00000000 0x00000000 0x00000000 0x00000000 0x00000000



ELF file SHA256: e87c6fa39

Rebooting...
ESP-ROM:esp32p4-eco2-20240710
Build:Jul 10 2024
rst:0xc (SW_CPU_RESET),boot:0xf (SPI_FAST_FLASH_BOOT)
Core0 Saved PC:0x4ff00c9e
Core1 Saved PC:0x4ff0698c
SPI mode:DIO, clock div:1
load:0x4ff33ce0,len:0x5d0
load:0x4ff28ed0,len:0xdf8
load:0x4ff2bbd0,len:0x34b8
entry 0x4ff28ed0
I (46) hex_psram: vendor id    : 0x0d (AP)
I (46) hex_psram: Latency      : 0x01 (Fixed)
I (46) hex_psram: DriveStr.    : 0x00 (25 Ohm)
I (47) hex_psram: dev id       : 0x03 (generation 4)
I (51) hex_psram: density      : 0x07 (256 Mbit)
I (56) hex_psram: good-die     : 0x06 (Pass)
I (60) hex_psram: SRF          : 0x02 (Slow Refresh)
I (64) hex_psram: BurstType    : 0x00 ( Wrap)
I (69) hex_psram: BurstLen     : 0x03 (2048 Byte)
I (73) hex_psram: BitMode      : 0x01 (X16 Mode)
I (77) hex_psram: Readlatency  : 0x04 (14 cycles@Fixed)
I (82) hex_psram: DriveStrength: 0x00 (1/1)
I (86) MSPI Timing: Enter psram timing tuning
I esp_psram: Found 32MB PSRAM device
I esp_psram: Speed: 200MHz
I (283) mmu_psram: .rodata xip on psram
I (316) mmu_psram: .text xip on psram
I (318) hex_psram: psram CS IO is dedicated
I (319) cpu_start: Multicore app
I (328) cpu_start: GPIO 38 and 37 are used as console UART I/O pins
I (328) cpu_start: Pro cpu start user code
I (328) cpu_start: cpu freq: 360000000 Hz
I (330) app_init: Application information:
I (334) app_init: Project name:     xiaozhi
I (338) app_init: App version:      2.4.0
I (342) app_init: Compile time:     Aug 10 2026 22:03:41
I (347) app_init: ELF file SHA256:  e87c6fa39...
I (351) app_init: ESP-IDF:          v6.0.2
I (355) efuse_init: Min chip rev:     v1.0
I (359) efuse_init: Max chip rev:     v1.99 
I (363) efuse_init: Chip rev:         v1.3
I (366) heap_init: Initializing. RAM available for dynamic allocation:
I (373) heap_init: At 4FF1A740 len 00020880 (130 KiB): RETENT_RAM
I (379) heap_init: At 4FF3AFC0 len 00004BF0 (18 KiB): RAM
I (384) heap_init: At 4FF40000 len 00060000 (384 KiB): RAM
I (389) heap_init: At 50108080 len 00007F80 (31 KiB): RTCRAM
I (394) heap_init: At 30100088 len 00001F78 (7 KiB): SPM
I (399) esp_psram: Adding pool of 31808K of PSRAM memory to heap allocator
I (406) esp_psram: Adding pool of 62K of PSRAM memory gap generated due to end address alignment of irom to the heap allocator
I (417) esp_psram: Adding pool of 60K of PSRAM memory gap generated due to end address alignment of drom to the heap allocator
I (428) spi_flash: detected chip: gd
I (431) spi_flash: flash io: qio
I (434) host_init: ESP Hosted : Host chip_ip[18]
I (439) H_API: ESP-Hosted starting. Hosted_Tasks: prio:23, stack: 5120 RPC_task_stack: 5120
I (447) H_API: ** add_esp_wifi_remote_channels **
I (452) sleep_gpio: Configure to isolate all GPIO pins in sleep state
I (458) sleep_gpio: Enable automatic switching of GPIO sleep configuration
I (466) H_SDIO_DRV: sdio_data_to_rx_buf_task started
I (469) main_task: Started on CPU0
I (472) esp_psram: Reserving pool of 64K of internal memory for DMA/internal allocations
I (481) main_task: Calling app_main()

PV-UVC-SPIKE inicio (F2B) degraus=5
PV-UVC-MEM etapa=boot psram_livre=32669812 psram_maior_bloco=32505856 interna_livre=421195
I (2358) main_task: Returned from app_main()
PV-UVC-INIT result=OK usb_host=on uvc_dev_num=1
PV-UVC-ENUM aguardando enumeracao USB em /dev/video40 (ate 10000 ms)
I (2388) usb_uvc_device: Waiting for UVC device to be enumerated...
E (2832) ENUM: LANGID 0x409 not found
*** Configuration descriptor ***
bLength 9
bDescriptorType 2
wTotalLength 1463
bNumInterfaces 5
bConfigurationValue 1
iConfiguration 0
bmAttributes 0x80
bMaxPower 500mA
*** Interface Association Descriptor ***
bLength 8
bDescriptorType 11
bFirstInterface 0
bInterfaceCount 2
bFunctionClass 0xe
bFunctionSubClass 0x3
bFunctionProtocol 0x0
iFunction 4
	*** Interface descriptor ***
	bLength 9
	bDescriptorType 4
	bInterfaceNumber 0
	bAlternateSetting 0
	bNumEndpoints 1
	bInterfaceClass 0xe
	bInterfaceSubClass 0x1
	bInterfaceProtocol 0x0
	iInterface 0
	*** Class-specific VC Interface Descriptor ***
	bLength 13
	bDescriptorType 0x24
	bDescriptorSubType 0x01
	bcdUVC 0100
	wTotalLength 80
	dwClockFrequency 24000000
	bInCollection 1
	baInterfaceNr[0] 1
	*** Input Terminal Descriptor (Camera) ***
	bLength 18
	bDescriptorType 0x24
	bDescriptorSubType 0x02
	bTerminalID 0x1
	wTerminalType 0x201
	bAssocTerminal 0
	iTerminal 0
	wObjectiveFocalLengthMin 0
	wObjectiveFocalLengthMax 0
	wOcularFocalLength 0
	bControlSize 3
	bmControls 0x7A 0x2A 0x2
	*** Extension Unit Descriptor unsupported, skipping... ***
	*** Processing Unit Descriptor ***
	bLength 11
	bDescriptorType 0x24
	bDescriptorSubType 0x05
	bUnitID 3
	bSourceID 2
	wMaxMultiplier 16384
	bControlSize 2
	bmControls 0x7F 0x17 0x0
	iProcessing 9
	bmVideoStandards 0x24
	*** Output Terminal Descriptor ***
	bLength 9
	bDescriptorType 0x24
	bDescriptorSubType 0x03
	bTerminalID 4
	wTerminalType 0x101
	bAssocTerminal 0
	bSourceID 3
	iTerminal 0
		*** Endpoint descriptor ***
		bLength 7
		bDescriptorType 5
		bEndpointAddress 0x81	EP 1 IN
		bmAttributes 0x3	INT
		wMaxPacketSize 16
		bInterval 8
		*** Class-specific Interrupt Endpoint Descriptor ***
		bLength 5
		bDescriptorType 0x25
		bDescriptorSubType 3
		wMaxTransferSize 16
	*** Interface descriptor ***
	bLength 9
	bDescriptorType 4
	bInterfaceNumber 1
	bAlternateSetting 0
	bNumEndpoints 0
	bInterfaceClass 0xe
	bInterfaceSubClass 0x2
	bInterfaceProtocol 0x0
	iInterface 0
	*** Class-specific VC Interface Descriptor ***
	bLength 15
	bDescriptorType 0x24
	bDescriptorSubType 0x01
	bcdUVC fc02
	wTotalLength 33283
	dwClockFrequency 16909312
	bInCollection 1
	baInterfaceNr[0] 1
	*** Extension Unit Descriptor unsupported, skipping... ***
	*** VS Frame Descriptor ***
	bLength 38
	bDescriptorType 0x24
	bDescriptorSubType 0x07
	bFrameIndex 1
	bmCapabilities 0x0
	wWidth 1920
	wHeight 1080
	dwMinBitRate 20736000
	dwMaxBitRate 62208000
	dwMaxVideoFrameBufSize 2073600
	dwDefaultFrameInterval 333333
	bFrameIntervalType 3
	FrameInterval[0] 333333
	FrameInterval[1] 666666
	FrameInterval[2] 1000000
	*** VS Frame Descriptor ***
	bLength 38
	bDescriptorType 0x24
	bDescriptorSubType 0x07
	bFrameIndex 2
	bmCapabilities 0x0
	wWidth 640
	wHeight 320
	dwMinBitRate 2048000
	dwMaxBitRate 6144000
	dwMaxVideoFrameBufSize 204800
	dwDefaultFrameInterval 333333
	bFrameIntervalType 3
	FrameInterval[0] 333333
	FrameInterval[1] 666666
	FrameInterval[2] 1000000
	*** VS Frame Descriptor ***
	bLength 38
	bDescriptorType 0x24
	bDescriptorSubType 0x07
	bFrameIndex 3
	bmCapabilities 0x0
	wWidth 640
	wHeight 480
	dwMinBitRate 3072000
	dwMaxBitRate 9216000
	dwMaxVideoFrameBufSize 307200
	dwDefaultFrameInterval 333333
	bFrameIntervalType 3
	FrameInterval[0] 333333
	FrameInterval[1] 666666
	FrameInterval[2] 1000000
	*** VS Frame Descriptor ***
	bLength 38
	bDescriptorType 0x24
	bDescriptorSubType 0x07
	bFrameIndex 4
	bmCapabilities 0x0
	wWidth 800
	wHeight 600
	dwMinBitRate 4800000
	dwMaxBitRate 14400000
	dwMaxVideoFrameBufSize 480000
	dwDefaultFrameInterval 333333
	bFrameIntervalType 3
	FrameInterval[0] 333333
	FrameInterval[1] 666666
	FrameInterval[2] 1000000
	*** VS Frame Descriptor ***
	bLength 38
	bDescriptorType 0x24
	bDescriptorSubType 0x07
	bFrameIndex 5
	bmCapabilities 0x0
	wWidth 1024
	wHeight 768
	dwMinBitRate 7864320
	dwMaxBitRate 23592960
	dwMaxVideoFrameBufSize 786432
	dwDefaultFrameInterval 333333
	bFrameIntervalType 3
	FrameInterval[0] 333333
	FrameInterval[1] 666666
	FrameInterval[2] 1000000
	*** VS Frame Descriptor ***
	bLength 38
	bDescriptorType 0x24
	bDescriptorSubType 0x07
	bFrameIndex 6
	bmCapabilities 0x0
	wWidth 1280
	wHeight 720
	dwMinBitRate 9216000
	dwMaxBitRate 27648000
	dwMaxVideoFrameBufSize 921600
	dwDefaultFrameInterval 333333
	bFrameIntervalType 3
	FrameInterval[0] 333333
	FrameInterval[1] 666666
	FrameInterval[2] 1000000
	*** VS Frame Descriptor ***
	bLength 38
	bDescriptorType 0x24
	bDescriptorSubType 0x07
	bFrameIndex 7
	bmCapabilities 0x0
	wWidth 1280
	wHeight 960
	dwMinBitRate 12288000
	dwMaxBitRate 36864000
	dwMaxVideoFrameBufSize 1228800
	dwDefaultFrameInterval 333333
	bFrameIntervalType 3
	FrameInterval[0] 333333
	FrameInterval[1] 666666
	FrameInterval[2] 1000000
	*** VS Frame Descriptor ***
	bLength 38
	bDescriptorType 0x24
	bDescriptorSubType 0x07
	bFrameIndex 8
	bmCapabilities 0x0
	wWidth 1600
	wHeight 1200
	dwMinBitRate 19200000
	dwMaxBitRate 57600000
	dwMaxVideoFrameBufSize 1920000
	dwDefaultFrameInterval 333333
	bFrameIntervalType 3
	FrameInterval[0] 333333
	FrameInterval[1] 666666
	FrameInterval[2] 1000000
	*** VS Frame Descriptor ***
	bLength 38
	bDescriptorType 0x24
	bDescriptorSubType 0x07
	bFrameIndex 9
	bmCapabilities 0x0
	wWidth 2048
	wHeight 1536
	dwMinBitRate 31457280
	dwMaxBitRate 94371840
	dwMaxVideoFrameBufSize 3145728
	dwDefaultFrameInterval 333333
	bFrameIntervalType 3
	FrameInterval[0] 333333
	FrameInterval[1] 666666
	FrameInterval[2] 1000000
	*** VS Frame Descriptor ***
	bLength 38
	bDescriptorType 0x24
	bDescriptorSubType 0x07
	bFrameIndex 10
	bmCapabilities 0x0
	wWidth 2592
	wHeight 1944
	dwMinBitRate 50388480
	dwMaxBitRate 151165440
	dwMaxVideoFrameBufSize 5038848
	dwDefaultFrameInterval 333333
	bFrameIntervalType 3
	FrameInterval[0] 333333
	FrameInterval[1] 666666
	FrameInterval[2] 1000000
	*** VS Frame Descriptor ***
	bLength 38
	bDescriptorType 0x24
	bDescriptorSubType 0x07
	bFrameIndex 11
	bmCapabilities 0x0
	wWidth 3264
	wHeight 2448
	dwMinBitRate 79902720
	dwMaxBitRate 239708160
	dwMaxVideoFrameBufSize 7990272
	dwDefaultFrameInterval 333333
	bFrameIntervalType 3
	FrameInterval[0] 333333
	FrameInterval[1] 666666
	FrameInterval[2] 1000000
	*** VS Frame Descriptor ***
	bLength 38
	bDescriptorType 0x24
	bDescriptorSubType 0x07
	bFrameIndex 12
	bmCapabilities 0x0
	wWidth 3840
	wHeight 2160
	dwMinBitRate 82944000
	dwMaxBitRate 248832000
	dwMaxVideoFrameBufSize 8294400
	dwDefaultFrameInterval 333333
	bFrameIntervalType 3
	FrameInterval[0] 333333
	FrameInterval[1] 666666
	FrameInterval[2] 1000000
	*** VS Frame Descriptor ***
	bLength 34
	bDescriptorType 0x24
	bDescriptorSubType 0x07
	bFrameIndex 13
	bmCapabilities 0x0
	wWidth 4000
	wHeight 3000
	dwMinBitRate 120000000
	dwMaxBitRate 180000000
	dwMaxVideoFrameBufSize 12000000
	dwDefaultFrameInterval 666666
	bFrameIntervalType 2
	FrameInterval[0] 666666
	FrameInterval[1] 1000000
	*** VS Frame Descriptor ***
	bLength 34
	bDescriptorType 0x24
	bDescriptorSubType 0x07
	bFrameIndex 14
	bmCapabilities 0x0
	wWidth 320
	wHeight 240
	dwMinBitRate 1152000
	dwMaxBitRate 2304000
	dwMaxVideoFrameBufSize 76800
	dwDefaultFrameInterval 333333
	bFrameIntervalType 2
	FrameInterval[0] 333333
	FrameInterval[1] 666666
	*** Output Terminal Descriptor ***
	bLength 63
	bDescriptorType 0x24
	bDescriptorSubType 0x03
	bTerminalID 0
	wTerminalType 0x800E
	bAssocTerminal 7
	bSourceID 56
	iTerminal 4
	*** VS Color Format Descriptor ***
	bLength 6
	bDescriptorType 0x24
	bDescriptorSubType 0x0D
	bColorPrimaries 0x1
	bTransferCharacteristics 1
	bMatrixCoefficients 0x4
	*** Selector Unit Descriptor ***
	bLength 27
	bDescriptorType 0x24
	bDescriptorSubType 0x04
	bUnitID 2
	bNrInPins 12
	baSourceID1 89
	baSourceID2 85
	iSelector 89
	*** Processing Unit Descriptor ***
	bLength 34
	bDescriptorType 0x24
	bDescriptorSubType 0x05
	bUnitID 1
	bSourceID 0
	wMaxMultiplier 320
	bControlSize 240
	bmControls 0x0 0x0 0x70
	iProcessing 23
	bmVideoStandards 0x0
	*** Processing Unit Descriptor ***
	bLength 34
	bDescriptorType 0x24
	bDescriptorSubType 0x05
	bUnitID 2
	bSourceID 0
	wMaxMultiplier 640
	bControlSize 104
	bmControls 0x1 0x0 0x50
	iProcessing 70
	bmVideoStandards 0x0
	*** Processing Unit Descriptor ***
	bLength 30
	bDescriptorType 0x24
	bDescriptorSubType 0x05
	bUnitID 3
	bSourceID 0
	wMaxMultiplier 640
	bControlSize 224
	bmControls 0x1 0x0 0xC0
	iProcessing 93
	bmVideoStandards 0x0
	*** Processing Unit Descriptor ***
	bLength 30
	bDescriptorType 0x24
	bDescriptorSubType 0x05
	bUnitID 4
	bSourceID 0
	wMaxMultiplier 800
	bControlSize 88
	bmControls 0x2 0x0 0x7C
	iProcessing 146
	bmVideoStandards 0x0
	*** Processing Unit Descriptor ***
	bLength 30
	bDescriptorType 0x24
	bDescriptorSubType 0x05
	bUnitID 5
	bSourceID 0
	wMaxMultiplier 1024
	bControlSize 208
	bmControls 0x2 0x0 0x0
	iProcessing 225
	bmVideoStandards 0x0
	*** Processing Unit Descriptor ***
	bLength 30
	bDescriptorType 0x24
	bDescriptorSubType 0x05
	bUnitID 6
	bSourceID 0
	wMaxMultiplier 1280
	bControlSize 172
	bmControls 0x3 0x0 0x30
	iProcessing 111
	bmVideoStandards 0x1
	*** Processing Unit Descriptor ***
	bLength 30
	bDescriptorType 0x24
	bDescriptorSubType 0x05
	bUnitID 7
	bSourceID 0
	wMaxMultiplier 1280
	bControlSize 0
	bmControls 0x4 0x0 0x0
	iProcessing 144
	bmVideoStandards 0x1
	*** Processing Unit Descriptor ***
	bLength 30
	bDescriptorType 0x24
	bDescriptorSubType 0x05
	bUnitID 8
	bSourceID 0
	wMaxMultiplier 1600
	bControlSize 176
	bmControls 0x4 0x0 0xF8
	iProcessing 36
	bmVideoStandards 0x1
	*** Processing Unit Descriptor ***
	bLength 30
	bDescriptorType 0x24
	bDescriptorSubType 0x05
	bUnitID 9
	bSourceID 0
	wMaxMultiplier 1920
	bControlSize 56
	bmControls 0x4 0x0 0x68
	iProcessing 60
	bmVideoStandards 0x1
	*** Processing Unit Descriptor ***
	bLength 30
	bDescriptorType 0x24
	bDescriptorSubType 0x05
	bUnitID 10
	bSourceID 0
	wMaxMultiplier 2048
	bControlSize 0
	bmControls 0x6 0x0 0x0
	iProcessing 224
	bmVideoStandards 0x1
	*** Processing Unit Descriptor ***
	bLength 30
	bDescriptorType 0x24
	bDescriptorSubType 0x05
	bUnitID 11
	bSourceID 0
	wMaxMultiplier 2560
	bControlSize 160
	bmControls 0x5 0x0 0x80
	iProcessing 50
	bmVideoStandards 0x2
	*** Processing Unit Descriptor ***
	bLength 30
	bDescriptorType 0x24
	bDescriptorSubType 0x05
	bUnitID 12
	bSourceID 0
	wMaxMultiplier 2592
	bControlSize 152
	bmControls 0x7 0x0 0xDE
	iProcessing 0
	bmVideoStandards 0x3
	*** VS Color Format Descriptor ***
	bLength 6
	bDescriptorType 0x24
	bDescriptorSubType 0x0D
	bColorPrimaries 0x1
	bTransferCharacteristics 1
	bMatrixCoefficients 0x4
	*** Interface descriptor ***
	bLength 9
	bDescriptorType 4
	bInterfaceNumber 1
	bAlternateSetting 1
	bNumEndpoints 1
	bInterfaceClass 0xe
	bInterfaceSubClass 0x2
	bInterfaceProtocol 0x0
	iInterface 0
		*** Endpoint descriptor ***
		bLength 7
		bDescriptorType 5
		bEndpointAddress 0x82	EP 2 IN
		bmAttributes 0x5	ISOC
		wMaxPacketSize 192
		bInterval 1
	*** Interface descriptor ***
	bLength 9
	bDescriptorType 4
	bInterfaceNumber 1
	bAlternateSetting 2
	bNumEndpoints 1
	bInterfaceClass 0xe
	bInterfaceSubClass 0x2
	bInterfaceProtocol 0x0
	iInterface 0
		*** Endpoint descriptor ***
		bLength 7
		bDescriptorType 5
		bEndpointAddress 0x82	EP 2 IN
		bmAttributes 0x5	ISOC
		wMaxPacketSize 384
		bInterval 1
	*** Interface descriptor ***
	bLength 9
	bDescriptorType 4
	bInterfaceNumber 1
	bAlternateSetting 3
	bNumEndpoints 1
	bInterfaceClass 0xe
	bInterfaceSubClass 0x2
	bInterfaceProtocol 0x0
	iInterface 0
		*** Endpoint descriptor ***
		bLength 7
		bDescriptorType 5
		bEndpointAddress 0x82	EP 2 IN
		bmAttributes 0x5	ISOC
		wMaxPacketSize 512
		bInterval 1
	*** Interface descriptor ***
	bLength 9
	bDescriptorType 4
	bInterfaceNumber 1
	bAlternateSetting 4
	bNumEndpoints 1
	bInterfaceClass 0xe
	bInterfaceSubClass 0x2
	bInterfaceProtocol 0x0
	iInterface 0
		*** Endpoint descriptor ***
		bLength 7
		bDescriptorType 5
		bEndpointAddress 0x82	EP 2 IN
		bmAttributes 0x5	ISOC
		wMaxPacketSize 640
		bInterval 1
	*** Interface descriptor ***
	bLength 9
	bDescriptorType 4
	bInterfaceNumber 1
	bAlternateSetting 5
	bNumEndpoints 1
	bInterfaceClass 0xe
	bInterfaceSubClass 0x2
	bInterfaceProtocol 0x0
	iInterface 0
		*** Endpoint descriptor ***
		bLength 7
		bDescriptorType 5
		bEndpointAddress 0x82	EP 2 IN
		bmAttributes 0x5	ISOC
		wMaxPacketSize 800
		bInterval 1
	*** Interface descriptor ***
	bLength 9
	bDescriptorType 4
	bInterfaceNumber 1
	bAlternateSetting 6
	bNumEndpoints 1
	bInterfaceClass 0xe
	bInterfaceSubClass 0x2
	bInterfaceProtocol 0x0
	iInterface 0
		*** Endpoint descriptor ***
		bLength 7
		bDescriptorType 5
		bEndpointAddress 0x82	EP 2 IN
		bmAttributes 0x5	ISOC
		wMaxPacketSize 944
		bInterval 1
	*** Interface descriptor ***
	bLength 9
	bDescriptorType 4
	bInterfaceNumber 1
	bAlternateSetting 7
	bNumEndpoints 1
	bInterfaceClass 0xe
	bInterfaceSubClass 0x2
	bInterfaceProtocol 0x0
	iInterface 0
		*** Endpoint descriptor ***
		bLength 7
		bDescriptorType 5
		bEndpointAddress 0x82	EP 2 IN
		bmAttributes 0x5	ISOC
		wMaxPacketSize 640
		wMaxPacketSize (with additional transactions in microframe) 1280
		bInterval 1
	*** Interface descriptor ***
	bLength 9
	bDescriptorType 4
	bInterfaceNumber 1
	bAlternateSetting 8
	bNumEndpoints 1
	bInterfaceClass 0xe
	bInterfaceSubClass 0x2
	bInterfaceProtocol 0x0
	iInterface 0
		*** Endpoint descriptor ***
		bLength 7
		bDescriptorType 5
		bEndpointAddress 0x82	EP 2 IN
		bmAttributes 0x5	ISOC
		wMaxPacketSize 800
		wMaxPacketSize (with additional transactions in microframe) 1600
		bInterval 1
	*** Interface descriptor ***
	bLength 9
	bDescriptorType 4
	bInterfaceNumber 1
	bAlternateSetting 9
	bNumEndpoints 1
	bInterfaceClass 0xe
	bInterfaceSubClass 0x2
	bInterfaceProtocol 0x0
	iInterface 0
		*** Endpoint descriptor ***
		bLength 7
		bDescriptorType 5
		bEndpointAddress 0x82	EP 2 IN
		bmAttributes 0x5	ISOC
		wMaxPacketSize 992
		wMaxPacketSize (with additional transactions in microframe) 1984
		bInterval 1
	*** Interface descriptor ***
	bLength 9
	bDescriptorType 4
	bInterfaceNumber 1
	bAlternateSetting 10
	bNumEndpoints 1
	bInterfaceClass 0xe
	bInterfaceSubClass 0x2
	bInterfaceProtocol 0x0
	iInterface 0
		*** Endpoint descriptor ***
		bLength 7
		bDescriptorType 5
		bEndpointAddress 0x82	EP 2 IN
		bmAttributes 0x5	ISOC
		wMaxPacketSize 896
		wMaxPacketSize (with additional transactions in microframe) 2688
		bInterval 1
	*** Interface descriptor ***
	bLength 9
	bDescriptorType 4
	bInterfaceNumber 1
	bAlternateSetting 11
	bNumEndpoints 1
	bInterfaceClass 0xe
	bInterfaceSubClass 0x2
	bInterfaceProtocol 0x0
	iInterface 0
		*** Endpoint descriptor ***
		bLength 7
		bDescriptorType 5
		bEndpointAddress 0x82	EP 2 IN
		bmAttributes 0x5	ISOC
		wMaxPacketSize 1024
		wMaxPacketSize (with additional transactions in microframe) 3072
		bInterval 1
*** Interface Association Descriptor ***
bLength 8
bDescriptorType 11
bFirstInterface 2
bInterfaceCount 2
bFunctionClass 0x1
bFunctionSubClass 0x0
bFunctionProtocol 0x0
iFunction 5
	*** Interface descriptor ***
	bLength 9
	bDescriptorType 4
	bInterfaceNumber 2
	bAlternateSetting 0
	bNumEndpoints 0
	bInterfaceClass 0x1
	bInterfaceSubClass 0x1
	bInterfaceProtocol 0x0
	iInterface 0
	*** Class-specific VC Interface Descriptor ***
	bLength 9
	bDescriptorType 0x24
	bDescriptorSubType 0x01
	bcdUVC 0100
	wTotalLength 39
	dwClockFrequency 604766977
	bInCollection 2
	baInterfaceNr[0] 1
	baInterfaceNr[1] 1
	*** Input Terminal Descriptor (Camera) ***
	bLength 12
	bDescriptorType 0x24
	bDescriptorSubType 0x02
	bTerminalID 0x1
	wTerminalType 0x201
	bAssocTerminal 0
	iTerminal 1
	wObjectiveFocalLengthMin 3
	wObjectiveFocalLengthMax 0
	wOcularFocalLength 9225
	bControlSize 6
	bmControls 0x2 0x1 0x2
	*** Extension Unit Descriptor unsupported, skipping... ***
	*** Output Terminal Descriptor ***
	bLength 9
	bDescriptorType 0x24
	bDescriptorSubType 0x03
	bTerminalID 3
	wTerminalType 0x101
	bAssocTerminal 0
	bSourceID 2
	iTerminal 0
	*** Interface descriptor ***
	bLength 9
	bDescriptorType 4
	bInterfaceNumber 3
	bAlternateSetting 0
	bNumEndpoints 0
	bInterfaceClass 0x1
	bInterfaceSubClass 0x2
	bInterfaceProtocol 0x0
	iInterface 0
	*** Interface descriptor ***
	bLength 9
	bDescriptorType 4
	bInterfaceNumber 3
	bAlternateSetting 1
	bNumEndpoints 1
	bInterfaceClass 0x1
	bInterfaceSubClass 0x2
	bInterfaceProtocol 0x0
	iInterface 0
	*** Class-specific VC Interface Descriptor ***
	bLength 7
	bDescriptorType 0x24
	bDescriptorSubType 0x01
	bcdUVC 0003
	wTotalLength 1
	dwClockFrequency 16917515
	bInCollection 2
	baInterfaceNr[0] 2
	baInterfaceNr[1] 16
	*** Input Terminal Descriptor (Media) ***
	bLength 11
	bDescriptorType 0x24
	bDescriptorSubType 0x02
	bTerminalID 0x1
	wTerminalType 0x202
	bAssocTerminal 16
	iTerminal 1
	bControlSize 128
	bmControls 0xBB
	bTransportModeSize 0
	bmTransportModes 0x9 0x5 0x83 0x1 0xC0
		*** Endpoint descriptor ***
		bLength 9
		bDescriptorType 5
		bEndpointAddress 0x83	EP 3 IN
		bmAttributes 0x1	ISOC
		wMaxPacketSize 192
		bInterval 4
		*** Class-specific Interrupt Endpoint Descriptor ***
		bLength 7
		bDescriptorType 0x25
		bDescriptorSubType 1
		wMaxTransferSize 1
	*** Interface descriptor ***
	bLength 9
	bDescriptorType 4
	bInterfaceNumber 4
	bAlternateSetting 0
	bNumEndpoints 2
	bInterfaceClass 0x3
	bInterfaceSubClass 0x0
	bInterfaceProtocol 0x0
	iInterface 0
 *** Unknown Descriptor Length: 9 Type: 33 ***
		*** Endpoint descriptor ***
		bLength 7
		bDescriptorType 5
		bEndpointAddress 0x84	EP 4 IN
		bmAttributes 0x3	INT
		wMaxPacketSize 64
		bInterval 4
		*** Endpoint descriptor ***
		bLength 7
		bDescriptorType 5
		bEndpointAddress 0x1	EP 1 OUT
		bmAttributes 0x3	INT
		wMaxPacketSize 64
		bInterval 4
PV-UVC-ENUM device aberto em 2034 ms
PV-UVC-ENUM cap driver=USB-UVC0 card=USB-UVC0 bus=esp32p4:USB-UVC0 caps=0x84201001 device_caps=0x04201001
PV-UVC-ENUM fmt index=0 fourcc=JPEG flags=0x0 desc="JPEG"
PV-UVC-ENUM size fourcc=JPEG index=0 1920x1080
PV-UVC-ENUM interval fourcc=JPEG 1920x1080 index=0 tipo=discrete num=333333 den=10000000 fps_x1000=30000
PV-UVC-ENUM interval fourcc=JPEG 1920x1080 index=1 tipo=discrete num=666666 den=10000000 fps_x1000=15000
PV-UVC-ENUM interval fourcc=JPEG 1920x1080 index=2 tipo=discrete num=1000000 den=10000000 fps_x1000=10000
PV-UVC-ENUM size fourcc=JPEG index=1 640x320
PV-UVC-ENUM interval fourcc=JPEG 640x320 index=0 tipo=discrete num=333333 den=10000000 fps_x1000=30000
PV-UVC-ENUM interval fourcc=JPEG 640x320 index=1 tipo=discrete num=666666 den=10000000 fps_x1000=15000
PV-UVC-ENUM interval fourcc=JPEG 640x320 index=2 tipo=discrete num=1000000 den=10000000 fps_x1000=10000
PV-UVC-ENUM size fourcc=JPEG index=2 640x480
PV-UVC-ENUM interval fourcc=JPEG 640x480 index=0 tipo=discrete num=333333 den=10000000 fps_x1000=30000
PV-UVC-ENUM interval fourcc=JPEG 640x480 index=1 tipo=discrete num=666666 den=10000000 fps_x1000=15000
PV-UVC-ENUM interval fourcc=JPEG 640x480 index=2 tipo=discrete num=1000000 den=10000000 fps_x1000=10000
PV-UVC-ENUM size fourcc=JPEG index=3 800x600
PV-UVC-ENUM interval fourcc=JPEG 800x600 index=0 tipo=discrete num=333333 den=10000000 fps_x1000=30000
PV-UVC-ENUM interval fourcc=JPEG 800x600 index=1 tipo=discrete num=666666 den=10000000 fps_x1000=15000
PV-UVC-ENUM interval fourcc=JPEG 800x600 index=2 tipo=discrete num=1000000 den=10000000 fps_x1000=10000
PV-UVC-ENUM size fourcc=JPEG index=4 1024x768
PV-UVC-ENUM interval fourcc=JPEG 1024x768 index=0 tipo=discrete num=333333 den=10000000 fps_x1000=30000
PV-UVC-ENUM interval fourcc=JPEG 1024x768 index=1 tipo=discrete num=666666 den=10000000 fps_x1000=15000
PV-UVC-ENUM interval fourcc=JPEG 1024x768 index=2 tipo=discrete num=1000000 den=10000000 fps_x1000=10000
PV-UVC-ENUM size fourcc=JPEG index=5 1280x720
PV-UVC-ENUM interval fourcc=JPEG 1280x720 index=0 tipo=discrete num=333333 den=10000000 fps_x1000=30000
PV-UVC-ENUM interval fourcc=JPEG 1280x720 index=1 tipo=discrete num=666666 den=10000000 fps_x1000=15000
PV-UVC-ENUM interval fourcc=JPEG 1280x720 index=2 tipo=discrete num=1000000 den=10000000 fps_x1000=10000
PV-UVC-ENUM size fourcc=JPEG index=6 1280x960
PV-UVC-ENUM interval fourcc=JPEG 1280x960 index=0 tipo=discrete num=333333 den=10000000 fps_x1000=30000
PV-UVC-ENUM interval fourcc=JPEG 1280x960 index=1 tipo=discrete num=666666 den=10000000 fps_x1000=15000
PV-UVC-ENUM interval fourcc=JPEG 1280x960 index=2 tipo=discrete num=1000000 den=10000000 fps_x1000=10000
PV-UVC-ENUM size fourcc=JPEG index=7 1600x1200
PV-UVC-ENUM interval fourcc=JPEG 1600x1200 index=0 tipo=discrete num=333333 den=10000000 fps_x1000=30000
PV-UVC-ENUM interval fourcc=JPEG 1600x1200 index=1 tipo=discrete num=666666 den=10000000 fps_x1000=15000
PV-UVC-ENUM interval fourcc=JPEG 1600x1200 index=2 tipo=discrete num=1000000 den=10000000 fps_x1000=10000
PV-UVC-ENUM size fourcc=JPEG index=8 2048x1536
PV-UVC-ENUM interval fourcc=JPEG 2048x1536 index=0 tipo=discrete num=333333 den=10000000 fps_x1000=30000
PV-UVC-ENUM interval fourcc=JPEG 2048x1536 index=1 tipo=discrete num=666666 den=10000000 fps_x1000=15000
PV-UVC-ENUM interval fourcc=JPEG 2048x1536 index=2 tipo=discrete num=1000000 den=10000000 fps_x1000=10000
PV-UVC-ENUM size fourcc=JPEG index=9 2592x1944
PV-UVC-ENUM interval fourcc=JPEG 2592x1944 index=0 tipo=discrete num=333333 den=10000000 fps_x1000=30000
PV-UVC-ENUM interval fourcc=JPEG 2592x1944 index=1 tipo=discrete num=666666 den=10000000 fps_x1000=15000
PV-UVC-ENUM interval fourcc=JPEG 2592x1944 index=2 tipo=discrete num=1000000 den=10000000 fps_x1000=10000
PV-UVC-ENUM size fourcc=JPEG index=10 3264x2448
PV-UVC-ENUM interval fourcc=JPEG 3264x2448 index=0 tipo=discrete num=333333 den=10000000 fps_x1000=30000
PV-UVC-ENUM interval fourcc=JPEG 3264x2448 index=1 tipo=discrete num=666666 den=10000000 fps_x1000=15000
PV-UVC-ENUM interval fourcc=JPEG 3264x2448 index=2 tipo=discrete num=1000000 den=10000000 fps_x1000=10000
PV-UVC-ENUM size fourcc=JPEG index=11 3840x2160
PV-UVC-ENUM interval fourcc=JPEG 3840x2160 index=0 tipo=discrete num=333333 den=10000000 fps_x1000=30000
PV-UVC-ENUM interval fourcc=JPEG 3840x2160 index=1 tipo=discrete num=666666 den=10000000 fps_x1000=15000
PV-UVC-ENUM interval fourcc=JPEG 3840x2160 index=2 tipo=discrete num=1000000 den=10000000 fps_x1000=10000
PV-UVC-ENUM size fourcc=JPEG index=12 4000x3000
PV-UVC-ENUM interval fourcc=JPEG 4000x3000 index=0 tipo=discrete num=666666 den=10000000 fps_x1000=15000
PV-UVC-ENUM interval fourcc=JPEG 4000x3000 index=1 tipo=discrete num=1000000 den=10000000 fps_x1000=10000
PV-UVC-ENUM size fourcc=JPEG index=13 320x240
PV-UVC-ENUM interval fourcc=JPEG 320x240 index=0 tipo=discrete num=333333 den=10000000 fps_x1000=30000
PV-UVC-ENUM interval fourcc=JPEG 320x240 index=1 tipo=discrete num=666666 den=10000000 fps_x1000=15000
PV-UVC-ENUM fmt index=1 fourcc=YUYV flags=0x0 desc="YUV 4:2:2 YUYV"
PV-UVC-ENUM size fourcc=YUYV index=0 320x240
PV-UVC-ENUM interval fourcc=YUYV 320x240 index=0 tipo=discrete num=500000 den=10000000 fps_x1000=20000
PV-UVC-ENUM interval fourcc=YUYV 320x240 index=1 tipo=discrete num=1000000 den=10000000 fps_x1000=10000
PV-UVC-ENUM size fourcc=YUYV index=1 640x360
PV-UVC-ENUM interval fourcc=YUYV 640x360 index=0 tipo=discrete num=500000 den=10000000 fps_x1000=20000
PV-UVC-ENUM interval fourcc=YUYV 640x360 index=1 tipo=discrete num=1000000 den=10000000 fps_x1000=10000
PV-UVC-ENUM size fourcc=YUYV index=2 640x480
PV-UVC-ENUM interval fourcc=YUYV 640x480 index=0 tipo=discrete num=1000000 den=10000000 fps_x1000=10000
PV-UVC-ENUM size fourcc=YUYV index=3 800x600
PV-UVC-ENUM interval fourcc=YUYV 800x600 index=0 tipo=discrete num=1000000 den=10000000 fps_x1000=10000
PV-UVC-ENUM size fourcc=YUYV index=4 1024x720
PV-UVC-ENUM interval fourcc=YUYV 1024x720 index=0 tipo=discrete num=1000000 den=10000000 fps_x1000=10000
PV-UVC-ENUM size fourcc=YUYV index=5 1280x940
PV-UVC-ENUM interval fourcc=YUYV 1280x940 index=0 tipo=discrete num=1000000 den=10000000 fps_x1000=10000
PV-UVC-ENUM size fourcc=YUYV index=6 1280x1024
PV-UVC-ENUM interval fourcc=YUYV 1280x1024 index=0 tipo=discrete num=1000000 den=10000000 fps_x1000=10000
PV-UVC-ENUM size fourcc=YUYV index=7 1600x1200
PV-UVC-ENUM interval fourcc=YUYV 1600x1200 index=0 tipo=discrete num=2000000 den=10000000 fps_x1000=5000
PV-UVC-ENUM size fourcc=YUYV index=8 1920x1080
PV-UVC-ENUM interval fourcc=YUYV 1920x1080 index=0 tipo=discrete num=2000000 den=10000000 fps_x1000=5000
PV-UVC-ENUM size fourcc=YUYV index=9 2048x1536
PV-UVC-ENUM interval fourcc=YUYV 2048x1536 index=0 tipo=discrete num=2000000 den=10000000 fps_x1000=5000
PV-UVC-ENUM size fourcc=YUYV index=10 2560x1440
PV-UVC-ENUM interval fourcc=YUYV 2560x1440 index=0 tipo=discrete num=2000000 den=10000000 fps_x1000=5000
PV-UVC-ENUM size fourcc=YUYV index=11 2592x1944
PV-UVC-ENUM interval fourcc=YUYV 2592x1944 index=0 tipo=discrete num=2000000 den=10000000 fps_x1000=5000
PV-UVC-ENUM result=OK tamanhos_jpeg=14
I (5051) usb_uvc_device: All UVC devices already enumerated
PV-UVC-FMT requested=800x600 applied=800x600 fourcc=JPEG sizeimage=0
I (5070) uvc: Allocating 2 USB transfers for ISOC. Each: 3072 bytes, 1 ISOC packets, 3072 MPS
W (8105) PvUvcSpike: DQBUF de descarte 0 falhou: errno=1(Not owner)
PV-UVC-WARMUP requested=800x600 descartados=0
E (13105) PvUvcSpike: VIDIOC_DQBUF falhou: errno=1(Not owner)

assert failed: usbh_dev_close usbh.c:1226 (dev_obj->dynamic.num_ctrl_xfers_inflight == 0)
Core  0 register dump:
MEPC    : 0x4ff0d048  RA      : 0x4ff0cbe0  SP      : 0x4ff3deb0  GP      : 0x4ff14300  
TP      : 0x4ff3e4e0  T0      : 0x695f7372  T1      : 0x616e7964  T2      : 0x696c666e  
S0/FP   : 0x0000006e  S1      : 0x00000001  A0      : 0x4ff3def8  A1      : 0x4ff16881  
A2      : 0x00000001  A3      : 0x4ff1a000  A4      : 0x00000001  A5      : 0x4ff1a000  
A6      : 0x00000008  A7      : 0x3e2d6a62  S2      : 0x4ff3def8  S3      : 0x4ff3df19  
S4      : 0x4ff16880  S5      : 0x4ff3def8  S6      : 0x48043896  S7      : 0x00000002  
S8      : 0x00001fa9  S9      : 0x480a4c98  S10     : 0x001e8480  S11     : 0x00000002  
T3      : 0x2e63696d  T4      : 0x5f6d756e  T5      : 0x6c727463  T6      : 0x6566785f  
MSTATUS : 0x00011880  MTVEC   : 0x4ff00003  MCAUSE  : 0x00000002  MTVAL   : 0x00000000  
MHARTID : 0x00000000  

Stack memory:
4ff3deb0: 0x00000000 0x00000000 0x480da1c4 0x4ff0a8b8 0x36323231 0x00000000 0x00000000 0x00000000
4ff3ded0: 0x00000000 0x4ff1712c 0x480da1c4 0x4ff17110 0x480ae0d1 0x4ff1713c 0x4ff3dec0 0x4ff17140
4ff3def0: 0x480ae248 0x4ff16880 0x65737361 0x66207472 0x656c6961 0x75203a64 0x5f686273 0x5f766564
4ff3df10: 0x736f6c63 0x73752065 0x632e6862 0x3232313a 0x64282036 0x6f5f7665 0x3e2d6a62 0x616e7964
4ff3df30: 0x2e63696d 0x5f6d756e 0x6c727463 0x6566785f 0x695f7372 0x696c666e 0x20746867 0x30203d3d
4ff3df50: 0x00000029 0x00000000 0x4ff51bd0 0xfffffffe 0x00000000 0x00000000 0x4ff3e518 0xfffffffe
4ff3df70: 0x00000000 0x480e7b90 0x4ff3e518 0x4807df5c 0x00000000 0x000000a8 0x480e7bc4 0x480e0ee4
4ff3df90: 0x4ff51a08 0x00000000 0x4ff3e8bc 0x4ff3fb68 0x480e6fa8 0x00000000 0x4ff3e8bc 0x4807e2c4
4ff3dfb0: 0x480e6fa8 0x00000000 0x4ff3e8bc 0x4807c782 0x4ff51a08 0x00000000 0x4ff3e418 0x4ff3fb68
4ff3dfd0: 0x480e6fa8 0x4ff1a000 0x480e7018 0x48043896 0x4ff51a08 0x00000000 0x480e7018 0x480e7018
4ff3dff0: 0x480e6fa8 0x4ff1a000 0x480e7018 0x48041a08 0x00000103 0x480e7b28 0x00000002 0x010e7d58
4ff3e010: 0x00000103 0x480e7b28 0x00000002 0x4803c3e6 0x00000103 0x4ff1a000 0x480e7b28 0x4803d944
4ff3e030: 0x00000103 0x4ff3fb68 0x4ff3fae4 0x48025bb0 0x00000000 0x40045613 0x4ff3fb68 0x48022870
4ff3e050: 0x00000001 0x40045613 0x00000001 0x4802303c 0x00000001 0x4ff1a000 0x480a4364 0x00003331
4ff3e070: 0x00000000 0x480a4c98 0x4ff5073c 0x4802c984 0x00000001 0x00000000 0x4ff3e418 0x4808041e
4ff3e090: 0x00000001 0x4ff14588 0x480a4848 0x00000004 0x00000000 0x00000000 0x00000000 0x4ff3e0c8
4ff3e0b0: 0x00000004 0x4ff14588 0x00000004 0x48021362 0x00000005 0x00000000 0x4ff3e100 0x00000000
4ff3e0d0: 0x20800008 0x00000001 0x00000001 0x0000000a 0x4ff3e1a8 0x480e71a8 0x480e71a8 0x4803dd74
4ff3e0f0: 0x00000000 0x4ff1a000 0x4ff3fae4 0x00000001 0x00000001 0x4745504a 0x00000000 0x00000002
4ff3e110: 0x00000001 0x00000001 0x00000000 0x00000000 0x4ff3fb68 0x480f0a40 0x48165d80 0x00075300
4ff3e130: 0x00075300 0x00000000 0x00000000 0x00000001 0x00000000 0x00000000 0x00000000 0x00000000
4ff3e150: 0x00000000 0x00000000 0x00000000 0x00000000 0x00000000 0x00000000 0x00000000 0x00000000
4ff3e170: 0x00000000 0x00000001 0x00000000 0x00000000 0x00000000 0x00000000 0x00000001 0x00000320
4ff3e190: 0x00000258 0x4745504a 0x00000000 0x00000000 0x00000000 0x00000000 0x00000000 0x00000000
4ff3e1b0: 0x00000000 0x00000000 0x00000000 0x00000000 0x00000000 0x00000000 0x00000000 0x00000000
4ff3e1d0: 0x00000000 0x00000000 0x00000000 0x00000000 0x00000000 0x00000000 0x00000000 0x00000000
4ff3e1f0: 0x00000000 0x00000000 0x00000000 0x00000000 0x00000000 0x00000000 0x00000000 0x00000000
4ff3e210: 0x00000000 0x00000000 0x00000000 0x00000000 0x00000000 0x00000000 0x00000000 0x00000000
4ff3e230: 0x00000000 0x00000000 0x00000000 0x00000000 0x00000000 0x00000000 0x00000000 0x00000000
4ff3e250: 0x00000000 0x00000001 0x00000320 0x00000258 0x4745504a 0x00000000 0x00000000 0x00000000
4ff3e270: 0x00000000 0x00000000 0x00000000 0x00000000 0x00000000 0x00000000 0x00000000 0x00000000
4ff3e290: 0x00000000 0x00000000 0x00000000 0x00000000 0x00000000 0x00000000 0x00000000 0x00000000



ELF file SHA256: e87c6fa39

Rebooting...
ESP-ROM:esp32p4-eco2-20240710
Build:Jul 10 2024
rst:0xc (SW_CPU_RESET),boot:0xf (SPI_FAST_FLASH_BOOT)
Core0 Saved PC:0x4ff00c9e
Core1 Saved PC:0x4ff0698c
SPI mode:DIO, clock div:1
load:0x4ff33ce0,len:0x5d0
load:0x4ff28ed0,len:0xdf8
load:0x4ff2bbd0,len:0x34b8
entry 0x4ff28ed0
I (46) hex_psram: vendor id    : 0x0d (AP)
I (46) hex_psram: Latency      : 0x01 (Fixed)
I (46) hex_psram: DriveStr.    : 0x00 (25 Ohm)
I (47) hex_psram: dev id       : 0x03 (generation 4)
I (51) hex_psram: density      : 0x07 (256 Mbit)
I (56) hex_psram: good-die     : 0x06 (Pass)
I (60) hex_psram: SRF          : 0x02 (Slow Refresh)
I (64) hex_psram: BurstType    : 0x00 ( Wrap)
I (69) hex_psram: BurstLen     : 0x03 (2048 Byte)
I (73) hex_psram: BitMode      : 0x01 (X16 Mode)
I (77) hex_psram: Readlatency  : 0x04 (14 cycles@Fixed)
I (82) hex_psram: DriveStrength: 0x00 (1/1)
I (86) MSPI Timing: Enter psram timing tuning
I esp_psram: Found 32MB PSRAM device
I esp_psram: Speed: 200MHz
I (283) mmu_psram: .rodata xip on psram
I (316) mmu_psram: .text xip on psram
I (319) hex_psram: psram CS IO is dedicated
I (319) cpu_start: Multicore app
I (328) cpu_start: GPIO 38 and 37 are used as console UART I/O pins
I (328) cpu_start: Pro cpu start user code
I (329) cpu_start: cpu freq: 360000000 Hz
I (330) app_init: Application information:
I (334) app_init: Project name:     xiaozhi
I (338) app_init: App version:      2.4.0
I (342) app_init: Compile time:     Aug 10 2026 22:03:41
I (347) app_init: ELF file SHA256:  e87c6fa39...
I (351) app_init: ESP-IDF:          v6.0.2
I (355) efuse_init: Min chip rev:     v1.0
I (359) efuse_init: Max chip rev:     v1.99 
I (363) efuse_init: Chip rev:         v1.3
I (367) heap_init: Initializing. RAM available for dynamic allocation:
I (373) heap_init: At 4FF1A740 len 00020880 (130 KiB): RETENT_RAM
I (379) heap_init: At 4FF3AFC0 len 00004BF0 (18 KiB): RAM
I (384) heap_init: At 4FF40000 len 00060000 (384 KiB): RAM
I (389) heap_init: At 50108080 len 00007F80 (31 KiB): RTCRAM
I (394) heap_init: At 30100088 len 00001F78 (7 KiB): SPM
I (400) esp_psram: Adding pool of 31808K of PSRAM memory to heap allocator
I (406) esp_psram: Adding pool of 62K of PSRAM memory gap generated due to end address alignment of irom to the heap allocator
I (417) esp_psram: Adding pool of 60K of PSRAM memory gap generated due to end address alignment of drom to the heap allocator
I (428) spi_flash: detected chip: gd
I (432) spi_flash: flash io: qio
I (435) host_init: ESP Hosted : Host chip_ip[18]
I (439) H_API: ESP-Hosted starting. Hosted_Tasks: prio:23, stack: 5120 RPC_task_stack: 5120
I (447) H_API: ** add_esp_wifi_remote_channels **
I (452) sleep_gpio: Configure to isolate all GPIO pins in sleep state
I (458) sleep_gpio: Enable automatic switching of GPIO sleep configuration
I (466) H_SDIO_DRV: sdio_data_to_rx_buf_task started
I (469) main_task: Started on CPU0
I (472) esp_psram: Reserving pool of 64K of internal memory for DMA/internal allocations
I (481) main_task: Calling app_main()

PV-UVC-SPIKE inicio (F2B) degraus=5
PV-UVC-MEM etapa=boot psram_livre=32669812 psram_maior_bloco=32505856 interna_livre=421195
I (2358) main_task: Returned from app_main()
PV-UVC-INIT result=OK usb_host=on uvc_dev_num=1
PV-UVC-ENUM aguardando enumeracao USB em /dev/video40 (ate 10000 ms)
I (2388) usb_uvc_device: Waiting for UVC device to be enumerated...
E (2832) ENUM: LANGID 0x409 not found
*** Configuration descriptor ***
bLength 9
bDescriptorType 2
wTotalLength 1463
bNumInterfaces 5
bConfigurationValue 1
iConfiguration 0
bmAttributes 0x80
bMaxPower 500mA
*** Interface Association Descriptor ***
bLength 8
bDescriptorType 11
bFirstInterface 0
bInterfaceCount 2
bFunctionClass 0xe
bFunctionSubClass 0x3
bFunctionProtocol 0x0
iFunction 4
	*** Interface descriptor ***
	bLength 9
	bDescriptorType 4
	bInterfaceNumber 0
	bAlternateSetting 0
	bNumEndpoints 1
	bInterfaceClass 0xe
	bInterfaceSubClass 0x1
	bInterfaceProtocol 0x0
	iInterface 0
	*** Class-specific VC Interface Descriptor ***
	bLength 13
	bDescriptorType 0x24
	bDescriptorSubType 0x01
	bcdUVC 0100
	wTotalLength 80
	dwClockFrequency 24000000
	bInCollection 1
	baInterfaceNr[0] 1
	*** Input Terminal Descriptor (Camera) ***
	bLength 18
	bDescriptorType 0x24
	bDescriptorSubType 0x02
	bTerminalID 0x1
	wTerminalType 0x201
	bAssocTerminal 0
	iTerminal 0
	wObjectiveFocalLengthMin 0
	wObjectiveFocalLengthMax 0
	wOcularFocalLength 0
	bControlSize 3
	bmControls 0x7A 0x2A 0x2
	*** Extension Unit Descriptor unsupported, skipping... ***
	*** Processing Unit Descriptor ***
	bLength 11
	bDescriptorType 0x24
	bDescriptorSubType 0x05
	bUnitID 3
	bSourceID 2
	wMaxMultiplier 16384
	bControlSize 2
	bmControls 0x7F 0x17 0x0
	iProcessing 9
	bmVideoStandards 0x24
	*** Output Terminal Descriptor ***
	bLength 9
	bDescriptorType 0x24
	bDescriptorSubType 0x03
	bTerminalID 4
	wTerminalType 0x101
	bAssocTerminal 0
	bSourceID 3
	iTerminal 0
		*** Endpoint descriptor ***
		bLength 7
		bDescriptorType 5
		bEndpointAddress 0x81	EP 1 IN
		bmAttributes 0x3	INT
		wMaxPacketSize 16
		bInterval 8
		*** Class-specific Interrupt Endpoint Descriptor ***
		bLength 5
		bDescriptorType 0x25
		bDescriptorSubType 3
		wMaxTransferSize 16
	*** Interface descriptor ***
	bLength 9
	bDescriptorType 4
	bInterfaceNumber 1
	bAlternateSetting 0
	bNumEndpoints 0
	bInterfaceClass 0xe
	bInterfaceSubClass 0x2
	bInterfaceProtocol 0x0
	iInterface 0
	*** Class-specific VC Interface Descriptor ***
	bLength 15
	bDescriptorType 0x24
	bDescriptorSubType 0x01
	bcdUVC fc02
	wTotalLength 33283
	dwClockFrequency 16909312
	bInCollection 1
	baInterfaceNr[0] 1
	*** Extension Unit Descriptor unsupported, skipping... ***
	*** VS Frame Descriptor ***
	bLength 38
	bDescriptorType 0x24
	bDescriptorSubType 0x07
	bFrameIndex 1
	bmCapabilities 0x0
	wWidth 1920
	wHeight 1080
	dwMinBitRate 20736000
	dwMaxBitRate 62208000
	dwMaxVideoFrameBufSize 2073600
	dwDefaultFrameInterval 333333
	bFrameIntervalType 3
	FrameInterval[0] 333333
	FrameInterval[1] 666666
	FrameInterval[2] 1000000
	*** VS Frame Descriptor ***
	bLength 38
	bDescriptorType 0x24
	bDescriptorSubType 0x07
	bFrameIndex 2
	bmCapabilities 0x0
	wWidth 640
	wHeight 320
	dwMinBitRate 2048000
	dwMaxBitRate 6144000
	dwMaxVideoFrameBufSize 204800
	dwDefaultFrameInterval 333333
	bFrameIntervalType 3
	FrameInterval[0] 333333
	FrameInterval[1] 666666
	FrameInterval[2] 1000000
	*** VS Frame Descriptor ***
	bLength 38
	bDescriptorType 0x24
	bDescriptorSubType 0x07
	bFrameIndex 3
	bmCapabilities 0x0
	wWidth 640
	wHeight 480
	dwMinBitRate 3072000
	dwMaxBitRate 9216000
	dwMaxVideoFrameBufSize 307200
	dwDefaultFrameInterval 333333
	bFrameIntervalType 3
	FrameInterval[0] 333333
	FrameInterval[1] 666666
	FrameInterval[2] 1000000
	*** VS Frame Descriptor ***
	bLength 38
	bDescriptorType 0x24
	bDescriptorSubType 0x07
	bFrameIndex 4
	bmCapabilities 0x0
	wWidth 800
	wHeight 600
	dwMinBitRate 4800000
	dwMaxBitRate 14400000
	dwMaxVideoFrameBufSize 480000
	dwDefaultFrameInterval 333333
	bFrameIntervalType 3
	FrameInterval[0] 333333
	FrameInterval[1] 666666
	FrameInterval[2] 1000000
	*** VS Frame Descriptor ***
	bLength 38
	bDescriptorType 0x24
	bDescriptorSubType 0x07
	bFrameIndex 5
	bmCapabilities 0x0
	wWidth 1024
	wHeight 768
	dwMinBitRate 7864320
	dwMaxBitRate 23592960
	dwMaxVideoFrameBufSize 786432
	dwDefaultFrameInterval 333333
	bFrameIntervalType 3
	FrameInterval[0] 333333
	FrameInterval[1] 666666
	FrameInterval[2] 1000000
	*** VS Frame Descriptor ***
	bLength 38
	bDescriptorType 0x24
	bDescriptorSubType 0x07
	bFrameIndex 6
	bmCapabilities 0x0
	wWidth 1280
	wHeight 720
	dwMinBitRate 9216000
	dwMaxBitRate 27648000
	dwMaxVideoFrameBufSize 921600
	dwDefaultFrameInterval 333333
	bFrameIntervalType 3
	FrameInterval[0] 333333
	FrameInterval[1] 666666
	FrameInterval[2] 1000000
	*** VS Frame Descriptor ***
	bLength 38
	bDescriptorType 0x24
	bDescriptorSubType 0x07
	bFrameIndex 7
	bmCapabilities 0x0
	wWidth 1280
	wHeight 960
	dwMinBitRate 12288000
	dwMaxBitRate 36864000
	dwMaxVideoFrameBufSize 1228800
	dwDefaultFrameInterval 333333
	bFrameIntervalType 3
	FrameInterval[0] 333333
	FrameInterval[1] 666666
	FrameInterval[2] 1000000
	*** VS Frame Descriptor ***
	bLength 38
	bDescriptorType 0x24
	bDescriptorSubType 0x07
	bFrameIndex 8
	bmCapabilities 0x0
	wWidth 1600
	wHeight 1200
	dwMinBitRate 19200000
	dwMaxBitRate 57600000
	dwMaxVideoFrameBufSize 1920000
	dwDefaultFrameInterval 333333
	bFrameIntervalType 3
	FrameInterval[0] 333333
	FrameInterval[1] 666666
	FrameInterval[2] 1000000
	*** VS Frame Descriptor ***
	bLength 38
	bDescriptorType 0x24
	bDescriptorSubType 0x07
	bFrameIndex 9
	bmCapabilities 0x0
	wWidth 2048
	wHeight 1536
	dwMinBitRate 31457280
	dwMaxBitRate 94371840
	dwMaxVideoFrameBufSize 3145728
	dwDefaultFrameInterval 333333
	bFrameIntervalType 3
	FrameInterval[0] 333333
	FrameInterval[1] 666666
	FrameInterval[2] 1000000
	*** VS Frame Descriptor ***
	bLength 38
	bDescriptorType 0x24
	bDescriptorSubType 0x07
	bFrameIndex 10
	bmCapabilities 0x0
	wWidth 2592
	wHeight 1944
	dwMinBitRate 50388480
	dwMaxBitRate 151165440
	dwMaxVideoFrameBufSize 5038848
	dwDefaultFrameInterval 333333
	bFrameIntervalType 3
	FrameInterval[0] 333333
	FrameInterval[1] 666666
	FrameInterval[2] 1000000
	*** VS Frame Descriptor ***
	bLength 38
	bDescriptorType 0x24
	bDescriptorSubType 0x07
	bFrameIndex 11
	bmCapabilities 0x0
	wWidth 3264
	wHeight 2448
	dwMinBitRate 79902720
	dwMaxBitRate 239708160
	dwMaxVideoFrameBufSize 7990272
	dwDefaultFrameInterval 333333
	bFrameIntervalType 3
	FrameInterval[0] 333333
	FrameInterval[1] 666666
	FrameInterval[2] 1000000
	*** VS Frame Descriptor ***
	bLength 38
	bDescriptorType 0x24
	bDescriptorSubType 0x07
	bFrameIndex 12
	bmCapabilities 0x0
	wWidth 3840
	wHeight 2160
	dwMinBitRate 82944000
	dwMaxBitRate 248832000
	dwMaxVideoFrameBufSize 8294400
	dwDefaultFrameInterval 333333
	bFrameIntervalType 3
	FrameInterval[0] 333333
	FrameInterval[1] 666666
	FrameInterval[2] 1000000
	*** VS Frame Descriptor ***
	bLength 34
	bDescriptorType 0x24
	bDescriptorSubType 0x07
	bFrameIndex 13
	bmCapabilities 0x0
	wWidth 4000
	wHeight 3000
	dwMinBitRate 120000000
	dwMaxBitRate 180000000
	dwMaxVideoFrameBufSize 12000000
	dwDefaultFrameInterval 666666
	bFrameIntervalType 2
	FrameInterval[0] 666666
	FrameInterval[1] 1000000
	*** VS Frame Descriptor ***
	bLength 34
	bDescriptorType 0x24
	bDescriptorSubType 0x07
	bFrameIndex 14
	bmCapabilities 0x0
	wWidth 320
	wHeight 240
	dwMinBitRate 1152000
	dwMaxBitRate 2304000
	dwMaxVideoFrameBufSize 76800
	dwDefaultFrameInterval 333333
	bFrameIntervalType 2
	FrameInterval[0] 333333
	FrameInterval[1] 666666
	*** Output Terminal Descriptor ***
	bLength 63
	bDescriptorType 0x24
	bDescriptorSubType 0x03
	bTerminalID 0
	wTerminalType 0x800E
	bAssocTerminal 7
	bSourceID 56
	iTerminal 4
	*** VS Color Format Descriptor ***
	bLength 6
	bDescriptorType 0x24
	bDescriptorSubType 0x0D
	bColorPrimaries 0x1
	bTransferCharacteristics 1
	bMatrixCoefficients 0x4
	*** Selector Unit Descriptor ***
	bLength 27
	bDescriptorType 0x24
	bDescriptorSubType 0x04
	bUnitID 2
	bNrInPins 12
	baSourceID1 89
	baSourceID2 85
	iSelector 89
	*** Processing Unit Descriptor ***
	bLength 34
	bDescriptorType 0x24
	bDescriptorSubType 0x05
	bUnitID 1
	bSourceID 0
	wMaxMultiplier 320
	bControlSize 240
	bmControls 0x0 0x0 0x70
	iProcessing 23
	bmVideoStandards 0x0
	*** Processing Unit Descriptor ***
	bLength 34
	bDescriptorType 0x24
	bDescriptorSubType 0x05
	bUnitID 2
	bSourceID 0
	wMaxMultiplier 640
	bControlSize 104
	bmControls 0x1 0x0 0x50
	iProcessing 70
	bmVideoStandards 0x0
	*** Processing Unit Descriptor ***
	bLength 30
	bDescriptorType 0x24
	bDescriptorSubType 0x05
	bUnitID 3
	bSourceID 0
	wMaxMultiplier 640
	bControlSize 224
	bmControls 0x1 0x0 0xC0
	iProcessing 93
	bmVideoStandards 0x0
	*** Processing Unit Descriptor ***
	bLength 30
	bDescriptorType 0x24
	bDescriptorSubType 0x05
	bUnitID 4
	bSourceID 0
	wMaxMultiplier 800
	bControlSize 88
	bmControls 0x2 0x0 0x7C
	iProcessing 146
	bmVideoStandards 0x0
	*** Processing Unit Descriptor ***
	bLength 30
	bDescriptorType 0x24
	bDescriptorSubType 0x05
	bUnitID 5
	bSourceID 0
	wMaxMultiplier 1024
	bControlSize 208
	bmControls 0x2 0x0 0x0
	iProcessing 225
	bmVideoStandards 0x0
	*** Processing Unit Descriptor ***
	bLength 30
	bDescriptorType 0x24
	bDescriptorSubType 0x05
	bUnitID 6
	bSourceID 0
	wMaxMultiplier 1280
	bControlSize 172
	bmControls 0x3 0x0 0x30
	iProcessing 111
	bmVideoStandards 0x1
	*** Processing Unit Descriptor ***
	bLength 30
	bDescriptorType 0x24
	bDescriptorSubType 0x05
	bUnitID 7
	bSourceID 0
	wMaxMultiplier 1280
	bControlSize 0
	bmControls 0x4 0x0 0x0
	iProcessing 144
	bmVideoStandards 0x1
	*** Processing Unit Descriptor ***
	bLength 30
	bDescriptorType 0x24
	bDescriptorSubType 0x05
	bUnitID 8
	bSourceID 0
	wMaxMultiplier 1600
	bControlSize 176
	bmControls 0x4 0x0 0xF8
	iProcessing 36
	bmVideoStandards 0x1
	*** Processing Unit Descriptor ***
	bLength 30
	bDescriptorType 0x24
	bDescriptorSubType 0x05
	bUnitID 9
	bSourceID 0
	wMaxMultiplier 1920
	bControlSize 56
	bmControls 0x4 0x0 0x68
	iProcessing 60
	bmVideoStandards 0x1
	*** Processing Unit Descriptor ***
	bLength 30
	bDescriptorType 0x24
	bDescriptorSubType 0x05
	bUnitID 10
	bSourceID 0
	wMaxMultiplier 2048
	bControlSize 0
	bmControls 0x6 0x0 0x0
	iProcessing 224
	bmVideoStandards 0x1
	*** Processing Unit Descriptor ***
	bLength 30
	bDescriptorType 0x24
	bDescriptorSubType 0x05
	bUnitID 11
	bSourceID 0
	wMaxMultiplier 2560
	bControlSize 160
	bmControls 0x5 0x0 0x80
	iProcessing 50
	bmVideoStandards 0x2
	*** Processing Unit Descriptor ***
	bLength 30
	bDescriptorType 0x24
	bDescriptorSubType 0x05
	bUnitID 12
	bSourceID 0
	wMaxMultiplier 2592
	bControlSize 152
	bmControls 0x7 0x0 0xDE
	iProcessing 0
	bmVideoStandards 0x3
	*** VS Color Format Descriptor ***
	bLength 6
	bDescriptorType 0x24
	bDescriptorSubType 0x0D
	bColorPrimaries 0x1
	bTransferCharacteristics 1
	bMatrixCoefficients 0x4
	*** Interface descriptor ***
	bLength 9
	bDescriptorType 4
	bInterfaceNumber 1
	bAlternateSetting 1
	bNumEndpoints 1
	bInterfaceClass 0xe
	bInterfaceSubClass 0x2
	bInterfaceProtocol 0x0
	iInterface 0
		*** Endpoint descriptor ***
		bLength 7
		bDescriptorType 5
		bEndpointAddress 0x82	EP 2 IN
		bmAttributes 0x5	ISOC
		wMaxPacketSize 192
		bInterval 1
	*** Interface descriptor ***
	bLength 9
	bDescriptorType 4
	bInterfaceNumber 1
	bAlternateSetting 2
	bNumEndpoints 1
	bInterfaceClass 0xe
	bInterfaceSubClass 0x2
	bInterfaceProtocol 0x0
	iInterface 0
		*** Endpoint descriptor ***
		bLength 7
		bDescriptorType 5
		bEndpointAddress 0x82	EP 2 IN
		bmAttributes 0x5	ISOC
		wMaxPacketSize 384
		bInterval 1
	*** Interface descriptor ***
	bLength 9
	bDescriptorType 4
	bInterfaceNumber 1
	bAlternateSetting 3
	bNumEndpoints 1
	bInterfaceClass 0xe
	bInterfaceSubClass 0x2
	bInterfaceProtocol 0x0
	iInterface 0
		*** Endpoint descriptor ***
		bLength 7
		bDescriptorType 5
		bEndpointAddress 0x82	EP 2 IN
		bmAttributes 0x5	ISOC
		wMaxPacketSize 512
		bInterval 1
	*** Interface descriptor ***
	bLength 9
	bDescriptorType 4
	bInterfaceNumber 1
	bAlternateSetting 4
	bNumEndpoints 1
	bInterfaceClass 0xe
	bInterfaceSubClass 0x2
	bInterfaceProtocol 0x0
	iInterface 0
		*** Endpoint descriptor ***
		bLength 7
		bDescriptorType 5
		bEndpointAddress 0x82	EP 2 IN
		bmAttributes 0x5	ISOC
		wMaxPacketSize 640
		bInterval 1
	*** Interface descriptor ***
	bLength 9
	bDescriptorType 4
	bInterfaceNumber 1
	bAlternateSetting 5
	bNumEndpoints 1
	bInterfaceClass 0xe
	bInterfaceSubClass 0x2
	bInterfaceProtocol 0x0
	iInterface 0
		*** Endpoint descriptor ***
		bLength 7
		bDescriptorType 5
		bEndpointAddress 0x82	EP 2 IN
		bmAttributes 0x5	ISOC
		wMaxPacketSize 800
		bInterval 1
	*** Interface descriptor ***
	bLength 9
	bDescriptorType 4
	bInterfaceNumber 1
	bAlternateSetting 6
	bNumEndpoints 1
	bInterfaceClass 0xe
	bInterfaceSubClass 0x2
	bInterfaceProtocol 0x0
	iInterface 0
		*** Endpoint descriptor ***
		bLength 7
		bDescriptorType 5
		bEndpointAddress 0x82	EP 2 IN
		bmAttributes 0x5	ISOC
		wMaxPacketSize 944
		bInterval 1
	*** Interface descriptor ***
	bLength 9
	bDescriptorType 4
	bInterfaceNumber 1
	bAlternateSetting 7
	bNumEndpoints 1
	bInterfaceClass 0xe
	bInterfaceSubClass 0x2
	bInterfaceProtocol 0x0
	iInterface 0
		*** Endpoint descriptor ***
		bLength 7
		bDescriptorType 5
		bEndpointAddress 0x82	EP 2 IN
		bmAttributes 0x5	ISOC
		wMaxPacketSize 640
		wMaxPacketSize (with additional transactions in microframe) 1280
		bInterval 1
	*** Interface descriptor ***
	bLength 9
	bDescriptorType 4
	bInterfaceNumber 1
	bAlternateSetting 8
	bNumEndpoints 1
	bInterfaceClass 0xe
	bInterfaceSubClass 0x2
	bInterfaceProtocol 0x0
	iInterface 0
		*** Endpoint descriptor ***
		bLength 7
		bDescriptorType 5
		bEndpointAddress 0x82	EP 2 IN
		bmAttributes 0x5	ISOC
		wMaxPacketSize 800
		wMaxPacketSize (with additional transactions in microframe) 1600
		bInterval 1
	*** Interface descriptor ***
	bLength 9
	bDescriptorType 4
	bInterfaceNumber 1
	bAlternateSetting 9
	bNumEndpoints 1
	bInterfaceClass 0xe
	bInterfaceSubClass 0x2
	bInterfaceProtocol 0x0
	iInterface 0
		*** Endpoint descriptor ***
		bLength 7
		bDescriptorType 5
		bEndpointAddress 0x82	EP 2 IN
		bmAttributes 0x5	ISOC
		wMaxPacketSize 992
		wMaxPacketSize (with additional transactions in microframe) 1984
		bInterval 1
	*** Interface descriptor ***
	bLength 9
	bDescriptorType 4
	bInterfaceNumber 1
	bAlternateSetting 10
	bNumEndpoints 1
	bInterfaceClass 0xe
	bInterfaceSubClass 0x2
	bInterfaceProtocol 0x0
	iInterface 0
		*** Endpoint descriptor ***
		bLength 7
		bDescriptorType 5
		bEndpointAddress 0x82	EP 2 IN
		bmAttributes 0x5	ISOC
		wMaxPacketSize 896
		wMaxPacketSize (with additional transactions in microframe) 2688
		bInterval 1
	*** Interface descriptor ***
	bLength 9
	bDescriptorType 4
	bInterfaceNumber 1
	bAlternateSetting 11
	bNumEndpoints 1
	bInterfaceClass 0xe
	bInterfaceSubClass 0x2
	bInterfaceProtocol 0x0
	iInterface 0
		*** Endpoint descriptor ***
		bLength 7
		bDescriptorType 5
		bEndpointAddress 0x82	EP 2 IN
		bmAttributes 0x5	ISOC
		wMaxPacketSize 1024
		wMaxPacketSize (with additional transactions in microframe) 3072
		bInterval 1
*** Interface Association Descriptor ***
bLength 8
bDescriptorType 11
bFirstInterface 2
bInterfaceCount 2
bFunctionClass 0x1
bFunctionSubClass 0x0
bFunctionProtocol 0x0
iFunction 5
	*** Interface descriptor ***
	bLength 9
	bDescriptorType 4
	bInterfaceNumber 2
	bAlternateSetting 0
	bNumEndpoints 0
	bInterfaceClass 0x1
	bInterfaceSubClass 0x1
	bInterfaceProtocol 0x0
	iInterface 0
	*** Class-specific VC Interface Descriptor ***
	bLength 9
	bDescriptorType 0x24
	bDescriptorSubType 0x01
	bcdUVC 0100
	wTotalLength 39
	dwClockFrequency 604766977
	bInCollection 2
	baInterfaceNr[0] 1
	baInterfaceNr[1] 1
	*** Input Terminal Descriptor (Camera) ***
	bLength 12
	bDescriptorType 0x24
	bDescriptorSubType 0x02
	bTerminalID 0x1
	wTerminalType 0x201
	bAssocTerminal 0
	iTerminal 1
	wObjectiveFocalLengthMin 3
	wObjectiveFocalLengthMax 0
	wOcularFocalLength 9225
	bControlSize 6
	bmControls 0x2 0x1 0x2
	*** Extension Unit Descriptor unsupported, skipping... ***
	*** Output Terminal Descriptor ***
	bLength 9
	bDescriptorType 0x24
	bDescriptorSubType 0x03
	bTerminalID 3
	wTerminalType 0x101
	bAssocTerminal 0
	bSourceID 2
	iTerminal 0
	*** Interface descriptor ***
	bLength 9
	bDescriptorType 4
	bInterfaceNumber 3
	bAlternateSetting 0
	bNumEndpoints 0
	bInterfaceClass 0x1
	bInterfaceSubClass 0x2
	bInterfaceProtocol 0x0
	iInterface 0
	*** Interface descriptor ***
	bLength 9
	bDescriptorType 4
	bInterfaceNumber 3
	bAlternateSetting 1
	bNumEndpoints 1
	bInterfaceClass 0x1
	bInterfaceSubClass 0x2
	bInterfaceProtocol 0x0
	iInterface 0
	*** Class-specific VC Interface Descriptor ***
	bLength 7
	bDescriptorType 0x24
	bDescriptorSubType 0x01
	bcdUVC 0003
	wTotalLength 1
	dwClockFrequency 16917515
	bInCollection 2
	baInterfaceNr[0] 2
	baInterfaceNr[1] 16
	*** Input Terminal Descriptor (Media) ***
	bLength 11
	bDescriptorType 0x24
	bDescriptorSubType 0x02
	bTerminalID 0x1
	wTerminalType 0x202
	bAssocTerminal 16
	iTerminal 1
	bControlSize 128
	bmControls 0xBB
	bTransportModeSize 0
	bmTransportModes 0x9 0x5 0x83 0x1 0xC0
		*** Endpoint descriptor ***
		bLength 9
		bDescriptorType 5
		bEndpointAddress 0x83	EP 3 IN
		bmAttributes 0x1	ISOC
		wMaxPacketSize 192
		bInterval 4
		*** Class-specific Interrupt Endpoint Descriptor ***
		bLength 7
		bDescriptorType 0x25
		bDescriptorSubType 1
		wMaxTransferSize 1
	*** Interface descriptor ***
	bLength 9
	bDescriptorType 4
	bInterfaceNumber 4
	bAlternateSetting 0
	bNumEndpoints 2
	bInterfaceClass 0x3
	bInterfaceSubClass 0x0
	bInterfaceProtocol 0x0
	iInterface 0
 *** Unknown Descriptor Length: 9 Type: 33 ***
		*** Endpoint descriptor ***
		bLength 7
		bDescriptorType 5
		bEndpointAddress 0x84	EP 4 IN
		bmAttributes 0x3	INT
		wMaxPacketSize 64
		bInterval 4
		*** Endpoint descriptor ***
		bLength 7
		bDescriptorType 5
		bEndpointAddress 0x1	EP 1 OUT
		bmAttributes 0x3	INT
		wMaxPacketSize 64
		bInterval 4
PV-UVC-ENUM device aberto em 2034 ms
PV-UVC-ENUM cap driver=USB-UVC0 card=USB-UVC0 bus=esp32p4:USB-UVC0 caps=0x84201001 device_caps=0x04201001
PV-UVC-ENUM fmt index=0 fourcc=JPEG flags=0x0 desc="JPEG"
PV-UVC-ENUM size fourcc=JPEG index=0 1920x1080
PV-UVC-ENUM interval fourcc=JPEG 1920x1080 index=0 tipo=discrete num=333333 den=10000000 fps_x1000=30000
PV-UVC-ENUM interval fourcc=JPEG 1920x1080 index=1 tipo=discrete num=666666 den=10000000 fps_x1000=15000
PV-UVC-ENUM interval fourcc=JPEG 1920x1080 index=2 tipo=discrete num=1000000 den=10000000 fps_x1000=10000
PV-UVC-ENUM size fourcc=JPEG index=1 640x320
PV-UVC-ENUM interval fourcc=JPEG 640x320 index=0 tipo=discrete num=333333 den=10000000 fps_x1000=30000
PV-UVC-ENUM interval fourcc=JPEG 640x320 index=1 tipo=discrete num=666666 den=10000000 fps_x1000=15000
PV-UVC-ENUM interval fourcc=JPEG 640x320 index=2 tipo=discrete num=1000000 den=10000000 fps_x1000=10000
PV-UVC-ENUM size fourcc=JPEG index=2 640x480
PV-UVC-ENUM interval fourcc=JPEG 640x480 index=0 tipo=discrete num=333333 den=10000000 fps_x1000=30000
PV-UVC-ENUM interval fourcc=JPEG 640x480 index=1 tipo=discrete num=666666 den=10000000 fps_x1000=15000
PV-UVC-ENUM interval fourcc=JPEG 640x480 index=2 tipo=discrete num=1000000 den=10000000 fps_x1000=10000
PV-UVC-ENUM size fourcc=JPEG index=3 800x600
PV-UVC-ENUM interval fourcc=JPEG 800x600 index=0 tipo=discrete num=333333 den=10000000 fps_x1000=30000
PV-UVC-ENUM interval fourcc=JPEG 800x600 index=1 tipo=discrete num=666666 den=10000000 fps_x1000=15000
PV-UVC-ENUM interval fourcc=JPEG 800x600 index=2 tipo=discrete num=1000000 den=10000000 fps_x1000=10000
PV-UVC-ENUM size fourcc=JPEG index=4 1024x768
PV-UVC-ENUM interval fourcc=JPEG 1024x768 index=0 tipo=discrete num=333333 den=10000000 fps_x1000=30000
PV-UVC-ENUM interval fourcc=JPEG 1024x768 index=1 tipo=discrete num=666666 den=10000000 fps_x1000=15000
PV-UVC-ENUM interval fourcc=JPEG 1024x768 index=2 tipo=discrete num=1000000 den=10000000 fps_x1000=10000
PV-UVC-ENUM size fourcc=JPEG index=5 1280x720
PV-UVC-ENUM interval fourcc=JPEG 1280x720 index=0 tipo=discrete num=333333 den=10000000 fps_x1000=30000
PV-UVC-ENUM interval fourcc=JPEG 1280x720 index=1 tipo=discrete num=666666 den=10000000 fps_x1000=15000
PV-UVC-ENUM interval fourcc=JPEG 1280x720 index=2 tipo=discrete num=1000000 den=10000000 fps_x1000=10000
PV-UVC-ENUM size fourcc=JPEG index=6 1280x960
PV-UVC-ENUM interval fourcc=JPEG 1280x960 index=0 tipo=discrete num=333333 den=10000000 fps_x1000=30000
PV-UVC-ENUM interval fourcc=JPEG 1280x960 index=1 tipo=discrete num=666666 den=10000000 fps_x1000=15000
PV-UVC-ENUM interval fourcc=JPEG 1280x960 index=2 tipo=discrete num=1000000 den=10000000 fps_x1000=10000
PV-UVC-ENUM size fourcc=JPEG index=7 1600x1200
PV-UVC-ENUM interval fourcc=JPEG 1600x1200 index=0 tipo=discrete num=333333 den=10000000 fps_x1000=30000
PV-UVC-ENUM interval fourcc=JPEG 1600x1200 index=1 tipo=discrete num=666666 den=10000000 fps_x1000=15000
PV-UVC-ENUM interval fourcc=JPEG 1600x1200 index=2 tipo=discrete num=1000000 den=10000000 fps_x1000=10000
PV-UVC-ENUM size fourcc=JPEG index=8 2048x1536
PV-UVC-ENUM interval fourcc=JPEG 2048x1536 index=0 tipo=discrete num=333333 den=10000000 fps_x1000=30000
PV-UVC-ENUM interval fourcc=JPEG 2048x1536 index=1 tipo=discrete num=666666 den=10000000 fps_x1000=15000
PV-UVC-ENUM interval fourcc=JPEG 2048x1536 index=2 tipo=discrete num=1000000 den=10000000 fps_x1000=10000
PV-UVC-ENUM size fourcc=JPEG index=9 2592x1944
PV-UVC-ENUM interval fourcc=JPEG 2592x1944 index=0 tipo=discrete num=333333 den=10000000 fps_x1000=30000
PV-UVC-ENUM interval fourcc=JPEG 2592x1944 index=1 tipo=discrete num=666666 den=10000000 fps_x1000=15000
PV-UVC-ENUM interval fourcc=JPEG 2592x1944 index=2 tipo=discrete num=1000000 den=10000000 fps_x1000=10000
PV-UVC-ENUM size fourcc=JPEG index=10 3264x2448
PV-UVC-ENUM interval fourcc=JPEG 3264x2448 index=0 tipo=discrete num=333333 den=10000000 fps_x1000=30000
PV-UVC-ENUM interval fourcc=JPEG 3264x2448 index=1 tipo=discrete num=666666 den=10000000 fps_x1000=15000
PV-UVC-ENUM interval fourcc=JPEG 3264x2448 index=2 tipo=discrete num=1000000 den=10000000 fps_x1000=10000
PV-UVC-ENUM size fourcc=JPEG index=11 3840x2160
PV-UVC-ENUM interval fourcc=JPEG 3840x2160 index=0 tipo=discrete num=333333 den=10000000 fps_x1000=30000
PV-UVC-ENUM interval fourcc=JPEG 3840x2160 index=1 tipo=discrete num=666666 den=10000000 fps_x1000=15000
PV-UVC-ENUM interval fourcc=JPEG 3840x2160 index=2 tipo=discrete num=1000000 den=10000000 fps_x1000=10000
PV-UVC-ENUM size fourcc=JPEG index=12 4000x3000
PV-UVC-ENUM interval fourcc=JPEG 4000x3000 index=0 tipo=discrete num=666666 den=10000000 fps_x1000=15000
PV-UVC-ENUM interval fourcc=JPEG 4000x3000 index=1 tipo=discrete num=1000000 den=10000000 fps_x1000=10000
PV-UVC-ENUM size fourcc=JPEG index=13 320x240
PV-UVC-ENUM interval fourcc=JPEG 320x240 index=0 tipo=discrete num=333333 den=10000000 fps_x1000=30000
PV-UVC-ENUM interval fourcc=JPEG 320x240 index=1 tipo=discrete num=666666 den=10000000 fps_x1000=15000
PV-UVC-ENUM fmt index=1 fourcc=YUYV flags=0x0 desc="YUV 4:2:2 YUYV"
PV-UVC-ENUM size fourcc=YUYV index=0 320x240
PV-UVC-ENUM interval fourcc=YUYV 320x240 index=0 tipo=discrete num=500000 den=10000000 fps_x1000=20000
PV-UVC-ENUM interval fourcc=YUYV 320x240 index=1 tipo=discrete num=1000000 den=10000000 fps_x1000=10000
PV-UVC-ENUM size fourcc=YUYV index=1 640x360
PV-UVC-ENUM interval fourcc=YUYV 640x360 index=0 tipo=discrete num=500000 den=10000000 fps_x1000=20000
PV-UVC-ENUM interval fourcc=YUYV 640x360 index=1 tipo=discrete num=1000000 den=10000000 fps_x1000=10000
PV-UVC-ENUM size fourcc=YUYV index=2 640x480
PV-UVC-ENUM interval fourcc=YUYV 640x480 index=0 tipo=discrete num=1000000 den=10000000 fps_x1000=10000
PV-UVC-ENUM size fourcc=YUYV index=3 800x600
PV-UVC-ENUM interval fourcc=YUYV 800x600 index=0 tipo=discrete num=1000000 den=10000000 fps_x1000=10000
PV-UVC-ENUM size fourcc=YUYV index=4 1024x720
PV-UVC-ENUM interval fourcc=YUYV 1024x720 index=0 tipo=discrete num=1000000 den=10000000 fps_x1000=10000
PV-UVC-ENUM size fourcc=YUYV index=5 1280x940
PV-UVC-ENUM interval fourcc=YUYV 1280x940 index=0 tipo=discrete num=1000000 den=10000000 fps_x1000=10000
PV-UVC-ENUM size fourcc=YUYV index=6 1280x1024
PV-UVC-ENUM interval fourcc=YUYV 1280x1024 index=0 tipo=discrete num=1000000 den=10000000 fps_x1000=10000
PV-UVC-ENUM size fourcc=YUYV index=7 1600x1200
PV-UVC-ENUM interval fourcc=YUYV 1600x1200 index=0 tipo=discrete num=2000000 den=10000000 fps_x1000=5000
PV-UVC-ENUM size fourcc=YUYV index=8 1920x1080
PV-UVC-ENUM interval fourcc=YUYV 1920x1080 index=0 tipo=discrete num=2000000 den=10000000 fps_x1000=5000
PV-UVC-ENUM size fourcc=YUYV index=9 2048x1536
PV-UVC-ENUM interval fourcc=YUYV 2048x1536 index=0 tipo=discrete num=2000000 den=10000000 fps_x1000=5000
PV-UVC-ENUM size fourcc=YUYV index=10 2560x1440
PV-UVC-ENUM interval fourcc=YUYV 2560x1440 index=0 tipo=discrete num=2000000 den=10000000 fps_x1000=5000
PV-UVC-ENUM size fourcc=YUYV index=11 2592x1944
PV-UVC-ENUM interval fourcc=YUYV 2592x1944 index=0 tipo=discrete num=2000000 den=10000000 fps_x1000=5000
PV-UVC-ENUM result=OK tamanhos_jpeg=14
I (5051) usb_uvc_device: All UVC devices already enumerated
PV-UVC-FMT requested=800x600 applied=800x600 fourcc=JPEG sizeimage=0
I (5070) uvc: Allocating 2 USB transfers for ISOC. Each: 3072 bytes, 1 ISOC packets, 3072 MPS
W (8105) PvUvcSpike: DQBUF de descarte 0 falhou: errno=1(Not owner)
PV-UVC-WARMUP requested=800x600 descartados=0
E (13105) PvUvcSpike: VIDIOC_DQBUF falhou: errno=1(Not owner)

assert failed: usbh_dev_close usbh.c:1226 (dev_obj->dynamic.num_ctrl_xfers_inflight == 0)
Core  0 register dump:
MEPC    : 0x4ff0d048  RA      : 0x4ff0cbe0  SP      : 0x4ff3deb0  GP      : 0x4ff14300  
TP      : 0x4ff3e4e0  T0      : 0x695f7372  T1      : 0x616e7964  T2      : 0x696c666e  
S0/FP   : 0x0000006e  S1      : 0x00000001  A0      : 0x4ff3def8  A1      : 0x4ff16881  
A2      : 0x00000001  A3      : 0x4ff1a000  A4      : 0x00000001  A5      : 0x4ff1a000  
A6      : 0x00000008  A7      : 0x3e2d6a62  S2      : 0x4ff3def8  S3      : 0x4ff3df19  
S4      : 0x4ff16880  S5      : 0x4ff3def8  S6      : 0x48043896  S7      : 0x00000002  
S8      : 0x00001fa9  S9      : 0x480a4c98  S10     : 0x001e8480  S11     : 0x00000002  
T3      : 0x2e63696d  T4      : 0x5f6d756e  T5      : 0x6c727463  T6      : 0x6566785f  
MSTATUS : 0x00011880  MTVEC   : 0x4ff00003  MCAUSE  : 0x00000002  MTVAL   : 0x00000000  
MHARTID : 0x00000000  

Stack memory:
4ff3deb0: 0x00000000 0x00000000 0x480da1c4 0x4ff0a8b8 0x36323231 0x00000000 0x00000000 0x00000000
4ff3ded0: 0x00000000 0x4ff1712c 0x480da1c4 0x4ff17110 0x480ae0d1 0x4ff1713c 0x4ff3dec0 0x4ff17140
4ff3def0: 0x480ae248 0x4ff16880 0x65737361 0x66207472 0x656c6961 0x75203a64 0x5f686273 0x5f766564
4ff3df10: 0x736f6c63 0x73752065 0x632e6862 0x3232313a 0x64282036 0x6f5f7665 0x3e2d6a62 0x616e7964
4ff3df30: 0x2e63696d 0x5f6d756e 0x6c727463 0x6566785f 0x695f7372 0x696c666e 0x20746867 0x30203d3d
4ff3df50: 0x00000029 0x00000000 0x4ff51bd0 0xfffffffe 0x00000000 0x00000000 0x4ff3e518 0xfffffffe
4ff3df70: 0x00000000 0x480e7b90 0x4ff3e518 0x4807df5c 0x00000000 0x000000a8 0x480e7bc4 0x480e0ee4
4ff3df90: 0x4ff51a08 0x00000000 0x4ff3e8bc 0x4ff3fb68 0x480e6fa8 0x00000000 0x4ff3e8bc 0x4807e2c4
4ff3dfb0: 0x480e6fa8 0x00000000 0x4ff3e8bc 0x4807c782 0x4ff51a08 0x00000000 0x4ff3e418 0x4ff3fb68
4ff3dfd0: 0x480e6fa8 0x4ff1a000 0x480e7018 0x48043896 0x4ff51a08 0x00000000 0x480e7018 0x480e7018
4ff3dff0: 0x480e6fa8 0x4ff1a000 0x480e7018 0x48041a08 0x00000103 0x480e7b28 0x00000002 0x010e7d58
4ff3e010: 0x00000103 0x480e7b28 0x00000002 0x4803c3e6 0x00000103 0x4ff1a000 0x480e7b28 0x4803d944
4ff3e030: 0x00000103 0x4ff3fb68 0x4ff3fae4 0x48025bb0 0x00000000 0x40045613 0x4ff3fb68 0x48022870
4ff3e050: 0x00000001 0x40045613 0x00000001 0x4802303c 0x00000001 0x4ff14588 0x480a4364 0x00003331
4ff3e070: 0x00000000 0x480a4c98 0x4ff5073c 0x4802c984 0x00000001 0x00000000 0x4ff3e418 0x4808041e
4ff3e090: 0x00000001 0x4ff14588 0x480a4848 0x00000004 0x00000000 0x00000000 0x00000000 0x4ff3e0c8
4ff3e0b0: 0x00000004 0x4ff14588 0x00000004 0x48021362 0x00000005 0x00000000 0x4ff3e100 0x00000000
4ff3e0d0: 0x20800008 0x00000001 0x00000001 0x0000000a 0x4ff3e1a8 0x480e71a8 0x480e71a8 0x4803dd74
4ff3e0f0: 0x00000000 0x4ff1a000 0x4ff3fae4 0x00000001 0x00000001 0x4745504a 0x00000000 0x00000002
4ff3e110: 0x00000001 0x00000001 0x00000000 0x00000000 0x4ff3fb68 0x480f0a40 0x48165d80 0x00075300
4ff3e130: 0x00075300 0x00000000 0x00000000 0x00000001 0x00000000 0x00000000 0x00000000 0x00000000
4ff3e150: 0x00000000 0x00000000 0x00000000 0x00000000 0x00000000 0x00000000 0x00000000 0x00000000
4ff3e170: 0x00000000 0x00000001 0x00000000 0x00000000 0x00000000 0x00000000 0x00000001 0x00000320
4ff3e190: 0x00000258 0x4745504a 0x00000000 0x00000000 0x00000000 0x00000000 0x00000000 0x00000000
4ff3e1b0: 0x00000000 0x00000000 0x00000000 0x00000000 0x00000000 0x00000000 0x00000000 0x00000000
4ff3e1d0: 0x00000000 0x00000000 0x00000000 0x00000000 0x00000000 0x00000000 0x00000000 0x00000000
4ff3e1f0: 0x00000000 0x00000000 0x00000000 0x00000000 0x00000000 0x00000000 0x00000000 0x00000000
4ff3e210: 0x00000000 0x00000000 0x00000000 0x00000000 0x00000000 0x00000000 0x00000000 0x00000000
4ff3e230: 0x00000000 0x00000000 0x00000000 0x00000000 0x00000000 0x00000000 0x00000000 0x00000000
4ff3e250: 0x00000000 0x00000001 0x00000320 0x00000258 0x4745504a 0x00000000 0x00000000 0x00000000
4ff3e270: 0x00000000 0x00000000 0x00000000 0x00000000 0x00000000 0x00000000 0x00000000 0x00000000
4ff3e290: 0x00000000 0x00000000 0x00000000 0x00000000 0x00000000 0x00000000 0x00000000 0x00000000



ELF file SHA256: e87c6fa39

Rebooting...
ESP-ROM:esp32p4-eco2-20240710
Build:Jul 10 2024
rst:0xc (SW_CPU_RESET),boot:0xf (SPI_FAST_FLASH_BOOT)
Core0 Saved PC:0x4ff00c9e
Core1 Saved PC:0x4ff0698c
SPI mode:DIO, clock div:1
load:0x4ff33ce0,len:0x5d0
load:0x4ff28ed0,len:0xdf8
load:0x4ff2bbd0,len:0x34b8
entry 0x4ff28ed0
I (46) hex_psram: vendor id    : 0x0d (AP)
I (46) hex_psram: Latency      : 0x01 (Fixed)
I (46) hex_psram: DriveStr.    : 0x00 (25 Ohm)
I (47) hex_psram: dev id       : 0x03 (generation 4)
I (51) hex_psram: density      : 0x07 (256 Mbit)
I (56) hex_psram: good-die     : 0x06 (Pass)
I (60) hex_psram: SRF          : 0x02 (Slow Refresh)
I (64) hex_psram: BurstType    : 0x00 ( Wrap)
I (69) hex_psram: BurstLen     : 0x03 (2048 Byte)
I (73) hex_psram: BitMode      : 0x01 (X16 Mode)
I (77) hex_psram: Readlatency  : 0x04 (14 cycles@Fixed)
I (82) hex_psram: DriveStrength: 0x00 (1/1)
I (86) MSPI Timing: Enter psram timing tuning
I esp_psram: Found 32MB PSRAM device
I esp_psram: Speed: 200MHz
I (283) mmu_psram: .rodata xip on psram
I (316) mmu_psram: .text xip on psram
I (319) hex_psram: psram CS IO is dedicated
I (319) cpu_start: Multicore app
I (328) cpu_start: GPIO 38 and 37 are used as console UART I/O pins
I (328) cpu_start: Pro cpu start user code
I (328) cpu_start: cpu freq: 360000000 Hz
I (330) app_init: Application information:
I (334) app_init: Project name:     xiaozhi
I (338) app_init: App version:      2.4.0
I (342) app_init: Compile time:     Aug 10 2026 22:03:41
I (347) app_init: ELF file SHA256:  e87c6fa39...
I (351) app_init: ESP-IDF:          v6.0.2
I (355) efuse_init: Min chip rev:     v1.0
I (359) efuse_init: Max chip rev:     v1.99 
I (363) efuse_init: Chip rev:         v1.3
I (367) heap_init: Initializing. RAM available for dynamic allocation:
I (373) heap_init: At 4FF1A740 len 00020880 (130 KiB): RETENT_RAM
I (379) heap_init: At 4FF3AFC0 len 00004BF0 (18 KiB): RAM
I (384) heap_init: At 4FF40000 len 00060000 (384 KiB): RAM
I (389) heap_init: At 50108080 len 00007F80 (31 KiB): RTCRAM
I (394) heap_init: At 30100088 len 00001F78 (7 KiB): SPM
I (399) esp_psram: Adding pool of 31808K of PSRAM memory to heap allocator
I (406) esp_psram: Adding pool of 62K of PSRAM memory gap generated due to end address alignment of irom to the heap allocator
I (417) esp_psram: Adding pool of 60K of PSRAM memory gap generated due to end address alignment of drom to the heap allocator
I (428) spi_flash: detected chip: gd
I (431) spi_flash: flash io: qio
I (434) host_init: ESP Hosted : Host chip_ip[18]
I (439) H_API: ESP-Hosted starting. Hosted_Tasks: prio:23, stack: 5120 RPC_task_stack: 5120
I (447) H_API: ** add_esp_wifi_remote_channels **
I (452) sleep_gpio: Configure to isolate all GPIO pins in sleep state
I (458) sleep_gpio: Enable automatic switching of GPIO sleep configuration
I (466) H_SDIO_DRV: sdio_data_to_rx_buf_task started
I (469) main_task: Started on CPU0
I (472) esp_psram: Reserving pool of 64K of internal memory for DMA/internal allocations
I (481) main_task: Calling app_main()

PV-UVC-SPIKE inicio (F2B) degraus=5
PV-UVC-MEM etapa=boot psram_livre=32669812 psram_maior_bloco=32505856 interna_livre=421195
I (2358) main_task: Returned from app_main()
PV-UVC-INIT result=OK usb_host=on uvc_dev_num=1
PV-UVC-ENUM aguardando enumeracao USB em /dev/video40 (ate 10000 ms)
I (2388) usb_uvc_device: Waiting for UVC device to be enumerated...
E (2832) ENUM: LANGID 0x409 not found
*** Configuration descriptor ***
bLength 9
bDescriptorType 2
wTotalLength 1463
bNumInterfaces 5
bConfigurationValue 1
iConfiguration 0
bmAttributes 0x80
bMaxPower 500mA
*** Interface Association Descriptor ***
bLength 8
bDescriptorType 11
bFirstInterface 0
bInterfaceCount 2
bFunctionClass 0xe
bFunctionSubClass 0x3
bFunctionProtocol 0x0
iFunction 4
	*** Interface descriptor ***
	bLength 9
	bDescriptorType 4
	bInterfaceNumber 0
	bAlternateSetting 0
	bNumEndpoints 1
	bInterfaceClass 0xe
	bInterfaceSubClass 0x1
	bInterfaceProtocol 0x0
	iInterface 0
	*** Class-specific VC Interface Descriptor ***
	bLength 13
	bDescriptorType 0x24
	bDescriptorSubType 0x01
	bcdUVC 0100
	wTotalLength 80
	dwClockFrequency 24000000
	bInCollection 1
	baInterfaceNr[0] 1
	*** Input Terminal Descriptor (Camera) ***
	bLength 18
	bDescriptorType 0x24
	bDescriptorSubType 0x02
	bTerminalID 0x1
	wTerminalType 0x201
	bAssocTerminal 0
	iTerminal 0
	wObjectiveFocalLengthMin 0
	wObjectiveFocalLengthMax 0
	wOcularFocalLength 0
	bControlSize 3
	bmControls 0x7A 0x2A 0x2
	*** Extension Unit Descriptor unsupported, skipping... ***
	*** Processing Unit Descriptor ***
	bLength 11
	bDescriptorType 0x24
	bDescriptorSubType 0x05
	bUnitID 3
	bSourceID 2
	wMaxMultiplier 16384
	bControlSize 2
	bmControls 0x7F 0x17 0x0
	iProcessing 9
	bmVideoStandards 0x24
	*** Output Terminal Descriptor ***
	bLength 9
	bDescriptorType 0x24
	bDescriptorSubType 0x03
	bTerminalID 4
	wTerminalType 0x101
	bAssocTerminal 0
	bSourceID 3
	iTerminal 0
		*** Endpoint descriptor ***
		bLength 7
		bDescriptorType 5
		bEndpointAddress 0x81	EP 1 IN
		bmAttributes 0x3	INT
		wMaxPacketSize 16
		bInterval 8
		*** Class-specific Interrupt Endpoint Descriptor ***
		bLength 5
		bDescriptorType 0x25
		bDescriptorSubType 3
		wMaxTransferSize 16
	*** Interface descriptor ***
	bLength 9
	bDescriptorType 4
	bInterfaceNumber 1
	bAlternateSetting 0
	bNumEndpoints 0
	bInterfaceClass 0xe
	bInterfaceSubClass 0x2
	bInterfaceProtocol 0x0
	iInterface 0
	*** Class-specific VC Interface Descriptor ***
	bLength 15
	bDescriptorType 0x24
	bDescriptorSubType 0x01
	bcdUVC fc02
	wTotalLength 33283
	dwClockFrequency 16909312
	bInCollection 1
	baInterfaceNr[0] 1
	*** Extension Unit Descriptor unsupported, skipping... ***
	*** VS Frame Descriptor ***
	bLength 38
	bDescriptorType 0x24
	bDescriptorSubType 0x07
	bFrameIndex 1
	bmCapabilities 0x0
	wWidth 1920
	wHeight 1080
	dwMinBitRate 20736000
	dwMaxBitRate 62208000
	dwMaxVideoFrameBufSize 2073600
	dwDefaultFrameInterval 333333
	bFrameIntervalType 3
	FrameInterval[0] 333333
	FrameInterval[1] 666666
	FrameInterval[2] 1000000
	*** VS Frame Descriptor ***
	bLength 38
	bDescriptorType 0x24
	bDescriptorSubType 0x07
	bFrameIndex 2
	bmCapabilities 0x0
	wWidth 640
	wHeight 320
	dwMinBitRate 2048000
	dwMaxBitRate 6144000
	dwMaxVideoFrameBufSize 204800
	dwDefaultFrameInterval 333333
	bFrameIntervalType 3
	FrameInterval[0] 333333
	FrameInterval[1] 666666
	FrameInterval[2] 1000000
	*** VS Frame Descriptor ***
	bLength 38
	bDescriptorType 0x24
	bDescriptorSubType 0x07
	bFrameIndex 3
	bmCapabilities 0x0
	wWidth 640
	wHeight 480
	dwMinBitRate 3072000
	dwMaxBitRate 9216000
	dwMaxVideoFrameBufSize 307200
	dwDefaultFrameInterval 333333
	bFrameIntervalType 3
	FrameInterval[0] 333333
	FrameInterval[1] 666666
	FrameInterval[2] 1000000
	*** VS Frame Descriptor ***
	bLength 38
	bDescriptorType 0x24
	bDescriptorSubType 0x07
	bFrameIndex 4
	bmCapabilities 0x0
	wWidth 800
	wHeight 600
	dwMinBitRate 4800000
	dwMaxBitRate 14400000
	dwMaxVideoFrameBufSize 480000
	dwDefaultFrameInterval 333333
	bFrameIntervalType 3
	FrameInterval[0] 333333
	FrameInterval[1] 666666
	FrameInterval[2] 1000000
	*** VS Frame Descriptor ***
	bLength 38
	bDescriptorType 0x24
	bDescriptorSubType 0x07
	bFrameIndex 5
	bmCapabilities 0x0
	wWidth 1024
	wHeight 768
	dwMinBitRate 7864320
	dwMaxBitRate 23592960
	dwMaxVideoFrameBufSize 786432
	dwDefaultFrameInterval 333333
	bFrameIntervalType 3
	FrameInterval[0] 333333
	FrameInterval[1] 666666
	FrameInterval[2] 1000000
	*** VS Frame Descriptor ***
	bLength 38
	bDescriptorType 0x24
	bDescriptorSubType 0x07
	bFrameIndex 6
	bmCapabilities 0x0
	wWidth 1280
	wHeight 720
	dwMinBitRate 9216000
	dwMaxBitRate 27648000
	dwMaxVideoFrameBufSize 921600
	dwDefaultFrameInterval 333333
	bFrameIntervalType 3
	FrameInterval[0] 333333
	FrameInterval[1] 666666
	FrameInterval[2] 1000000
	*** VS Frame Descriptor ***
	bLength 38
	bDescriptorType 0x24
	bDescriptorSubType 0x07
	bFrameIndex 7
	bmCapabilities 0x0
	wWidth 1280
	wHeight 960
	dwMinBitRate 12288000
	dwMaxBitRate 36864000
	dwMaxVideoFrameBufSize 1228800
	dwDefaultFrameInterval 333333
	bFrameIntervalType 3
	FrameInterval[0] 333333
	FrameInterval[1] 666666
	FrameInterval[2] 1000000
	*** VS Frame Descriptor ***
	bLength 38
	bDescriptorType 0x24
	bDescriptorSubType 0x07
	bFrameIndex 8
	bmCapabilities 0x0
	wWidth 1600
	wHeight 1200
	dwMinBitRate 19200000
	dwMaxBitRate 57600000
	dwMaxVideoFrameBufSize 1920000
	dwDefaultFrameInterval 333333
	bFrameIntervalType 3
	FrameInterval[0] 333333
	FrameInterval[1] 666666
	FrameInterval[2] 1000000
	*** VS Frame Descriptor ***
	bLength 38
	bDescriptorType 0x24
	bDescriptorSubType 0x07
	bFrameIndex 9
	bmCapabilities 0x0
	wWidth 2048
	wHeight 1536
	dwMinBitRate 31457280
	dwMaxBitRate 94371840
	dwMaxVideoFrameBufSize 3145728
	dwDefaultFrameInterval 333333
	bFrameIntervalType 3
	FrameInterval[0] 333333
	FrameInterval[1] 666666
	FrameInterval[2] 1000000
	*** VS Frame Descriptor ***
	bLength 38
	bDescriptorType 0x24
	bDescriptorSubType 0x07
	bFrameIndex 10
	bmCapabilities 0x0
	wWidth 2592
	wHeight 1944
	dwMinBitRate 50388480
	dwMaxBitRate 151165440
	dwMaxVideoFrameBufSize 5038848
	dwDefaultFrameInterval 333333
	bFrameIntervalType 3
	FrameInterval[0] 333333
	FrameInterval[1] 666666
	FrameInterval[2] 1000000
	*** VS Frame Descriptor ***
	bLength 38
	bDescriptorType 0x24
	bDescriptorSubType 0x07
	bFrameIndex 11
	bmCapabilities 0x0
	wWidth 3264
	wHeight 2448
	dwMinBitRate 79902720
	dwMaxBitRate 239708160
	dwMaxVideoFrameBufSize 7990272
	dwDefaultFrameInterval 333333
	bFrameIntervalType 3
	FrameInterval[0] 333333
	FrameInterval[1] 666666
	FrameInterval[2] 1000000
	*** VS Frame Descriptor ***
	bLength 38
	bDescriptorType 0x24
	bDescriptorSubType 0x07
	bFrameIndex 12
	bmCapabilities 0x0
	wWidth 3840
	wHeight 2160
	dwMinBitRate 82944000
	dwMaxBitRate 248832000
	dwMaxVideoFrameBufSize 8294400
	dwDefaultFrameInterval 333333
	bFrameIntervalType 3
	FrameInterval[0] 333333
	FrameInterval[1] 666666
	FrameInterval[2] 1000000
	*** VS Frame Descriptor ***
	bLength 34
	bDescriptorType 0x24
	bDescriptorSubType 0x07
	bFrameIndex 13
	bmCapabilities 0x0
	wWidth 4000
	wHeight 3000
	dwMinBitRate 120000000
	dwMaxBitRate 180000000
	dwMaxVideoFrameBufSize 12000000
	dwDefaultFrameInterval 666666
	bFrameIntervalType 2
	FrameInterval[0] 666666
	FrameInterval[1] 1000000
	*** VS Frame Descriptor ***
	bLength 34
	bDescriptorType 0x24
	bDescriptorSubType 0x07
	bFrameIndex 14
	bmCapabilities 0x0
	wWidth 320
	wHeight 240
	dwMinBitRate 1152000
	dwMaxBitRate 2304000
	dwMaxVideoFrameBufSize 76800
	dwDefaultFrameInterval 333333
	bFrameIntervalType 2
	FrameInterval[0] 333333
	FrameInterval[1] 666666
	*** Output Terminal Descriptor ***
	bLength 63
	bDescriptorType 0x24
	bDescriptorSubType 0x03
	bTerminalID 0
	wTerminalType 0x800E
	bAssocTerminal 7
	bSourceID 56
	iTerminal 4
	*** VS Color Format Descriptor ***
	bLength 6
	bDescriptorType 0x24
	bDescriptorSubType 0x0D
	bColorPrimaries 0x1
	bTransferCharacteristics 1
	bMatrixCoefficients 0x4
	*** Selector Unit Descriptor ***
	bLength 27
	bDescriptorType 0x24
	bDescriptorSubType 0x04
	bUnitID 2
	bNrInPins 12
	baSourceID1 89
	baSourceID2 85
	iSelector 89
	*** Processing Unit Descriptor ***
	bLength 34
	bDescriptorType 0x24
	bDescriptorSubType 0x05
	bUnitID 1
	bSourceID 0
	wMaxMultiplier 320
	bControlSize 240
	bmControls 0x0 0x0 0x70
	iProcessing 23
	bmVideoStandards 0x0
	*** Processing Unit Descriptor ***
	bLength 34
	bDescriptorType 0x24
	bDescriptorSubType 0x05
	bUnitID 2
	bSourceID 0
	wMaxMultiplier 640
	bControlSize 104
	bmControls 0x1 0x0 0x50
	iProcessing 70
	bmVideoStandards 0x0
	*** Processing Unit Descriptor ***
	bLength 30
	bDescriptorType 0x24
	bDescriptorSubType 0x05
	bUnitID 3
	bSourceID 0
	wMaxMultiplier 640
	bControlSize 224
	bmControls 0x1 0x0 0xC0
	iProcessing 93
	bmVideoStandards 0x0
	*** Processing Unit Descriptor ***
	bLength 30
	bDescriptorType 0x24
	bDescriptorSubType 0x05
	bUnitID 4
	bSourceID 0
	wMaxMultiplier 800
	bControlSize 88
	bmControls 0x2 0x0 0x7C
	iProcessing 146
	bmVideoStandards 0x0
	*** Processing Unit Descriptor ***
	bLength 30
	bDescriptorType 0x24
	bDescriptorSubType 0x05
	bUnitID 5
	bSourceID 0
	wMaxMultiplier 1024
	bControlSize 208
	bmControls 0x2 0x0 0x0
	iProcessing 225
	bmVideoStandards 0x0
	*** Processing Unit Descriptor ***
	bLength 30
	bDescriptorType 0x24
	bDescriptorSubType 0x05
	bUnitID 6
	bSourceID 0
	wMaxMultiplier 1280
	bControlSize 172
	bmControls 0x3 0x0 0x30
	iProcessing 111
	bmVideoStandards 0x1
	*** Processing Unit Descriptor ***
	bLength 30
	bDescriptorType 0x24
	bDescriptorSubType 0x05
	bUnitID 7
	bSourceID 0
	wMaxMultiplier 1280
	bControlSize 0
	bmControls 0x4 0x0 0x0
	iProcessing 144
	bmVideoStandards 0x1
	*** Processing Unit Descriptor ***
	bLength 30
	bDescriptorType 0x24
	bDescriptorSubType 0x05
	bUnitID 8
	bSourceID 0
	wMaxMultiplier 1600
	bControlSize 176
	bmControls 0x4 0x0 0xF8
	iProcessing 36
	bmVideoStandards 0x1
	*** Processing Unit Descriptor ***
	bLength 30
	bDescriptorType 0x24
	bDescriptorSubType 0x05
	bUnitID 9
	bSourceID 0
	wMaxMultiplier 1920
	bControlSize 56
	bmControls 0x4 0x0 0x68
	iProcessing 60
	bmVideoStandards 0x1
	*** Processing Unit Descriptor ***
	bLength 30
	bDescriptorType 0x24
	bDescriptorSubType 0x05
	bUnitID 10
	bSourceID 0
	wMaxMultiplier 2048
	bControlSize 0
	bmControls 0x6 0x0 0x0
	iProcessing 224
	bmVideoStandards 0x1
	*** Processing Unit Descriptor ***
	bLength 30
	bDescriptorType 0x24
	bDescriptorSubType 0x05
	bUnitID 11
	bSourceID 0
	wMaxMultiplier 2560
	bControlSize 160
	bmControls 0x5 0x0 0x80
	iProcessing 50
	bmVideoStandards 0x2
	*** Processing Unit Descriptor ***
	bLength 30
	bDescriptorType 0x24
	bDescriptorSubType 0x05
	bUnitID 12
	bSourceID 0
	wMaxMultiplier 2592
	bControlSize 152
	bmControls 0x7 0x0 0xDE
	iProcessing 0
	bmVideoStandards 0x3
	*** VS Color Format Descriptor ***
	bLength 6
	bDescriptorType 0x24
	bDescriptorSubType 0x0D
	bColorPrimaries 0x1
	bTransferCharacteristics 1
	bMatrixCoefficients 0x4
	*** Interface descriptor ***
	bLength 9
	bDescriptorType 4
	bInterfaceNumber 1
	bAlternateSetting 1
	bNumEndpoints 1
	bInterfaceClass 0xe
	bInterfaceSubClass 0x2
	bInterfaceProtocol 0x0
	iInterface 0
		*** Endpoint descriptor ***
		bLength 7
		bDescriptorType 5
		bEndpointAddress 0x82	EP 2 IN
		bmAttributes 0x5	ISOC
		wMaxPacketSize 192
		bInterval 1
	*** Interface descriptor ***
	bLength 9
	bDescriptorType 4
	bInterfaceNumber 1
	bAlternateSetting 2
	bNumEndpoints 1
	bInterfaceClass 0xe
	bInterfaceSubClass 0x2
	bInterfaceProtocol 0x0
	iInterface 0
		*** Endpoint descriptor ***
		bLength 7
		bDescriptorType 5
		bEndpointAddress 0x82	EP 2 IN
		bmAttributes 0x5	ISOC
		wMaxPacketSize 384
		bInterval 1
	*** Interface descriptor ***
	bLength 9
	bDescriptorType 4
	bInterfaceNumber 1
	bAlternateSetting 3
	bNumEndpoints 1
	bInterfaceClass 0xe
	bInterfaceSubClass 0x2
	bInterfaceProtocol 0x0
	iInterface 0
		*** Endpoint descriptor ***
		bLength 7
		bDescriptorType 5
		bEndpointAddress 0x82	EP 2 IN
		bmAttributes 0x5	ISOC
		wMaxPacketSize 512
		bInterval 1
	*** Interface descriptor ***
	bLength 9
	bDescriptorType 4
	bInterfaceNumber 1
	bAlternateSetting 4
	bNumEndpoints 1
	bInterfaceClass 0xe
	bInterfaceSubClass 0x2
	bInterfaceProtocol 0x0
	iInterface 0
		*** Endpoint descriptor ***
		bLength 7
		bDescriptorType 5
		bEndpointAddress 0x82	EP 2 IN
		bmAttributes 0x5	ISOC
		wMaxPacketSize 640
		bInterval 1
	*** Interface descriptor ***
	bLength 9
	bDescriptorType 4
	bInterfaceNumber 1
	bAlternateSetting 5
	bNumEndpoints 1
	bInterfaceClass 0xe
	bInterfaceSubClass 0x2
	bInterfaceProtocol 0x0
	iInterface 0
		*** Endpoint descriptor ***
		bLength 7
		bDescriptorType 5
		bEndpointAddress 0x82	EP 2 IN
		bmAttributes 0x5	ISOC
		wMaxPacketSize 800
		bInterval 1
	*** Interface descriptor ***
	bLength 9
	bDescriptorType 4
	bInterfaceNumber 1
	bAlternateSetting 6
	bNumEndpoints 1
	bInterfaceClass 0xe
	bInterfaceSubClass 0x2
	bInterfaceProtocol 0x0
	iInterface 0
		*** Endpoint descriptor ***
		bLength 7
		bDescriptorType 5
		bEndpointAddress 0x82	EP 2 IN
		bmAttributes 0x5	ISOC
		wMaxPacketSize 944
		bInterval 1
	*** Interface descriptor ***
	bLength 9
	bDescriptorType 4
	bInterfaceNumber 1
	bAlternateSetting 7
	bNumEndpoints 1
	bInterfaceClass 0xe
	bInterfaceSubClass 0x2
	bInterfaceProtocol 0x0
	iInterface 0
		*** Endpoint descriptor ***
		bLength 7
		bDescriptorType 5
		bEndpointAddress 0x82	EP 2 IN
		bmAttributes 0x5	ISOC
		wMaxPacketSize 640
		wMaxPacketSize (with additional transactions in microframe) 1280
		bInterval 1
	*** Interface descriptor ***
	bLength 9
	bDescriptorType 4
	bInterfaceNumber 1
	bAlternateSetting 8
	bNumEndpoints 1
	bInterfaceClass 0xe
	bInterfaceSubClass 0x2
	bInterfaceProtocol 0x0
	iInterface 0
		*** Endpoint descriptor ***
		bLength 7
		bDescriptorType 5
		bEndpointAddress 0x82	EP 2 IN
		bmAttributes 0x5	ISOC
		wMaxPacketSize 800
		wMaxPacketSize (with additional transactions in microframe) 1600
		bInterval 1
	*** Interface descriptor ***
	bLength 9
	bDescriptorType 4
	bInterfaceNumber 1
	bAlternateSetting 9
	bNumEndpoints 1
	bInterfaceClass 0xe
	bInterfaceSubClass 0x2
	bInterfaceProtocol 0x0
	iInterface 0
		*** Endpoint descriptor ***
		bLength 7
		bDescriptorType 5
		bEndpointAddress 0x82	EP 2 IN
		bmAttributes 0x5	ISOC
		wMaxPacketSize 992
		wMaxPacketSize (with additional transactions in microframe) 1984
		bInterval 1
	*** Interface descriptor ***
	bLength 9
	bDescriptorType 4
	bInterfaceNumber 1
	bAlternateSetting 10
	bNumEndpoints 1
	bInterfaceClass 0xe
	bInterfaceSubClass 0x2
	bInterfaceProtocol 0x0
	iInterface 0
		*** Endpoint descriptor ***
		bLength 7
		bDescriptorType 5
		bEndpointAddress 0x82	EP 2 IN
		bmAttributes 0x5	ISOC
		wMaxPacketSize 896
		wMaxPacketSize (with additional transactions in microframe) 2688
		bInterval 1
	*** Interface descriptor ***
	bLength 9
	bDescriptorType 4
	bInterfaceNumber 1
	bAlternateSetting 11
	bNumEndpoints 1
	bInterfaceClass 0xe
	bInterfaceSubClass 0x2
	bInterfaceProtocol 0x0
	iInterface 0
		*** Endpoint descriptor ***
		bLength 7
		bDescriptorType 5
		bEndpointAddress 0x82	EP 2 IN
		bmAttributes 0x5	ISOC
		wMaxPacketSize 1024
		wMaxPacketSize (with additional transactions in microframe) 3072
		bInterval 1
*** Interface Association Descriptor ***
bLength 8
bDescriptorType 11
bFirstInterface 2
bInterfaceCount 2
bFunctionClass 0x1
bFunctionSubClass 0x0
bFunctionProtocol 0x0
iFunction 5
	*** Interface descriptor ***
	bLength 9
	bDescriptorType 4
	bInterfaceNumber 2
	bAlternateSetting 0
	bNumEndpoints 0
	bInterfaceClass 0x1
	bInterfaceSubClass 0x1
	bInterfaceProtocol 0x0
	iInterface 0
	*** Class-specific VC Interface Descriptor ***
	bLength 9
	bDescriptorType 0x24
	bDescriptorSubType 0x01
	bcdUVC 0100
	wTotalLength 39
	dwClockFrequency 604766977
	bInCollection 2
	baInterfaceNr[0] 1
	baInterfaceNr[1] 1
	*** Input Terminal Descriptor (Camera) ***
	bLength 12
	bDescriptorType 0x24
	bDescriptorSubType 0x02
	bTerminalID 0x1
	wTerminalType 0x201
	bAssocTerminal 0
	iTerminal 1
	wObjectiveFocalLengthMin 3
	wObjectiveFocalLengthMax 0
	wOcularFocalLength 9225
	bControlSize 6
	bmControls 0x2 0x1 0x2
	*** Extension Unit Descriptor unsupported, skipping... ***
	*** Output Terminal Descriptor ***
	bLength 9
	bDescriptorType 0x24
	bDescriptorSubType 0x03
	bTerminalID 3
	wTerminalType 0x101
	bAssocTerminal 0
	bSourceID 2
	iTerminal 0
	*** Interface descriptor ***
	bLength 9
	bDescriptorType 4
	bInterfaceNumber 3
	bAlternateSetting 0
	bNumEndpoints 0
	bInterfaceClass 0x1
	bInterfaceSubClass 0x2
	bInterfaceProtocol 0x0
	iInterface 0
	*** Interface descriptor ***
	bLength 9
	bDescriptorType 4
	bInterfaceNumber 3
	bAlternateSetting 1
	bNumEndpoints 1
	bInterfaceClass 0x1
	bInterfaceSubClass 0x2
	bInterfaceProtocol 0x0
	iInterface 0
	*** Class-specific VC Interface Descriptor ***
	bLength 7
	bDescriptorType 0x24
	bDescriptorSubType 0x01
	bcdUVC 0003
	wTotalLength 1
	dwClockFrequency 16917515
	bInCollection 2
	baInterfaceNr[0] 2
	baInterfaceNr[1] 16
	*** Input Terminal Descriptor (Media) ***
	bLength 11
	bDescriptorType 0x24
	bDescriptorSubType 0x02
	bTerminalID 0x1
	wTerminalType 0x202
	bAssocTerminal 16
	iTerminal 1
	bControlSize 128
	bmControls 0xBB
	bTransportModeSize 0
	bmTransportModes 0x9 0x5 0x83 0x1 0xC0
		*** Endpoint descriptor ***
		bLength 9
		bDescriptorType 5
		bEndpointAddress 0x83	EP 3 IN
		bmAttributes 0x1	ISOC
		wMaxPacketSize 192
		bInterval 4
		*** Class-specific Interrupt Endpoint Descriptor ***
		bLength 7
		bDescriptorType 0x25
		bDescriptorSubType 1
		wMaxTransferSize 1
	*** Interface descriptor ***
	bLength 9
	bDescriptorType 4
	bInterfaceNumber 4
	bAlternateSetting 0
	bNumEndpoints 2
	bInterfaceClass 0x3
	bInterfaceSubClass 0x0
	bInterfaceProtocol 0x0
	iInterface 0
 *** Unknown Descriptor Length: 9 Type: 33 ***
		*** Endpoint descriptor ***
		bLength 7
		bDescriptorType 5
		bEndpointAddress 0x84	EP 4 IN
		bmAttributes 0x3	INT
		wMaxPacketSize 64
		bInterval 4
		*** Endpoint descriptor ***
		bLength 7
		bDescriptorType 5
		bEndpointAddress 0x1	EP 1 OUT
		bmAttributes 0x3	INT
		wMaxPacketSize 64
		bInterval 4
PV-UVC-ENUM device aberto em 2034 ms
PV-UVC-ENUM cap driver=USB-UVC0 card=USB-UVC0 bus=esp32p4:USB-UVC0 caps=0x84201001 device_caps=0x04201001
PV-UVC-ENUM fmt index=0 fourcc=JPEG flags=0x0 desc="JPEG"
PV-UVC-ENUM size fourcc=JPEG index=0 1920x1080
PV-UVC-ENUM interval fourcc=JPEG 1920x1080 index=0 tipo=discrete num=333333 den=10000000 fps_x1000=30000
PV-UVC-ENUM interval fourcc=JPEG 1920x1080 index=1 tipo=discrete num=666666 den=10000000 fps_x1000=15000
PV-UVC-ENUM interval fourcc=JPEG 1920x1080 index=2 tipo=discrete num=1000000 den=10000000 fps_x1000=10000
PV-UVC-ENUM size fourcc=JPEG index=1 640x320
PV-UVC-ENUM interval fourcc=JPEG 640x320 index=0 tipo=discrete num=333333 den=10000000 fps_x1000=30000
PV-UVC-ENUM interval fourcc=JPEG 640x320 index=1 tipo=discrete num=666666 den=10000000 fps_x1000=15000
PV-UVC-ENUM interval fourcc=JPEG 640x320 index=2 tipo=discrete num=1000000 den=10000000 fps_x1000=10000
PV-UVC-ENUM size fourcc=JPEG index=2 640x480
PV-UVC-ENUM interval fourcc=JPEG 640x480 index=0 tipo=discrete num=333333 den=10000000 fps_x1000=30000
PV-UVC-ENUM interval fourcc=JPEG 640x480 index=1 tipo=discrete num=666666 den=10000000 fps_x1000=15000
PV-UVC-ENUM interval fourcc=JPEG 640x480 index=2 tipo=discrete num=1000000 den=10000000 fps_x1000=10000
PV-UVC-ENUM size fourcc=JPEG index=3 800x600
PV-UVC-ENUM interval fourcc=JPEG 800x600 index=0 tipo=discrete num=333333 den=10000000 fps_x1000=30000
PV-UVC-ENUM interval fourcc=JPEG 800x600 index=1 tipo=discrete num=666666 den=10000000 fps_x1000=15000
PV-UVC-ENUM interval fourcc=JPEG 800x600 index=2 tipo=discrete num=1000000 den=10000000 fps_x1000=10000
PV-UVC-ENUM size fourcc=JPEG index=4 1024x768
PV-UVC-ENUM interval fourcc=JPEG 1024x768 index=0 tipo=discrete num=333333 den=10000000 fps_x1000=30000
PV-UVC-ENUM interval fourcc=JPEG 1024x768 index=1 tipo=discrete num=666666 den=10000000 fps_x1000=15000
PV-UVC-ENUM interval fourcc=JPEG 1024x768 index=2 tipo=discrete num=1000000 den=10000000 fps_x1000=10000
PV-UVC-ENUM size fourcc=JPEG index=5 1280x720
PV-UVC-ENUM interval fourcc=JPEG 1280x720 index=0 tipo=discrete num=333333 den=10000000 fps_x1000=30000
PV-UVC-ENUM interval fourcc=JPEG 1280x720 index=1 tipo=discrete num=666666 den=10000000 fps_x1000=15000
PV-UVC-ENUM interval fourcc=JPEG 1280x720 index=2 tipo=discrete num=1000000 den=10000000 fps_x1000=10000
PV-UVC-ENUM size fourcc=JPEG index=6 1280x960
PV-UVC-ENUM interval fourcc=JPEG 1280x960 index=0 tipo=discrete num=333333 den=10000000 fps_x1000=30000
PV-UVC-ENUM interval fourcc=JPEG 1280x960 index=1 tipo=discrete num=666666 den=10000000 fps_x1000=15000
PV-UVC-ENUM interval fourcc=JPEG 1280x960 index=2 tipo=discrete num=1000000 den=10000000 fps_x1000=10000
PV-UVC-ENUM size fourcc=JPEG index=7 1600x1200
PV-UVC-ENUM interval fourcc=JPEG 1600x1200 index=0 tipo=discrete num=333333 den=10000000 fps_x1000=30000
PV-UVC-ENUM interval fourcc=JPEG 1600x1200 index=1 tipo=discrete num=666666 den=10000000 fps_x1000=15000
PV-UVC-ENUM interval fourcc=JPEG 1600x1200 index=2 tipo=discrete num=1000000 den=10000000 fps_x1000=10000
PV-UVC-ENUM size fourcc=JPEG index=8 2048x1536
PV-UVC-ENUM interval fourcc=JPEG 2048x1536 index=0 tipo=discrete num=333333 den=10000000 fps_x1000=30000
PV-UVC-ENUM interval fourcc=JPEG 2048x1536 index=1 tipo=discrete num=666666 den=10000000 fps_x1000=15000
PV-UVC-ENUM interval fourcc=JPEG 2048x1536 index=2 tipo=discrete num=1000000 den=10000000 fps_x1000=10000
PV-UVC-ENUM size fourcc=JPEG index=9 2592x1944
PV-UVC-ENUM interval fourcc=JPEG 2592x1944 index=0 tipo=discrete num=333333 den=10000000 fps_x1000=30000
PV-UVC-ENUM interval fourcc=JPEG 2592x1944 index=1 tipo=discrete num=666666 den=10000000 fps_x1000=15000
PV-UVC-ENUM interval fourcc=JPEG 2592x1944 index=2 tipo=discrete num=1000000 den=10000000 fps_x1000=10000
PV-UVC-ENUM size fourcc=JPEG index=10 3264x2448
PV-UVC-ENUM interval fourcc=JPEG 3264x2448 index=0 tipo=discrete num=333333 den=10000000 fps_x1000=30000
PV-UVC-ENUM interval fourcc=JPEG 3264x2448 index=1 tipo=discrete num=666666 den=10000000 fps_x1000=15000
PV-UVC-ENUM interval fourcc=JPEG 3264x2448 index=2 tipo=discrete num=1000000 den=10000000 fps_x1000=10000
PV-UVC-ENUM size fourcc=JPEG index=11 3840x2160
PV-UVC-ENUM interval fourcc=JPEG 3840x2160 index=0 tipo=discrete num=333333 den=10000000 fps_x1000=30000
PV-UVC-ENUM interval fourcc=JPEG 3840x2160 index=1 tipo=discrete num=666666 den=10000000 fps_x1000=15000
PV-UVC-ENUM interval fourcc=JPEG 3840x2160 index=2 tipo=discrete num=1000000 den=10000000 fps_x1000=10000
PV-UVC-ENUM size fourcc=JPEG index=12 4000x3000
PV-UVC-ENUM interval fourcc=JPEG 4000x3000 index=0 tipo=discrete num=666666 den=10000000 fps_x1000=15000
PV-UVC-ENUM interval fourcc=JPEG 4000x3000 index=1 tipo=discrete num=1000000 den=10000000 fps_x1000=10000
PV-UVC-ENUM size fourcc=JPEG index=13 320x240
PV-UVC-ENUM interval fourcc=JPEG 320x240 index=0 tipo=discrete num=333333 den=10000000 fps_x1000=30000
PV-UVC-ENUM interval fourcc=JPEG 320x240 index=1 tipo=discrete num=666666 den=10000000 fps_x1000=15000
PV-UVC-ENUM fmt index=1 fourcc=YUYV flags=0x0 desc="YUV 4:2:2 YUYV"
PV-UVC-ENUM size fourcc=YUYV index=0 320x240
PV-UVC-ENUM interval fourcc=YUYV 320x240 index=0 tipo=discrete num=500000 den=10000000 fps_x1000=20000
PV-UVC-ENUM interval fourcc=YUYV 320x240 index=1 tipo=discrete num=1000000 den=10000000 fps_x1000=10000
PV-UVC-ENUM size fourcc=YUYV index=1 640x360
PV-UVC-ENUM interval fourcc=YUYV 640x360 index=0 tipo=discrete num=500000 den=10000000 fps_x1000=20000
PV-UVC-ENUM interval fourcc=YUYV 640x360 index=1 tipo=discrete num=1000000 den=10000000 fps_x1000=10000
PV-UVC-ENUM size fourcc=YUYV index=2 640x480
PV-UVC-ENUM interval fourcc=YUYV 640x480 index=0 tipo=discrete num=1000000 den=10000000 fps_x1000=10000
PV-UVC-ENUM size fourcc=YUYV index=3 800x600
PV-UVC-ENUM interval fourcc=YUYV 800x600 index=0 tipo=discrete num=1000000 den=10000000 fps_x1000=10000
PV-UVC-ENUM size fourcc=YUYV index=4 1024x720
PV-UVC-ENUM interval fourcc=YUYV 1024x720 index=0 tipo=discrete num=1000000 den=10000000 fps_x1000=10000
PV-UVC-ENUM size fourcc=YUYV index=5 1280x940
PV-UVC-ENUM interval fourcc=YUYV 1280x940 index=0 tipo=discrete num=1000000 den=10000000 fps_x1000=10000
PV-UVC-ENUM size fourcc=YUYV index=6 1280x1024
PV-UVC-ENUM interval fourcc=YUYV 1280x1024 index=0 tipo=discrete num=1000000 den=10000000 fps_x1000=10000
PV-UVC-ENUM size fourcc=YUYV index=7 1600x1200
PV-UVC-ENUM interval fourcc=YUYV 1600x1200 index=0 tipo=discrete num=2000000 den=10000000 fps_x1000=5000
PV-UVC-ENUM size fourcc=YUYV index=8 1920x1080
PV-UVC-ENUM interval fourcc=YUYV 1920x1080 index=0 tipo=discrete num=2000000 den=10000000 fps_x1000=5000
PV-UVC-ENUM size fourcc=YUYV index=9 2048x1536
PV-UVC-ENUM interval fourcc=YUYV 2048x1536 index=0 tipo=discrete num=2000000 den=10000000 fps_x1000=5000
PV-UVC-ENUM size fourcc=YUYV index=10 2560x1440
PV-UVC-ENUM interval fourcc=YUYV 2560x1440 index=0 tipo=discrete num=2000000 den=10000000 fps_x1000=5000
PV-UVC-ENUM size fourcc=YUYV index=11 2592x1944
PV-UVC-ENUM interval fourcc=YUYV 2592x1944 index=0 tipo=discrete num=2000000 den=10000000 fps_x1000=5000
PV-UVC-ENUM result=OK tamanhos_jpeg=14
I (5051) usb_uvc_device: All UVC devices already enumerated
PV-UVC-FMT requested=800x600 applied=800x600 fourcc=JPEG sizeimage=0
I (5070) uvc: Allocating 2 USB transfers for ISOC. Each: 3072 bytes, 1 ISOC packets, 3072 MPS
W (8105) PvUvcSpike: DQBUF de descarte 0 falhou: errno=1(Not owner)
PV-UVC-WARMUP requested=800x600 descartados=0
E (13105) PvUvcSpike: VIDIOC_DQBUF falhou: errno=1(Not owner)

assert failed: usbh_dev_close usbh.c:1226 (dev_obj->dynamic.num_ctrl_xfers_inflight == 0)
Core  0 register dump:
MEPC    : 0x4ff0d048  RA      : 0x4ff0cbe0  SP      : 0x4ff3deb0  GP      : 0x4ff14300  
TP      : 0x4ff3e4e0  T0      : 0x695f7372  T1      : 0x616e7964  T2      : 0x696c666e  
S0/FP   : 0x0000006e  S1      : 0x00000001  A0      : 0x4ff3def8  A1      : 0x4ff16881  
A2      : 0x00000001  A3      : 0x4ff1a000  A4      : 0x00000001  A5      : 0x4ff1a000  
A6      : 0x00000008  A7      : 0x3e2d6a62  S2      : 0x4ff3def8  S3      : 0x4ff3df19  
S4      : 0x4ff16880  S5      : 0x4ff3def8  S6      : 0x48043896  S7      : 0x00000002  
S8      : 0x00001fa9  S9      : 0x480a4c98  S10     : 0x001e8480  S11     : 0x00000002  
T3      : 0x2e63696d  T4      : 0x5f6d756e  T5      : 0x6c727463  T6      : 0x6566785f  
MSTATUS : 0x00011880  MTVEC   : 0x4ff00003  MCAUSE  : 0x00000002  MTVAL   : 0x00000000  
MHARTID : 0x00000000  

Stack memory:
4ff3deb0: 0x00000000 0x4ff3df5c 0x480da1c4 0x4ff0a8b8 0x36323231 0x4ff3e900 0x00000000 0x00000000
4ff3ded0: 0x48000000 0x4ff1712c 0x480da1c4 0x4ff17110 0x480ae0d1 0x4ff1713c 0x4ff3dec0 0x4ff17140
4ff3def0: 0x480ae248 0x4ff16880 0x65737361 0x66207472 0x656c6961 0x75203a64 0x5f686273 0x5f766564
4ff3df10: 0x736f6c63 0x73752065 0x632e6862 0x3232313a 0x64282036 0x6f5f7665 0x3e2d6a62 0x616e7964
4ff3df30: 0x2e63696d 0x5f6d756e 0x6c727463 0x6566785f 0x695f7372 0x696c666e 0x20746867 0x30203d3d
4ff3df50: 0x00000029 0x00000000 0x4ff51bd0 0xfffffffe 0x00000000 0x00000000 0x4ff3e518 0xfffffffe
4ff3df70: 0x00000000 0x480e7b90 0x4ff3e518 0x4807df5c 0x00000000 0x000000a8 0x480e7bc4 0x480e0ee4
4ff3df90: 0x4ff51a08 0x00000000 0x4ff3e8bc 0x4ff3fb68 0x480e6fa8 0x00000000 0x4ff3e8bc 0x4807e2c4
4ff3dfb0: 0x480e6fa8 0x00000000 0x4ff3e8bc 0x4807c782 0x4ff51a08 0x00000000 0x4ff3e418 0x4ff3fb68
4ff3dfd0: 0x480e6fa8 0x4ff1a000 0x480e7018 0x48043896 0x4ff51a08 0x00000000 0x480e7018 0x480e7018
4ff3dff0: 0x480e6fa8 0x4ff1a000 0x480e7018 0x48041a08 0x00000103 0x480e7b28 0x00000002 0x010e7d58
4ff3e010: 0x00000103 0x480e7b28 0x00000002 0x4803c3e6 0x00000103 0x4ff1a000 0x480e7b28 0x4803d944
4ff3e030: 0x00000103 0x4ff3fb68 0x4ff3fae4 0x48025bb0 0x00000000 0x40045613 0x4ff3fb68 0x48022870
4ff3e050: 0x00000001 0x40045613 0x00000001 0x4802303c 0x00000001 0x4ff14588 0x480a4364 0x00003331
4ff3e070: 0x00000000 0x480a4c98 0x4ff5073c 0x4802c984 0x00000001 0x00000000 0x4ff3e418 0x4808041e
4ff3e090: 0x00000001 0x4ff14588 0x480a4848 0x00000004 0x00000000 0x00000000 0x00000000 0x4ff3e0c8
4ff3e0b0: 0x00000004 0x4ff14588 0x00000004 0x48021362 0x00000005 0x00000000 0x4ff3e100 0x00000000
4ff3e0d0: 0x20800008 0x00000001 0x00000001 0x0000000a 0x4ff3e1a8 0x480e71a8 0x480e71a8 0x4803dd74
4ff3e0f0: 0x00000000 0x4ff1a000 0x4ff3fae4 0x00000001 0x00000001 0x4745504a 0x00000000 0x00000002
4ff3e110: 0x00000001 0x00000001 0x00000000 0x00000000 0x4ff3fb68 0x480f0a40 0x48165d80 0x00075300
4ff3e130: 0x00075300 0x00000000 0x00000000 0x00000001 0x00000000 0x00000000 0x00000000 0x00000000
4ff3e150: 0x00000000 0x00000000 0x00000000 0x00000000 0x00000000 0x00000000 0x00000000 0x00000000
4ff3e170: 0x00000000 0x00000001 0x00000000 0x00000000 0x00000000 0x00000000 0x00000001 0x00000320
4ff3e190: 0x00000258 0x4745504a 0x00000000 0x00000000 0x00000000 0x00000000 0x00000000 0x00000000
4ff3e1b0: 0x00000000 0x00000000 0x00000000 0x00000000 0x00000000 0x00000000 0x00000000 0x00000000
4ff3e1d0: 0x00000000 0x00000000 0x00000000 0x00000000 0x00000000 0x00000000 0x00000000 0x00000000
4ff3e1f0: 0x00000000 0x00000000 0x00000000 0x00000000 0x00000000 0x00000000 0x00000000 0x00000000
4ff3e210: 0x00000000 0x00000000 0x00000000 0x00000000 0x00000000 0x00000000 0x00000000 0x00000000
4ff3e230: 0x00000000 0x00000000 0x00000000 0x00000000 0x00000000 0x00000000 0x00000000 0x00000000
4ff3e250: 0x00000000 0x00000001 0x00000320 0x00000258 0x4745504a 0x00000000 0x00000000 0x00000000
4ff3e270: 0x00000000 0x00000000 0x00000000 0x00000000 0x00000000 0x00000000 0x00000000 0x00000000
4ff3e290: 0x00000000 0x00000000 0x00000000 0x00000000 0x00000000 0x00000000 0x00000000 0x00000000



ELF file SHA256: e87c6fa39

Rebooting...
ESP-ROM:esp32p4-eco2-20240710
Build:Jul 10 2024
rst:0xc (SW_CPU_RESET),boot:0xf (SPI_FAST_FLASH_BOOT)
Core0 Saved PC:0x4ff00c9e
Core1 Saved PC:0x4ff0698c
SPI mode:DIO, clock div:1
load:0x4ff33ce0,len:0x5d0
load:0x4ff28ed0,len:0xdf8
load:0x4ff2bbd0,len:0x34b8
entry 0x4ff28ed0
I (46) hex_psram: vendor id    : 0x0d (AP)
I (46) hex_psram: Latency      : 0x01 (Fixed)
I (46) hex_psram: DriveStr.    : 0x00 (25 Ohm)
I (47) hex_psram: dev id       : 0x03 (generation 4)
I (51) hex_psram: density      : 0x07 (256 Mbit)
I (56) hex_psram: good-die     : 0x06 (Pass)
I (60) hex_psram: SRF          : 0x02 (Slow Refresh)
I (64) hex_psram: BurstType    : 0x00 ( Wrap)
I (69) hex_psram: BurstLen     : 0x03 (2048 Byte)
I (73) hex_psram: BitMode      : 0x01 (X16 Mode)
I (77) hex_psram: Readlatency  : 0x04 (14 cycles@Fixed)
I (82) hex_psram: DriveStrength: 0x00 (1/1)
I (86) MSPI Timing: Enter psram timing tuning
I esp_psram: Found 32MB PSRAM device
I esp_psram: Speed: 200MHz
I (283) mmu_psram: .rodata xip on psram
I (316) mmu_psram: .text xip on psram
I (318) hex_psram: psram CS IO is dedicated
I (319) cpu_start: Multicore app
I (328) cpu_start: GPIO 38 and 37 are used as console UART I/O pins
I (328) cpu_start: Pro cpu start user code
I (328) cpu_start: cpu freq: 360000000 Hz
I (330) app_init: Application information:
I (334) app_init: Project name:     xiaozhi
I (338) app_init: App version:      2.4.0
I (342) app_init: Compile time:     Aug 10 2026 22:03:41
I (347) app_init: ELF file SHA256:  e87c6fa39...
I (351) app_init: ESP-IDF:          v6.0.2
I (355) efuse_init: Min chip rev:     v1.0
I (359) efuse_init: Max chip rev:     v1.99 
I (363) efuse_init: Chip rev:         v1.3
I (366) heap_init: Initializing. RAM available for dynamic allocation:
I (373) heap_init: At 4FF1A740 len 00020880 (130 KiB): RETENT_RAM
I (379) heap_init: At 4FF3AFC0 len 00004BF0 (18 KiB): RAM
I (384) heap_init: At 4FF40000 len 00060000 (384 KiB): RAM
I (389) heap_init: At 50108080 len 00007F80 (31 KiB): RTCRAM
I (394) heap_init: At 30100088 len 00001F78 (7 KiB): SPM
I (399) esp_psram: Adding pool of 31808K of PSRAM memory to heap allocator
I (406) esp_psram: Adding pool of 62K of PSRAM memory gap generated due to end address alignment of irom to the heap allocator
I (417) esp_psram: Adding pool of 60K of PSRAM memory gap generated due to end address alignment of drom to the heap allocator
I (428) spi_flash: detected chip: gd
I (431) spi_flash: flash io: qio
I (434) host_init: ESP Hosted : Host chip_ip[18]
I (439) H_API: ESP-Hosted starting. Hosted_Tasks: prio:23, stack: 5120 RPC_task_stack: 5120
I (447) H_API: ** add_esp_wifi_remote_channels **
I (452) sleep_gpio: Configure to isolate all GPIO pins in sleep state
I (458) sleep_gpio: Enable automatic switching of GPIO sleep configuration
I (466) H_SDIO_DRV: sdio_data_to_rx_buf_task started
I (469) main_task: Started on CPU0
I (472) esp_psram: Reserving pool of 64K of internal memory for DMA/internal allocations
I (481) main_task: Calling app_main()

PV-UVC-SPIKE inicio (F2B) degraus=5
PV-UVC-MEM etapa=boot psram_livre=32669812 psram_maior_bloco=32505856 interna_livre=421195
I (2357) main_task: Returned from app_main()
PV-UVC-INIT result=OK usb_host=on uvc_dev_num=1
PV-UVC-ENUM aguardando enumeracao USB em /dev/video40 (ate 10000 ms)
I (2387) usb_uvc_device: Waiting for UVC device to be enumerated...
E (2831) ENUM: LANGID 0x409 not found
*** Configuration descriptor ***
bLength 9
bDescriptorType 2
wTotalLength 1463
bNumInterfaces 5
bConfigurationValue 1
iConfiguration 0
bmAttributes 0x80
bMaxPower 500mA
*** Interface Association Descriptor ***
bLength 8
bDescriptorType 11
bFirstInterface 0
bInterfaceCount 2
bFunctionClass 0xe
bFunctionSubClass 0x3
bFunctionProtocol 0x0
iFunction 4
	*** Interface descriptor ***
	bLength 9
	bDescriptorType 4
	bInterfaceNumber 0
	bAlternateSetting 0
	bNumEndpoints 1
	bInterfaceClass 0xe
	bInterfaceSubClass 0x1
	bInterfaceProtocol 0x0
	iInterface 0
	*** Class-specific VC Interface Descriptor ***
	bLength 13
	bDescriptorType 0x24
	bDescriptorSubType 0x01
	bcdUVC 0100
	wTotalLength 80
	dwClockFrequency 24000000
	bInCollection 1
	baInterfaceNr[0] 1
	*** Input Terminal Descriptor (Camera) ***
	bLength 18
	bDescriptorType 0x24
	bDescriptorSubType 0x02
	bTerminalID 0x1
	wTerminalType 0x201
	bAssocTerminal 0
	iTerminal 0
	wObjectiveFocalLengthMin 0
	wObjectiveFocalLengthMax 0
	wOcularFocalLength 0
	bControlSize 3
	bmControls 0x7A 0x2A 0x2
	*** Extension Unit Descriptor unsupported, skipping... ***
	*** Processing Unit Descriptor ***
	bLength 11
	bDescriptorType 0x24
	bDescriptorSubType 0x05
	bUnitID 3
	bSourceID 2
	wMaxMultiplier 16384
	bControlSize 2
	bmControls 0x7F 0x17 0x0
	iProcessing 9
	bmVideoStandards 0x24
	*** Output Terminal Descriptor ***
	bLength 9
	bDescriptorType 0x24
	bDescriptorSubType 0x03
	bTerminalID 4
	wTerminalType 0x101
	bAssocTerminal 0
	bSourceID 3
	iTerminal 0
		*** Endpoint descriptor ***
		bLength 7
		bDescriptorType 5
		bEndpointAddress 0x81	EP 1 IN
		bmAttributes 0x3	INT
		wMaxPacketSize 16
		bInterval 8
		*** Class-specific Interrupt Endpoint Descriptor ***
		bLength 5
		bDescriptorType 0x25
		bDescriptorSubType 3
		wMaxTransferSize 16
	*** Interface descriptor ***
	bLength 9
	bDescriptorType 4
	bInterfaceNumber 1
	bAlternateSetting 0
	bNumEndpoints 0
	bInterfaceClass 0xe
	bInterfaceSubClass 0x2
	bInterfaceProtocol 0x0
	iInterface 0
	*** Class-specific VC Interface Descriptor ***
	bLength 15
	bDescriptorType 0x24
	bDescriptorSubType 0x01
	bcdUVC fc02
	wTotalLength 33283
	dwClockFrequency 16909312
	bInCollection 1
	baInterfaceNr[0] 1
	*** Extension Unit Descriptor unsupported, skipping... ***
	*** VS Frame Descriptor ***
	bLength 38
	bDescriptorType 0x24
	bDescriptorSubType 0x07
	bFrameIndex 1
	bmCapabilities 0x0
	wWidth 1920
	wHeight 1080
	dwMinBitRate 20736000
	dwMaxBitRate 62208000
	dwMaxVideoFrameBufSize 2073600
	dwDefaultFrameInterval 333333
	bFrameIntervalType 3
	FrameInterval[0] 333333
	FrameInterval[1] 666666
	FrameInterval[2] 1000000
	*** VS Frame Descriptor ***
	bLength 38
	bDescriptorType 0x24
	bDescriptorSubType 0x07
	bFrameIndex 2
	bmCapabilities 0x0
	wWidth 640
	wHeight 320
	dwMinBitRate 2048000
	dwMaxBitRate 6144000
	dwMaxVideoFrameBufSize 204800
	dwDefaultFrameInterval 333333
	bFrameIntervalType 3
	FrameInterval[0] 333333
	FrameInterval[1] 666666
	FrameInterval[2] 1000000
	*** VS Frame Descriptor ***
	bLength 38
	bDescriptorType 0x24
	bDescriptorSubType 0x07
	bFrameIndex 3
	bmCapabilities 0x0
	wWidth 640
	wHeight 480
	dwMinBitRate 3072000
	dwMaxBitRate 9216000
	dwMaxVideoFrameBufSize 307200
	dwDefaultFrameInterval 333333
	bFrameIntervalType 3
	FrameInterval[0] 333333
	FrameInterval[1] 666666
	FrameInterval[2] 1000000
	*** VS Frame Descriptor ***
	bLength 38
	bDescriptorType 0x24
	bDescriptorSubType 0x07
	bFrameIndex 4
	bmCapabilities 0x0
	wWidth 800
	wHeight 600
	dwMinBitRate 4800000
	dwMaxBitRate 14400000
	dwMaxVideoFrameBufSize 480000
	dwDefaultFrameInterval 333333
	bFrameIntervalType 3
	FrameInterval[0] 333333
	FrameInterval[1] 666666
	FrameInterval[2] 1000000
	*** VS Frame Descriptor ***
	bLength 38
	bDescriptorType 0x24
	bDescriptorSubType 0x07
	bFrameIndex 5
	bmCapabilities 0x0
	wWidth 1024
	wHeight 768
	dwMinBitRate 7864320
	dwMaxBitRate 23592960
	dwMaxVideoFrameBufSize 786432
	dwDefaultFrameInterval 333333
	bFrameIntervalType 3
	FrameInterval[0] 333333
	FrameInterval[1] 666666
	FrameInterval[2] 1000000
	*** VS Frame Descriptor ***
	bLength 38
	bDescriptorType 0x24
	bDescriptorSubType 0x07
	bFrameIndex 6
	bmCapabilities 0x0
	wWidth 1280
	wHeight 720
	dwMinBitRate 9216000
	dwMaxBitRate 27648000
	dwMaxVideoFrameBufSize 921600
	dwDefaultFrameInterval 333333
	bFrameIntervalType 3
	FrameInterval[0] 333333
	FrameInterval[1] 666666
	FrameInterval[2] 1000000
	*** VS Frame Descriptor ***
	bLength 38
	bDescriptorType 0x24
	bDescriptorSubType 0x07
	bFrameIndex 7
	bmCapabilities 0x0
	wWidth 1280
	wHeight 960
	dwMinBitRate 12288000
	dwMaxBitRate 36864000
	dwMaxVideoFrameBufSize 1228800
	dwDefaultFrameInterval 333333
	bFrameIntervalType 3
	FrameInterval[0] 333333
	FrameInterval[1] 666666
	FrameInterval[2] 1000000
	*** VS Frame Descriptor ***
	bLength 38
	bDescriptorType 0x24
	bDescriptorSubType 0x07
	bFrameIndex 8
	bmCapabilities 0x0
	wWidth 1600
	wHeight 1200
	dwMinBitRate 19200000
	dwMaxBitRate 57600000
	dwMaxVideoFrameBufSize 1920000
	dwDefaultFrameInterval 333333
	bFrameIntervalType 3
	FrameInterval[0] 333333
	FrameInterval[1] 666666
	FrameInterval[2] 1000000
	*** VS Frame Descriptor ***
	bLength 38
	bDescriptorType 0x24
	bDescriptorSubType 0x07
	bFrameIndex 9
	bmCapabilities 0x0
	wWidth 2048
	wHeight 1536
	dwMinBitRate 31457280
	dwMaxBitRate 94371840
	dwMaxVideoFrameBufSize 3145728
	dwDefaultFrameInterval 333333
	bFrameIntervalType 3
	FrameInterval[0] 333333
	FrameInterval[1] 666666
	FrameInterval[2] 1000000
	*** VS Frame Descriptor ***
	bLength 38
	bDescriptorType 0x24
	bDescriptorSubType 0x07
	bFrameIndex 10
	bmCapabilities 0x0
	wWidth 2592
	wHeight 1944
	dwMinBitRate 50388480
	dwMaxBitRate 151165440
	dwMaxVideoFrameBufSize 5038848
	dwDefaultFrameInterval 333333
	bFrameIntervalType 3
	FrameInterval[0] 333333
	FrameInterval[1] 666666
	FrameInterval[2] 1000000
	*** VS Frame Descriptor ***
	bLength 38
	bDescriptorType 0x24
	bDescriptorSubType 0x07
	bFrameIndex 11
	bmCapabilities 0x0
	wWidth 3264
	wHeight 2448
	dwMinBitRate 79902720
	dwMaxBitRate 239708160
	dwMaxVideoFrameBufSize 7990272
	dwDefaultFrameInterval 333333
	bFrameIntervalType 3
	FrameInterval[0] 333333
	FrameInterval[1] 666666
	FrameInterval[2] 1000000
	*** VS Frame Descriptor ***
	bLength 38
	bDescriptorType 0x24
	bDescriptorSubType 0x07
	bFrameIndex 12
	bmCapabilities 0x0
	wWidth 3840
	wHeight 2160
	dwMinBitRate 82944000
	dwMaxBitRate 248832000
	dwMaxVideoFrameBufSize 8294400
	dwDefaultFrameInterval 333333
	bFrameIntervalType 3
	FrameInterval[0] 333333
	FrameInterval[1] 666666
	FrameInterval[2] 1000000
	*** VS Frame Descriptor ***
	bLength 34
	bDescriptorType 0x24
	bDescriptorSubType 0x07
	bFrameIndex 13
	bmCapabilities 0x0
	wWidth 4000
	wHeight 3000
	dwMinBitRate 120000000
	dwMaxBitRate 180000000
	dwMaxVideoFrameBufSize 12000000
	dwDefaultFrameInterval 666666
	bFrameIntervalType 2
	FrameInterval[0] 666666
	FrameInterval[1] 1000000
	*** VS Frame Descriptor ***
	bLength 34
	bDescriptorType 0x24
	bDescriptorSubType 0x07
	bFrameIndex 14
	bmCapabilities 0x0
	wWidth 320
	wHeight 240
	dwMinBitRate 1152000
	dwMaxBitRate 2304000
	dwMaxVideoFrameBufSize 76800
	dwDefaultFrameInterval 333333
	bFrameIntervalType 2
	FrameInterval[0] 333333
	FrameInterval[1] 666666
	*** Output Terminal Descriptor ***
	bLength 63
	bDescriptorType 0x24
	bDescriptorSubType 0x03
	bTerminalID 0
	wTerminalType 0x800E
	bAssocTerminal 7
	bSourceID 56
	iTerminal 4
	*** VS Color Format Descriptor ***
	bLength 6
	bDescriptorType 0x24
	bDescriptorSubType 0x0D
	bColorPrimaries 0x1
	bTransferCharacteristics 1
	bMatrixCoefficients 0x4
	*** Selector Unit Descriptor ***
	bLength 27
	bDescriptorType 0x24
	bDescriptorSubType 0x04
	bUnitID 2
	bNrInPins 12
	baSourceID1 89
	baSourceID2 85
	iSelector 89
	*** Processing Unit Descriptor ***
	bLength 34
	bDescriptorType 0x24
	bDescriptorSubType 0x05
	bUnitID 1
	bSourceID 0
	wMaxMultiplier 320
	bControlSize 240
	bmControls 0x0 0x0 0x70
	iProcessing 23
	bmVideoStandards 0x0
	*** Processing Unit Descriptor ***
	bLength 34
	bDescriptorType 0x24
	bDescriptorSubType 0x05
	bUnitID 2
	bSourceID 0
	wMaxMultiplier 640
	bControlSize 104
	bmControls 0x1 0x0 0x50
	iProcessing 70
	bmVideoStandards 0x0
	*** Processing Unit Descriptor ***
	bLength 30
	bDescriptorType 0x24
	bDescriptorSubType 0x05
	bUnitID 3
	bSourceID 0
	wMaxMultiplier 640
	bControlSize 224
	bmControls 0x1 0x0 0xC0
	iProcessing 93
	bmVideoStandards 0x0
	*** Processing Unit Descriptor ***
	bLength 30
	bDescriptorType 0x24
	bDescriptorSubType 0x05
	bUnitID 4
	bSourceID 0
	wMaxMultiplier 800
	bControlSize 88
	bmControls 0x2 0x0 0x7C
	iProcessing 146
	bmVideoStandards 0x0
	*** Processing Unit Descriptor ***
	bLength 30
	bDescriptorType 0x24
	bDescriptorSubType 0x05
	bUnitID 5
	bSourceID 0
	wMaxMultiplier 1024
	bControlSize 208
	bmControls 0x2 0x0 0x0
	iProcessing 225
	bmVideoStandards 0x0
	*** Processing Unit Descriptor ***
	bLength 30
	bDescriptorType 0x24
	bDescriptorSubType 0x05
	bUnitID 6
	bSourceID 0
	wMaxMultiplier 1280
	bControlSize 172
	bmControls 0x3 0x0 0x30
	iProcessing 111
	bmVideoStandards 0x1
	*** Processing Unit Descriptor ***
	bLength 30
	bDescriptorType 0x24
	bDescriptorSubType 0x05
	bUnitID 7
	bSourceID 0
	wMaxMultiplier 1280
	bControlSize 0
	bmControls 0x4 0x0 0x0
	iProcessing 144
	bmVideoStandards 0x1
	*** Processing Unit Descriptor ***
	bLength 30
	bDescriptorType 0x24
	bDescriptorSubType 0x05
	bUnitID 8
	bSourceID 0
	wMaxMultiplier 1600
	bControlSize 176
	bmControls 0x4 0x0 0xF8
	iProcessing 36
	bmVideoStandards 0x1
	*** Processing Unit Descriptor ***
	bLength 30
	bDescriptorType 0x24
	bDescriptorSubType 0x05
	bUnitID 9
	bSourceID 0
	wMaxMultiplier 1920
	bControlSize 56
	bmControls 0x4 0x0 0x68
	iProcessing 60
	bmVideoStandards 0x1
	*** Processing Unit Descriptor ***
	bLength 30
	bDescriptorType 0x24
	bDescriptorSubType 0x05
	bUnitID 10
	bSourceID 0
	wMaxMultiplier 2048
	bControlSize 0
	bmControls 0x6 0x0 0x0
	iProcessing 224
	bmVideoStandards 0x1
	*** Processing Unit Descriptor ***
	bLength 30
	bDescriptorType 0x24
	bDescriptorSubType 0x05
	bUnitID 11
	bSourceID 0
	wMaxMultiplier 2560
	bControlSize 160
	bmControls 0x5 0x0 0x80
	iProcessing 50
	bmVideoStandards 0x2
	*** Processing Unit Descriptor ***
	bLength 30
	bDescriptorType 0x24
	bDescriptorSubType 0x05
	bUnitID 12
	bSourceID 0
	wMaxMultiplier 2592
	bControlSize 152
	bmControls 0x7 0x0 0xDE
	iProcessing 0
	bmVideoStandards 0x3
	*** VS Color Format Descriptor ***
	bLength 6
	bDescriptorType 0x24
	bDescriptorSubType 0x0D
	bColorPrimaries 0x1
	bTransferCharacteristics 1
	bMatrixCoefficients 0x4
	*** Interface descriptor ***
	bLength 9
	bDescriptorType 4
	bInterfaceNumber 1
	bAlternateSetting 1
	bNumEndpoints 1
	bInterfaceClass 0xe
	bInterfaceSubClass 0x2
	bInterfaceProtocol 0x0
	iInterface 0
		*** Endpoint descriptor ***
		bLength 7
		bDescriptorType 5
		bEndpointAddress 0x82	EP 2 IN
		bmAttributes 0x5	ISOC
		wMaxPacketSize 192
		bInterval 1
	*** Interface descriptor ***
	bLength 9
	bDescriptorType 4
	bInterfaceNumber 1
	bAlternateSetting 2
	bNumEndpoints 1
	bInterfaceClass 0xe
	bInterfaceSubClass 0x2
	bInterfaceProtocol 0x0
	iInterface 0
		*** Endpoint descriptor ***
		bLength 7
		bDescriptorType 5
		bEndpointAddress 0x82	EP 2 IN
		bmAttributes 0x5	ISOC
		wMaxPacketSize 384
		bInterval 1
	*** Interface descriptor ***
	bLength 9
	bDescriptorType 4
	bInterfaceNumber 1
	bAlternateSetting 3
	bNumEndpoints 1
	bInterfaceClass 0xe
	bInterfaceSubClass 0x2
	bInterfaceProtocol 0x0
	iInterface 0
		*** Endpoint descriptor ***
		bLength 7
		bDescriptorType 5
		bEndpointAddress 0x82	EP 2 IN
		bmAttributes 0x5	ISOC
		wMaxPacketSize 512
		bInterval 1
	*** Interface descriptor ***
	bLength 9
	bDescriptorType 4
	bInterfaceNumber 1
	bAlternateSetting 4
	bNumEndpoints 1
	bInterfaceClass 0xe
	bInterfaceSubClass 0x2
	bInterfaceProtocol 0x0
	iInterface 0
		*** Endpoint descriptor ***
		bLength 7
		bDescriptorType 5
		bEndpointAddress 0x82	EP 2 IN
		bmAttributes 0x5	ISOC
		wMaxPacketSize 640
		bInterval 1
	*** Interface descriptor ***
	bLength 9
	bDescriptorType 4
	bInterfaceNumber 1
	bAlternateSetting 5
	bNumEndpoints 1
	bInterfaceClass 0xe
	bInterfaceSubClass 0x2
	bInterfaceProtocol 0x0
	iInterface 0
		*** Endpoint descriptor ***
		bLength 7
		bDescriptorType 5
		bEndpointAddress 0x82	EP 2 IN
		bmAttributes 0x5	ISOC
		wMaxPacketSize 800
		bInterval 1
	*** Interface descriptor ***
	bLength 9
	bDescriptorType 4
	bInterfaceNumber 1
	bAlternateSetting 6
	bNumEndpoints 1
	bInterfaceClass 0xe
	bInterfaceSubClass 0x2
	bInterfaceProtocol 0x0
	iInterface 0
		*** Endpoint descriptor ***
		bLength 7
		bDescriptorType 5
		bEndpointAddress 0x82	EP 2 IN
		bmAttributes 0x5	ISOC
		wMaxPacketSize 944
		bInterval 1
	*** Interface descriptor ***
	bLength 9
	bDescriptorType 4
	bInterfaceNumber 1
	bAlternateSetting 7
	bNumEndpoints 1
	bInterfaceClass 0xe
	bInterfaceSubClass 0x2
	bInterfaceProtocol 0x0
	iInterface 0
		*** Endpoint descriptor ***
		bLength 7
		bDescriptorType 5
		bEndpointAddress 0x82	EP 2 IN
		bmAttributes 0x5	ISOC
		wMaxPacketSize 640
		wMaxPacketSize (with additional transactions in microframe) 1280
		bInterval 1
	*** Interface descriptor ***
	bLength 9
	bDescriptorType 4
	bInterfaceNumber 1
	bAlternateSetting 8
	bNumEndpoints 1
	bInterfaceClass 0xe
	bInterfaceSubClass 0x2
	bInterfaceProtocol 0x0
	iInterface 0
		*** Endpoint descriptor ***
		bLength 7
		bDescriptorType 5
		bEndpointAddress 0x82	EP 2 IN
		bmAttributes 0x5	ISOC
		wMaxPacketSize 800
		wMaxPacketSize (with additional transactions in microframe) 1600
		bInterval 1
	*** Interface descriptor ***
	bLength 9
	bDescriptorType 4
	bInterfaceNumber 1
	bAlternateSetting 9
	bNumEndpoints 1
	bInterfaceClass 0xe
	bInterfaceSubClass 0x2
	bInterfaceProtocol 0x0
	iInterface 0
		*** Endpoint descriptor ***
		bLength 7
		bDescriptorType 5
		bEndpointAddress 0x82	EP 2 IN
		bmAttributes 0x5	ISOC
		wMaxPacketSize 992
		wMaxPacketSize (with additional transactions in microframe) 1984
		bInterval 1
	*** Interface descriptor ***
	bLength 9
	bDescriptorType 4
	bInterfaceNumber 1
	bAlternateSetting 10
	bNumEndpoints 1
	bInterfaceClass 0xe
	bInterfaceSubClass 0x2
	bInterfaceProtocol 0x0
	iInterface 0
		*** Endpoint descriptor ***
		bLength 7
		bDescriptorType 5
		bEndpointAddress 0x82	EP 2 IN
		bmAttributes 0x5	ISOC
		wMaxPacketSize 896
		wMaxPacketSize (with additional transactions in microframe) 2688
		bInterval 1
	*** Interface descriptor ***
	bLength 9
	bDescriptorType 4
	bInterfaceNumber 1
	bAlternateSetting 11
	bNumEndpoints 1
	bInterfaceClass 0xe
	bInterfaceSubClass 0x2
	bInterfaceProtocol 0x0
	iInterface 0
		*** Endpoint descriptor ***
		bLength 7
		bDescriptorType 5
		bEndpointAddress 0x82	EP 2 IN
		bmAttributes 0x5	ISOC
		wMaxPacketSize 1024
		wMaxPacketSize (with additional transactions in microframe) 3072
		bInterval 1
*** Interface Association Descriptor ***
bLength 8
bDescriptorType 11
bFirstInterface 2
bInterfaceCount 2
bFunctionClass 0x1
bFunctionSubClass 0x0
bFunctionProtocol 0x0
iFunction 5
	*** Interface descriptor ***
	bLength 9
	bDescriptorType 4
	bInterfaceNumber 2
	bAlternateSetting 0
	bNumEndpoints 0
	bInterfaceClass 0x1
	bInterfaceSubClass 0x1
	bInterfaceProtocol 0x0
	iInterface 0
	*** Class-specific VC Interface Descriptor ***
	bLength 9
	bDescriptorType 0x24
	bDescriptorSubType 0x01
	bcdUVC 0100
	wTotalLength 39
	dwClockFrequency 604766977
	bInCollection 2
	baInterfaceNr[0] 1
	baInterfaceNr[1] 1
	*** Input Terminal Descriptor (Camera) ***
	bLength 12
	bDescriptorType 0x24
	bDescriptorSubType 0x02
	bTerminalID 0x1
	wTerminalType 0x201
	bAssocTerminal 0
	iTerminal 1
	wObjectiveFocalLengthMin 3
	wObjectiveFocalLengthMax 0
	wOcularFocalLength 9225
	bControlSize 6
	bmControls 0x2 0x1 0x2
	*** Extension Unit Descriptor unsupported, skipping... ***
	*** Output Terminal Descriptor ***
	bLength 9
	bDescriptorType 0x24
	bDescriptorSubType 0x03
	bTerminalID 3
	wTerminalType 0x101
	bAssocTerminal 0
	bSourceID 2
	iTerminal 0
	*** Interface descriptor ***
	bLength 9
	bDescriptorType 4
	bInterfaceNumber 3
	bAlternateSetting 0
	bNumEndpoints 0
	bInterfaceClass 0x1
	bInterfaceSubClass 0x2
	bInterfaceProtocol 0x0
	iInterface 0
	*** Interface descriptor ***
	bLength 9
	bDescriptorType 4
	bInterfaceNumber 3
	bAlternateSetting 1
	bNumEndpoints 1
	bInterfaceClass 0x1
	bInterfaceSubClass 0x2
	bInterfaceProtocol 0x0
	iInterface 0
	*** Class-specific VC Interface Descriptor ***
	bLength 7
	bDescriptorType 0x24
	bDescriptorSubType 0x01
	bcdUVC 0003
	wTotalLength 1
	dwClockFrequency 16917515
	bInCollection 2
	baInterfaceNr[0] 2
	baInterfaceNr[1] 16
	*** Input Terminal Descriptor (Media) ***
	bLength 11
	bDescriptorType 0x24
	bDescriptorSubType 0x02
	bTerminalID 0x1
	wTerminalType 0x202
	bAssocTerminal 16
	iTerminal 1
	bControlSize 128
	bmControls 0xBB
	bTransportModeSize 0
	bmTransportModes 0x9 0x5 0x83 0x1 0xC0
		*** Endpoint descriptor ***
		bLength 9
		bDescriptorType 5
		bEndpointAddress 0x83	EP 3 IN
		bmAttributes 0x1	ISOC
		wMaxPacketSize 192
		bInterval 4
		*** Class-specific Interrupt Endpoint Descriptor ***
		bLength 7
		bDescriptorType 0x25
		bDescriptorSubType 1
		wMaxTransferSize 1
	*** Interface descriptor ***
	bLength 9
	bDescriptorType 4
	bInterfaceNumber 4
	bAlternateSetting 0
	bNumEndpoints 2
	bInterfaceClass 0x3
	bInterfaceSubClass 0x0
	bInterfaceProtocol 0x0
	iInterface 0
 *** Unknown Descriptor Length: 9 Type: 33 ***
		*** Endpoint descriptor ***
		bLength 7
		bDescriptorType 5
		bEndpointAddress 0x84	EP 4 IN
		bmAttributes 0x3	INT
		wMaxPacketSize 64
		bInterval 4
		*** Endpoint descriptor ***
		bLength 7
		bDescriptorType 5
		bEndpointAddress 0x1	EP 1 OUT
		bmAttributes 0x3	INT
		wMaxPacketSize 64
		bInterval 4
PV-UVC-ENUM device aberto em 2034 ms
PV-UVC-ENUM cap driver=USB-UVC0 card=USB-UVC0 bus=esp32p4:USB-UVC0 caps=0x84201001 device_caps=0x04201001
PV-UVC-ENUM fmt index=0 fourcc=JPEG flags=0x0 desc="JPEG"
PV-UVC-ENUM size fourcc=JPEG index=0 1920x1080
PV-UVC-ENUM interval fourcc=JPEG 1920x1080 index=0 tipo=discrete num=333333 den=10000000 fps_x1000=30000
PV-UVC-ENUM interval fourcc=JPEG 1920x1080 index=1 tipo=discrete num=666666 den=10000000 fps_x1000=15000
PV-UVC-ENUM interval fourcc=JPEG 1920x1080 index=2 tipo=discrete num=1000000 den=10000000 fps_x1000=10000
PV-UVC-ENUM size fourcc=JPEG index=1 640x320
PV-UVC-ENUM interval fourcc=JPEG 640x320 index=0 tipo=discrete num=333333 den=10000000 fps_x1000=30000
PV-UVC-ENUM interval fourcc=JPEG 640x320 index=1 tipo=discrete num=666666 den=10000000 fps_x1000=15000
PV-UVC-ENUM interval fourcc=JPEG 640x320 index=2 tipo=discrete num=1000000 den=10000000 fps_x1000=10000
PV-UVC-ENUM size fourcc=JPEG index=2 640x480
PV-UVC-ENUM interval fourcc=JPEG 640x480 index=0 tipo=discrete num=333333 den=10000000 fps_x1000=30000
PV-UVC-ENUM interval fourcc=JPEG 640x480 index=1 tipo=discrete num=666666 den=10000000 fps_x1000=15000
PV-UVC-ENUM interval fourcc=JPEG 640x480 index=2 tipo=discrete num=1000000 den=10000000 fps_x1000=10000
PV-UVC-ENUM size fourcc=JPEG index=3 800x600
PV-UVC-ENUM interval fourcc=JPEG 800x600 index=0 tipo=discrete num=333333 den=10000000 fps_x1000=30000
PV-UVC-ENUM interval fourcc=JPEG 800x600 index=1 tipo=discrete num=666666 den=10000000 fps_x1000=15000
PV-UVC-ENUM interval fourcc=JPEG 800x600 index=2 tipo=discrete num=1000000 den=10000000 fps_x1000=10000
PV-UVC-ENUM size fourcc=JPEG index=4 1024x768
PV-UVC-ENUM interval fourcc=JPEG 1024x768 index=0 tipo=discrete num=333333 den=10000000 fps_x1000=30000
PV-UVC-ENUM interval fourcc=JPEG 1024x768 index=1 tipo=discrete num=666666 den=10000000 fps_x1000=15000
PV-UVC-ENUM interval fourcc=JPEG 1024x768 index=2 tipo=discrete num=1000000 den=10000000 fps_x1000=10000
PV-UVC-ENUM size fourcc=JPEG index=5 1280x720
PV-UVC-ENUM interval fourcc=JPEG 1280x720 index=0 tipo=discrete num=333333 den=10000000 fps_x1000=30000
PV-UVC-ENUM interval fourcc=JPEG 1280x720 index=1 tipo=discrete num=666666 den=10000000 fps_x1000=15000
PV-UVC-ENUM interval fourcc=JPEG 1280x720 index=2 tipo=discrete num=1000000 den=10000000 fps_x1000=10000
PV-UVC-ENUM size fourcc=JPEG index=6 1280x960
PV-UVC-ENUM interval fourcc=JPEG 1280x960 index=0 tipo=discrete num=333333 den=10000000 fps_x1000=30000
PV-UVC-ENUM interval fourcc=JPEG 1280x960 index=1 tipo=discrete num=666666 den=10000000 fps_x1000=15000
PV-UVC-ENUM interval fourcc=JPEG 1280x960 index=2 tipo=discrete num=1000000 den=10000000 fps_x1000=10000
PV-UVC-ENUM size fourcc=JPEG index=7 1600x1200
PV-UVC-ENUM interval fourcc=JPEG 1600x1200 index=0 tipo=discrete num=333333 den=10000000 fps_x1000=30000
PV-UVC-ENUM interval fourcc=JPEG 1600x1200 index=1 tipo=discrete num=666666 den=10000000 fps_x1000=15000
PV-UVC-ENUM interval fourcc=JPEG 1600x1200 index=2 tipo=discrete num=1000000 den=10000000 fps_x1000=10000
PV-UVC-ENUM size fourcc=JPEG index=8 2048x1536
PV-UVC-ENUM interval fourcc=JPEG 2048x1536 index=0 tipo=discrete num=333333 den=10000000 fps_x1000=30000
PV-UVC-ENUM interval fourcc=JPEG 2048x1536 index=1 tipo=discrete num=666666 den=10000000 fps_x1000=15000
PV-UVC-ENUM interval fourcc=JPEG 2048x1536 index=2 tipo=discrete num=1000000 den=10000000 fps_x1000=10000
PV-UVC-ENUM size fourcc=JPEG index=9 2592x1944
PV-UVC-ENUM interval fourcc=JPEG 2592x1944 index=0 tipo=discrete num=333333 den=10000000 fps_x1000=30000
PV-UVC-ENUM interval fourcc=JPEG 2592x1944 index=1 tipo=discrete num=666666 den=10000000 fps_x1000=15000
PV-UVC-ENUM interval fourcc=JPEG 2592x1944 index=2 tipo=discrete num=1000000 den=10000000 fps_x1000=10000
PV-UVC-ENUM size fourcc=JPEG index=10 3264x2448
PV-UVC-ENUM interval fourcc=JPEG 3264x2448 index=0 tipo=discrete num=333333 den=10000000 fps_x1000=30000
PV-UVC-ENUM interval fourcc=JPEG 3264x2448 index=1 tipo=discrete num=666666 den=10000000 fps_x1000=15000
PV-UVC-ENUM interval fourcc=JPEG 3264x2448 index=2 tipo=discrete num=1000000 den=10000000 fps_x1000=10000
PV-UVC-ENUM size fourcc=JPEG index=11 3840x2160
PV-UVC-ENUM interval fourcc=JPEG 3840x2160 index=0 tipo=discrete num=333333 den=10000000 fps_x1000=30000
PV-UVC-ENUM interval fourcc=JPEG 3840x2160 index=1 tipo=discrete num=666666 den=10000000 fps_x1000=15000
PV-UVC-ENUM interval fourcc=JPEG 3840x2160 index=2 tipo=discrete num=1000000 den=10000000 fps_x1000=10000
PV-UVC-ENUM size fourcc=JPEG index=12 4000x3000
PV-UVC-ENUM interval fourcc=JPEG 4000x3000 index=0 tipo=discrete num=666666 den=10000000 fps_x1000=15000
PV-UVC-ENUM interval fourcc=JPEG 4000x3000 index=1 tipo=discrete num=1000000 den=10000000 fps_x1000=10000
PV-UVC-ENUM size fourcc=JPEG index=13 320x240
PV-UVC-ENUM interval fourcc=JPEG 320x240 index=0 tipo=discrete num=333333 den=10000000 fps_x1000=30000
PV-UVC-ENUM interval fourcc=JPEG 320x240 index=1 tipo=discrete num=666666 den=10000000 fps_x1000=15000
PV-UVC-ENUM fmt index=1 fourcc=YUYV flags=0x0 desc="YUV 4:2:2 YUYV"
PV-UVC-ENUM size fourcc=YUYV index=0 320x240
PV-UVC-ENUM interval fourcc=YUYV 320x240 index=0 tipo=discrete num=500000 den=10000000 fps_x1000=20000
PV-UVC-ENUM interval fourcc=YUYV 320x240 index=1 tipo=discrete num=1000000 den=10000000 fps_x1000=10000
PV-UVC-ENUM size fourcc=YUYV index=1 640x360
PV-UVC-ENUM interval fourcc=YUYV 640x360 index=0 tipo=discrete num=500000 den=10000000 fps_x1000=20000
PV-UVC-ENUM interval fourcc=YUYV 640x360 index=1 tipo=discrete num=1000000 den=10000000 fps_x1000=10000
PV-UVC-ENUM size fourcc=YUYV index=2 640x480
PV-UVC-ENUM interval fourcc=YUYV 640x480 index=0 tipo=discrete num=1000000 den=10000000 fps_x1000=10000
PV-UVC-ENUM size fourcc=YUYV index=3 800x600
PV-UVC-ENUM interval fourcc=YUYV 800x600 index=0 tipo=discrete num=1000000 den=10000000 fps_x1000=10000
PV-UVC-ENUM size fourcc=YUYV index=4 1024x720
PV-UVC-ENUM interval fourcc=YUYV 1024x720 index=0 tipo=discrete num=1000000 den=10000000 fps_x1000=10000
PV-UVC-ENUM size fourcc=YUYV index=5 1280x940
PV-UVC-ENUM interval fourcc=YUYV 1280x940 index=0 tipo=discrete num=1000000 den=10000000 fps_x1000=10000
PV-UVC-ENUM size fourcc=YUYV index=6 1280x1024
PV-UVC-ENUM interval fourcc=YUYV 1280x1024 index=0 tipo=discrete num=1000000 den=10000000 fps_x1000=10000
PV-UVC-ENUM size fourcc=YUYV index=7 1600x1200
PV-UVC-ENUM interval fourcc=YUYV 1600x1200 index=0 tipo=discrete num=2000000 den=10000000 fps_x1000=5000
PV-UVC-ENUM size fourcc=YUYV index=8 1920x1080
PV-UVC-ENUM interval fourcc=YUYV 1920x1080 index=0 tipo=discrete num=2000000 den=10000000 fps_x1000=5000
PV-UVC-ENUM size fourcc=YUYV index=9 2048x1536
PV-UVC-ENUM interval fourcc=YUYV 2048x1536 index=0 tipo=discrete num=2000000 den=10000000 fps_x1000=5000
PV-UVC-ENUM size fourcc=YUYV index=10 2560x1440
PV-UVC-ENUM interval fourcc=YUYV 2560x1440 index=0 tipo=discrete num=2000000 den=10000000 fps_x1000=5000
PV-UVC-ENUM size fourcc=YUYV index=11 2592x1944
PV-UVC-ENUM interval fourcc=YUYV 2592x1944 index=0 tipo=discrete num=2000000 den=10000000 fps_x1000=5000
PV-UVC-ENUM result=OK tamanhos_jpeg=14
I (5050) usb_uvc_device: All UVC devices already enumerated
PV-UVC-FMT requested=800x600 applied=800x600 fourcc=JPEG sizeimage=0
I (5069) uvc: Allocating 2 USB transfers for ISOC. Each: 3072 bytes, 1 ISOC packets, 3072 MPS
W (8104) PvUvcSpike: DQBUF de descarte 0 falhou: errno=1(Not owner)
PV-UVC-WARMUP requested=800x600 descartados=0
E (13104) PvUvcSpike: VIDIOC_DQBUF falhou: errno=1(Not owner)

assert failed: usbh_dev_close usbh.c:1226 (dev_obj->dynamic.num_ctrl_xfers_inflight == 0)
Core  0 register dump:
MEPC    : 0x4ff0d048  RA      : 0x4ff0cbe0  SP      : 0x4ff3deb0  GP      : 0x4ff14300  
TP      : 0x4ff3e4e0  T0      : 0x695f7372  T1      : 0x616e7964  T2      : 0x696c666e  
S0/FP   : 0x0000006e  S1      : 0x00000001  A0      : 0x4ff3def8  A1      : 0x4ff16881  
A2      : 0x00000001  A3      : 0x4ff1a000  A4      : 0x00000001  A5      : 0x4ff1a000  
A6      : 0x00000008  A7      : 0x3e2d6a62  S2      : 0x4ff3def8  S3      : 0x4ff3df19  
S4      : 0x4ff16880  S5      : 0x4ff3def8  S6      : 0x48043896  S7      : 0x00000002  
S8      : 0x00001fa8  S9      : 0x480a4c98  S10     : 0x001e8480  S11     : 0x00000002  
T3      : 0x2e63696d  T4      : 0x5f6d756e  T5      : 0x6c727463  T6      : 0x6566785f  
MSTATUS : 0x00011880  MTVEC   : 0x4ff00003  MCAUSE  : 0x00000002  MTVAL   : 0x00000000  
MHARTID : 0x00000000  

Stack memory:
4ff3deb0: 0x00000000 0x4ff3df5c 0x480da1c4 0x4ff0a8b8 0x36323231 0x4ff3e900 0x00000000 0x00000000
4ff3ded0: 0x48000000 0x4ff1712c 0x480da1c4 0x4ff17110 0x480ae0d1 0x4ff1713c 0x4ff3dec0 0x4ff17140
4ff3def0: 0x480ae248 0x4ff16880 0x65737361 0x66207472 0x656c6961 0x75203a64 0x5f686273 0x5f766564
4ff3df10: 0x736f6c63 0x73752065 0x632e6862 0x3232313a 0x64282036 0x6f5f7665 0x3e2d6a62 0x616e7964
4ff3df30: 0x2e63696d 0x5f6d756e 0x6c727463 0x6566785f 0x695f7372 0x696c666e 0x20746867 0x30203d3d
4ff3df50: 0x00000029 0x00000000 0x4ff51bd0 0xfffffffe 0x00000000 0x00000000 0x4ff3e518 0xfffffffe
4ff3df70: 0x00000000 0x480e7b90 0x4ff3e518 0x4807df5c 0x00000000 0x000000a8 0x480e7bc4 0x480e0ee4
4ff3df90: 0x4ff51a08 0x00000000 0x4ff3e8bc 0x4ff3fb68 0x480e6fa8 0x00000000 0x4ff3e8bc 0x4807e2c4
4ff3dfb0: 0x480e6fa8 0x00000000 0x4ff3e8bc 0x4807c782 0x4ff51a08 0x00000000 0x4ff3e418 0x4ff3fb68
4ff3dfd0: 0x480e6fa8 0x4ff1a000 0x480e7018 0x48043896 0x4ff51a08 0x00000000 0x480e7018 0x480e7018
4ff3dff0: 0x480e6fa8 0x4ff1a000 0x480e7018 0x48041a08 0x00000103 0x480e7b28 0x00000002 0x010e7d58
4ff3e010: 0x00000103 0x480e7b28 0x00000002 0x4803c3e6 0x00000103 0x4ff1a000 0x480e7b28 0x4803d944
4ff3e030: 0x00000103 0x4ff3fb68 0x4ff3fae4 0x48025bb0 0x00000000 0x40045613 0x4ff3fb68 0x48022870
4ff3e050: 0x00000001 0x40045613 0x00000001 0x4802303c 0x00000001 0x4ff14588 0x480a4364 0x00003330
4ff3e070: 0x00000000 0x480a4c98 0x4ff5073c 0x4802c984 0x00000001 0x00000000 0x4ff3e418 0x4808041e
4ff3e090: 0x00000001 0x4ff14588 0x480a4848 0x00000004 0x00000000 0x00000000 0x00000000 0x4ff3e0c8
4ff3e0b0: 0x00000004 0x4ff14588 0x00000004 0x48021362 0x00000005 0x00000000 0x4ff3e100 0x00000000
4ff3e0d0: 0x20800008 0x00000001 0x00000001 0x0000000a 0x4ff3e1a8 0x480e71a8 0x480e71a8 0x4803dd74
4ff3e0f0: 0x00000000 0x4ff1a000 0x4ff3fae4 0x00000001 0x00000001 0x4745504a 0x00000000 0x00000002
4ff3e110: 0x00000001 0x00000001 0x00000000 0x00000000 0x4ff3fb68 0x480f0a40 0x48165d80 0x00075300
4ff3e130: 0x00075300 0x00000000 0x00000000 0x00000001 0x00000000 0x00000000 0x00000000 0x00000000
4ff3e150: 0x00000000 0x00000000 0x00000000 0x00000000 0x00000000 0x00000000 0x00000000 0x00000000
4ff3e170: 0x00000000 0x00000001 0x00000000 0x00000000 0x00000000 0x00000000 0x00000001 0x00000320
4ff3e190: 0x00000258 0x4745504a 0x00000000 0x00000000 0x00000000 0x00000000 0x00000000 0x00000000
4ff3e1b0: 0x00000000 0x00000000 0x00000000 0x00000000 0x00000000 0x00000000 0x00000000 0x00000000
4ff3e1d0: 0x00000000 0x00000000 0x00000000 0x00000000 0x00000000 0x00000000 0x00000000 0x00000000
4ff3e1f0: 0x00000000 0x00000000 0x00000000 0x00000000 0x00000000 0x00000000 0x00000000 0x00000000
4ff3e210: 0x00000000 0x00000000 0x00000000 0x00000000 0x00000000 0x00000000 0x00000000 0x00000000
4ff3e230: 0x00000000 0x00000000 0x00000000 0x00000000 0x00000000 0x00000000 0x00000000 0x00000000
4ff3e250: 0x00000000 0x00000001 0x00000320 0x00000258 0x4745504a 0x00000000 0x00000000 0x00000000
4ff3e270: 0x00000000 0x00000000 0x00000000 0x00000000 0x00000000 0x00000000 0x00000000 0x00000000
4ff3e290: 0x00000000 0x00000000 0x00000000 0x00000000 0x00000000 0x00000000 0x00000000 0x00000000



ELF file SHA256: e87c6fa39

Rebooting...
ESP-ROM:esp32p4-eco2-20240710
Build:Jul 10 2024
rst:0xc (SW_CPU_RESET),boot:0xf (SPI_FAST_FLASH_BOOT)
Core0 Saved PC:0x4ff00c9e
Core1 Saved PC:0x4ff0698c
SPI mode:DIO, clock div:1
load:0x4ff33ce0,len:0x5d0
load:0x4ff28ed0,len:0xdf8
load:0x4ff2bbd0,len:0x34b8
entry 0x4ff28ed0
I (46) hex_psram: vendor id    : 0x0d (AP)
I (46) hex_psram: Latency      : 0x01 (Fixed)
I (46) hex_psram: DriveStr.    : 0x00 (25 Ohm)
I (47) hex_psram: dev id       : 0x03 (generation 4)
I (51) hex_psram: density      : 0x07 (256 Mbit)
I (56) hex_psram: good-die     : 0x06 (Pass)
I (60) hex_psram: SRF          : 0x02 (Slow Refresh)
I (64) hex_psram: BurstType    : 0x00 ( Wrap)
I (69) hex_psram: BurstLen     : 0x03 (2048 Byte)
I (73) hex_psram: BitMode      : 0x01 (X16 Mode)
I (77) hex_psram: Readlatency  : 0x04 (14 cycles@Fixed)
I (82) hex_psram: DriveStrength: 0x00 (1/1)
I (86) MSPI Timing: Enter psram timing tuning
I esp_psram: Found 32MB PSRAM device
I esp_psram: Speed: 200MHz
I (283) mmu_psram: .rodata xip on psram
I (316) mmu_psram: .text xip on psram
I (319) hex_psram: psram CS IO is dedicated
I (319) cpu_start: Multicore app
I (328) cpu_start: GPIO 38 and 37 are used as console UART I/O pins
I (328) cpu_start: Pro cpu start user code
I (328) cpu_start: cpu freq: 360000000 Hz
I (330) app_init: Application information:
I (334) app_init: Project name:     xiaozhi
I (338) app_init: App version:      2.4.0
I (342) app_init: Compile time:     Aug 10 2026 22:03:41
I (347) app_init: ELF file SHA256:  e87c6fa39...
I (351) app_init: ESP-IDF:          v6.0.2
I (355) efuse_init: Min chip rev:     v1.0
I (359) efuse_init: Max chip rev:     v1.99 
I (363) efuse_init: Chip rev:         v1.3
I (367) heap_init: Initializing. RAM available for dynamic allocation:
I (373) heap_init: At 4FF1A740 len 00020880 (130 KiB): RETENT_RAM
I (379) heap_init: At 4FF3AFC0 len 00004BF0 (18 KiB): RAM
I (384) heap_init: At 4FF40000 len 00060000 (384 KiB): RAM
I (389) heap_init: At 50108080 len 00007F80 (31 KiB): RTCRAM
I (394) heap_init: At 30100088 len 00001F78 (7 KiB): SPM
I (399) esp_psram: Adding pool of 31808K of PSRAM memory to heap allocator
I (406) esp_psram: Adding pool of 62K of PSRAM memory gap generated due to end address alignment of irom to the heap allocator
I (417) esp_psram: Adding pool of 60K of PSRAM memory gap generated due to end address alignment of drom to the heap allocator
I (428) spi_flash: detected chip: gd
I (431) spi_flash: flash io: qio
I (434) host_init: ESP Hosted : Host chip_ip[18]
I (439) H_API: ESP-Hosted starting. Hosted_Tasks: prio:23, stack: 5120 RPC_task_stack: 5120
I (447) H_API: ** add_esp_wifi_remote_channels **
I (452) sleep_gpio: Configure to isolate all GPIO pins in sleep state
I (458) sleep_gpio: Enable automatic switching of GPIO sleep configuration
I (466) H_SDIO_DRV: sdio_data_to_rx_buf_task started
I (469) main_task: Started on CPU0
I (472) esp_psram: Reserving pool of 64K of internal memory for DMA/internal allocations
I (481) main_task: Calling app_main()

PV-UVC-SPIKE inicio (F2B) degraus=5
PV-UVC-MEM etapa=boot psram_livre=32669812 psram_maior_bloco=32505856 interna_livre=421195
I (2358) main_task: Returned from app_main()
PV-UVC-INIT result=OK usb_host=on uvc_dev_num=1
PV-UVC-ENUM aguardando enumeracao USB em /dev/video40 (ate 10000 ms)
I (2388) usb_uvc_device: Waiting for UVC device to be enumerated...
E (2832) ENUM: LANGID 0x409 not found
*** Configuration descriptor ***
bLength 9
bDescriptorType 2
wTotalLength 1463
bNumInterfaces 5
bConfigurationValue 1
iConfiguration 0
bmAttributes 0x80
bMaxPower 500mA
*** Interface Association Descriptor ***
bLength 8
bDescriptorType 11
bFirstInterface 0
bInterfaceCount 2
bFunctionClass 0xe
bFunctionSubClass 0x3
bFunctionProtocol 0x0
iFunction 4
	*** Interface descriptor ***
	bLength 9
	bDescriptorType 4
	bInterfaceNumber 0
	bAlternateSetting 0
	bNumEndpoints 1
	bInterfaceClass 0xe
	bInterfaceSubClass 0x1
	bInterfaceProtocol 0x0
	iInterface 0
	*** Class-specific VC Interface Descriptor ***
	bLength 13
	bDescriptorType 0x24
	bDescriptorSubType 0x01
	bcdUVC 0100
	wTotalLength 80
	dwClockFrequency 24000000
	bInCollection 1
	baInterfaceNr[0] 1
	*** Input Terminal Descriptor (Camera) ***
	bLength 18
	bDescriptorType 0x24
	bDescriptorSubType 0x02
	bTerminalID 0x1
	wTerminalType 0x201
	bAssocTerminal 0
	iTerminal 0
	wObjectiveFocalLengthMin 0
	wObjectiveFocalLengthMax 0
	wOcularFocalLength 0
	bControlSize 3
	bmControls 0x7A 0x2A 0x2
	*** Extension Unit Descriptor unsupported, skipping... ***
	*** Processing Unit Descriptor ***
	bLength 11
	bDescriptorType 0x24
	bDescriptorSubType 0x05
	bUnitID 3
	bSourceID 2
	wMaxMultiplier 16384
	bControlSize 2
	bmControls 0x7F 0x17 0x0
	iProcessing 9
	bmVideoStandards 0x24
	*** Output Terminal Descriptor ***
	bLength 9
	bDescriptorType 0x24
	bDescriptorSubType 0x03
	bTerminalID 4
	wTerminalType 0x101
	bAssocTerminal 0
	bSourceID 3
	iTerminal 0
		*** Endpoint descriptor ***
		bLength 7
		bDescriptorType 5
		bEndpointAddress 0x81	EP 1 IN
		bmAttributes 0x3	INT
		wMaxPacketSize 16
		bInterval 8
		*** Class-specific Interrupt Endpoint Descriptor ***
		bLength 5
		bDescriptorType 0x25
		bDescriptorSubType 3
		wMaxTransferSize 16
	*** Interface descriptor ***
	bLength 9
	bDescriptorType 4
	bInterfaceNumber 1
	bAlternateSetting 0
	bNumEndpoints 0
	bInterfaceClass 0xe
	bInterfaceSubClass 0x2
	bInterfaceProtocol 0x0
	iInterface 0
	*** Class-specific VC Interface Descriptor ***
	bLength 15
	bDescriptorType 0x24
	bDescriptorSubType 0x01
	bcdUVC fc02
	wTotalLength 33283
	dwClockFrequency 16909312
	bInCollection 1
	baInterfaceNr[0] 1
	*** Extension Unit Descriptor unsupported, skipping... ***
	*** VS Frame Descriptor ***
	bLength 38
	bDescriptorType 0x24
	bDescriptorSubType 0x07
	bFrameIndex 1
	bmCapabilities 0x0
	wWidth 1920
	wHeight 1080
	dwMinBitRate 20736000
	dwMaxBitRate 62208000
	dwMaxVideoFrameBufSize 2073600
	dwDefaultFrameInterval 333333
	bFrameIntervalType 3
	FrameInterval[0] 333333
	FrameInterval[1] 666666
	FrameInterval[2] 1000000
	*** VS Frame Descriptor ***
	bLength 38
	bDescriptorType 0x24
	bDescriptorSubType 0x07
	bFrameIndex 2
	bmCapabilities 0x0
	wWidth 640
	wHeight 320
	dwMinBitRate 2048000
	dwMaxBitRate 6144000
	dwMaxVideoFrameBufSize 204800
	dwDefaultFrameInterval 333333
	bFrameIntervalType 3
	FrameInterval[0] 333333
	FrameInterval[1] 666666
	FrameInterval[2] 1000000
	*** VS Frame Descriptor ***
	bLength 38
	bDescriptorType 0x24
	bDescriptorSubType 0x07
	bFrameIndex 3
	bmCapabilities 0x0
	wWidth 640
	wHeight 480
	dwMinBitRate 3072000
	dwMaxBitRate 9216000
	dwMaxVideoFrameBufSize 307200
	dwDefaultFrameInterval 333333
	bFrameIntervalType 3
	FrameInterval[0] 333333
	FrameInterval[1] 666666
	FrameInterval[2] 1000000
	*** VS Frame Descriptor ***
	bLength 38
	bDescriptorType 0x24
	bDescriptorSubType 0x07
	bFrameIndex 4
	bmCapabilities 0x0
	wWidth 800
	wHeight 600
	dwMinBitRate 4800000
	dwMaxBitRate 14400000
	dwMaxVideoFrameBufSize 480000
	dwDefaultFrameInterval 333333
	bFrameIntervalType 3
	FrameInterval[0] 333333
	FrameInterval[1] 666666
	FrameInterval[2] 1000000
	*** VS Frame Descriptor ***
	bLength 38
	bDescriptorType 0x24
	bDescriptorSubType 0x07
	bFrameIndex 5
	bmCapabilities 0x0
	wWidth 1024
	wHeight 768
	dwMinBitRate 7864320
	dwMaxBitRate 23592960
	dwMaxVideoFrameBufSize 786432
	dwDefaultFrameInterval 333333
	bFrameIntervalType 3
	FrameInterval[0] 333333
	FrameInterval[1] 666666
	FrameInterval[2] 1000000
	*** VS Frame Descriptor ***
	bLength 38
	bDescriptorType 0x24
	bDescriptorSubType 0x07
	bFrameIndex 6
	bmCapabilities 0x0
	wWidth 1280
	wHeight 720
	dwMinBitRate 9216000
	dwMaxBitRate 27648000
	dwMaxVideoFrameBufSize 921600
	dwDefaultFrameInterval 333333
	bFrameIntervalType 3
	FrameInterval[0] 333333
	FrameInterval[1] 666666
	FrameInterval[2] 1000000
	*** VS Frame Descriptor ***
	bLength 38
	bDescriptorType 0x24
	bDescriptorSubType 0x07
	bFrameIndex 7
	bmCapabilities 0x0
	wWidth 1280
	wHeight 960
	dwMinBitRate 12288000
	dwMaxBitRate 36864000
	dwMaxVideoFrameBufSize 1228800
	dwDefaultFrameInterval 333333
	bFrameIntervalType 3
	FrameInterval[0] 333333
	FrameInterval[1] 666666
	FrameInterval[2] 1000000
	*** VS Frame Descriptor ***
	bLength 38
	bDescriptorType 0x24
	bDescriptorSubType 0x07
	bFrameIndex 8
	bmCapabilities 0x0
	wWidth 1600
	wHeight 1200
	dwMinBitRate 19200000
	dwMaxBitRate 57600000
	dwMaxVideoFrameBufSize 1920000
	dwDefaultFrameInterval 333333
	bFrameIntervalType 3
	FrameInterval[0] 333333
	FrameInterval[1] 666666
	FrameInterval[2] 1000000
	*** VS Frame Descriptor ***
	bLength 38
	bDescriptorType 0x24
	bDescriptorSubType 0x07
	bFrameIndex 9
	bmCapabilities 0x0
	wWidth 2048
	wHeight 1536
	dwMinBitRate 31457280
	dwMaxBitRate 94371840
	dwMaxVideoFrameBufSize 3145728
	dwDefaultFrameInterval 333333
	bFrameIntervalType 3
	FrameInterval[0] 333333
	FrameInterval[1] 666666
	FrameInterval[2] 1000000
	*** VS Frame Descriptor ***
	bLength 38
	bDescriptorType 0x24
	bDescriptorSubType 0x07
	bFrameIndex 10
	bmCapabilities 0x0
	wWidth 2592
	wHeight 1944
	dwMinBitRate 50388480
	dwMaxBitRate 151165440
	dwMaxVideoFrameBufSize 5038848
	dwDefaultFrameInterval 333333
	bFrameIntervalType 3
	FrameInterval[0] 333333
	FrameInterval[1] 666666
	FrameInterval[2] 1000000
	*** VS Frame Descriptor ***
	bLength 38
	bDescriptorType 0x24
	bDescriptorSubType 0x07
	bFrameIndex 11
	bmCapabilities 0x0
	wWidth 3264
	wHeight 2448
	dwMinBitRate 79902720
	dwMaxBitRate 239708160
	dwMaxVideoFrameBufSize 7990272
	dwDefaultFrameInterval 333333
	bFrameIntervalType 3
	FrameInterval[0] 333333
	FrameInterval[1] 666666
	FrameInterval[2] 1000000
	*** VS Frame Descriptor ***
	bLength 38
	bDescriptorType 0x24
	bDescriptorSubType 0x07
	bFrameIndex 12
	bmCapabilities 0x0
	wWidth 3840
	wHeight 2160
	dwMinBitRate 82944000
	dwMaxBitRate 248832000
	dwMaxVideoFrameBufSize 8294400
	dwDefaultFrameInterval 333333
	bFrameIntervalType 3
	FrameInterval[0] 333333
	FrameInterval[1] 666666
	FrameInterval[2] 1000000
	*** VS Frame Descriptor ***
	bLength 34
	bDescriptorType 0x24
	bDescriptorSubType 0x07
	bFrameIndex 13
	bmCapabilities 0x0
	wWidth 4000
	wHeight 3000
	dwMinBitRate 120000000
	dwMaxBitRate 180000000
	dwMaxVideoFrameBufSize 12000000
	dwDefaultFrameInterval 666666
	bFrameIntervalType 2
	FrameInterval[0] 666666
	FrameInterval[1] 1000000
	*** VS Frame Descriptor ***
	bLength 34
	bDescriptorType 0x24
	bDescriptorSubType 0x07
	bFrameIndex 14
	bmCapabilities 0x0
	wWidth 320
	wHeight 240
	dwMinBitRate 1152000
	dwMaxBitRate 2304000
	dwMaxVideoFrameBufSize 76800
	dwDefaultFrameInterval 333333
	bFrameIntervalType 2
	FrameInterval[0] 333333
	FrameInterval[1] 666666
	*** Output Terminal Descriptor ***
	bLength 63
	bDescriptorType 0x24
	bDescriptorSubType 0x03
	bTerminalID 0
	wTerminalType 0x800E
	bAssocTerminal 7
	bSourceID 56
	iTerminal 4
	*** VS Color Format Descriptor ***
	bLength 6
	bDescriptorType 0x24
	bDescriptorSubType 0x0D
	bColorPrimaries 0x1
	bTransferCharacteristics 1
	bMatrixCoefficients 0x4
	*** Selector Unit Descriptor ***
	bLength 27
	bDescriptorType 0x24
	bDescriptorSubType 0x04
	bUnitID 2
	bNrInPins 12
	baSourceID1 89
	baSourceID2 85
	iSelector 89
	*** Processing Unit Descriptor ***
	bLength 34
	bDescriptorType 0x24
	bDescriptorSubType 0x05
	bUnitID 1
	bSourceID 0
	wMaxMultiplier 320
	bControlSize 240
	bmControls 0x0 0x0 0x70
	iProcessing 23
	bmVideoStandards 0x0
	*** Processing Unit Descriptor ***
	bLength 34
	bDescriptorType 0x24
	bDescriptorSubType 0x05
	bUnitID 2
	bSourceID 0
	wMaxMultiplier 640
	bControlSize 104
	bmControls 0x1 0x0 0x50
	iProcessing 70
	bmVideoStandards 0x0
	*** Processing Unit Descriptor ***
	bLength 30
	bDescriptorType 0x24
	bDescriptorSubType 0x05
	bUnitID 3
	bSourceID 0
	wMaxMultiplier 640
	bControlSize 224
	bmControls 0x1 0x0 0xC0
	iProcessing 93
	bmVideoStandards 0x0
	*** Processing Unit Descriptor ***
	bLength 30
	bDescriptorType 0x24
	bDescriptorSubType 0x05
	bUnitID 4
	bSourceID 0
	wMaxMultiplier 800
	bControlSize 88
	bmControls 0x2 0x0 0x7C
	iProcessing 146
	bmVideoStandards 0x0
	*** Processing Unit Descriptor ***
	bLength 30
	bDescriptorType 0x24
	bDescriptorSubType 0x05
	bUnitID 5
	bSourceID 0
	wMaxMultiplier 1024
	bControlSize 208
	bmControls 0x2 0x0 0x0
	iProcessing 225
	bmVideoStandards 0x0
	*** Processing Unit Descriptor ***
	bLength 30
	bDescriptorType 0x24
	bDescriptorSubType 0x05
	bUnitID 6
	bSourceID 0
	wMaxMultiplier 1280
	bControlSize 172
	bmControls 0x3 0x0 0x30
	iProcessing 111
	bmVideoStandards 0x1
	*** Processing Unit Descriptor ***
	bLength 30
	bDescriptorType 0x24
	bDescriptorSubType 0x05
	bUnitID 7
	bSourceID 0
	wMaxMultiplier 1280
	bControlSize 0
	bmControls 0x4 0x0 0x0
	iProcessing 144
	bmVideoStandards 0x1
	*** Processing Unit Descriptor ***
	bLength 30
	bDescriptorType 0x24
	bDescriptorSubType 0x05
	bUnitID 8
	bSourceID 0
	wMaxMultiplier 1600
	bControlSize 176
	bmControls 0x4 0x0 0xF8
	iProcessing 36
	bmVideoStandards 0x1
	*** Processing Unit Descriptor ***
	bLength 30
	bDescriptorType 0x24
	bDescriptorSubType 0x05
	bUnitID 9
	bSourceID 0
	wMaxMultiplier 1920
	bControlSize 56
	bmControls 0x4 0x0 0x68
	iProcessing 60
	bmVideoStandards 0x1
	*** Processing Unit Descriptor ***
	bLength 30
	bDescriptorType 0x24
	bDescriptorSubType 0x05
	bUnitID 10
	bSourceID 0
	wMaxMultiplier 2048
	bControlSize 0
	bmControls 0x6 0x0 0x0
	iProcessing 224
	bmVideoStandards 0x1
	*** Processing Unit Descriptor ***
	bLength 30
	bDescriptorType 0x24
	bDescriptorSubType 0x05
	bUnitID 11
	bSourceID 0
	wMaxMultiplier 2560
	bControlSize 160
	bmControls 0x5 0x0 0x80
	iProcessing 50
	bmVideoStandards 0x2
	*** Processing Unit Descriptor ***
	bLength 30
	bDescriptorType 0x24
	bDescriptorSubType 0x05
	bUnitID 12
	bSourceID 0
	wMaxMultiplier 2592
	bControlSize 152
	bmControls 0x7 0x0 0xDE
	iProcessing 0
	bmVideoStandards 0x3
	*** VS Color Format Descriptor ***
	bLength 6
	bDescriptorType 0x24
	bDescriptorSubType 0x0D
	bColorPrimaries 0x1
	bTransferCharacteristics 1
	bMatrixCoefficients 0x4
	*** Interface descriptor ***
	bLength 9
	bDescriptorType 4
	bInterfaceNumber 1
	bAlternateSetting 1
	bNumEndpoints 1
	bInterfaceClass 0xe
	bInterfaceSubClass 0x2
	bInterfaceProtocol 0x0
	iInterface 0
		*** Endpoint descriptor ***
		bLength 7
		bDescriptorType 5
		bEndpointAddress 0x82	EP 2 IN
		bmAttributes 0x5	ISOC
		wMaxPacketSize 192
		bInterval 1
	*** Interface descriptor ***
	bLength 9
	bDescriptorType 4
	bInterfaceNumber 1
	bAlternateSetting 2
	bNumEndpoints 1
	bInterfaceClass 0xe
	bInterfaceSubClass 0x2
	bInterfaceProtocol 0x0
	iInterface 0
		*** Endpoint descriptor ***
		bLength 7
		bDescriptorType 5
		bEndpointAddress 0x82	EP 2 IN
		bmAttributes 0x5	ISOC
		wMaxPacketSize 384
		bInterval 1
	*** Interface descriptor ***
	bLength 9
	bDescriptorType 4
	bInterfaceNumber 1
	bAlternateSetting 3
	bNumEndpoints 1
	bInterfaceClass 0xe
	bInterfaceSubClass 0x2
	bInterfaceProtocol 0x0
	iInterface 0
		*** Endpoint descriptor ***
		bLength 7
		bDescriptorType 5
		bEndpointAddress 0x82	EP 2 IN
		bmAttributes 0x5	ISOC
		wMaxPacketSize 512
		bInterval 1
	*** Interface descriptor ***
	bLength 9
	bDescriptorType 4
	bInterfaceNumber 1
	bAlternateSetting 4
	bNumEndpoints 1
	bInterfaceClass 0xe
	bInterfaceSubClass 0x2
	bInterfaceProtocol 0x0
	iInterface 0
		*** Endpoint descriptor ***
		bLength 7
		bDescriptorType 5
		bEndpointAddress 0x82	EP 2 IN
		bmAttributes 0x5	ISOC
		wMaxPacketSize 640
		bInterval 1
	*** Interface descriptor ***
	bLength 9
	bDescriptorType 4
	bInterfaceNumber 1
	bAlternateSetting 5
	bNumEndpoints 1
	bInterfaceClass 0xe
	bInterfaceSubClass 0x2
	bInterfaceProtocol 0x0
	iInterface 0
		*** Endpoint descriptor ***
		bLength 7
		bDescriptorType 5
		bEndpointAddress 0x82	EP 2 IN
		bmAttributes 0x5	ISOC
		wMaxPacketSize 800
		bInterval 1
	*** Interface descriptor ***
	bLength 9
	bDescriptorType 4
	bInterfaceNumber 1
	bAlternateSetting 6
	bNumEndpoints 1
	bInterfaceClass 0xe
	bInterfaceSubClass 0x2
	bInterfaceProtocol 0x0
	iInterface 0
		*** Endpoint descriptor ***
		bLength 7
		bDescriptorType 5
		bEndpointAddress 0x82	EP 2 IN
		bmAttributes 0x5	ISOC
		wMaxPacketSize 944
		bInterval 1
	*** Interface descriptor ***
	bLength 9
	bDescriptorType 4
	bInterfaceNumber 1
	bAlternateSetting 7
	bNumEndpoints 1
	bInterfaceClass 0xe
	bInterfaceSubClass 0x2
	bInterfaceProtocol 0x0
	iInterface 0
		*** Endpoint descriptor ***
		bLength 7
		bDescriptorType 5
		bEndpointAddress 0x82	EP 2 IN
		bmAttributes 0x5	ISOC
		wMaxPacketSize 640
		wMaxPacketSize (with additional transactions in microframe) 1280
		bInterval 1
	*** Interface descriptor ***
	bLength 9
	bDescriptorType 4
	bInterfaceNumber 1
	bAlternateSetting 8
	bNumEndpoints 1
	bInterfaceClass 0xe
	bInterfaceSubClass 0x2
	bInterfaceProtocol 0x0
	iInterface 0
		*** Endpoint descriptor ***
		bLength 7
		bDescriptorType 5
		bEndpointAddress 0x82	EP 2 IN
		bmAttributes 0x5	ISOC
		wMaxPacketSize 800
		wMaxPacketSize (with additional transactions in microframe) 1600
		bInterval 1
	*** Interface descriptor ***
	bLength 9
	bDescriptorType 4
	bInterfaceNumber 1
	bAlternateSetting 9
	bNumEndpoints 1
	bInterfaceClass 0xe
	bInterfaceSubClass 0x2
	bInterfaceProtocol 0x0
	iInterface 0
		*** Endpoint descriptor ***
		bLength 7
		bDescriptorType 5
		bEndpointAddress 0x82	EP 2 IN
		bmAttributes 0x5	ISOC
		wMaxPacketSize 992
		wMaxPacketSize (with additional transactions in microframe) 1984
		bInterval 1
	*** Interface descriptor ***
	bLength 9
	bDescriptorType 4
	bInterfaceNumber 1
	bAlternateSetting 10
	bNumEndpoints 1
	bInterfaceClass 0xe
	bInterfaceSubClass 0x2
	bInterfaceProtocol 0x0
	iInterface 0
		*** Endpoint descriptor ***
		bLength 7
		bDescriptorType 5
		bEndpointAddress 0x82	EP 2 IN
		bmAttributes 0x5	ISOC
		wMaxPacketSize 896
		wMaxPacketSize (with additional transactions in microframe) 2688
		bInterval 1
	*** Interface descriptor ***
	bLength 9
	bDescriptorType 4
	bInterfaceNumber 1
	bAlternateSetting 11
	bNumEndpoints 1
	bInterfaceClass 0xe
	bInterfaceSubClass 0x2
	bInterfaceProtocol 0x0
	iInterface 0
		*** Endpoint descriptor ***
		bLength 7
		bDescriptorType 5
		bEndpointAddress 0x82	EP 2 IN
		bmAttributes 0x5	ISOC
		wMaxPacketSize 1024
		wMaxPacketSize (with additional transactions in microframe) 3072
		bInterval 1
*** Interface Association Descriptor ***
bLength 8
bDescriptorType 11
bFirstInterface 2
bInterfaceCount 2
bFunctionClass 0x1
bFunctionSubClass 0x0
bFunctionProtocol 0x0
iFunction 5
	*** Interface descriptor ***
	bLength 9
	bDescriptorType 4
	bInterfaceNumber 2
	bAlternateSetting 0
	bNumEndpoints 0
	bInterfaceClass 0x1
	bInterfaceSubClass 0x1
	bInterfaceProtocol 0x0
	iInterface 0
	*** Class-specific VC Interface Descriptor ***
	bLength 9
	bDescriptorType 0x24
	bDescriptorSubType 0x01
	bcdUVC 0100
	wTotalLength 39
	dwClockFrequency 604766977
	bInCollection 2
	baInterfaceNr[0] 1
	baInterfaceNr[1] 1
	*** Input Terminal Descriptor (Camera) ***
	bLength 12
	bDescriptorType 0x24
	bDescriptorSubType 0x02
	bTerminalID 0x1
	wTerminalType 0x201
	bAssocTerminal 0
	iTerminal 1
	wObjectiveFocalLengthMin 3
	wObjectiveFocalLengthMax 0
	wOcularFocalLength 9225
	bControlSize 6
	bmControls 0x2 0x1 0x2
	*** Extension Unit Descriptor unsupported, skipping... ***
	*** Output Terminal Descriptor ***
	bLength 9
	bDescriptorType 0x24
	bDescriptorSubType 0x03
	bTerminalID 3
	wTerminalType 0x101
	bAssocTerminal 0
	bSourceID 2
	iTerminal 0
	*** Interface descriptor ***
	bLength 9
	bDescriptorType 4
	bInterfaceNumber 3
	bAlternateSetting 0
	bNumEndpoints 0
	bInterfaceClass 0x1
	bInterfaceSubClass 0x2
	bInterfaceProtocol 0x0
	iInterface 0
	*** Interface descriptor ***
	bLength 9
	bDescriptorType 4
	bInterfaceNumber 3
	bAlternateSetting 1
	bNumEndpoints 1
	bInterfaceClass 0x1
	bInterfaceSubClass 0x2
	bInterfaceProtocol 0x0
	iInterface 0
	*** Class-specific VC Interface Descriptor ***
	bLength 7
	bDescriptorType 0x24
	bDescriptorSubType 0x01
	bcdUVC 0003
	wTotalLength 1
	dwClockFrequency 16917515
	bInCollection 2
	baInterfaceNr[0] 2
	baInterfaceNr[1] 16
	*** Input Terminal Descriptor (Media) ***
	bLength 11
	bDescriptorType 0x24
	bDescriptorSubType 0x02
	bTerminalID 0x1
	wTerminalType 0x202
	bAssocTerminal 16
	iTerminal 1
	bControlSize 128
	bmControls 0xBB
	bTransportModeSize 0
	bmTransportModes 0x9 0x5 0x83 0x1 0xC0
		*** Endpoint descriptor ***
		bLength 9
		bDescriptorType 5
		bEndpointAddress 0x83	EP 3 IN
		bmAttributes 0x1	ISOC
		wMaxPacketSize 192
		bInterval 4
		*** Class-specific Interrupt Endpoint Descriptor ***
		bLength 7
		bDescriptorType 0x25
		bDescriptorSubType 1
		wMaxTransferSize 1
	*** Interface descriptor ***
	bLength 9
	bDescriptorType 4
	bInterfaceNumber 4
	bAlternateSetting 0
	bNumEndpoints 2
	bInterfaceClass 0x3
	bInterfaceSubClass 0x0
	bInterfaceProtocol 0x0
	iInterface 0
 *** Unknown Descriptor Length: 9 Type: 33 ***
		*** Endpoint descriptor ***
		bLength 7
		bDescriptorType 5
		bEndpointAddress 0x84	EP 4 IN
		bmAttributes 0x3	INT
		wMaxPacketSize 64
		bInterval 4
		*** Endpoint descriptor ***
		bLength 7
		bDescriptorType 5
		bEndpointAddress 0x1	EP 1 OUT
		bmAttributes 0x3	INT
		wMaxPacketSize 64
		bInterval 4
PV-UVC-ENUM device aberto em 2034 ms
PV-UVC-ENUM cap driver=USB-UVC0 card=USB-UVC0 bus=esp32p4:USB-UVC0 caps=0x84201001 device_caps=0x04201001
PV-UVC-ENUM fmt index=0 fourcc=JPEG flags=0x0 desc="JPEG"
PV-UVC-ENUM size fourcc=JPEG index=0 1920x1080
PV-UVC-ENUM interval fourcc=JPEG 1920x1080 index=0 tipo=discrete num=333333 den=10000000 fps_x1000=30000
PV-UVC-ENUM interval fourcc=JPEG 1920x1080 index=1 tipo=discrete num=666666 den=10000000 fps_x1000=15000
PV-UVC-ENUM interval fourcc=JPEG 1920x1080 index=2 tipo=discrete num=1000000 den=10000000 fps_x1000=10000
PV-UVC-ENUM size fourcc=JPEG index=1 640x320
PV-UVC-ENUM interval fourcc=JPEG 640x320 index=0 tipo=discrete num=333333 den=10000000 fps_x1000=30000
PV-UVC-ENUM interval fourcc=JPEG 640x320 index=1 tipo=discrete num=666666 den=10000000 fps_x1000=15000
PV-UVC-ENUM interval fourcc=JPEG 640x320 index=2 tipo=discrete num=1000000 den=10000000 fps_x1000=10000
PV-UVC-ENUM size fourcc=JPEG index=2 640x480
PV-UVC-ENUM interval fourcc=JPEG 640x480 index=0 tipo=discrete num=333333 den=10000000 fps_x1000=30000
PV-UVC-ENUM interval fourcc=JPEG 640x480 index=1 tipo=discrete num=666666 den=10000000 fps_x1000=15000
PV-UVC-ENUM interval fourcc=JPEG 640x480 index=2 tipo=discrete num=1000000 den=10000000 fps_x1000=10000
PV-UVC-ENUM size fourcc=JPEG index=3 800x600
PV-UVC-ENUM interval fourcc=JPEG 800x600 index=0 tipo=discrete num=333333 den=10000000 fps_x1000=30000
PV-UVC-ENUM interval fourcc=JPEG 800x600 index=1 tipo=discrete num=666666 den=10000000 fps_x1000=15000
PV-UVC-ENUM interval fourcc=JPEG 800x600 index=2 tipo=discrete num=1000000 den=10000000 fps_x1000=10000
PV-UVC-ENUM size fourcc=JPEG index=4 1024x768
PV-UVC-ENUM interval fourcc=JPEG 1024x768 index=0 tipo=discrete num=333333 den=10000000 fps_x1000=30000
PV-UVC-ENUM interval fourcc=JPEG 1024x768 index=1 tipo=discrete num=666666 den=10000000 fps_x1000=15000
PV-UVC-ENUM interval fourcc=JPEG 1024x768 index=2 tipo=discrete num=1000000 den=10000000 fps_x1000=10000
PV-UVC-ENUM size fourcc=JPEG index=5 1280x720
PV-UVC-ENUM interval fourcc=JPEG 1280x720 index=0 tipo=discrete num=333333 den=10000000 fps_x1000=30000
PV-UVC-ENUM interval fourcc=JPEG 1280x720 index=1 tipo=discrete num=666666 den=10000000 fps_x1000=15000
PV-UVC-ENUM interval fourcc=JPEG 1280x720 index=2 tipo=discrete num=1000000 den=10000000 fps_x1000=10000
PV-UVC-ENUM size fourcc=JPEG index=6 1280x960
PV-UVC-ENUM interval fourcc=JPEG 1280x960 index=0 tipo=discrete num=333333 den=10000000 fps_x1000=30000
PV-UVC-ENUM interval fourcc=JPEG 1280x960 index=1 tipo=discrete num=666666 den=10000000 fps_x1000=15000
PV-UVC-ENUM interval fourcc=JPEG 1280x960 index=2 tipo=discrete num=1000000 den=10000000 fps_x1000=10000
PV-UVC-ENUM size fourcc=JPEG index=7 1600x1200
PV-UVC-ENUM interval fourcc=JPEG 1600x1200 index=0 tipo=discrete num=333333 den=10000000 fps_x1000=30000
PV-UVC-ENUM interval fourcc=JPEG 1600x1200 index=1 tipo=discrete num=666666 den=10000000 fps_x1000=15000
PV-UVC-ENUM interval fourcc=JPEG 1600x1200 index=2 tipo=discrete num=1000000 den=10000000 fps_x1000=10000
PV-UVC-ENUM size fourcc=JPEG index=8 2048x1536
PV-UVC-ENUM interval fourcc=JPEG 2048x1536 index=0 tipo=discrete num=333333 den=10000000 fps_x1000=30000
PV-UVC-ENUM interval fourcc=JPEG 2048x1536 index=1 tipo=discrete num=666666 den=10000000 fps_x1000=15000
PV-UVC-ENUM interval fourcc=JPEG 2048x1536 index=2 tipo=discrete num=1000000 den=10000000 fps_x1000=10000
PV-UVC-ENUM size fourcc=JPEG index=9 2592x1944
PV-UVC-ENUM interval fourcc=JPEG 2592x1944 index=0 tipo=discrete num=333333 den=10000000 fps_x1000=30000
PV-UVC-ENUM interval fourcc=JPEG 2592x1944 index=1 tipo=discrete num=666666 den=10000000 fps_x1000=15000
PV-UVC-ENUM interval fourcc=JPEG 2592x1944 index=2 tipo=discrete num=1000000 den=10000000 fps_x1000=10000
PV-UVC-ENUM size fourcc=JPEG index=10 3264x2448
PV-UVC-ENUM interval fourcc=JPEG 3264x2448 index=0 tipo=discrete num=333333 den=10000000 fps_x1000=30000
PV-UVC-ENUM interval fourcc=JPEG 3264x2448 index=1 tipo=discrete num=666666 den=10000000 fps_x1000=15000
PV-UVC-ENUM interval fourcc=JPEG 3264x2448 index=2 tipo=discrete num=1000000 den=10000000 fps_x1000=10000
PV-UVC-ENUM size fourcc=JPEG index=11 3840x2160
PV-UVC-ENUM interval fourcc=JPEG 3840x2160 index=0 tipo=discrete num=333333 den=10000000 fps_x1000=30000
PV-UVC-ENUM interval fourcc=JPEG 3840x2160 index=1 tipo=discrete num=666666 den=10000000 fps_x1000=15000
PV-UVC-ENUM interval fourcc=JPEG 3840x2160 index=2 tipo=discrete num=1000000 den=10000000 fps_x1000=10000
PV-UVC-ENUM size fourcc=JPEG index=12 4000x3000
PV-UVC-ENUM interval fourcc=JPEG 4000x3000 index=0 tipo=discrete num=666666 den=10000000 fps_x1000=15000
PV-UVC-ENUM interval fourcc=JPEG 4000x3000 index=1 tipo=discrete num=1000000 den=10000000 fps_x1000=10000
PV-UVC-ENUM size fourcc=JPEG index=13 320x240
PV-UVC-ENUM interval fourcc=JPEG 320x240 index=0 tipo=discrete num=333333 den=10000000 fps_x1000=30000
PV-UVC-ENUM interval fourcc=JPEG 320x240 index=1 tipo=discrete num=666666 den=10000000 fps_x1000=15000
PV-UVC-ENUM fmt index=1 fourcc=YUYV flags=0x0 desc="YUV 4:2:2 YUYV"
PV-UVC-ENUM size fourcc=YUYV index=0 320x240
PV-UVC-ENUM interval fourcc=YUYV 320x240 index=0 tipo=discrete num=500000 den=10000000 fps_x1000=20000
PV-UVC-ENUM interval fourcc=YUYV 320x240 index=1 tipo=discrete num=1000000 den=10000000 fps_x1000=10000
PV-UVC-ENUM size fourcc=YUYV index=1 640x360
PV-UVC-ENUM interval fourcc=YUYV 640x360 index=0 tipo=discrete num=500000 den=10000000 fps_x1000=20000
PV-UVC-ENUM interval fourcc=YUYV 640x360 index=1 tipo=discrete num=1000000 den=10000000 fps_x1000=10000
PV-UVC-ENUM size fourcc=YUYV index=2 640x480
PV-UVC-ENUM interval fourcc=YUYV 640x480 index=0 tipo=discrete num=1000000 den=10000000 fps_x1000=10000
PV-UVC-ENUM size fourcc=YUYV index=3 800x600
PV-UVC-ENUM interval fourcc=YUYV 800x600 index=0 tipo=discrete num=1000000 den=10000000 fps_x1000=10000
PV-UVC-ENUM size fourcc=YUYV index=4 1024x720
PV-UVC-ENUM interval fourcc=YUYV 1024x720 index=0 tipo=discrete num=1000000 den=10000000 fps_x1000=10000
PV-UVC-ENUM size fourcc=YUYV index=5 1280x940
PV-UVC-ENUM interval fourcc=YUYV 1280x940 index=0 tipo=discrete num=1000000 den=10000000 fps_x1000=10000
PV-UVC-ENUM size fourcc=YUYV index=6 1280x1024
PV-UVC-ENUM interval fourcc=YUYV 1280x1024 index=0 tipo=discrete num=1000000 den=10000000 fps_x1000=10000
PV-UVC-ENUM size fourcc=YUYV index=7 1600x1200
PV-UVC-ENUM interval fourcc=YUYV 1600x1200 index=0 tipo=discrete num=2000000 den=10000000 fps_x1000=5000
PV-UVC-ENUM size fourcc=YUYV index=8 1920x1080
PV-UVC-ENUM interval fourcc=YUYV 1920x1080 index=0 tipo=discrete num=2000000 den=10000000 fps_x1000=5000
PV-UVC-ENUM size fourcc=YUYV index=9 2048x1536
PV-UVC-ENUM interval fourcc=YUYV 2048x1536 index=0 tipo=discrete num=2000000 den=10000000 fps_x1000=5000
PV-UVC-ENUM size fourcc=YUYV index=10 2560x1440
PV-UVC-ENUM interval fourcc=YUYV 2560x1440 index=0 tipo=discrete num=2000000 den=10000000 fps_x1000=5000
PV-UVC-ENUM size fourcc=YUYV index=11 2592x1944
PV-UVC-ENUM interval fourcc=YUYV 2592x1944 index=0 tipo=discrete num=2000000 den=10000000 fps_x1000=5000
PV-UVC-ENUM result=OK tamanhos_jpeg=14
I (5051) usb_uvc_device: All UVC devices already enumerated
PV-UVC-FMT requested=800x600 applied=800x600 fourcc=JPEG sizeimage=0
I (5070) uvc: Allocating 2 USB transfers for ISOC. Each: 3072 bytes, 1 ISOC packets, 3072 MPS
W (8105) PvUvcSpike: DQBUF de descarte 0 falhou: errno=1(Not owner)
PV-UVC-WARMUP requested=800x600 descartados=0
E (13105) PvUvcSpike: VIDIOC_DQBUF falhou: errno=1(Not owner)

assert failed: usbh_dev_close usbh.c:1226 (dev_obj->dynamic.num_ctrl_xfers_inflight == 0)
Core  0 register dump:
MEPC    : 0x4ff0d048  RA      : 0x4ff0cbe0  SP      : 0x4ff3deb0  GP      : 0x4ff14300  
TP      : 0x4ff3e4e0  T0      : 0x695f7372  T1      : 0x616e7964  T2      : 0x696c666e  
S0/FP   : 0x0000006e  S1      : 0x00000001  A0      : 0x4ff3def8  A1      : 0x4ff16881  
A2      : 0x00000001  A3      : 0x4ff1a000  A4      : 0x00000001  A5      : 0x4ff1a000  
A6      : 0x00000008  A7      : 0x3e2d6a62  S2      : 0x4ff3def8  S3      : 0x4ff3df19  
S4      : 0x4ff16880  S5      : 0x4ff3def8  S6      : 0x48043896  S7      : 0x00000002  
S8      : 0x00001fa9  S9      : 0x480a4c98  S10     : 0x001e8480  S11     : 0x00000002  
T3      : 0x2e63696d  T4      : 0x5f6d756e  T5      : 0x6c727463  T6      : 0x6566785f  
MSTATUS : 0x00011880  MTVEC   : 0x4ff00003  MCAUSE  : 0x00000002  MTVAL   : 0x00000000  
MHARTID : 0x00000000  

Stack memory:
4ff3deb0: 0x00000000 0x4ff3df5c 0x480da1c4 0x4ff0a8b8 0x36323231 0x4ff3e900 0x00000000 0x00000000
4ff3ded0: 0x48000000 0x4ff1712c 0x480da1c4 0x4ff17110 0x480ae0d1 0x4ff1713c 0x4ff3dec0 0x4ff17140
4ff3def0: 0x480ae248 0x4ff16880 0x65737361 0x66207472 0x656c6961 0x75203a64 0x5f686273 0x5f766564
4ff3df10: 0x736f6c63 0x73752065 0x632e6862 0x3232313a 0x64282036 0x6f5f7665 0x3e2d6a62 0x616e7964
4ff3df30: 0x2e63696d 0x5f6d756e 0x6c727463 0x6566785f 0x695f7372 0x696c666e 0x20746867 0x30203d3d
4ff3df50: 0x00000029 0x00000000 0x4ff51bd0 0xfffffffe 0x00000000 0x00000000 0x4ff3e518 0xfffffffe
4ff3df70: 0x00000000 0x480e7b90 0x4ff3e518 0x4807df5c 0x00000000 0x000000a8 0x480e7bc4 0x480e0ee4
4ff3df90: 0x4ff51a08 0x00000000 0x4ff3e8bc 0x4ff3fb68 0x480e6fa8 0x00000000 0x4ff3e8bc 0x4807e2c4
4ff3dfb0: 0x480e6fa8 0x00000000 0x4ff3e8bc 0x4807c782 0x4ff51a08 0x00000000 0x4ff3e418 0x4ff3fb68
4ff3dfd0: 0x480e6fa8 0x4ff1a000 0x480e7018 0x48043896 0x4ff51a08 0x00000000 0x480e7018 0x480e7018
4ff3dff0: 0x480e6fa8 0x4ff1a000 0x480e7018 0x48041a08 0x00000103 0x480e7b28 0x00000002 0x010e7d58
4ff3e010: 0x00000103 0x480e7b28 0x00000002 0x4803c3e6 0x00000103 0x4ff1a000 0x480e7b28 0x4803d944
4ff3e030: 0x00000103 0x4ff3fb68 0x4ff3fae4 0x48025bb0 0x00000000 0x40045613 0x4ff3fb68 0x48022870
4ff3e050: 0x00000001 0x40045613 0x00000001 0x4802303c 0x00000001 0x4ff14588 0x480a4364 0x00003331
4ff3e070: 0x00000000 0x480a4c98 0x4ff5073c 0x4802c984 0x00000001 0x00000000 0x4ff3e418 0x4808041e
4ff3e090: 0x00000001 0x4ff14588 0x480a4848 0x00000004 0x00000000 0x00000000 0x00000000 0x4ff3e0c8
4ff3e0b0: 0x00000004 0x4ff14588 0x00000004 0x48021362 0x00000005 0x00000000 0x4ff3e100 0x00000000
4ff3e0d0: 0x20800008 0x00000001 0x00000001 0x0000000a 0x4ff3e1a8 0x480e71a8 0x480e71a8 0x4803dd74
4ff3e0f0: 0x00000000 0x4ff1a000 0x4ff3fae4 0x00000001 0x00000001 0x4745504a 0x00000000 0x00000002
4ff3e110: 0x00000001 0x00000001 0x00000000 0x00000000 0x4ff0d792 0x480f0a40 0x48165d80 0x00075300
4ff3e130: 0x00075300 0x00000000 0x00000000 0x00000001 0x00000000 0x00000000 0x00000000 0x00000000
4ff3e150: 0x00000000 0x00000000 0x00000000 0x00000000 0x00000000 0x00000000 0x00000000 0x00000000
4ff3e170: 0x00000000 0x00000001 0x00000000 0x00000000 0x00000000 0x00000000 0x00000001 0x00000320
4ff3e190: 0x00000258 0x4745504a 0x00000000 0x00000000 0x00000000 0x00000000 0x00000000 0x00000000
4ff3e1b0: 0x00000000 0x00000000 0x00000000 0x00000000 0x00000000 0x00000000 0x00000000 0x00000000
4ff3e1d0: 0x00000000 0x00000000 0x00000000 0x00000000 0x00000000 0x00000000 0x00000000 0x00000000
4ff3e1f0: 0x00000000 0x00000000 0x00000000 0x00000000 0x00000000 0x00000000 0x00000000 0x00000000
4ff3e210: 0x00000000 0x00000000 0x00000000 0x00000000 0x00000000 0x00000000 0x00000000 0x00000000
4ff3e230: 0x00000000 0x00000000 0x00000000 0x00000000 0x00000000 0x00000000 0x00000000 0x00000000
4ff3e250: 0x00000000 0x00000001 0x00000320 0x00000258 0x4745504a 0x00000000 0x00000000 0x00000000
4ff3e270: 0x00000000 0x00000000 0x00000000 0x00000000 0x00000000 0x00000000 0x00000000 0x00000000
4ff3e290: 0x00000000 0x00000000 0x00000000 0x00000000 0x00000000 0x00000000 0x00000000 0x00000000



ELF file SHA256: e87c6fa39

Rebooting...
ESP-ROM:esp32p4-eco2-20240710
Build:Jul 10 2024
rst:0xc (SW_CPU_RESET),boot:0xf (SPI_FAST_FLASH_BOOT)
Core0 Saved PC:0x4ff00c9e
Core1 Saved PC:0x4ff0698c
SPI mode:DIO, clock div:1
load:0x4ff33ce0,len:0x5d0
load:0x4ff28ed0,len:0xdf8
load:0x4ff2bbd0,len:0x34b8
entry 0x4ff28ed0
I (46) hex_psram: vendor id    : 0x0d (AP)
I (46) hex_psram: Latency      : 0x01 (Fixed)
I (46) hex_psram: DriveStr.    : 0x00 (25 Ohm)
I (47) hex_psram: dev id       : 0x03 (generation 4)
I (51) hex_psram: density      : 0x07 (256 Mbit)
I (56) hex_psram: good-die     : 0x06 (Pass)
I (60) hex_psram: SRF          : 0x02 (Slow Refresh)
I (64) hex_psram: BurstType    : 0x00 ( Wrap)
I (69) hex_psram: BurstLen     : 0x03 (2048 Byte)
I (73) hex_psram: BitMode      : 0x01 (X16 Mode)
I (77) hex_psram: Readlatency  : 0x04 (14 cycles@Fixed)
I (82) hex_psram: DriveStrength: 0x00 (1/1)
I (86) MSPI Timing: Enter psram timing tuning
I esp_psram: Found 32MB PSRAM device
I esp_psram: Speed: 200MHz
I (282) mmu_psram: .rodata xip on psram
I (316) mmu_psram: .text xip on psram
I (318) hex_psram: psram CS IO is dedicated
I (318) cpu_start: Multicore app
I (328) cpu_start: GPIO 38 and 37 are used as console UART I/O pins
I (328) cpu_start: Pro cpu start user code
I (328) cpu_start: cpu freq: 360000000 Hz
I (330) app_init: Application information:
I (334) app_init: Project name:     xiaozhi
I (338) app_init: App version:      2.4.0
I (341) app_init: Compile time:     Aug 10 2026 22:03:41
I (346) app_init: ELF file SHA256:  e87c6fa39...
I (351) app_init: ESP-IDF:          v6.0.2
I (355) efuse_init: Min chip rev:     v1.0
I (358) efuse_init: Max chip rev:     v1.99 
I (362) efuse_init: Chip rev:         v1.3
I (366) heap_init: Initializing. RAM available for dynamic allocation:
I (372) heap_init: At 4FF1A740 len 00020880 (130 KiB): RETENT_RAM
I (378) heap_init: At 4FF3AFC0 len 00004BF0 (18 KiB): RAM
I (383) heap_init: At 4FF40000 len 00060000 (384 KiB): RAM
I (389) heap_init: At 50108080 len 00007F80 (31 KiB): RTCRAM
I (394) heap_init: At 30100088 len 00001F78 (7 KiB): SPM
I (399) esp_psram: Adding pool of 31808K of PSRAM memory to heap allocator
I (406) esp_psram: Adding pool of 62K of PSRAM memory gap generated due to end address alignment of irom to the heap allocator
I (417) esp_psram: Adding pool of 60K of PSRAM memory gap generated due to end address alignment of drom to the heap allocator
I (428) spi_flash: detected chip: gd
I (431) spi_flash: flash io: qio
I (434) host_init: ESP Hosted : Host chip_ip[18]
I (438) H_API: ESP-Hosted starting. Hosted_Tasks: prio:23, stack: 5120 RPC_task_stack: 5120
I (447) H_API: ** add_esp_wifi_remote_channels **
I (452) sleep_gpio: Configure to isolate all GPIO pins in sleep state
I (457) sleep_gpio: Enable automatic switching of GPIO sleep configuration
I (465) H_SDIO_DRV: sdio_data_to_rx_buf_task started
I (468) main_task: Started on CPU0
I (471) esp_psram: Reserving pool of 64K of internal memory for DMA/internal allocations
I (480) main_task: Calling app_main()

PV-UVC-SPIKE inicio (F2B) degraus=5
PV-UVC-MEM etapa=boot psram_livre=32669812 psram_maior_bloco=32505856 interna_livre=421195
I (2357) main_task: Returned from app_main()
PV-UVC-INIT result=OK usb_host=on uvc_dev_num=1
PV-UVC-ENUM aguardando enumeracao USB em /dev/video40 (ate 10000 ms)
I (2387) usb_uvc_device: Waiting for UVC device to be enumerated...
E (2831) ENUM: LANGID 0x409 not found
*** Configuration descriptor ***
bLength 9
bDescriptorType 2
wTotalLength 1463
bNumInterfaces 5
bConfigurationValue 1
iConfiguration 0
bmAttributes 0x80
bMaxPower 500mA
*** Interface Association Descriptor ***
bLength 8
bDescriptorType 11
bFirstInterface 0
bInterfaceCount 2
bFunctionClass 0xe
bFunctionSubClass 0x3
bFunctionProtocol 0x0
iFunction 4
	*** Interface descriptor ***
	bLength 9
	bDescriptorType 4
	bInterfaceNumber 0
	bAlternateSetting 0
	bNumEndpoints 1
	bInterfaceClass 0xe
	bInterfaceSubClass 0x1
	bInterfaceProtocol 0x0
	iInterface 0
	*** Class-specific VC Interface Descriptor ***
	bLength 13
	bDescriptorType 0x24
	bDescriptorSubType 0x01
	bcdUVC 0100
	wTotalLength 80
	dwClockFrequency 24000000
	bInCollection 1
	baInterfaceNr[0] 1
	*** Input Terminal Descriptor (Camera) ***
	bLength 18
	bDescriptorType 0x24
	bDescriptorSubType 0x02
	bTerminalID 0x1
	wTerminalType 0x201
	bAssocTerminal 0
	iTerminal 0
	wObjectiveFocalLengthMin 0
	wObjectiveFocalLengthMax 0
	wOcularFocalLength 0
	bControlSize 3
	bmControls 0x7A 0x2A 0x2
	*** Extension Unit Descriptor unsupported, skipping... ***
	*** Processing Unit Descriptor ***
	bLength 11
	bDescriptorType 0x24
	bDescriptorSubType 0x05
	bUnitID 3
	bSourceID 2
	wMaxMultiplier 16384
	bControlSize 2
	bmControls 0x7F 0x17 0x0
	iProcessing 9
	bmVideoStandards 0x24
	*** Output Terminal Descriptor ***
	bLength 9
	bDescriptorType 0x24
	bDescriptorSubType 0x03
	bTerminalID 4
	wTerminalType 0x101
	bAssocTerminal 0
	bSourceID 3
	iTerminal 0
		*** Endpoint descriptor ***
		bLength 7
		bDescriptorType 5
		bEndpointAddress 0x81	EP 1 IN
		bmAttributes 0x3	INT
		wMaxPacketSize 16
		bInterval 8
		*** Class-specific Interrupt Endpoint Descriptor ***
		bLength 5
		bDescriptorType 0x25
		bDescriptorSubType 3
		wMaxTransferSize 16
	*** Interface descriptor ***
	bLength 9
	bDescriptorType 4
	bInterfaceNumber 1
	bAlternateSetting 0
	bNumEndpoints 0
	bInterfaceClass 0xe
	bInterfaceSubClass 0x2
	bInterfaceProtocol 0x0
	iInterface 0
	*** Class-specific VC Interface Descriptor ***
	bLength 15
	bDescriptorType 0x24
	bDescriptorSubType 0x01
	bcdUVC fc02
	wTotalLength 33283
	dwClockFrequency 16909312
	bInCollection 1
	baInterfaceNr[0] 1
	*** Extension Unit Descriptor unsupported, skipping... ***
	*** VS Frame Descriptor ***
	bLength 38
	bDescriptorType 0x24
	bDescriptorSubType 0x07
	bFrameIndex 1
	bmCapabilities 0x0
	wWidth 1920
	wHeight 1080
	dwMinBitRate 20736000
	dwMaxBitRate 62208000
	dwMaxVideoFrameBufSize 2073600
	dwDefaultFrameInterval 333333
	bFrameIntervalType 3
	FrameInterval[0] 333333
	FrameInterval[1] 666666
	FrameInterval[2] 1000000
	*** VS Frame Descriptor ***
	bLength 38
	bDescriptorType 0x24
	bDescriptorSubType 0x07
	bFrameIndex 2
	bmCapabilities 0x0
	wWidth 640
	wHeight 320
	dwMinBitRate 2048000
	dwMaxBitRate 6144000
	dwMaxVideoFrameBufSize 204800
	dwDefaultFrameInterval 333333
	bFrameIntervalType 3
	FrameInterval[0] 333333
	FrameInterval[1] 666666
	FrameInterval[2] 1000000
	*** VS Frame Descriptor ***
	bLength 38
	bDescriptorType 0x24
	bDescriptorSubType 0x07
	bFrameIndex 3
	bmCapabilities 0x0
	wWidth 640
	wHeight 480
	dwMinBitRate 3072000
	dwMaxBitRate 9216000
	dwMaxVideoFrameBufSize 307200
	dwDefaultFrameInterval 333333
	bFrameIntervalType 3
	FrameInterval[0] 333333
	FrameInterval[1] 666666
	FrameInterval[2] 1000000
	*** VS Frame Descriptor ***
	bLength 38
	bDescriptorType 0x24
	bDescriptorSubType 0x07
	bFrameIndex 4
	bmCapabilities 0x0
	wWidth 800
	wHeight 600
	dwMinBitRate 4800000
	dwMaxBitRate 14400000
	dwMaxVideoFrameBufSize 480000
	dwDefaultFrameInterval 333333
	bFrameIntervalType 3
	FrameInterval[0] 333333
	FrameInterval[1] 666666
	FrameInterval[2] 1000000
	*** VS Frame Descriptor ***
	bLength 38
	bDescriptorType 0x24
	bDescriptorSubType 0x07
	bFrameIndex 5
	bmCapabilities 0x0
	wWidth 1024
	wHeight 768
	dwMinBitRate 7864320
	dwMaxBitRate 23592960
	dwMaxVideoFrameBufSize 786432
	dwDefaultFrameInterval 333333
	bFrameIntervalType 3
	FrameInterval[0] 333333
	FrameInterval[1] 666666
	FrameInterval[2] 1000000
	*** VS Frame Descriptor ***
	bLength 38
	bDescriptorType 0x24
	bDescriptorSubType 0x07
	bFrameIndex 6
	bmCapabilities 0x0
	wWidth 1280
	wHeight 720
	dwMinBitRate 9216000
	dwMaxBitRate 27648000
	dwMaxVideoFrameBufSize 921600
	dwDefaultFrameInterval 333333
	bFrameIntervalType 3
	FrameInterval[0] 333333
	FrameInterval[1] 666666
	FrameInterval[2] 1000000
	*** VS Frame Descriptor ***
	bLength 38
	bDescriptorType 0x24
	bDescriptorSubType 0x07
	bFrameIndex 7
	bmCapabilities 0x0
	wWidth 1280
	wHeight 960
	dwMinBitRate 12288000
	dwMaxBitRate 36864000
	dwMaxVideoFrameBufSize 1228800
	dwDefaultFrameInterval 333333
	bFrameIntervalType 3
	FrameInterval[0] 333333
	FrameInterval[1] 666666
	FrameInterval[2] 1000000
	*** VS Frame Descriptor ***
	bLength 38
	bDescriptorType 0x24
	bDescriptorSubType 0x07
	bFrameIndex 8
	bmCapabilities 0x0
	wWidth 1600
	wHeight 1200
	dwMinBitRate 19200000
	dwMaxBitRate 57600000
	dwMaxVideoFrameBufSize 1920000
	dwDefaultFrameInterval 333333
	bFrameIntervalType 3
	FrameInterval[0] 333333
	FrameInterval[1] 666666
	FrameInterval[2] 1000000
	*** VS Frame Descriptor ***
	bLength 38
	bDescriptorType 0x24
	bDescriptorSubType 0x07
	bFrameIndex 9
	bmCapabilities 0x0
	wWidth 2048
	wHeight 1536
	dwMinBitRate 31457280
	dwMaxBitRate 94371840
	dwMaxVideoFrameBufSize 3145728
	dwDefaultFrameInterval 333333
	bFrameIntervalType 3
	FrameInterval[0] 333333
	FrameInterval[1] 666666
	FrameInterval[2] 1000000
	*** VS Frame Descriptor ***
	bLength 38
	bDescriptorType 0x24
	bDescriptorSubType 0x07
	bFrameIndex 10
	bmCapabilities 0x0
	wWidth 2592
	wHeight 1944
	dwMinBitRate 50388480
	dwMaxBitRate 151165440
	dwMaxVideoFrameBufSize 5038848
	dwDefaultFrameInterval 333333
	bFrameIntervalType 3
	FrameInterval[0] 333333
	FrameInterval[1] 666666
	FrameInterval[2] 1000000
	*** VS Frame Descriptor ***
	bLength 38
	bDescriptorType 0x24
	bDescriptorSubType 0x07
	bFrameIndex 11
	bmCapabilities 0x0
	wWidth 3264
	wHeight 2448
	dwMinBitRate 79902720
	dwMaxBitRate 239708160
	dwMaxVideoFrameBufSize 7990272
	dwDefaultFrameInterval 333333
	bFrameIntervalType 3
	FrameInterval[0] 333333
	FrameInterval[1] 666666
	FrameInterval[2] 1000000
	*** VS Frame Descriptor ***
	bLength 38
	bDescriptorType 0x24
	bDescriptorSubType 0x07
	bFrameIndex 12
	bmCapabilities 0x0
	wWidth 3840
	wHeight 2160
	dwMinBitRate 82944000
	dwMaxBitRate 248832000
	dwMaxVideoFrameBufSize 8294400
	dwDefaultFrameInterval 333333
	bFrameIntervalType 3
	FrameInterval[0] 333333
	FrameInterval[1] 666666
	FrameInterval[2] 1000000
	*** VS Frame Descriptor ***
	bLength 34
	bDescriptorType 0x24
	bDescriptorSubType 0x07
	bFrameIndex 13
	bmCapabilities 0x0
	wWidth 4000
	wHeight 3000
	dwMinBitRate 120000000
	dwMaxBitRate 180000000
	dwMaxVideoFrameBufSize 12000000
	dwDefaultFrameInterval 666666
	bFrameIntervalType 2
	FrameInterval[0] 666666
	FrameInterval[1] 1000000
	*** VS Frame Descriptor ***
	bLength 34
	bDescriptorType 0x24
	bDescriptorSubType 0x07
	bFrameIndex 14
	bmCapabilities 0x0
	wWidth 320
	wHeight 240
	dwMinBitRate 1152000
	dwMaxBitRate 2304000
	dwMaxVideoFrameBufSize 76800
	dwDefaultFrameInterval 333333
	bFrameIntervalType 2
	FrameInterval[0] 333333
	FrameInterval[1] 666666
	*** Output Terminal Descriptor ***
	bLength 63
	bDescriptorType 0x24
	bDescriptorSubType 0x03
	bTerminalID 0
	wTerminalType 0x800E
	bAssocTerminal 7
	bSourceID 56
	iTerminal 4
	*** VS Color Format Descriptor ***
	bLength 6
	bDescriptorType 0x24
	bDescriptorSubType 0x0D
	bColorPrimaries 0x1
	bTransferCharacteristics 1
	bMatrixCoefficients 0x4
	*** Selector Unit Descriptor ***
	bLength 27
	bDescriptorType 0x24
	bDescriptorSubType 0x04
	bUnitID 2
	bNrInPins 12
	baSourceID1 89
	baSourceID2 85
	iSelector 89
	*** Processing Unit Descriptor ***
	bLength 34
	bDescriptorType 0x24
	bDescriptorSubType 0x05
	bUnitID 1
	bSourceID 0
	wMaxMultiplier 320
	bControlSize 240
	bmControls 0x0 0x0 0x70
	iProcessing 23
	bmVideoStandards 0x0
	*** Processing Unit Descriptor ***
	bLength 34
	bDescriptorType 0x24
	bDescriptorSubType 0x05
	bUnitID 2
	bSourceID 0
	wMaxMultiplier 640
	bControlSize 104
	bmControls 0x1 0x0 0x50
	iProcessing 70
	bmVideoStandards 0x0
	*** Processing Unit Descriptor ***
	bLength 30
	bDescriptorType 0x24
	bDescriptorSubType 0x05
	bUnitID 3
	bSourceID 0
	wMaxMultiplier 640
	bControlSize 224
	bmControls 0x1 0x0 0xC0
	iProcessing 93
	bmVideoStandards 0x0
	*** Processing Unit Descriptor ***
	bLength 30
	bDescriptorType 0x24
	bDescriptorSubType 0x05
	bUnitID 4
	bSourceID 0
	wMaxMultiplier 800
	bControlSize 88
	bmControls 0x2 0x0 0x7C
	iProcessing 146
	bmVideoStandards 0x0
	*** Processing Unit Descriptor ***
	bLength 30
	bDescriptorType 0x24
	bDescriptorSubType 0x05
	bUnitID 5
	bSourceID 0
	wMaxMultiplier 1024
	bControlSize 208
	bmControls 0x2 0x0 0x0
	iProcessing 225
	bmVideoStandards 0x0
	*** Processing Unit Descriptor ***
	bLength 30
	bDescriptorType 0x24
	bDescriptorSubType 0x05
	bUnitID 6
	bSourceID 0
	wMaxMultiplier 1280
	bControlSize 172
	bmControls 0x3 0x0 0x30
	iProcessing 111
	bmVideoStandards 0x1
	*** Processing Unit Descriptor ***
	bLength 30
	bDescriptorType 0x24
	bDescriptorSubType 0x05
	bUnitID 7
	bSourceID 0
	wMaxMultiplier 1280
	bControlSize 0
	bmControls 0x4 0x0 0x0
	iProcessing 144
	bmVideoStandards 0x1
	*** Processing Unit Descriptor ***
	bLength 30
	bDescriptorType 0x24
	bDescriptorSubType 0x05
	bUnitID 8
	bSourceID 0
	wMaxMultiplier 1600
	bControlSize 176
	bmControls 0x4 0x0 0xF8
	iProcessing 36
	bmVideoStandards 0x1
	*** Processing Unit Descriptor ***
	bLength 30
	bDescriptorType 0x24
	bDescriptorSubType 0x05
	bUnitID 9
	bSourceID 0
	wMaxMultiplier 1920
	bControlSize 56
	bmControls 0x4 0x0 0x68
	iProcessing 60
	bmVideoStandards 0x1
	*** Processing Unit Descriptor ***
	bLength 30
	bDescriptorType 0x24
	bDescriptorSubType 0x05
	bUnitID 10
	bSourceID 0
	wMaxMultiplier 2048
	bControlSize 0
	bmControls 0x6 0x0 0x0
	iProcessing 224
	bmVideoStandards 0x1
	*** Processing Unit Descriptor ***
	bLength 30
	bDescriptorType 0x24
	bDescriptorSubType 0x05
	bUnitID 11
	bSourceID 0
	wMaxMultiplier 2560
	bControlSize 160
	bmControls 0x5 0x0 0x80
	iProcessing 50
	bmVideoStandards 0x2
	*** Processing Unit Descriptor ***
	bLength 30
	bDescriptorType 0x24
	bDescriptorSubType 0x05
	bUnitID 12
	bSourceID 0
	wMaxMultiplier 2592
	bControlSize 152
	bmControls 0x7 0x0 0xDE
	iProcessing 0
	bmVideoStandards 0x3
	*** VS Color Format Descriptor ***
	bLength 6
	bDescriptorType 0x24
	bDescriptorSubType 0x0D
	bColorPrimaries 0x1
	bTransferCharacteristics 1
	bMatrixCoefficients 0x4
	*** Interface descriptor ***
	bLength 9
	bDescriptorType 4
	bInterfaceNumber 1
	bAlternateSetting 1
	bNumEndpoints 1
	bInterfaceClass 0xe
	bInterfaceSubClass 0x2
	bInterfaceProtocol 0x0
	iInterface 0
		*** Endpoint descriptor ***
		bLength 7
		bDescriptorType 5
		bEndpointAddress 0x82	EP 2 IN
		bmAttributes 0x5	ISOC
		wMaxPacketSize 192
		bInterval 1
	*** Interface descriptor ***
	bLength 9
	bDescriptorType 4
	bInterfaceNumber 1
	bAlternateSetting 2
	bNumEndpoints 1
	bInterfaceClass 0xe
	bInterfaceSubClass 0x2
	bInterfaceProtocol 0x0
	iInterface 0
		*** Endpoint descriptor ***
		bLength 7
		bDescriptorType 5
		bEndpointAddress 0x82	EP 2 IN
		bmAttributes 0x5	ISOC
		wMaxPacketSize 384
		bInterval 1
	*** Interface descriptor ***
	bLength 9
	bDescriptorType 4
	bInterfaceNumber 1
	bAlternateSetting 3
	bNumEndpoints 1
	bInterfaceClass 0xe
	bInterfaceSubClass 0x2
	bInterfaceProtocol 0x0
	iInterface 0
		*** Endpoint descriptor ***
		bLength 7
		bDescriptorType 5
		bEndpointAddress 0x82	EP 2 IN
		bmAttributes 0x5	ISOC
		wMaxPacketSize 512
		bInterval 1
	*** Interface descriptor ***
	bLength 9
	bDescriptorType 4
	bInterfaceNumber 1
	bAlternateSetting 4
	bNumEndpoints 1
	bInterfaceClass 0xe
	bInterfaceSubClass 0x2
	bInterfaceProtocol 0x0
	iInterface 0
		*** Endpoint descriptor ***
		bLength 7
		bDescriptorType 5
		bEndpointAddress 0x82	EP 2 IN
		bmAttributes 0x5	ISOC
		wMaxPacketSize 640
		bInterval 1
	*** Interface descriptor ***
	bLength 9
	bDescriptorType 4
	bInterfaceNumber 1
	bAlternateSetting 5
	bNumEndpoints 1
	bInterfaceClass 0xe
	bInterfaceSubClass 0x2
	bInterfaceProtocol 0x0
	iInterface 0
		*** Endpoint descriptor ***
		bLength 7
		bDescriptorType 5
		bEndpointAddress 0x82	EP 2 IN
		bmAttributes 0x5	ISOC
		wMaxPacketSize 800
		bInterval 1
	*** Interface descriptor ***
	bLength 9
	bDescriptorType 4
	bInterfaceNumber 1
	bAlternateSetting 6
	bNumEndpoints 1
	bInterfaceClass 0xe
	bInterfaceSubClass 0x2
	bInterfaceProtocol 0x0
	iInterface 0
		*** Endpoint descriptor ***
		bLength 7
		bDescriptorType 5
		bEndpointAddress 0x82	EP 2 IN
		bmAttributes 0x5	ISOC
		wMaxPacketSize 944
		bInterval 1
	*** Interface descriptor ***
	bLength 9
	bDescriptorType 4
	bInterfaceNumber 1
	bAlternateSetting 7
	bNumEndpoints 1
	bInterfaceClass 0xe
	bInterfaceSubClass 0x2
	bInterfaceProtocol 0x0
	iInterface 0
		*** Endpoint descriptor ***
		bLength 7
		bDescriptorType 5
		bEndpointAddress 0x82	EP 2 IN
		bmAttributes 0x5	ISOC
		wMaxPacketSize 640
		wMaxPacketSize (with additional transactions in microframe) 1280
		bInterval 1
	*** Interface descriptor ***
	bLength 9
	bDescriptorType 4
	bInterfaceNumber 1
	bAlternateSetting 8
	bNumEndpoints 1
	bInterfaceClass 0xe
	bInterfaceSubClass 0x2
	bInterfaceProtocol 0x0
	iInterface 0
		*** Endpoint descriptor ***
		bLength 7
		bDescriptorType 5
		bEndpointAddress 0x82	EP 2 IN
		bmAttributes 0x5	ISOC
		wMaxPacketSize 800
		wMaxPacketSize (with additional transactions in microframe) 1600
		bInterval 1
	*** Interface descriptor ***
	bLength 9
	bDescriptorType 4
	bInterfaceNumber 1
	bAlternateSetting 9
	bNumEndpoints 1
	bInterfaceClass 0xe
	bInterfaceSubClass 0x2
	bInterfaceProtocol 0x0
	iInterface 0
		*** Endpoint descriptor ***
		bLength 7
		bDescriptorType 5
		bEndpointAddress 0x82	EP 2 IN
		bmAttributes 0x5	ISOC
		wMaxPacketSize 992
		wMaxPacketSize (with additional transactions in microframe) 1984
		bInterval 1
	*** Interface descriptor ***
	bLength 9
	bDescriptorType 4
	bInterfaceNumber 1
	bAlternateSetting 10
	bNumEndpoints 1
	bInterfaceClass 0xe
	bInterfaceSubClass 0x2
	bInterfaceProtocol 0x0
	iInterface 0
		*** Endpoint descriptor ***
		bLength 7
		bDescriptorType 5
		bEndpointAddress 0x82	EP 2 IN
		bmAttributes 0x5	ISOC
		wMaxPacketSize 896
		wMaxPacketSize (with additional transactions in microframe) 2688
		bInterval 1
	*** Interface descriptor ***
	bLength 9
	bDescriptorType 4
	bInterfaceNumber 1
	bAlternateSetting 11
	bNumEndpoints 1
	bInterfaceClass 0xe
	bInterfaceSubClass 0x2
	bInterfaceProtocol 0x0
	iInterface 0
		*** Endpoint descriptor ***
		bLength 7
		bDescriptorType 5
		bEndpointAddress 0x82	EP 2 IN
		bmAttributes 0x5	ISOC
		wMaxPacketSize 1024
		wMaxPacketSize (with additional transactions in microframe) 3072
		bInterval 1
*** Interface Association Descriptor ***
bLength 8
bDescriptorType 11
bFirstInterface 2
bInterfaceCount 2
bFunctionClass 0x1
bFunctionSubClass 0x0
bFunctionProtocol 0x0
iFunction 5
	*** Interface descriptor ***
	bLength 9
	bDescriptorType 4
	bInterfaceNumber 2
	bAlternateSetting 0
	bNumEndpoints 0
	bInterfaceClass 0x1
	bInterfaceSubClass 0x1
	bInterfaceProtocol 0x0
	iInterface 0
	*** Class-specific VC Interface Descriptor ***
	bLength 9
	bDescriptorType 0x24
	bDescriptorSubType 0x01
	bcdUVC 0100
	wTotalLength 39
	dwClockFrequency 604766977
	bInCollection 2
	baInterfaceNr[0] 1
	baInterfaceNr[1] 1
	*** Input Terminal Descriptor (Camera) ***
	bLength 12
	bDescriptorType 0x24
	bDescriptorSubType 0x02
	bTerminalID 0x1
	wTerminalType 0x201
	bAssocTerminal 0
	iTerminal 1
	wObjectiveFocalLengthMin 3
	wObjectiveFocalLengthMax 0
	wOcularFocalLength 9225
	bControlSize 6
	bmControls 0x2 0x1 0x2
	*** Extension Unit Descriptor unsupported, skipping... ***
	*** Output Terminal Descriptor ***
	bLength 9
	bDescriptorType 0x24
	bDescriptorSubType 0x03
	bTerminalID 3
	wTerminalType 0x101
	bAssocTerminal 0
	bSourceID 2
	iTerminal 0
	*** Interface descriptor ***
	bLength 9
	bDescriptorType 4
	bInterfaceNumber 3
	bAlternateSetting 0
	bNumEndpoints 0
	bInterfaceClass 0x1
	bInterfaceSubClass 0x2
	bInterfaceProtocol 0x0
	iInterface 0
	*** Interface descriptor ***
	bLength 9
	bDescriptorType 4
	bInterfaceNumber 3
	bAlternateSetting 1
	bNumEndpoints 1
	bInterfaceClass 0x1
	bInterfaceSubClass 0x2
	bInterfaceProtocol 0x0
	iInterface 0
	*** Class-specific VC Interface Descriptor ***
	bLength 7
	bDescriptorType 0x24
	bDescriptorSubType 0x01
	bcdUVC 0003
	wTotalLength 1
	dwClockFrequency 16917515
	bInCollection 2
	baInterfaceNr[0] 2
	baInterfaceNr[1] 16
	*** Input Terminal Descriptor (Media) ***
	bLength 11
	bDescriptorType 0x24
	bDescriptorSubType 0x02
	bTerminalID 0x1
	wTerminalType 0x202
	bAssocTerminal 16
	iTerminal 1
	bControlSize 128
	bmControls 0xBB
	bTransportModeSize 0
	bmTransportModes 0x9 0x5 0x83 0x1 0xC0
		*** Endpoint descriptor ***
		bLength 9
		bDescriptorType 5
		bEndpointAddress 0x83	EP 3 IN
		bmAttributes 0x1	ISOC
		wMaxPacketSize 192
		bInterval 4
		*** Class-specific Interrupt Endpoint Descriptor ***
		bLength 7
		bDescriptorType 0x25
		bDescriptorSubType 1
		wMaxTransferSize 1
	*** Interface descriptor ***
	bLength 9
	bDescriptorType 4
	bInterfaceNumber 4
	bAlternateSetting 0
	bNumEndpoints 2
	bInterfaceClass 0x3
	bInterfaceSubClass 0x0
	bInterfaceProtocol 0x0
	iInterface 0
 *** Unknown Descriptor Length: 9 Type: 33 ***
		*** Endpoint descriptor ***
		bLength 7
		bDescriptorType 5
		bEndpointAddress 0x84	EP 4 IN
		bmAttributes 0x3	INT
		wMaxPacketSize 64
		bInterval 4
		*** Endpoint descriptor ***
		bLength 7
		bDescriptorType 5
		bEndpointAddress 0x1	EP 1 OUT
		bmAttributes 0x3	INT
		wMaxPacketSize 64
		bInterval 4
PV-UVC-ENUM device aberto em 2034 ms
PV-UVC-ENUM cap driver=USB-UVC0 card=USB-UVC0 bus=esp32p4:USB-UVC0 caps=0x84201001 device_caps=0x04201001
PV-UVC-ENUM fmt index=0 fourcc=JPEG flags=0x0 desc="JPEG"
PV-UVC-ENUM size fourcc=JPEG index=0 1920x1080
PV-UVC-ENUM interval fourcc=JPEG 1920x1080 index=0 tipo=discrete num=333333 den=10000000 fps_x1000=30000
PV-UVC-ENUM interval fourcc=JPEG 1920x1080 index=1 tipo=discrete num=666666 den=10000000 fps_x1000=15000
PV-UVC-ENUM interval fourcc=JPEG 1920x1080 index=2 tipo=discrete num=1000000 den=10000000 fps_x1000=10000
PV-UVC-ENUM size fourcc=JPEG index=1 640x320
PV-UVC-ENUM interval fourcc=JPEG 640x320 index=0 tipo=discrete num=333333 den=10000000 fps_x1000=30000
PV-UVC-ENUM interval fourcc=JPEG 640x320 index=1 tipo=discrete num=666666 den=10000000 fps_x1000=15000
PV-UVC-ENUM interval fourcc=JPEG 640x320 index=2 tipo=discrete num=1000000 den=10000000 fps_x1000=10000
PV-UVC-ENUM size fourcc=JPEG index=2 640x480
PV-UVC-ENUM interval fourcc=JPEG 640x480 index=0 tipo=discrete num=333333 den=10000000 fps_x1000=30000
PV-UVC-ENUM interval fourcc=JPEG 640x480 index=1 tipo=discrete num=666666 den=10000000 fps_x1000=15000
PV-UVC-ENUM interval fourcc=JPEG 640x480 index=2 tipo=discrete num=1000000 den=10000000 fps_x1000=10000
PV-UVC-ENUM size fourcc=JPEG index=3 800x600
PV-UVC-ENUM interval fourcc=JPEG 800x600 index=0 tipo=discrete num=333333 den=10000000 fps_x1000=30000
PV-UVC-ENUM interval fourcc=JPEG 800x600 index=1 tipo=discrete num=666666 den=10000000 fps_x1000=15000
PV-UVC-ENUM interval fourcc=JPEG 800x600 index=2 tipo=discrete num=1000000 den=10000000 fps_x1000=10000
PV-UVC-ENUM size fourcc=JPEG index=4 1024x768
PV-UVC-ENUM interval fourcc=JPEG 1024x768 index=0 tipo=discrete num=333333 den=10000000 fps_x1000=30000
PV-UVC-ENUM interval fourcc=JPEG 1024x768 index=1 tipo=discrete num=666666 den=10000000 fps_x1000=15000
PV-UVC-ENUM interval fourcc=JPEG 1024x768 index=2 tipo=discrete num=1000000 den=10000000 fps_x1000=10000
PV-UVC-ENUM size fourcc=JPEG index=5 1280x720
PV-UVC-ENUM interval fourcc=JPEG 1280x720 index=0 tipo=discrete num=333333 den=10000000 fps_x1000=30000
PV-UVC-ENUM interval fourcc=JPEG 1280x720 index=1 tipo=discrete num=666666 den=10000000 fps_x1000=15000
PV-UVC-ENUM interval fourcc=JPEG 1280x720 index=2 tipo=discrete num=1000000 den=10000000 fps_x1000=10000
PV-UVC-ENUM size fourcc=JPEG index=6 1280x960
PV-UVC-ENUM interval fourcc=JPEG 1280x960 index=0 tipo=discrete num=333333 den=10000000 fps_x1000=30000
PV-UVC-ENUM interval fourcc=JPEG 1280x960 index=1 tipo=discrete num=666666 den=10000000 fps_x1000=15000
PV-UVC-ENUM interval fourcc=JPEG 1280x960 index=2 tipo=discrete num=1000000 den=10000000 fps_x1000=10000
PV-UVC-ENUM size fourcc=JPEG index=7 1600x1200
PV-UVC-ENUM interval fourcc=JPEG 1600x1200 index=0 tipo=discrete num=333333 den=10000000 fps_x1000=30000
PV-UVC-ENUM interval fourcc=JPEG 1600x1200 index=1 tipo=discrete num=666666 den=10000000 fps_x1000=15000
PV-UVC-ENUM interval fourcc=JPEG 1600x1200 index=2 tipo=discrete num=1000000 den=10000000 fps_x1000=10000
PV-UVC-ENUM size fourcc=JPEG index=8 2048x1536
PV-UVC-ENUM interval fourcc=JPEG 2048x1536 index=0 tipo=discrete num=333333 den=10000000 fps_x1000=30000
PV-UVC-ENUM interval fourcc=JPEG 2048x1536 index=1 tipo=discrete num=666666 den=10000000 fps_x1000=15000
PV-UVC-ENUM interval fourcc=JPEG 2048x1536 index=2 tipo=discrete num=1000000 den=10000000 fps_x1000=10000
PV-UVC-ENUM size fourcc=JPEG index=9 2592x1944
PV-UVC-ENUM interval fourcc=JPEG 2592x1944 index=0 tipo=discrete num=333333 den=10000000 fps_x1000=30000
PV-UVC-ENUM interval fourcc=JPEG 2592x1944 index=1 tipo=discrete num=666666 den=10000000 fps_x1000=15000
PV-UVC-ENUM interval fourcc=JPEG 2592x1944 index=2 tipo=discrete num=1000000 den=10000000 fps_x1000=10000
PV-UVC-ENUM size fourcc=JPEG index=10 3264x2448
PV-UVC-ENUM interval fourcc=JPEG 3264x2448 index=0 tipo=discrete num=333333 den=10000000 fps_x1000=30000
PV-UVC-ENUM interval fourcc=JPEG 3264x2448 index=1 tipo=discrete num=666666 den=10000000 fps_x1000=15000
PV-UVC-ENUM interval fourcc=JPEG 3264x2448 index=2 tipo=discrete num=1000000 den=10000000 fps_x1000=10000
PV-UVC-ENUM size fourcc=JPEG index=11 3840x2160
PV-UVC-ENUM interval fourcc=JPEG 3840x2160 index=0 tipo=discrete num=333333 den=10000000 fps_x1000=30000
PV-UVC-ENUM interval fourcc=JPEG 3840x2160 index=1 tipo=discrete num=666666 den=10000000 fps_x1000=15000
PV-UVC-ENUM interval fourcc=JPEG 3840x2160 index=2 tipo=discrete num=1000000 den=10000000 fps_x1000=10000
PV-UVC-ENUM size fourcc=JPEG index=12 4000x3000
PV-UVC-ENUM interval fourcc=JPEG 4000x3000 index=0 tipo=discrete num=666666 den=10000000 fps_x1000=15000
PV-UVC-ENUM interval fourcc=JPEG 4000x3000 index=1 tipo=discrete num=1000000 den=10000000 fps_x1000=10000
PV-UVC-ENUM size fourcc=JPEG index=13 320x240
PV-UVC-ENUM interval fourcc=JPEG 320x240 index=0 tipo=discrete num=333333 den=10000000 fps_x1000=30000
PV-UVC-ENUM interval fourcc=JPEG 320x240 index=1 tipo=discrete num=666666 den=10000000 fps_x1000=15000
PV-UVC-ENUM fmt index=1 fourcc=YUYV flags=0x0 desc="YUV 4:2:2 YUYV"
PV-UVC-ENUM size fourcc=YUYV index=0 320x240
PV-UVC-ENUM interval fourcc=YUYV 320x240 index=0 tipo=discrete num=500000 den=10000000 fps_x1000=20000
PV-UVC-ENUM interval fourcc=YUYV 320x240 index=1 tipo=discrete num=1000000 den=10000000 fps_x1000=10000
PV-UVC-ENUM size fourcc=YUYV index=1 640x360
PV-UVC-ENUM interval fourcc=YUYV 640x360 index=0 tipo=discrete num=500000 den=10000000 fps_x1000=20000
PV-UVC-ENUM interval fourcc=YUYV 640x360 index=1 tipo=discrete num=1000000 den=10000000 fps_x1000=10000
PV-UVC-ENUM size fourcc=YUYV index=2 640x480
PV-UVC-ENUM interval fourcc=YUYV 640x480 index=0 tipo=discrete num=1000000 den=10000000 fps_x1000=10000
PV-UVC-ENUM size fourcc=YUYV index=3 800x600
PV-UVC-ENUM interval fourcc=YUYV 800x600 index=0 tipo=discrete num=1000000 den=10000000 fps_x1000=10000
PV-UVC-ENUM size fourcc=YUYV index=4 1024x720
PV-UVC-ENUM interval fourcc=YUYV 1024x720 index=0 tipo=discrete num=1000000 den=10000000 fps_x1000=10000
PV-UVC-ENUM size fourcc=YUYV index=5 1280x940
PV-UVC-ENUM interval fourcc=YUYV 1280x940 index=0 tipo=discrete num=1000000 den=10000000 fps_x1000=10000
PV-UVC-ENUM size fourcc=YUYV index=6 1280x1024
PV-UVC-ENUM interval fourcc=YUYV 1280x1024 index=0 tipo=discrete num=1000000 den=10000000 fps_x1000=10000
PV-UVC-ENUM size fourcc=YUYV index=7 1600x1200
PV-UVC-ENUM interval fourcc=YUYV 1600x1200 index=0 tipo=discrete num=2000000 den=10000000 fps_x1000=5000
PV-UVC-ENUM size fourcc=YUYV index=8 1920x1080
PV-UVC-ENUM interval fourcc=YUYV 1920x1080 index=0 tipo=discrete num=2000000 den=10000000 fps_x1000=5000
PV-UVC-ENUM size fourcc=YUYV index=9 2048x1536
PV-UVC-ENUM interval fourcc=YUYV 2048x1536 index=0 tipo=discrete num=2000000 den=10000000 fps_x1000=5000
PV-UVC-ENUM size fourcc=YUYV index=10 2560x1440
PV-UVC-ENUM interval fourcc=YUYV 2560x1440 index=0 tipo=discrete num=2000000 den=10000000 fps_x1000=5000
PV-UVC-ENUM size fourcc=YUYV index=11 2592x1944
PV-UVC-ENUM interval fourcc=YUYV 2592x1944 index=0 tipo=discrete num=2000000 den=10000000 fps_x1000=5000
PV-UVC-ENUM result=OK tamanhos_jpeg=14
I (5050) usb_uvc_device: All UVC devices already enumerated
PV-UVC-FMT requested=800x600 applied=800x600 fourcc=JPEG sizeimage=0
I (5069) uvc: Allocating 2 USB transfers for ISOC. Each: 3072 bytes, 1 ISOC packets, 3072 MPS
W (8104) PvUvcSpike: DQBUF de descarte 0 falhou: errno=1(Not owner)
PV-UVC-WARMUP requested=800x600 descartados=0
E (13104) PvUvcSpike: VIDIOC_DQBUF falhou: errno=1(Not owner)
PV-UVC-RUNG requested=800x600 applied=800x600 fourcc=JPEG bytesused=0 result=FAIL reason=dqbuf
PV-UVC-MEM etapa=pos-degrau psram_livre=32667120 psram_maior_bloco=32505856 interna_livre=415311
I (13210) usb_uvc_device: All UVC devices already enumerated
PV-UVC-FMT requested=1920x1080 applied=1920x1080 fourcc=JPEG sizeimage=0
I (13231) uvc: Allocating 2 USB transfers for ISOC. Each: 3072 bytes, 1 ISOC packets, 3072 MPS
