ESP-ROM:esp32p4-eco2-20240710
Build:Jul 10 2024
rst:0x1 (POWERON),boot:0xf (SPI_FAST_FLASH_BOOT)
SPI mode:DIO, clock div:1
load:0x4ff33ce0,len:0x5d0
load:0x4ff28ed0,len:0xdf8
load:0x4ff2bbd0,len:0x34b8
entry 0x4ff28ed0
I (54) hex_psram: vendor id    : 0x0d (AP)
I (55) hex_psram: Latency      : 0x01 (Fixed)
I (55) hex_psram: DriveStr.    : 0x00 (25 Ohm)
I (55) hex_psram: dev id       : 0x03 (generation 4)
I (60) hex_psram: density      : 0x07 (256 Mbit)
I (64) hex_psram: good-die     : 0x06 (Pass)
I (68) hex_psram: SRF          : 0x02 (Slow Refresh)
I (73) hex_psram: BurstType    : 0x00 ( Wrap)
I (77) hex_psram: BurstLen     : 0x03 (2048 Byte)
I (81) hex_psram: BitMode      : 0x01 (X16 Mode)
I (86) hex_psram: Readlatency  : 0x04 (14 cycles@Fixed)
I (91) hex_psram: DriveStrength: 0x00 (1/1)
I (95) MSPI Timing: Enter psram timing tuning
I esp_psram: Found 32MB PSRAM device
I esp_psram: Speed: 200MHz
I (288) mmu_psram: .rodata xip on psram
I (314) mmu_psram: .text xip on psram
I (316) hex_psram: psram CS IO is dedicated
I (316) cpu_start: Multicore app
I (325) cpu_start: GPIO 38 and 37 are used as console UART I/O pins
I (326) cpu_start: Pro cpu start user code
I (326) cpu_start: cpu freq: 360000000 Hz
I (328) app_init: Application information:
I (331) app_init: Project name:     xiaozhi
I (335) app_init: App version:      2.4.0
I (339) app_init: Compile time:     Aug 13 2026 15:33:51
I (344) app_init: ELF file SHA256:  a369feba7...
I (348) app_init: ESP-IDF:          v6.0.2
I (352) efuse_init: Min chip rev:     v1.0
I (356) efuse_init: Max chip rev:     v1.99 
I (360) efuse_init: Chip rev:         v1.3
I (364) heap_init: Initializing. RAM available for dynamic allocation:
I (370) heap_init: At 4FF195D0 len 000219F0 (134 KiB): RETENT_RAM
I (376) heap_init: At 4FF3AFC0 len 00004BF0 (18 KiB): RAM
I (381) heap_init: At 4FF40000 len 00060000 (384 KiB): RAM
I (386) heap_init: At 50108080 len 00007F80 (31 KiB): RTCRAM
I (392) heap_init: At 30100088 len 00001F78 (7 KiB): SPM
I (397) esp_psram: Adding pool of 32000K of PSRAM memory to heap allocator
I (403) esp_psram: Adding pool of 40K of PSRAM memory gap generated due to end address alignment of irom to the heap allocator
I (414) esp_psram: Adding pool of 29K of PSRAM memory gap generated due to end address alignment of drom to the heap allocator
I (426) spi_flash: detected chip: gd
I (429) spi_flash: flash io: qio
I (432) host_init: ESP Hosted : Host chip_ip[18]
I (436) H_API: ESP-Hosted starting. Hosted_Tasks: prio:23, stack: 5120 RPC_task_stack: 5120
I (444) H_API: ** add_esp_wifi_remote_channels **
I (450) sleep_gpio: Configure to isolate all GPIO pins in sleep state
I (455) sleep_gpio: Enable automatic switching of GPIO sleep configuration
I (463) H_SDIO_DRV: sdio_data_to_rx_buf_task started
I (466) main_task: Started on CPU0
I (469) esp_psram: Reserving pool of 64K of internal memory for DMA/internal allocations
I (478) main_task: Calling app_main()

PV-UVC-DIRECT inicio (F2B rodada 16, usb_host_uvc sem esp_video) degraus=5
PV-UVC-MEM etapa=boot psram_livre=32811832 psram_maior_bloco=32505856 interna_livre=425691
I (2371) main_task: Returned from app_main()
PV-UVC-VBUS estado=on-no-boot (E2: sem ciclo; host energizado na instalacao)
D (2401) uvc: USB UVC handling start
PV-UVC-INIT result=OK driver=usb_host_uvc-direto urbs=8 urb_size=4xMPS fb=4 fb_bytes=6000000

PV-UVC-CICLO 1 inicio
E (2843) ENUM: LANGID 0x409 not found
D (2845) uvc: New device connected
*** Configuration descriptor ***
bLength 9
bDescriptorType 2
wTotalLength 1463
bNumInterfaces 5
bConfigurationValue 1
iConfiguration 0
bmAttributes 0x80
bMaxPower 500mA
*** Interface Association Descriptor ***
bLength 8
bDescriptorType 11
bFirstInterface 0
bInterfaceCount 2
bFunctionClass 0xe
bFunctionSubClass 0x3
bFunctionProtocol 0x0
iFunction 4
	*** Interface descriptor ***
	bLength 9
	bDescriptorType 4
	bInterfaceNumber 0
	bAlternateSetting 0
	bNumEndpoints 1
	bInterfaceClass 0xe
	bInterfaceSubClass 0x1
	bInterfaceProtocol 0x0
	iInterface 0
	*** Class-specific VC Interface Descriptor ***
	bLength 13
	bDescriptorType 0x24
	bDescriptorSubType 0x01
	bcdUVC 0100
	wTotalLength 80
	dwClockFrequency 24000000
	bInCollection 1
	baInterfaceNr[0] 1
	*** Input Terminal Descriptor (Camera) ***
	bLength 18
	bDescriptorType 0x24
	bDescriptorSubType 0x02
	bTerminalID 0x1
	wTerminalType 0x201
	bAssocTerminal 0
	iTerminal 0
	wObjectiveFocalLengthMin 0
	wObjectiveFocalLengthMax 0
	wOcularFocalLength 0
	bControlSize 3
	bmControls 0x7A 0x2A 0x2
	*** Extension Unit Descriptor unsupported, skipping... ***
	*** Processing Unit Descriptor ***
	bLength 11
	bDescriptorType 0x24
	bDescriptorSubType 0x05
	bUnitID 3
	bSourceID 2
	wMaxMultiplier 16384
	bControlSize 2
	bmControls 0x7F 0x17 0x0
	iProcessing 9
	bmVideoStandards 0x24
	*** Output Terminal Descriptor ***
	bLength 9
	bDescriptorType 0x24
	bDescriptorSubType 0x03
	bTerminalID 4
	wTerminalType 0x101
	bAssocTerminal 0
	bSourceID 3
	iTerminal 0
		*** Endpoint descriptor ***
		bLength 7
		bDescriptorType 5
		bEndpointAddress 0x81	EP 1 IN
		bmAttributes 0x3	INT
		wMaxPacketSize 16
		bInterval 8
		*** Class-specific Interrupt Endpoint Descriptor ***
		bLength 5
		bDescriptorType 0x25
		bDescriptorSubType 3
		wMaxTransferSize 16
	*** Interface descriptor ***
	bLength 9
	bDescriptorType 4
	bInterfaceNumber 1
	bAlternateSetting 0
	bNumEndpoints 0
	bInterfaceClass 0xe
	bInterfaceSubClass 0x2
	bInterfaceProtocol 0x0
	iInterface 0
	*** Class-specific VC Interface Descriptor ***
	bLength 15
	bDescriptorType 0x24
	bDescriptorSubType 0x01
	bcdUVC fc02
	wTotalLength 33283
	dwClockFrequency 16909312
	bInCollection 1
	baInterfaceNr[0] 1
	*** Extension Unit Descriptor unsupported, skipping... ***
	*** VS Frame Descriptor ***
	bLength 38
	bDescriptorType 0x24
	bDescriptorSubType 0x07
	bFrameIndex 1
	bmCapabilities 0x0
	wWidth 1920
	wHeight 1080
	dwMinBitRate 20736000
	dwMaxBitRate 62208000
	dwMaxVideoFrameBufSize 2073600
	dwDefaultFrameInterval 333333
	bFrameIntervalType 3
	FrameInterval[0] 333333
	FrameInterval[1] 666666
	FrameInterval[2] 1000000
	*** VS Frame Descriptor ***
	bLength 38
	bDescriptorType 0x24
	bDescriptorSubType 0x07
	bFrameIndex 2
	bmCapabilities 0x0
	wWidth 640
	wHeight 320
	dwMinBitRate 2048000
	dwMaxBitRate 6144000
	dwMaxVideoFrameBufSize 204800
	dwDefaultFrameInterval 333333
	bFrameIntervalType 3
	FrameInterval[0] 333333
	FrameInterval[1] 666666
	FrameInterval[2] 1000000
	*** VS Frame Descriptor ***
	bLength 38
	bDescriptorType 0x24
	bDescriptorSubType 0x07
	bFrameIndex 3
	bmCapabilities 0x0
	wWidth 640
	wHeight 480
	dwMinBitRate 3072000
	dwMaxBitRate 9216000
	dwMaxVideoFrameBufSize 307200
	dwDefaultFrameInterval 333333
	bFrameIntervalType 3
	FrameInterval[0] 333333
	FrameInterval[1] 666666
	FrameInterval[2] 1000000
	*** VS Frame Descriptor ***
	bLength 38
	bDescriptorType 0x24
	bDescriptorSubType 0x07
	bFrameIndex 4
	bmCapabilities 0x0
	wWidth 800
	wHeight 600
	dwMinBitRate 4800000
	dwMaxBitRate 14400000
	dwMaxVideoFrameBufSize 480000
	dwDefaultFrameInterval 333333
	bFrameIntervalType 3
	FrameInterval[0] 333333
	FrameInterval[1] 666666
	FrameInterval[2] 1000000
	*** VS Frame Descriptor ***
	bLength 38
	bDescriptorType 0x24
	bDescriptorSubType 0x07
	bFrameIndex 5
	bmCapabilities 0x0
	wWidth 1024
	wHeight 768
	dwMinBitRate 7864320
	dwMaxBitRate 23592960
	dwMaxVideoFrameBufSize 786432
	dwDefaultFrameInterval 333333
	bFrameIntervalType 3
	FrameInterval[0] 333333
	FrameInterval[1] 666666
	FrameInterval[2] 1000000
	*** VS Frame Descriptor ***
	bLength 38
	bDescriptorType 0x24
	bDescriptorSubType 0x07
	bFrameIndex 6
	bmCapabilities 0x0
	wWidth 1280
	wHeight 720
	dwMinBitRate 9216000
	dwMaxBitRate 27648000
	dwMaxVideoFrameBufSize 921600
	dwDefaultFrameInterval 333333
	bFrameIntervalType 3
	FrameInterval[0] 333333
	FrameInterval[1] 666666
	FrameInterval[2] 1000000
	*** VS Frame Descriptor ***
	bLength 38
	bDescriptorType 0x24
	bDescriptorSubType 0x07
	bFrameIndex 7
	bmCapabilities 0x0
	wWidth 1280
	wHeight 960
	dwMinBitRate 12288000
	dwMaxBitRate 36864000
	dwMaxVideoFrameBufSize 1228800
	dwDefaultFrameInterval 333333
	bFrameIntervalType 3
	FrameInterval[0] 333333
	FrameInterval[1] 666666
	FrameInterval[2] 1000000
	*** VS Frame Descriptor ***
	bLength 38
	bDescriptorType 0x24
	bDescriptorSubType 0x07
	bFrameIndex 8
	bmCapabilities 0x0
	wWidth 1600
	wHeight 1200
	dwMinBitRate 19200000
	dwMaxBitRate 57600000
	dwMaxVideoFrameBufSize 1920000
	dwDefaultFrameInterval 333333
	bFrameIntervalType 3
	FrameInterval[0] 333333
	FrameInterval[1] 666666
	FrameInterval[2] 1000000
	*** VS Frame Descriptor ***
	bLength 38
	bDescriptorType 0x24
	bDescriptorSubType 0x07
	bFrameIndex 9
	bmCapabilities 0x0
	wWidth 2048
	wHeight 1536
	dwMinBitRate 31457280
	dwMaxBitRate 94371840
	dwMaxVideoFrameBufSize 3145728
	dwDefaultFrameInterval 333333
	bFrameIntervalType 3
	FrameInterval[0] 333333
	FrameInterval[1] 666666
	FrameInterval[2] 1000000
	*** VS Frame Descriptor ***
	bLength 38
	bDescriptorType 0x24
	bDescriptorSubType 0x07
	bFrameIndex 10
	bmCapabilities 0x0
	wWidth 2592
	wHeight 1944
	dwMinBitRate 50388480
	dwMaxBitRate 151165440
	dwMaxVideoFrameBufSize 5038848
	dwDefaultFrameInterval 333333
	bFrameIntervalType 3
	FrameInterval[0] 333333
	FrameInterval[1] 666666
	FrameInterval[2] 1000000
	*** VS Frame Descriptor ***
	bLength 38
	bDescriptorType 0x24
	bDescriptorSubType 0x07
	bFrameIndex 11
	bmCapabilities 0x0
	wWidth 3264
	wHeight 2448
	dwMinBitRate 79902720
	dwMaxBitRate 239708160
	dwMaxVideoFrameBufSize 7990272
	dwDefaultFrameInterval 333333
	bFrameIntervalType 3
	FrameInterval[0] 333333
	FrameInterval[1] 666666
	FrameInterval[2] 1000000
	*** VS Frame Descriptor ***
	bLength 38
	bDescriptorType 0x24
	bDescriptorSubType 0x07
	bFrameIndex 12
	bmCapabilities 0x0
	wWidth 3840
	wHeight 2160
	dwMinBitRate 82944000
	dwMaxBitRate 248832000
	dwMaxVideoFrameBufSize 8294400
	dwDefaultFrameInterval 333333
	bFrameIntervalType 3
	FrameInterval[0] 333333
	FrameInterval[1] 666666
	FrameInterval[2] 1000000
	*** VS Frame Descriptor ***
	bLength 34
	bDescriptorType 0x24
	bDescriptorSubType 0x07
	bFrameIndex 13
	bmCapabilities 0x0
	wWidth 4000
	wHeight 3000
	dwMinBitRate 120000000
	dwMaxBitRate 180000000
	dwMaxVideoFrameBufSize 12000000
	dwDefaultFrameInterval 666666
	bFrameIntervalType 2
	FrameInterval[0] 666666
	FrameInterval[1] 1000000
	*** VS Frame Descriptor ***
	bLength 34
	bDescriptorType 0x24
	bDescriptorSubType 0x07
	bFrameIndex 14
	bmCapabilities 0x0
	wWidth 320
	wHeight 240
	dwMinBitRate 1152000
	dwMaxBitRate 2304000
	dwMaxVideoFrameBufSize 76800
	dwDefaultFrameInterval 333333
	bFrameIntervalType 2
	FrameInterval[0] 333333
	FrameInterval[1] 666666
	*** Output Terminal Descriptor ***
	bLength 63
	bDescriptorType 0x24
	bDescriptorSubType 0x03
	bTerminalID 0
	wTerminalType 0x800E
	bAssocTerminal 7
	bSourceID 56
	iTerminal 4
	*** VS Color Format Descriptor ***
	bLength 6
	bDescriptorType 0x24
	bDescriptorSubType 0x0D
	bColorPrimaries 0x1
	bTransferCharacteristics 1
	bMatrixCoefficients 0x4
	*** Selector Unit Descriptor ***
	bLength 27
	bDescriptorType 0x24
	bDescriptorSubType 0x04
	bUnitID 2
	bNrInPins 12
	baSourceID1 89
	baSourceID2 85
	iSelector 89
	*** Processing Unit Descriptor ***
	bLength 34
	bDescriptorType 0x24
	bDescriptorSubType 0x05
	bUnitID 1
	bSourceID 0
	wMaxMultiplier 320
	bControlSize 240
	bmControls 0x0 0x0 0x70
	iProcessing 23
	bmVideoStandards 0x0
	*** Processing Unit Descriptor ***
	bLength 34
	bDescriptorType 0x24
	bDescriptorSubType 0x05
	bUnitID 2
	bSourceID 0
	wMaxMultiplier 640
	bControlSize 104
	bmControls 0x1 0x0 0x50
	iProcessing 70
	bmVideoStandards 0x0
	*** Processing Unit Descriptor ***
	bLength 30
	bDescriptorType 0x24
	bDescriptorSubType 0x05
	bUnitID 3
	bSourceID 0
	wMaxMultiplier 640
	bControlSize 224
	bmControls 0x1 0x0 0xC0
	iProcessing 93
	bmVideoStandards 0x0
	*** Processing Unit Descriptor ***
	bLength 30
	bDescriptorType 0x24
	bDescriptorSubType 0x05
	bUnitID 4
	bSourceID 0
	wMaxMultiplier 800
	bControlSize 88
	bmControls 0x2 0x0 0x7C
	iProcessing 146
	bmVideoStandards 0x0
	*** Processing Unit Descriptor ***
	bLength 30
	bDescriptorType 0x24
	bDescriptorSubType 0x05
	bUnitID 5
	bSourceID 0
	wMaxMultiplier 1024
	bControlSize 208
	bmControls 0x2 0x0 0x0
	iProcessing 225
	bmVideoStandards 0x0
	*** Processing Unit Descriptor ***
	bLength 30
	bDescriptorType 0x24
	bDescriptorSubType 0x05
	bUnitID 6
	bSourceID 0
	wMaxMultiplier 1280
	bControlSize 172
	bmControls 0x3 0x0 0x30
	iProcessing 111
	bmVideoStandards 0x1
	*** Processing Unit Descriptor ***
	bLength 30
	bDescriptorType 0x24
	bDescriptorSubType 0x05
	bUnitID 7
	bSourceID 0
	wMaxMultiplier 1280
	bControlSize 0
	bmControls 0x4 0x0 0x0
	iProcessing 144
	bmVideoStandards 0x1
	*** Processing Unit Descriptor ***
	bLength 30
	bDescriptorType 0x24
	bDescriptorSubType 0x05
	bUnitID 8
	bSourceID 0
	wMaxMultiplier 1600
	bControlSize 176
	bmControls 0x4 0x0 0xF8
	iProcessing 36
	bmVideoStandards 0x1
	*** Processing Unit Descriptor ***
	bLength 30
	bDescriptorType 0x24
	bDescriptorSubType 0x05
	bUnitID 9
	bSourceID 0
	wMaxMultiplier 1920
	bControlSize 56
	bmControls 0x4 0x0 0x68
	iProcessing 60
	bmVideoStandards 0x1
	*** Processing Unit Descriptor ***
	bLength 30
	bDescriptorType 0x24
	bDescriptorSubType 0x05
	bUnitID 10
	bSourceID 0
	wMaxMultiplier 2048
	bControlSize 0
	bmControls 0x6 0x0 0x0
	iProcessing 224
	bmVideoStandards 0x1
	*** Processing Unit Descriptor ***
	bLength 30
	bDescriptorType 0x24
	bDescriptorSubType 0x05
	bUnitID 11
	bSourceID 0
	wMaxMultiplier 2560
	bControlSize 160
	bmControls 0x5 0x0 0x80
	iProcessing 50
	bmVideoStandards 0x2
	*** Processing Unit Descriptor ***
	bLength 30
	bDescriptorType 0x24
	bDescriptorSubType 0x05
	bUnitID 12
	bSourceID 0
	wMaxMultiplier 2592
	bControlSize 152
	bmControls 0x7 0x0 0xDE
	iProcessing 0
	bmVideoStandards 0x3
	*** VS Color Format Descriptor ***
	bLength 6
	bDescriptorType 0x24
	bDescriptorSubType 0x0D
	bColorPrimaries 0x1
	bTransferCharacteristics 1
	bMatrixCoefficients 0x4
	*** Interface descriptor ***
	bLength 9
	bDescriptorType 4
	bInterfaceNumber 1
	bAlternateSetting 1
	bNumEndpoints 1
	bInterfaceClass 0xe
	bInterfaceSubClass 0x2
	bInterfaceProtocol 0x0
	iInterface 0
		*** Endpoint descriptor ***
		bLength 7
		bDescriptorType 5
		bEndpointAddress 0x82	EP 2 IN
		bmAttributes 0x5	ISOC
		wMaxPacketSize 192
		bInterval 1
	*** Interface descriptor ***
	bLength 9
	bDescriptorType 4
	bInterfaceNumber 1
	bAlternateSetting 2
	bNumEndpoints 1
	bInterfaceClass 0xe
	bInterfaceSubClass 0x2
	bInterfaceProtocol 0x0
	iInterface 0
		*** Endpoint descriptor ***
		bLength 7
		bDescriptorType 5
		bEndpointAddress 0x82	EP 2 IN
		bmAttributes 0x5	ISOC
		wMaxPacketSize 384
		bInterval 1
	*** Interface descriptor ***
	bLength 9
	bDescriptorType 4
	bInterfaceNumber 1
	bAlternateSetting 3
	bNumEndpoints 1
	bInterfaceClass 0xe
	bInterfaceSubClass 0x2
	bInterfaceProtocol 0x0
	iInterface 0
		*** Endpoint descriptor ***
		bLength 7
		bDescriptorType 5
		bEndpointAddress 0x82	EP 2 IN
		bmAttributes 0x5	ISOC
		wMaxPacketSize 512
		bInterval 1
	*** Interface descriptor ***
	bLength 9
	bDescriptorType 4
	bInterfaceNumber 1
	bAlternateSetting 4
	bNumEndpoints 1
	bInterfaceClass 0xe
	bInterfaceSubClass 0x2
	bInterfaceProtocol 0x0
	iInterface 0
		*** Endpoint descriptor ***
		bLength 7
		bDescriptorType 5
		bEndpointAddress 0x82	EP 2 IN
		bmAttributes 0x5	ISOC
		wMaxPacketSize 640
		bInterval 1
	*** Interface descriptor ***
	bLength 9
	bDescriptorType 4
	bInterfaceNumber 1
	bAlternateSetting 5
	bNumEndpoints 1
	bInterfaceClass 0xe
	bInterfaceSubClass 0x2
	bInterfaceProtocol 0x0
	iInterface 0
		*** Endpoint descriptor ***
		bLength 7
		bDescriptorType 5
		bEndpointAddress 0x82	EP 2 IN
		bmAttributes 0x5	ISOC
		wMaxPacketSize 800
		bInterval 1
	*** Interface descriptor ***
	bLength 9
	bDescriptorType 4
	bInterfaceNumber 1
	bAlternateSetting 6
	bNumEndpoints 1
	bInterfaceClass 0xe
	bInterfaceSubClass 0x2
	bInterfaceProtocol 0x0
	iInterface 0
		*** Endpoint descriptor ***
		bLength 7
		bDescriptorType 5
		bEndpointAddress 0x82	EP 2 IN
		bmAttributes 0x5	ISOC
		wMaxPacketSize 944
		bInterval 1
	*** Interface descriptor ***
	bLength 9
	bDescriptorType 4
	bInterfaceNumber 1
	bAlternateSetting 7
	bNumEndpoints 1
	bInterfaceClass 0xe
	bInterfaceSubClass 0x2
	bInterfaceProtocol 0x0
	iInterface 0
		*** Endpoint descriptor ***
		bLength 7
		bDescriptorType 5
		bEndpointAddress 0x82	EP 2 IN
		bmAttributes 0x5	ISOC
		wMaxPacketSize 640
		wMaxPacketSize (with additional transactions in microframe) 1280
		bInterval 1
	*** Interface descriptor ***
	bLength 9
	bDescriptorType 4
	bInterfaceNumber 1
	bAlternateSetting 8
	bNumEndpoints 1
	bInterfaceClass 0xe
	bInterfaceSubClass 0x2
	bInterfaceProtocol 0x0
	iInterface 0
		*** Endpoint descriptor ***
		bLength 7
		bDescriptorType 5
		bEndpointAddress 0x82	EP 2 IN
		bmAttributes 0x5	ISOC
		wMaxPacketSize 800
		wMaxPacketSize (with additional transactions in microframe) 1600
		bInterval 1
	*** Interface descriptor ***
	bLength 9
	bDescriptorType 4
	bInterfaceNumber 1
	bAlternateSetting 9
	bNumEndpoints 1
	bInterfaceClass 0xe
	bInterfaceSubClass 0x2
	bInterfaceProtocol 0x0
	iInterface 0
		*** Endpoint descriptor ***
		bLength 7
		bDescriptorType 5
		bEndpointAddress 0x82	EP 2 IN
		bmAttributes 0x5	ISOC
		wMaxPacketSize 992
		wMaxPacketSize (with additional transactions in microframe) 1984
		bInterval 1
	*** Interface descriptor ***
	bLength 9
	bDescriptorType 4
	bInterfaceNumber 1
	bAlternateSetting 10
	bNumEndpoints 1
	bInterfaceClass 0xe
	bInterfaceSubClass 0x2
	bInterfaceProtocol 0x0
	iInterface 0
		*** Endpoint descriptor ***
		bLength 7
		bDescriptorType 5
		bEndpointAddress 0x82	EP 2 IN
		bmAttributes 0x5	ISOC
		wMaxPacketSize 896
		wMaxPacketSize (with additional transactions in microframe) 2688
		bInterval 1
	*** Interface descriptor ***
	bLength 9
	bDescriptorType 4
	bInterfaceNumber 1
	bAlternateSetting 11
	bNumEndpoints 1
	bInterfaceClass 0xe
	bInterfaceSubClass 0x2
	bInterfaceProtocol 0x0
	iInterface 0
		*** Endpoint descriptor ***
		bLength 7
		bDescriptorType 5
		bEndpointAddress 0x82	EP 2 IN
		bmAttributes 0x5	ISOC
		wMaxPacketSize 1024
		wMaxPacketSize (with additional transactions in microframe) 3072
		bInterval 1
*** Interface Association Descriptor ***
bLength 8
bDescriptorType 11
bFirstInterface 2
bInterfaceCount 2
bFunctionClass 0x1
bFunctionSubClass 0x0
bFunctionProtocol 0x0
iFunction 5
	*** Interface descriptor ***
	bLength 9
	bDescriptorType 4
	bInterfaceNumber 2
	bAlternateSetting 0
	bNumEndpoints 0
	bInterfaceClass 0x1
	bInterfaceSubClass 0x1
	bInterfaceProtocol 0x0
	iInterface 0
	*** Class-specific VC Interface Descriptor ***
	bLength 9
	bDescriptorType 0x24
	bDescriptorSubType 0x01
	bcdUVC 0100
	wTotalLength 39
	dwClockFrequency 604766977
	bInCollection 2
	baInterfaceNr[0] 1
	baInterfaceNr[1] 1
	*** Input Terminal Descriptor (Camera) ***
	bLength 12
	bDescriptorType 0x24
	bDescriptorSubType 0x02
	bTerminalID 0x1
	wTerminalType 0x201
	bAssocTerminal 0
	iTerminal 1
	wObjectiveFocalLengthMin 3
	wObjectiveFocalLengthMax 0
	wOcularFocalLength 9225
	bControlSize 6
	bmControls 0x2 0x1 0x2
	*** Extension Unit Descriptor unsupported, skipping... ***
	*** Output Terminal Descriptor ***
	bLength 9
	bDescriptorType 0x24
	bDescriptorSubType 0x03
	bTerminalID 3
	wTerminalType 0x101
	bAssocTerminal 0
	bSourceID 2
	iTerminal 0
	*** Interface descriptor ***
	bLength 9
	bDescriptorType 4
	bInterfaceNumber 3
	bAlternateSetting 0
	bNumEndpoints 0
	bInterfaceClass 0x1
	bInterfaceSubClass 0x2
	bInterfaceProtocol 0x0
	iInterface 0
	*** Interface descriptor ***
	bLength 9
	bDescriptorType 4
	bInterfaceNumber 3
	bAlternateSetting 1
	bNumEndpoints 1
	bInterfaceClass 0x1
	bInterfaceSubClass 0x2
	bInterfaceProtocol 0x0
	iInterface 0
	*** Class-specific VC Interface Descriptor ***
	bLength 7
	bDescriptorType 0x24
	bDescriptorSubType 0x01
	bcdUVC 0003
	wTotalLength 1
	dwClockFrequency 16917515
	bInCollection 2
	baInterfaceNr[0] 2
	baInterfaceNr[1] 16
	*** Input Terminal Descriptor (Media) ***
	bLength 11
	bDescriptorType 0x24
	bDescriptorSubType 0x02
	bTerminalID 0x1
	wTerminalType 0x202
	bAssocTerminal 16
	iTerminal 1
	bControlSize 128
	bmControls 0xBB
	bTransportModeSize 0
	bmTransportModes 0x9 0x5 0x83 0x1 0xC0
		*** Endpoint descriptor ***
		bLength 9
		bDescriptorType 5
		bEndpointAddress 0x83	EP 3 IN
		bmAttributes 0x1	ISOC
		wMaxPacketSize 192
		bInterval 4
		*** Class-specific Interrupt Endpoint Descriptor ***
		bLength 7
		bDescriptorType 0x25
		bDescriptorSubType 1
		wMaxTransferSize 1
	*** Interface descriptor ***
	bLength 9
	bDescriptorType 4
	bInterfaceNumber 4
	bAlternateSetting 0
	bNumEndpoints 2
	bInterfaceClass 0x3
	bInterfaceSubClass 0x0
	bInterfaceProtocol 0x0
	iInterface 0
 *** Unknown Descriptor Length: 9 Type: 33 ***
		*** Endpoint descriptor ***
		bLength 7
		bDescriptorType 5
		bEndpointAddress 0x84	EP 4 IN
		bmAttributes 0x3	INT
		wMaxPacketSize 64
		bInterval 4
		*** Endpoint descriptor ***
		bLength 7
		bDescriptorType 5
		bEndpointAddress 0x1	EP 1 OUT
		bmAttributes 0x3	INT
		wMaxPacketSize 64
		bInterval 4
PV-UVC-ENUM device dev_addr=1 stream_index=0 frames_anunciados=26
PV-UVC-ENUM frame index=0 format=MJPEG 1920x1080 default_interval=333333 tipos=3
PV-UVC-ENUM interval index=0 k=0 valor=333333 fps_x1000=30000
PV-UVC-ENUM interval index=0 k=1 valor=666666 fps_x1000=15000
PV-UVC-ENUM interval index=0 k=2 valor=1000000 fps_x1000=10000
PV-UVC-ENUM frame index=1 format=MJPEG 640x320 default_interval=333333 tipos=3
PV-UVC-ENUM interval index=1 k=0 valor=333333 fps_x1000=30000
PV-UVC-ENUM interval index=1 k=1 valor=666666 fps_x1000=15000
PV-UVC-ENUM interval index=1 k=2 valor=1000000 fps_x1000=10000
PV-UVC-ENUM frame index=2 format=MJPEG 640x480 default_interval=333333 tipos=3
PV-UVC-ENUM interval index=2 k=0 valor=333333 fps_x1000=30000
PV-UVC-ENUM interval index=2 k=1 valor=666666 fps_x1000=15000
PV-UVC-ENUM interval index=2 k=2 valor=1000000 fps_x1000=10000
PV-UVC-ENUM frame index=3 format=MJPEG 800x600 default_interval=333333 tipos=3
PV-UVC-ENUM interval index=3 k=0 valor=333333 fps_x1000=30000
PV-UVC-ENUM interval index=3 k=1 valor=666666 fps_x1000=15000
PV-UVC-ENUM interval index=3 k=2 valor=1000000 fps_x1000=10000
PV-UVC-ENUM frame index=4 format=MJPEG 1024x768 default_interval=333333 tipos=3
PV-UVC-ENUM interval index=4 k=0 valor=333333 fps_x1000=30000
PV-UVC-ENUM interval index=4 k=1 valor=666666 fps_x1000=15000
PV-UVC-ENUM interval index=4 k=2 valor=1000000 fps_x1000=10000
PV-UVC-ENUM frame index=5 format=MJPEG 1280x720 default_interval=333333 tipos=3
PV-UVC-ENUM interval index=5 k=0 valor=333333 fps_x1000=30000
PV-UVC-ENUM interval index=5 k=1 valor=666666 fps_x1000=15000
PV-UVC-ENUM interval index=5 k=2 valor=1000000 fps_x1000=10000
PV-UVC-ENUM frame index=6 format=MJPEG 1280x960 default_interval=333333 tipos=3
PV-UVC-ENUM interval index=6 k=0 valor=333333 fps_x1000=30000
PV-UVC-ENUM interval index=6 k=1 valor=666666 fps_x1000=15000
PV-UVC-ENUM interval index=6 k=2 valor=1000000 fps_x1000=10000
PV-UVC-ENUM frame index=7 format=MJPEG 1600x1200 default_interval=333333 tipos=3
PV-UVC-ENUM interval index=7 k=0 valor=333333 fps_x1000=30000
PV-UVC-ENUM interval index=7 k=1 valor=666666 fps_x1000=15000
PV-UVC-ENUM interval index=7 k=2 valor=1000000 fps_x1000=10000
PV-UVC-ENUM frame index=8 format=MJPEG 2048x1536 default_interval=333333 tipos=3
PV-UVC-ENUM interval index=8 k=0 valor=333333 fps_x1000=30000
PV-UVC-ENUM interval index=8 k=1 valor=666666 fps_x1000=15000
PV-UVC-ENUM interval index=8 k=2 valor=1000000 fps_x1000=10000
PV-UVC-ENUM frame index=9 format=MJPEG 2592x1944 default_interval=333333 tipos=3
PV-UVC-ENUM interval index=9 k=0 valor=333333 fps_x1000=30000
PV-UVC-ENUM interval index=9 k=1 valor=666666 fps_x1000=15000
PV-UVC-ENUM interval index=9 k=2 valor=1000000 fps_x1000=10000
PV-UVC-ENUM frame index=10 format=MJPEG 3264x2448 default_interval=333333 tipos=3
PV-UVC-ENUM interval index=10 k=0 valor=333333 fps_x1000=30000
PV-UVC-ENUM interval index=10 k=1 valor=666666 fps_x1000=15000
PV-UVC-ENUM interval index=10 k=2 valor=1000000 fps_x1000=10000
PV-UVC-ENUM frame index=11 format=MJPEG 3840x2160 default_interval=333333 tipos=3
PV-UVC-ENUM interval index=11 k=0 valor=333333 fps_x1000=30000
PV-UVC-ENUM interval index=11 k=1 valor=666666 fps_x1000=15000
PV-UVC-ENUM interval index=11 k=2 valor=1000000 fps_x1000=10000
PV-UVC-ENUM frame index=12 format=MJPEG 4000x3000 default_interval=666666 tipos=2
PV-UVC-ENUM interval index=12 k=0 valor=666666 fps_x1000=15000
PV-UVC-ENUM interval index=12 k=1 valor=1000000 fps_x1000=10000
PV-UVC-ENUM frame index=13 format=MJPEG 320x240 default_interval=333333 tipos=2
PV-UVC-ENUM interval index=13 k=0 valor=333333 fps_x1000=30000
PV-UVC-ENUM interval index=13 k=1 valor=666666 fps_x1000=15000
PV-UVC-ENUM frame index=14 format=YUY2 320x240 default_interval=500000 tipos=2
PV-UVC-ENUM interval index=14 k=0 valor=500000 fps_x1000=20000
PV-UVC-ENUM interval index=14 k=1 valor=1000000 fps_x1000=10000
PV-UVC-ENUM frame index=15 format=YUY2 640x360 default_interval=500000 tipos=2
PV-UVC-ENUM interval index=15 k=0 valor=500000 fps_x1000=20000
PV-UVC-ENUM interval index=15 k=1 valor=1000000 fps_x1000=10000
PV-UVC-ENUM frame index=16 format=YUY2 640x480 default_interval=1000000 tipos=1
PV-UVC-ENUM interval index=16 k=0 valor=1000000 fps_x1000=10000
PV-UVC-ENUM frame index=17 format=YUY2 800x600 default_interval=1000000 tipos=1
PV-UVC-ENUM interval index=17 k=0 valor=1000000 fps_x1000=10000
PV-UVC-ENUM frame index=18 format=YUY2 1024x720 default_interval=1000000 tipos=1
PV-UVC-ENUM interval index=18 k=0 valor=1000000 fps_x1000=10000
PV-UVC-ENUM frame index=19 format=YUY2 1280x940 default_interval=1000000 tipos=1
PV-UVC-ENUM interval index=19 k=0 valor=1000000 fps_x1000=10000
PV-UVC-ENUM frame index=20 format=YUY2 1280x1024 default_interval=1000000 tipos=1
PV-UVC-ENUM interval index=20 k=0 valor=1000000 fps_x1000=10000
PV-UVC-ENUM frame index=21 format=YUY2 1600x1200 default_interval=2000000 tipos=1
PV-UVC-ENUM interval index=21 k=0 valor=2000000 fps_x1000=5000
PV-UVC-ENUM frame index=22 format=YUY2 1920x1080 default_interval=2000000 tipos=1
PV-UVC-ENUM interval index=22 k=0 valor=2000000 fps_x1000=5000
PV-UVC-ENUM frame index=23 format=YUY2 2048x1536 default_interval=2000000 tipos=1
PV-UVC-ENUM interval index=23 k=0 valor=2000000 fps_x1000=5000
PV-UVC-ENUM frame index=24 format=YUY2 2560x1440 default_interval=2000000 tipos=1
PV-UVC-ENUM interval index=24 k=0 valor=2000000 fps_x1000=5000
PV-UVC-ENUM frame index=25 format=YUY2 2592x1944 default_interval=2000000 tipos=1
PV-UVC-ENUM interval index=25 k=0 valor=2000000 fps_x1000=5000
PV-UVC-ENUM result=OK entradas=26 tamanhos_mjpeg=14
D (4992) uvc: Checking list of opened USB devices
D (4997) uvc: Checking list of connected USB devices
D (5002) uvc: Claimed interface index 1 with MPS 1024
D (5007) uvc: ctrl xfer cb
D (5010) uvc: ctrl xfer cb
D (5012) uvc: ctrl xfer cb
D (5015) uvc: ctrl xfer cb
I (5016) uvc: Allocating 8 USB transfers for ISOC. Each: 3072 bytes, 1 ISOC packets, 3072 MPS
PV-UVC-MEM etapa=pos-open psram_livre=8690596 psram_maior_bloco=8388608 interna_livre=394455
*** Device descriptor ***
bLength 18
bDescriptorType 1
bcdUSB 2.00
bDeviceClass 0xef
bDeviceSubClass 0x2
bDeviceProtocol 0x1
bMaxPacketSize0 64
idVendor 0xb024
idProduct 0x725
bcdDevice 1.00
iManufacturer 1
iProduct 2
iSerialNumber 3
bNumConfigurations 1
*** Configuration descriptor ***
bLength 9
bDescriptorType 2
wTotalLength 1463
bNumInterfaces 5
bConfigurationValue 1
iConfiguration 0
bmAttributes 0x80
bMaxPower 500mA
*** Interface Association Descriptor ***
bLength 8
bDescriptorType 11
bFirstInterface 0
bInterfaceCount 2
bFunctionClass 0xe
bFunctionSubClass 0x3
bFunctionProtocol 0x0
iFunction 4
	*** Interface descriptor ***
	bLength 9
	bDescriptorType 4
	bInterfaceNumber 0
	bAlternateSetting 0
	bNumEndpoints 1
	bInterfaceClass 0xe
	bInterfaceSubClass 0x1
	bInterfaceProtocol 0x0
	iInterface 0
	*** Class-specific VC Interface Descriptor ***
	bLength 13
	bDescriptorType 0x24
	bDescriptorSubType 0x01
	bcdUVC 0100
	wTotalLength 80
	dwClockFrequency 24000000
	bInCollection 1
	baInterfaceNr[0] 1
	*** Input Terminal Descriptor (Camera) ***
	bLength 18
	bDescriptorType 0x24
	bDescriptorSubType 0x02
	bTerminalID 0x1
	wTerminalType 0x201
	bAssocTerminal 0
	iTerminal 0
	wObjectiveFocalLengthMin 0
	wObjectiveFocalLengthMax 0
	wOcularFocalLength 0
	bControlSize 3
	bmControls 0x7A 0x2A 0x2
	*** Extension Unit Descriptor unsupported, skipping... ***
	*** Processing Unit Descriptor ***
	bLength 11
	bDescriptorType 0x24
	bDescriptorSubType 0x05
	bUnitID 3
	bSourceID 2
	wMaxMultiplier 16384
	bControlSize 2
	bmControls 0x7F 0x17 0x0
	iProcessing 9
	bmVideoStandards 0x24
	*** Output Terminal Descriptor ***
	bLength 9
	bDescriptorType 0x24
	bDescriptorSubType 0x03
	bTerminalID 4
	wTerminalType 0x101
	bAssocTerminal 0
	bSourceID 3
	iTerminal 0
		*** Endpoint descriptor ***
		bLength 7
		bDescriptorType 5
		bEndpointAddress 0x81	EP 1 IN
		bmAttributes 0x3	INT
		wMaxPacketSize 16
		bInterval 8
		*** Class-specific Interrupt Endpoint Descriptor ***
		bLength 5
		bDescriptorType 0x25
		bDescriptorSubType 3
		wMaxTransferSize 16
	*** Interface descriptor ***
	bLength 9
	bDescriptorType 4
	bInterfaceNumber 1
	bAlternateSetting 0
	bNumEndpoints 0
	bInterfaceClass 0xe
	bInterfaceSubClass 0x2
	bInterfaceProtocol 0x0
	iInterface 0
	*** Class-specific VC Interface Descriptor ***
	bLength 15
	bDescriptorType 0x24
	bDescriptorSubType 0x01
	bcdUVC fc02
	wTotalLength 33283
	dwClockFrequency 16909312
	bInCollection 1
	baInterfaceNr[0] 1
	*** Extension Unit Descriptor unsupported, skipping... ***
	*** VS Frame Descriptor ***
	bLength 38
	bDescriptorType 0x24
	bDescriptorSubType 0x07
	bFrameIndex 1
	bmCapabilities 0x0
	wWidth 1920
	wHeight 1080
	dwMinBitRate 20736000
	dwMaxBitRate 62208000
	dwMaxVideoFrameBufSize 2073600
	dwDefaultFrameInterval 333333
	bFrameIntervalType 3
	FrameInterval[0] 333333
	FrameInterval[1] 666666
	FrameInterval[2] 1000000
	*** VS Frame Descriptor ***
	bLength 38
	bDescriptorType 0x24
	bDescriptorSubType 0x07
	bFrameIndex 2
	bmCapabilities 0x0
	wWidth 640
	wHeight 320
	dwMinBitRate 2048000
	dwMaxBitRate 6144000
	dwMaxVideoFrameBufSize 204800
	dwDefaultFrameInterval 333333
	bFrameIntervalType 3
	FrameInterval[0] 333333
	FrameInterval[1] 666666
	FrameInterval[2] 1000000
	*** VS Frame Descriptor ***
	bLength 38
	bDescriptorType 0x24
	bDescriptorSubType 0x07
	bFrameIndex 3
	bmCapabilities 0x0
	wWidth 640
	wHeight 480
	dwMinBitRate 3072000
	dwMaxBitRate 9216000
	dwMaxVideoFrameBufSize 307200
	dwDefaultFrameInterval 333333
	bFrameIntervalType 3
	FrameInterval[0] 333333
	FrameInterval[1] 666666
	FrameInterval[2] 1000000
	*** VS Frame Descriptor ***
	bLength 38
	bDescriptorType 0x24
	bDescriptorSubType 0x07
	bFrameIndex 4
	bmCapabilities 0x0
	wWidth 800
	wHeight 600
	dwMinBitRate 4800000
	dwMaxBitRate 14400000
	dwMaxVideoFrameBufSize 480000
	dwDefaultFrameInterval 333333
	bFrameIntervalType 3
	FrameInterval[0] 333333
	FrameInterval[1] 666666
	FrameInterval[2] 1000000
	*** VS Frame Descriptor ***
	bLength 38
	bDescriptorType 0x24
	bDescriptorSubType 0x07
	bFrameIndex 5
	bmCapabilities 0x0
	wWidth 1024
	wHeight 768
	dwMinBitRate 7864320
	dwMaxBitRate 23592960
	dwMaxVideoFrameBufSize 786432
	dwDefaultFrameInterval 333333
	bFrameIntervalType 3
	FrameInterval[0] 333333
	FrameInterval[1] 666666
	FrameInterval[2] 1000000
	*** VS Frame Descriptor ***
	bLength 38
	bDescriptorType 0x24
	bDescriptorSubType 0x07
	bFrameIndex 6
	bmCapabilities 0x0
	wWidth 1280
	wHeight 720
	dwMinBitRate 9216000
	dwMaxBitRate 27648000
	dwMaxVideoFrameBufSize 921600
	dwDefaultFrameInterval 333333
	bFrameIntervalType 3
	FrameInterval[0] 333333
	FrameInterval[1] 666666
	FrameInterval[2] 1000000
	*** VS Frame Descriptor ***
	bLength 38
	bDescriptorType 0x24
	bDescriptorSubType 0x07
	bFrameIndex 7
	bmCapabilities 0x0
	wWidth 1280
	wHeight 960
	dwMinBitRate 12288000
	dwMaxBitRate 36864000
	dwMaxVideoFrameBufSize 1228800
	dwDefaultFrameInterval 333333
	bFrameIntervalType 3
	FrameInterval[0] 333333
	FrameInterval[1] 666666
	FrameInterval[2] 1000000
	*** VS Frame Descriptor ***
	bLength 38
	bDescriptorType 0x24
	bDescriptorSubType 0x07
	bFrameIndex 8
	bmCapabilities 0x0
	wWidth 1600
	wHeight 1200
	dwMinBitRate 19200000
	dwMaxBitRate 57600000
	dwMaxVideoFrameBufSize 1920000
	dwDefaultFrameInterval 333333
	bFrameIntervalType 3
	FrameInterval[0] 333333
	FrameInterval[1] 666666
	FrameInterval[2] 1000000
	*** VS Frame Descriptor ***
	bLength 38
	bDescriptorType 0x24
	bDescriptorSubType 0x07
	bFrameIndex 9
	bmCapabilities 0x0
	wWidth 2048
	wHeight 1536
	dwMinBitRate 31457280
	dwMaxBitRate 94371840
	dwMaxVideoFrameBufSize 3145728
	dwDefaultFrameInterval 333333
	bFrameIntervalType 3
	FrameInterval[0] 333333
	FrameInterval[1] 666666
	FrameInterval[2] 1000000
	*** VS Frame Descriptor ***
	bLength 38
	bDescriptorType 0x24
	bDescriptorSubType 0x07
	bFrameIndex 10
	bmCapabilities 0x0
	wWidth 2592
	wHeight 1944
	dwMinBitRate 50388480
	dwMaxBitRate 151165440
	dwMaxVideoFrameBufSize 5038848
	dwDefaultFrameInterval 333333
	bFrameIntervalType 3
	FrameInterval[0] 333333
	FrameInterval[1] 666666
	FrameInterval[2] 1000000
	*** VS Frame Descriptor ***
	bLength 38
	bDescriptorType 0x24
	bDescriptorSubType 0x07
	bFrameIndex 11
	bmCapabilities 0x0
	wWidth 3264
	wHeight 2448
	dwMinBitRate 79902720
	dwMaxBitRate 239708160
	dwMaxVideoFrameBufSize 7990272
	dwDefaultFrameInterval 333333
	bFrameIntervalType 3
	FrameInterval[0] 333333
	FrameInterval[1] 666666
	FrameInterval[2] 1000000
	*** VS Frame Descriptor ***
	bLength 38
	bDescriptorType 0x24
	bDescriptorSubType 0x07
	bFrameIndex 12
	bmCapabilities 0x0
	wWidth 3840
	wHeight 2160
	dwMinBitRate 82944000
	dwMaxBitRate 248832000
	dwMaxVideoFrameBufSize 8294400
	dwDefaultFrameInterval 333333
	bFrameIntervalType 3
	FrameInterval[0] 333333
	FrameInterval[1] 666666
	FrameInterval[2] 1000000
	*** VS Frame Descriptor ***
	bLength 34
	bDescriptorType 0x24
	bDescriptorSubType 0x07
	bFrameIndex 13
	bmCapabilities 0x0
	wWidth 4000
	wHeight 3000
	dwMinBitRate 120000000
	dwMaxBitRate 180000000
	dwMaxVideoFrameBufSize 12000000
	dwDefaultFrameInterval 666666
	bFrameIntervalType 2
	FrameInterval[0] 666666
	FrameInterval[1] 1000000
	*** VS Frame Descriptor ***
	bLength 34
	bDescriptorType 0x24
	bDescriptorSubType 0x07
	bFrameIndex 14
	bmCapabilities 0x0
	wWidth 320
	wHeight 240
	dwMinBitRate 1152000
	dwMaxBitRate 2304000
	dwMaxVideoFrameBufSize 76800
	dwDefaultFrameInterval 333333
	bFrameIntervalType 2
	FrameInterval[0] 333333
	FrameInterval[1] 666666
	*** Output Terminal Descriptor ***
	bLength 63
	bDescriptorType 0x24
	bDescriptorSubType 0x03
	bTerminalID 0
	wTerminalType 0x800E
	bAssocTerminal 7
	bSourceID 56
	iTerminal 4
	*** VS Color Format Descriptor ***
	bLength 6
	bDescriptorType 0x24
	bDescriptorSubType 0x0D
	bColorPrimaries 0x1
	bTransferCharacteristics 1
	bMatrixCoefficients 0x4
	*** Selector Unit Descriptor ***
	bLength 27
	bDescriptorType 0x24
	bDescriptorSubType 0x04
	bUnitID 2
	bNrInPins 12
	baSourceID1 89
	baSourceID2 85
	iSelector 89
	*** Processing Unit Descriptor ***
	bLength 34
	bDescriptorType 0x24
	bDescriptorSubType 0x05
	bUnitID 1
	bSourceID 0
	wMaxMultiplier 320
	bControlSize 240
	bmControls 0x0 0x0 0x70
	iProcessing 23
	bmVideoStandards 0x0
	*** Processing Unit Descriptor ***
	bLength 34
	bDescriptorType 0x24
	bDescriptorSubType 0x05
	bUnitID 2
	bSourceID 0
	wMaxMultiplier 640
	bControlSize 104
	bmControls 0x1 0x0 0x50
	iProcessing 70
	bmVideoStandards 0x0
	*** Processing Unit Descriptor ***
	bLength 30
	bDescriptorType 0x24
	bDescriptorSubType 0x05
	bUnitID 3
	bSourceID 0
	wMaxMultiplier 640
	bControlSize 224
	bmControls 0x1 0x0 0xC0
	iProcessing 93
	bmVideoStandards 0x0
	*** Processing Unit Descriptor ***
	bLength 30
	bDescriptorType 0x24
	bDescriptorSubType 0x05
	bUnitID 4
	bSourceID 0
	wMaxMultiplier 800
	bControlSize 88
	bmControls 0x2 0x0 0x7C
	iProcessing 146
	bmVideoStandards 0x0
	*** Processing Unit Descriptor ***
	bLength 30
	bDescriptorType 0x24
	bDescriptorSubType 0x05
	bUnitID 5
	bSourceID 0
	wMaxMultiplier 1024
	bControlSize 208
	bmControls 0x2 0x0 0x0
	iProcessing 225
	bmVideoStandards 0x0
	*** Processing Unit Descriptor ***
	bLength 30
	bDescriptorType 0x24
	bDescriptorSubType 0x05
	bUnitID 6
	bSourceID 0
	wMaxMultiplier 1280
	bControlSize 172
	bmControls 0x3 0x0 0x30
	iProcessing 111
	bmVideoStandards 0x1
	*** Processing Unit Descriptor ***
	bLength 30
	bDescriptorType 0x24
	bDescriptorSubType 0x05
	bUnitID 7
	bSourceID 0
	wMaxMultiplier 1280
	bControlSize 0
	bmControls 0x4 0x0 0x0
	iProcessing 144
	bmVideoStandards 0x1
	*** Processing Unit Descriptor ***
	bLength 30
	bDescriptorType 0x24
	bDescriptorSubType 0x05
	bUnitID 8
	bSourceID 0
	wMaxMultiplier 1600
	bControlSize 176
	bmControls 0x4 0x0 0xF8
	iProcessing 36
	bmVideoStandards 0x1
	*** Processing Unit Descriptor ***
	bLength 30
	bDescriptorType 0x24
	bDescriptorSubType 0x05
	bUnitID 9
	bSourceID 0
	wMaxMultiplier 1920
	bControlSize 56
	bmControls 0x4 0x0 0x68
	iProcessing 60
	bmVideoStandards 0x1
	*** Processing Unit Descriptor ***
	bLength 30
	bDescriptorType 0x24
	bDescriptorSubType 0x05
	bUnitID 10
	bSourceID 0
	wMaxMultiplier 2048
	bControlSize 0
	bmControls 0x6 0x0 0x0
	iProcessing 224
	bmVideoStandards 0x1
	*** Processing Unit Descriptor ***
	bLength 30
	bDescriptorType 0x24
	bDescriptorSubType 0x05
	bUnitID 11
	bSourceID 0
	wMaxMultiplier 2560
	bControlSize 160
	bmControls 0x5 0x0 0x80
	iProcessing 50
	bmVideoStandards 0x2
	*** Processing Unit Descriptor ***
	bLength 30
	bDescriptorType 0x24
	bDescriptorSubType 0x05
	bUnitID 12
	bSourceID 0
	wMaxMultiplier 2592
	bControlSize 152
	bmControls 0x7 0x0 0xDE
	iProcessing 0
	bmVideoStandards 0x3
	*** VS Color Format Descriptor ***
	bLength 6
	bDescriptorType 0x24
	bDescriptorSubType 0x0D
	bColorPrimaries 0x1
	bTransferCharacteristics 1
	bMatrixCoefficients 0x4
	*** Interface descriptor ***
	bLength 9
	bDescriptorType 4
	bInterfaceNumber 1
	bAlternateSetting 1
	bNumEndpoints 1
	bInterfaceClass 0xe
	bInterfaceSubClass 0x2
	bInterfaceProtocol 0x0
	iInterface 0
		*** Endpoint descriptor ***
		bLength 7
		bDescriptorType 5
		bEndpointAddress 0x82	EP 2 IN
		bmAttributes 0x5	ISOC
		wMaxPacketSize 192
		bInterval 1
	*** Interface descriptor ***
	bLength 9
	bDescriptorType 4
	bInterfaceNumber 1
	bAlternateSetting 2
	bNumEndpoints 1
	bInterfaceClass 0xe
	bInterfaceSubClass 0x2
	bInterfaceProtocol 0x0
	iInterface 0
		*** Endpoint descriptor ***
		bLength 7
		bDescriptorType 5
		bEndpointAddress 0x82	EP 2 IN
		bmAttributes 0x5	ISOC
		wMaxPacketSize 384
		bInterval 1
	*** Interface descriptor ***
	bLength 9
	bDescriptorType 4
	bInterfaceNumber 1
	bAlternateSetting 3
	bNumEndpoints 1
	bInterfaceClass 0xe
	bInterfaceSubClass 0x2
	bInterfaceProtocol 0x0
	iInterface 0
		*** Endpoint descriptor ***
		bLength 7
		bDescriptorType 5
		bEndpointAddress 0x82	EP 2 IN
		bmAttributes 0x5	ISOC
		wMaxPacketSize 512
		bInterval 1
	*** Interface descriptor ***
	bLength 9
	bDescriptorType 4
	bInterfaceNumber 1
	bAlternateSetting 4
	bNumEndpoints 1
	bInterfaceClass 0xe
	bInterfaceSubClass 0x2
	bInterfaceProtocol 0x0
	iInterface 0
		*** Endpoint descriptor ***
		bLength 7
		bDescriptorType 5
		bEndpointAddress 0x82	EP 2 IN
		bmAttributes 0x5	ISOC
		wMaxPacketSize 640
		bInterval 1
	*** Interface descriptor ***
	bLength 9
	bDescriptorType 4
	bInterfaceNumber 1
	bAlternateSetting 5
	bNumEndpoints 1
	bInterfaceClass 0xe
	bInterfaceSubClass 0x2
	bInterfaceProtocol 0x0
	iInterface 0
		*** Endpoint descriptor ***
		bLength 7
		bDescriptorType 5
		bEndpointAddress 0x82	EP 2 IN
		bmAttributes 0x5	ISOC
		wMaxPacketSize 800
		bInterval 1
	*** Interface descriptor ***
	bLength 9
	bDescriptorType 4
	bInterfaceNumber 1
	bAlternateSetting 6
	bNumEndpoints 1
	bInterfaceClass 0xe
	bInterfaceSubClass 0x2
	bInterfaceProtocol 0x0
	iInterface 0
		*** Endpoint descriptor ***
		bLength 7
		bDescriptorType 5
		bEndpointAddress 0x82	EP 2 IN
		bmAttributes 0x5	ISOC
		wMaxPacketSize 944
		bInterval 1
	*** Interface descriptor ***
	bLength 9
	bDescriptorType 4
	bInterfaceNumber 1
	bAlternateSetting 7
	bNumEndpoints 1
	bInterfaceClass 0xe
	bInterfaceSubClass 0x2
	bInterfaceProtocol 0x0
	iInterface 0
		*** Endpoint descriptor ***
		bLength 7
		bDescriptorType 5
		bEndpointAddress 0x82	EP 2 IN
		bmAttributes 0x5	ISOC
		wMaxPacketSize 640
		wMaxPacketSize (with additional transactions in microframe) 1280
		bInterval 1
	*** Interface descriptor ***
	bLength 9
	bDescriptorType 4
	bInterfaceNumber 1
	bAlternateSetting 8
	bNumEndpoints 1
	bInterfaceClass 0xe
	bInterfaceSubClass 0x2
	bInterfaceProtocol 0x0
	iInterface 0
		*** Endpoint descriptor ***
		bLength 7
		bDescriptorType 5
		bEndpointAddress 0x82	EP 2 IN
		bmAttributes 0x5	ISOC
		wMaxPacketSize 800
		wMaxPacketSize (with additional transactions in microframe) 1600
		bInterval 1
	*** Interface descriptor ***
	bLength 9
	bDescriptorType 4
	bInterfaceNumber 1
	bAlternateSetting 9
	bNumEndpoints 1
	bInterfaceClass 0xe
	bInterfaceSubClass 0x2
	bInterfaceProtocol 0x0
	iInterface 0
		*** Endpoint descriptor ***
		bLength 7
		bDescriptorType 5
		bEndpointAddress 0x82	EP 2 IN
		bmAttributes 0x5	ISOC
		wMaxPacketSize 992
		wMaxPacketSize (with additional transactions in microframe) 1984
		bInterval 1
	*** Interface descriptor ***
	bLength 9
	bDescriptorType 4
	bInterfaceNumber 1
	bAlternateSetting 10
	bNumEndpoints 1
	bInterfaceClass 0xe
	bInterfaceSubClass 0x2
	bInterfaceProtocol 0x0
	iInterface 0
		*** Endpoint descriptor ***
		bLength 7
		bDescriptorType 5
		bEndpointAddress 0x82	EP 2 IN
		bmAttributes 0x5	ISOC
		wMaxPacketSize 896
		wMaxPacketSize (with additional transactions in microframe) 2688
		bInterval 1
	*** Interface descriptor ***
	bLength 9
	bDescriptorType 4
	bInterfaceNumber 1
	bAlternateSetting 11
	bNumEndpoints 1
	bInterfaceClass 0xe
	bInterfaceSubClass 0x2
	bInterfaceProtocol 0x0
	iInterface 0
		*** Endpoint descriptor ***
		bLength 7
		bDescriptorType 5
		bEndpointAddress 0x82	EP 2 IN
		bmAttributes 0x5	ISOC
		wMaxPacketSize 1024
		wMaxPacketSize (with additional transactions in microframe) 3072
		bInterval 1
*** Interface Association Descriptor ***
bLength 8
bDescriptorType 11
bFirstInterface 2
bInterfaceCount 2
bFunctionClass 0x1
bFunctionSubClass 0x0
bFunctionProtocol 0x0
iFunction 5
	*** Interface descriptor ***
	bLength 9
	bDescriptorType 4
	bInterfaceNumber 2
	bAlternateSetting 0
	bNumEndpoints 0
	bInterfaceClass 0x1
	bInterfaceSubClass 0x1
	bInterfaceProtocol 0x0
	iInterface 0
	*** Class-specific VC Interface Descriptor ***
	bLength 9
	bDescriptorType 0x24
	bDescriptorSubType 0x01
	bcdUVC 0100
	wTotalLength 39
	dwClockFrequency 604766977
	bInCollection 2
	baInterfaceNr[0] 1
	baInterfaceNr[1] 1
	*** Input Terminal Descriptor (Camera) ***
	bLength 12
	bDescriptorType 0x24
	bDescriptorSubType 0x02
	bTerminalID 0x1
	wTerminalType 0x201
	bAssocTerminal 0
	iTerminal 1
	wObjectiveFocalLengthMin 3
	wObjectiveFocalLengthMax 0
	wOcularFocalLength 9225
	bControlSize 6
	bmControls 0x2 0x1 0x2
	*** Extension Unit Descriptor unsupported, skipping... ***
	*** Output Terminal Descriptor ***
	bLength 9
	bDescriptorType 0x24
	bDescriptorSubType 0x03
	bTerminalID 3
	wTerminalType 0x101
	bAssocTerminal 0
	bSourceID 2
	iTerminal 0
	*** Interface descriptor ***
	bLength 9
	bDescriptorType 4
	bInterfaceNumber 3
	bAlternateSetting 0
	bNumEndpoints 0
	bInterfaceClass 0x1
	bInterfaceSubClass 0x2
	bInterfaceProtocol 0x0
	iInterface 0
	*** Interface descriptor ***
	bLength 9
	bDescriptorType 4
	bInterfaceNumber 3
	bAlternateSetting 1
	bNumEndpoints 1
	bInterfaceClass 0x1
	bInterfaceSubClass 0x2
	bInterfaceProtocol 0x0
	iInterface 0
	*** Class-specific VC Interface Descriptor ***
	bLength 7
	bDescriptorType 0x24
	bDescriptorSubType 0x01
	bcdUVC 0003
	wTotalLength 1
	dwClockFrequency 16917515
	bInCollection 2
	baInterfaceNr[0] 2
	baInterfaceNr[1] 16
	*** Input Terminal Descriptor (Media) ***
	bLength 11
	bDescriptorType 0x24
	bDescriptorSubType 0x02
	bTerminalID 0x1
	wTerminalType 0x202
	bAssocTerminal 16
	iTerminal 1
	bControlSize 128
	bmControls 0xBB
	bTransportModeSize 0
	bmTransportModes 0x9 0x5 0x83 0x1 0xC0
		*** Endpoint descriptor ***
		bLength 9
		bDescriptorType 5
		bEndpointAddress 0x83	EP 3 IN
		bmAttributes 0x1	ISOC
		wMaxPacketSize 192
		bInterval 4
		*** Class-specific Interrupt Endpoint Descriptor ***
		bLength 7
		bDescriptorType 0x25
		bDescriptorSubType 1
		wMaxTransferSize 1
	*** Interface descriptor ***
	bLength 9
	bDescriptorType 4
	bInterfaceNumber 4
	bAlternateSetting 0
	bNumEndpoints 2
	bInterfaceClass 0x3
	bInterfaceSubClass 0x0
	bInterfaceProtocol 0x0
	iInterface 0
 *** Unknown Descriptor Length: 9 Type: 33 ***
		*** Endpoint descriptor ***
		bLength 7
		bDescriptorType 5
		bEndpointAddress 0x84	EP 4 IN
		bmAttributes 0x3	INT
		wMaxPacketSize 64
		bInterval 4
		*** Endpoint descriptor ***
		bLength 7
		bDescriptorType 5
		bEndpointAddress 0x1	EP 1 OUT
		bmAttributes 0x3	INT
		wMaxPacketSize 64
		bInterval 4
D (6655) uvc: ctrl xfer cb
D (6657) uvc: ctrl xfer cb
D (6660) uvc: ctrl xfer cb
PV-UVC-FMT requested=800x600 applied=800x600 fourcc=MJPEG fps_x1000=30000
D (6668) uvc: ctrl xfer cb
D (6670) uvc: ctrl xfer cb
D (6673) uvc: ctrl xfer cb
D (6677) uvc: ctrl xfer cb
D (6679) uvc: ctrl xfer cb
D (6681) uvc: ctrl xfer cb
D (6684) uvc: ctrl xfer cb
D (6686) uvc: ctrl xfer cb
D (6698) uvc: ctrl xfer cb
PV-UVC-STATS t=1s cb=0 bytes=0 vazios=0 overflow=0 underflow=0 xfer_err=0
PV-UVC-STATS t=2s cb=0 bytes=0 vazios=0 overflow=0 underflow=0 xfer_err=0
PV-UVC-STATS t=3s cb=0 bytes=0 vazios=0 overflow=0 underflow=0 xfer_err=0
PV-UVC-STATS t=4s cb=0 bytes=0 vazios=0 overflow=0 underflow=0 xfer_err=0
PV-UVC-WARMUP requested=800x600 descartados=0
PV-UVC-STATS t=5s cb=0 bytes=0 vazios=0 overflow=0 underflow=0 xfer_err=0
PV-UVC-STATS t=6s cb=0 bytes=0 vazios=0 overflow=0 underflow=0 xfer_err=0
PV-UVC-STATS t=7s cb=0 bytes=0 vazios=0 overflow=0 underflow=0 xfer_err=0
PV-UVC-STATS t=8s cb=0 bytes=0 vazios=0 overflow=0 underflow=0 xfer_err=0
PV-UVC-STATS t=9s cb=0 bytes=0 vazios=0 overflow=0 underflow=0 xfer_err=0
PV-UVC-STATS t=10s cb=0 bytes=0 vazios=0 overflow=0 underflow=0 xfer_err=0
PV-UVC-STATS t=11s cb=0 bytes=0 vazios=0 overflow=0 underflow=0 xfer_err=0
PV-UVC-STATS t=12s cb=0 bytes=0 vazios=0 overflow=0 underflow=0 xfer_err=0
PV-UVC-STATS t=13s cb=0 bytes=0 vazios=0 overflow=0 underflow=0 xfer_err=0
PV-UVC-STATS t=14s cb=0 bytes=0 vazios=0 overflow=0 underflow=0 xfer_err=0
PV-UVC-STATS t=15s cb=0 bytes=0 vazios=0 overflow=0 underflow=0 xfer_err=0
PV-UVC-STATS t=16s cb=0 bytes=0 vazios=0 overflow=0 underflow=0 xfer_err=0
PV-UVC-STATS t=17s cb=0 bytes=0 vazios=0 overflow=0 underflow=0 xfer_err=0
PV-UVC-STATS t=18s cb=0 bytes=0 vazios=0 overflow=0 underflow=0 xfer_err=0
PV-UVC-STATS t=19s cb=0 bytes=0 vazios=0 overflow=0 underflow=0 xfer_err=0
D (41799) uvc: ctrl xfer cb
PV-UVC-STATS t=20s cb=0 bytes=0 vazios=0 overflow=0 underflow=0 xfer_err=0
PV-UVC-RUNG requested=800x600 applied=800x600 fourcc=JPEG bytesused=0 result=FAIL reason=sem-frame
PV-UVC-MEM etapa=pos-degrau psram_livre=8690596 psram_maior_bloco=8388608 interna_livre=394455
D (41815) uvc: ctrl xfer cb
D (41817) uvc: ctrl xfer cb
D (41820) uvc: ctrl xfer cb
PV-UVC-FMT requested=1920x1080 applied=1920x1080 fourcc=MJPEG fps_x1000=30000
D (41830) uvc: ctrl xfer cb
D (41832) uvc: ctrl xfer cb
D (41835) uvc: ctrl xfer cb
D (41837) uvc: ctrl xfer cb
D (41839) uvc: ctrl xfer cb
D (41841) uvc: ctrl xfer cb
D (41844) uvc: ctrl xfer cb
D (41848) uvc: ctrl xfer cb
D (41860) uvc: ctrl xfer cb
PV-UVC-STATS t=1s cb=0 bytes=0 vazios=0 overflow=0 underflow=0 xfer_err=0
PV-UVC-STATS t=2s cb=0 bytes=0 vazios=0 overflow=0 underflow=0 xfer_err=0
PV-UVC-STATS t=3s cb=0 bytes=0 vazios=0 overflow=0 underflow=0 xfer_err=0
PV-UVC-STATS t=4s cb=0 bytes=0 vazios=0 overflow=0 underflow=0 xfer_err=0
PV-UVC-WARMUP requested=1920x1080 descartados=0
PV-UVC-STATS t=5s cb=0 bytes=0 vazios=0 overflow=0 underflow=0 xfer_err=0
PV-UVC-STATS t=6s cb=0 bytes=0 vazios=0 overflow=0 underflow=0 xfer_err=0
PV-UVC-STATS t=7s cb=0 bytes=0 vazios=0 overflow=0 underflow=0 xfer_err=0
PV-UVC-STATS t=8s cb=0 bytes=0 vazios=0 overflow=0 underflow=0 xfer_err=0
PV-UVC-STATS t=9s cb=0 bytes=0 vazios=0 overflow=0 underflow=0 xfer_err=0
PV-UVC-STATS t=10s cb=0 bytes=0 vazios=0 overflow=0 underflow=0 xfer_err=0
PV-UVC-STATS t=11s cb=0 bytes=0 vazios=0 overflow=0 underflow=0 xfer_err=0
PV-UVC-STATS t=12s cb=0 bytes=0 vazios=0 overflow=0 underflow=0 xfer_err=0
PV-UVC-STATS t=13s cb=0 bytes=0 vazios=0 overflow=0 underflow=0 xfer_err=0
PV-UVC-STATS t=14s cb=0 bytes=0 vazios=0 overflow=0 underflow=0 xfer_err=0
PV-UVC-STATS t=15s cb=0 bytes=0 vazios=0 overflow=0 underflow=0 xfer_err=0
PV-UVC-STATS t=16s cb=0 bytes=0 vazios=0 overflow=0 underflow=0 xfer_err=0
PV-UVC-STATS t=17s cb=0 bytes=0 vazios=0 overflow=0 underflow=0 xfer_err=0
PV-UVC-STATS t=18s cb=0 bytes=0 vazios=0 overflow=0 underflow=0 xfer_err=0
PV-UVC-STATS t=19s cb=0 bytes=0 vazios=0 overflow=0 underflow=0 xfer_err=0
D (76960) uvc: ctrl xfer cb
PV-UVC-STATS t=20s cb=0 bytes=0 vazios=0 overflow=0 underflow=0 xfer_err=0
PV-UVC-RUNG requested=1920x1080 applied=1920x1080 fourcc=JPEG bytesused=0 result=FAIL reason=sem-frame
PV-UVC-MEM etapa=pos-degrau psram_livre=8690596 psram_maior_bloco=8388608 interna_livre=394455
D (76976) uvc: ctrl xfer cb
D (76978) uvc: ctrl xfer cb
D (76982) uvc: ctrl xfer cb
PV-UVC-FMT requested=2592x1944 applied=2592x1944 fourcc=MJPEG fps_x1000=30000
D (76991) uvc: ctrl xfer cb
D (76993) uvc: ctrl xfer cb
D (76995) uvc: ctrl xfer cb
D (76998) uvc: ctrl xfer cb
D (77000) uvc: ctrl xfer cb
D (77004) uvc: ctrl xfer cb
D (77007) uvc: ctrl xfer cb
D (77009) uvc: ctrl xfer cb
D (77021) uvc: ctrl xfer cb
PV-UVC-STATS t=1s cb=0 bytes=0 vazios=0 overflow=0 underflow=0 xfer_err=0
PV-UVC-STATS t=2s cb=0 bytes=0 vazios=0 overflow=0 underflow=0 xfer_err=0
PV-UVC-STATS t=3s cb=0 bytes=0 vazios=0 overflow=0 underflow=0 xfer_err=0
PV-UVC-STATS t=4s cb=0 bytes=0 vazios=0 overflow=0 underflow=0 xfer_err=0
PV-UVC-WARMUP requested=2592x1944 descartados=0
PV-UVC-STATS t=5s cb=0 bytes=0 vazios=0 overflow=0 underflow=0 xfer_err=0
PV-UVC-STATS t=6s cb=0 bytes=0 vazios=0 overflow=0 underflow=0 xfer_err=0
PV-UVC-STATS t=7s cb=0 bytes=0 vazios=0 overflow=0 underflow=0 xfer_err=0
PV-UVC-STATS t=8s cb=0 bytes=0 vazios=0 overflow=0 underflow=0 xfer_err=0
PV-UVC-STATS t=9s cb=0 bytes=0 vazios=0 overflow=0 underflow=0 xfer_err=0
PV-UVC-STATS t=10s cb=0 bytes=0 vazios=0 overflow=0 underflow=0 xfer_err=0
PV-UVC-STATS t=11s cb=0 bytes=0 vazios=0 overflow=0 underflow=0 xfer_err=0
PV-UVC-STATS t=12s cb=0 bytes=0 vazios=0 overflow=0 underflow=0 xfer_err=0
PV-UVC-STATS t=13s cb=0 bytes=0 vazios=0 overflow=0 underflow=0 xfer_err=0
PV-UVC-STATS t=14s cb=0 bytes=0 vazios=0 overflow=0 underflow=0 xfer_err=0
PV-UVC-STATS t=15s cb=0 bytes=0 vazios=0 overflow=0 underflow=0 xfer_err=0
PV-UVC-STATS t=16s cb=0 bytes=0 vazios=0 overflow=0 underflow=0 xfer_err=0
PV-UVC-STATS t=17s cb=0 bytes=0 vazios=0 overflow=0 underflow=0 xfer_err=0
PV-UVC-STATS t=18s cb=0 bytes=0 vazios=0 overflow=0 underflow=0 xfer_err=0
PV-UVC-STATS t=19s cb=0 bytes=0 vazios=0 overflow=0 underflow=0 xfer_err=0
D (112122) uvc: ctrl xfer cb
PV-UVC-STATS t=20s cb=0 bytes=0 vazios=0 overflow=0 underflow=0 xfer_err=0
PV-UVC-RUNG requested=2592x1944 applied=2592x1944 fourcc=JPEG bytesused=0 result=FAIL reason=sem-frame
PV-UVC-MEM etapa=pos-degrau psram_livre=8690596 psram_maior_bloco=8388608 interna_livre=394455
D (112138) uvc: ctrl xfer cb
D (112142) uvc: ctrl xfer cb
D (112145) uvc: ctrl xfer cb
PV-UVC-FMT requested=3264x2448 applied=3264x2448 fourcc=MJPEG fps_x1000=30000
D (112153) uvc: ctrl xfer cb
D (112155) uvc: ctrl xfer cb
D (112160) uvc: ctrl xfer cb
D (112162) uvc: ctrl xfer cb
D (112165) uvc: ctrl xfer cb
D (112167) uvc: ctrl xfer cb
D (112169) uvc: ctrl xfer cb
D (112171) uvc: ctrl xfer cb
D (112183) uvc: ctrl xfer cb
PV-UVC-STATS t=1s cb=0 bytes=0 vazios=0 overflow=0 underflow=0 xfer_err=0
PV-UVC-STATS t=2s cb=0 bytes=0 vazios=0 overflow=0 underflow=0 xfer_err=0
PV-UVC-STATS t=3s cb=0 bytes=0 vazios=0 overflow=0 underflow=0 xfer_err=0
PV-UVC-STATS t=4s cb=0 bytes=0 vazios=0 overflow=0 underflow=0 xfer_err=0
PV-UVC-WARMUP requested=3264x2448 descartados=0
PV-UVC-STATS t=5s cb=0 bytes=0 vazios=0 overflow=0 underflow=0 xfer_err=0
PV-UVC-STATS t=6s cb=0 bytes=0 vazios=0 overflow=0 underflow=0 xfer_err=0
PV-UVC-STATS t=7s cb=0 bytes=0 vazios=0 overflow=0 underflow=0 xfer_err=0
PV-UVC-STATS t=8s cb=0 bytes=0 vazios=0 overflow=0 underflow=0 xfer_err=0
PV-UVC-STATS t=9s cb=0 bytes=0 vazios=0 overflow=0 underflow=0 xfer_err=0
PV-UVC-STATS t=10s cb=0 bytes=0 vazios=0 overflow=0 underflow=0 xfer_err=0
PV-UVC-STATS t=11s cb=0 bytes=0 vazios=0 overflow=0 underflow=0 xfer_err=0
PV-UVC-STATS t=12s cb=0 bytes=0 vazios=0 overflow=0 underflow=0 xfer_err=0
PV-UVC-STATS t=13s cb=0 bytes=0 vazios=0 overflow=0 underflow=0 xfer_err=0
PV-UVC-STATS t=14s cb=0 bytes=0 vazios=0 overflow=0 underflow=0 xfer_err=0
PV-UVC-STATS t=15s cb=0 bytes=0 vazios=0 overflow=0 underflow=0 xfer_err=0
PV-UVC-STATS t=16s cb=0 bytes=0 vazios=0 overflow=0 underflow=0 xfer_err=0
PV-UVC-STATS t=17s cb=0 bytes=0 vazios=0 overflow=0 underflow=0 xfer_err=0
PV-UVC-STATS t=18s cb=0 bytes=0 vazios=0 overflow=0 underflow=0 xfer_err=0
PV-UVC-STATS t=19s cb=0 bytes=0 vazios=0 overflow=0 underflow=0 xfer_err=0
D (147284) uvc: ctrl xfer cb
PV-UVC-STATS t=20s cb=0 bytes=0 vazios=0 overflow=0 underflow=0 xfer_err=0
PV-UVC-RUNG requested=3264x2448 applied=3264x2448 fourcc=JPEG bytesused=0 result=FAIL reason=sem-frame
PV-UVC-MEM etapa=pos-degrau psram_livre=8690596 psram_maior_bloco=8388608 interna_livre=394455
D (147300) uvc: ctrl xfer cb
D (147304) uvc: ctrl xfer cb
D (147307) uvc: ctrl xfer cb
PV-UVC-FMT requested=4000x3000 applied=4000x3000 fourcc=MJPEG fps_x1000=15000
D (147315) uvc: ctrl xfer cb
D (147317) uvc: ctrl xfer cb
D (147322) uvc: ctrl xfer cb
D (147324) uvc: ctrl xfer cb
D (147326) uvc: ctrl xfer cb
D (147328) uvc: ctrl xfer cb
D (147331) uvc: ctrl xfer cb
D (147333) uvc: ctrl xfer cb
D (147345) uvc: ctrl xfer cb
PV-UVC-STATS t=1s cb=0 bytes=0 vazios=0 overflow=0 underflow=0 xfer_err=0
PV-UVC-STATS t=2s cb=0 bytes=0 vazios=0 overflow=0 underflow=0 xfer_err=0
PV-UVC-STATS t=3s cb=0 bytes=0 vazios=0 overflow=0 underflow=0 xfer_err=0
PV-UVC-STATS t=4s cb=0 bytes=0 vazios=0 overflow=0 underflow=0 xfer_err=0
PV-UVC-WARMUP requested=4000x3000 descartados=0
PV-UVC-STATS t=5s cb=0 bytes=0 vazios=0 overflow=0 underflow=0 xfer_err=0
PV-UVC-STATS t=6s cb=0 bytes=0 vazios=0 overflow=0 underflow=0 xfer_err=0
PV-UVC-STATS t=7s cb=0 bytes=0 vazios=0 overflow=0 underflow=0 xfer_err=0
PV-UVC-STATS t=8s cb=0 bytes=0 vazios=0 overflow=0 underflow=0 xfer_err=0
PV-UVC-STATS t=9s cb=0 bytes=0 vazios=0 overflow=0 underflow=0 xfer_err=0
PV-UVC-STATS t=10s cb=0 bytes=0 vazios=0 overflow=0 underflow=0 xfer_err=0
PV-UVC-STATS t=11s cb=0 bytes=0 vazios=0 overflow=0 underflow=0 xfer_err=0
PV-UVC-STATS t=12s cb=0 bytes=0 vazios=0 overflow=0 underflow=0 xfer_err=0
PV-UVC-STATS t=13s cb=0 bytes=0 vazios=0 overflow=0 underflow=0 xfer_err=0
PV-UVC-STATS t=14s cb=0 bytes=0 vazios=0 overflow=0 underflow=0 xfer_err=0
PV-UVC-STATS t=15s cb=0 bytes=0 vazios=0 overflow=0 underflow=0 xfer_err=0
PV-UVC-STATS t=16s cb=0 bytes=0 vazios=0 overflow=0 underflow=0 xfer_err=0
PV-UVC-STATS t=17s cb=0 bytes=0 vazios=0 overflow=0 underflow=0 xfer_err=0
PV-UVC-STATS t=18s cb=0 bytes=0 vazios=0 overflow=0 underflow=0 xfer_err=0
PV-UVC-STATS t=19s cb=0 bytes=0 vazios=0 overflow=0 underflow=0 xfer_err=0
PV-UVC-STATS t=20s cb=0 bytes=0 vazios=0 overflow=0 underflow=0 xfer_err=0
D (182446) uvc: ctrl xfer cb
PV-UVC-STATS t=21s cb=0 bytes=0 vazios=0 overflow=0 underflow=0 xfer_err=0
PV-UVC-RUNG requested=4000x3000 applied=4000x3000 fourcc=JPEG bytesused=0 result=FAIL reason=sem-frame
PV-UVC-MEM etapa=pos-degrau psram_livre=8690596 psram_maior_bloco=8388608 interna_livre=394455
PV-UVC-SUMARIO inicio
PV-UVC-SUMARIO degrau=1 requested=800x600 applied=800x600 fourcc=JPEG bytesused=0 result=FAIL reason=sem-frame obrigatorio=sim
PV-UVC-SUMARIO degrau=2 requested=1920x1080 applied=1920x1080 fourcc=JPEG bytesused=0 result=FAIL reason=sem-frame obrigatorio=sim
PV-UVC-SUMARIO degrau=3 requested=2592x1944 applied=2592x1944 fourcc=JPEG bytesused=0 result=FAIL reason=sem-frame obrigatorio=sim
PV-UVC-SUMARIO degrau=4 requested=3264x2448 applied=3264x2448 fourcc=JPEG bytesused=0 result=FAIL reason=sem-frame obrigatorio=sim
PV-UVC-SUMARIO degrau=5 requested=4000x3000 applied=4000x3000 fourcc=JPEG bytesused=0 result=FAIL reason=sem-frame obrigatorio=nao
PV-UVC-SUMARIO fim pass=0 fail=5 total=5 fail_obrigatorios=4
PV-UVC-CICLO 1 fim — REPLUG a camera para disparar nova escada (retry 15 s)

PV-UVC-CICLO 2 inicio
PV-UVC-ENUM device dev_addr=1 stream_index=0 frames_anunciados=26
PV-UVC-ENUM frame index=0 format=MJPEG 1920x1080 default_interval=333333 tipos=3
PV-UVC-ENUM interval index=0 k=0 valor=333333 fps_x1000=30000
PV-UVC-ENUM interval index=0 k=1 valor=666666 fps_x1000=15000
PV-UVC-ENUM interval index=0 k=2 valor=1000000 fps_x1000=10000
PV-UVC-ENUM frame index=1 format=MJPEG 640x320 default_interval=333333 tipos=3
PV-UVC-ENUM interval index=1 k=0 valor=333333 fps_x1000=30000
PV-UVC-ENUM interval index=1 k=1 valor=666666 fps_x1000=15000
PV-UVC-ENUM interval index=1 k=2 valor=1000000 fps_x1000=10000
PV-UVC-ENUM frame index=2 format=MJPEG 640x480 default_interval=333333 tipos=3
PV-UVC-ENUM interval index=2 k=0 valor=333333 fps_x1000=30000
PV-UVC-ENUM interval index=2 k=1 valor=666666 fps_x1000=15000
PV-UVC-ENUM interval index=2 k=2 valor=1000000 fps_x1000=10000
PV-UVC-ENUM frame index=3 format=MJPEG 800x600 default_interval=333333 tipos=3
PV-UVC-ENUM interval index=3 k=0 valor=333333 fps_x1000=30000
PV-UVC-ENUM interval index=3 k=1 valor=666666 fps_x1000=15000
PV-UVC-ENUM interval index=3 k=2 valor=1000000 fps_x1000=10000
PV-UVC-ENUM frame index=4 format=MJPEG 1024x768 default_interval=333333 tipos=3
PV-UVC-ENUM interval index=4 k=0 valor=333333 fps_x1000=30000
PV-UVC-ENUM interval index=4 k=1 valor=666666 fps_x1000=15000
PV-UVC-ENUM interval index=4 k=2 valor=1000000 fps_x1000=10000
PV-UVC-ENUM frame index=5 format=MJPEG 1280x720 default_interval=333333 tipos=3
PV-UVC-ENUM interval index=5 k=0 valor=333333 fps_x1000=30000
PV-UVC-ENUM interval index=5 k=1 valor=666666 fps_x1000=15000
PV-UVC-ENUM interval index=5 k=2 valor=1000000 fps_x1000=10000
PV-UVC-ENUM frame index=6 format=MJPEG 1280x960 default_interval=333333 tipos=3
PV-UVC-ENUM interval index=6 k=0 valor=333333 fps_x1000=30000
PV-UVC-ENUM interval index=6 k=1 valor=666666 fps_x1000=15000
PV-UVC-ENUM interval index=6 k=2 valor=1000000 fps_x1000=10000
PV-UVC-ENUM frame index=7 format=MJPEG 1600x1200 default_interval=333333 tipos=3
PV-UVC-ENUM interval index=7 k=0 valor=333333 fps_x1000=30000
PV-UVC-ENUM interval index=7 k=1 valor=666666 fps_x1000=15000
PV-UVC-ENUM interval index=7 k=2 valor=1000000 fps_x1000=10000
PV-UVC-ENUM frame index=8 format=MJPEG 2048x1536 default_interval=333333 tipos=3
PV-UVC-ENUM interval index=8 k=0 valor=333333 fps_x1000=30000
PV-UVC-ENUM interval index=8 k=1 valor=666666 fps_x1000=15000
PV-UVC-ENUM interval index=8 k=2 valor=1000000 fps_x1000=10000
PV-UVC-ENUM frame index=9 format=MJPEG 2592x1944 default_interval=333333 tipos=3
PV-UVC-ENUM interval index=9 k=0 valor=333333 fps_x1000=30000
PV-UVC-ENUM interval index=9 k=1 valor=666666 fps_x1000=15000
PV-UVC-ENUM interval index=9 k=2 valor=1000000 fps_x1000=10000
PV-UVC-ENUM frame index=10 format=MJPEG 3264x2448 default_interval=333333 tipos=3
PV-UVC-ENUM interval index=10 k=0 valor=333333 fps_x1000=30000
PV-UVC-ENUM interval index=10 k=1 valor=666666 fps_x1000=15000
PV-UVC-ENUM interval index=10 k=2 valor=1000000 fps_x1000=10000
PV-UVC-ENUM frame index=11 format=MJPEG 3840x2160 default_interval=333333 tipos=3
PV-UVC-ENUM interval index=11 k=0 valor=333333 fps_x1000=30000
PV-UVC-ENUM interval index=11 k=1 valor=666666 fps_x1000=15000
PV-UVC-ENUM interval index=11 k=2 valor=1000000 fps_x1000=10000
PV-UVC-ENUM frame index=12 format=MJPEG 4000x3000 default_interval=666666 tipos=2
PV-UVC-ENUM interval index=12 k=0 valor=666666 fps_x1000=15000
PV-UVC-ENUM interval index=12 k=1 valor=1000000 fps_x1000=10000
PV-UVC-ENUM frame index=13 format=MJPEG 320x240 default_interval=333333 tipos=2
PV-UVC-ENUM interval index=13 k=0 valor=333333 fps_x1000=30000
PV-UVC-ENUM interval index=13 k=1 valor=666666 fps_x1000=15000
PV-UVC-ENUM frame index=14 format=YUY2 320x240 default_interval=500000 tipos=2
PV-UVC-ENUM interval index=14 k=0 valor=500000 fps_x1000=20000
PV-UVC-ENUM interval index=14 k=1 valor=1000000 fps_x1000=10000
PV-UVC-ENUM frame index=15 format=YUY2 640x360 default_interval=500000 tipos=2
PV-UVC-ENUM interval index=15 k=0 valor=500000 fps_x1000=20000
PV-UVC-ENUM interval index=15 k=1 valor=1000000 fps_x1000=10000
PV-UVC-ENUM frame index=16 format=YUY2 640x480 default_interval=1000000 tipos=1
PV-UVC-ENUM interval index=16 k=0 valor=1000000 fps_x1000=10000
PV-UVC-ENUM frame index=17 format=YUY2 800x600 default_interval=1000000 tipos=1
PV-UVC-ENUM interval index=17 k=0 valor=1000000 fps_x1000=10000
PV-UVC-ENUM frame index=18 format=YUY2 1024x720 default_interval=1000000 tipos=1
PV-UVC-ENUM interval index=18 k=0 valor=1000000 fps_x1000=10000
PV-UVC-ENUM frame index=19 format=YUY2 1280x940 default_interval=1000000 tipos=1
PV-UVC-ENUM interval index=19 k=0 valor=1000000 fps_x1000=10000
PV-UVC-ENUM frame index=20 format=YUY2 1280x1024 default_interval=1000000 tipos=1
PV-UVC-ENUM interval index=20 k=0 valor=1000000 fps_x1000=10000
PV-UVC-ENUM frame index=21 format=YUY2 1600x1200 default_interval=2000000 tipos=1
PV-UVC-ENUM interval index=21 k=0 valor=2000000 fps_x1000=5000
PV-UVC-ENUM frame index=22 format=YUY2 1920x1080 default_interval=2000000 tipos=1
PV-UVC-ENUM interval index=22 k=0 valor=2000000 fps_x1000=5000
PV-UVC-ENUM frame index=23 format=YUY2 2048x1536 default_interval=2000000 tipos=1
PV-UVC-ENUM interval index=23 k=0 valor=2000000 fps_x1000=5000
PV-UVC-ENUM frame index=24 format=YUY2 2560x1440 default_interval=2000000 tipos=1
PV-UVC-ENUM interval index=24 k=0 valor=2000000 fps_x1000=5000
PV-UVC-ENUM frame index=25 format=YUY2 2592x1944 default_interval=2000000 tipos=1
PV-UVC-ENUM interval index=25 k=0 valor=2000000 fps_x1000=5000
PV-UVC-ENUM result=OK entradas=26 tamanhos_mjpeg=14
D (198018) uvc: Checking list of opened USB devices
D (198022) uvc: Checking list of connected USB devices
D (198027) uvc: Claimed interface index 1 with MPS 1024
D (198033) uvc: ctrl xfer cb
D (198036) uvc: ctrl xfer cb
D (198038) uvc: ctrl xfer cb
D (198041) uvc: ctrl xfer cb
I (198042) uvc: Allocating 8 USB transfers for ISOC. Each: 3072 bytes, 1 ISOC packets, 3072 MPS
PV-UVC-MEM etapa=pos-open psram_livre=8690596 psram_maior_bloco=8388608 interna_livre=394455
*** Device descriptor ***
bLength 18
bDescriptorType 1
bcdUSB 2.00
bDeviceClass 0xef
bDeviceSubClass 0x2
bDeviceProtocol 0x1
bMaxPacketSize0 64
idVendor 0xb024
idProduct 0x725
bcdDevice 1.00
iManufacturer 1
iProduct 2
iSerialNumber 3
bNumConfigurations 1
*** Configuration descriptor ***
bLength 9
bDescriptorType 2
wTotalLength 1463
bNumInterfaces 5
bConfigurationValue 1
iConfiguration 0
bmAttributes 0x80
bMaxPower 500mA
*** Interface Association Descriptor ***
bLength 8
bDescriptorType 11
bFirstInterface 0
bInterfaceCount 2
bFunctionClass 0xe
bFunctionSubClass 0x3
bFunctionProtocol 0x0
iFunction 4
	*** Interface descriptor ***
	bLength 9
	bDescriptorType 4
	bInterfaceNumber 0
	bAlternateSetting 0
	bNumEndpoints 1
	bInterfaceClass 0xe
	bInterfaceSubClass 0x1
	bInterfaceProtocol 0x0
	iInterface 0
	*** Class-specific VC Interface Descriptor ***
	bLength 13
	bDescriptorType 0x24
	bDescriptorSubType 0x01
	bcdUVC 0100
	wTotalLength 80
	dwClockFrequency 24000000
	bInCollection 1
	baInterfaceNr[0] 1
	*** Input Terminal Descriptor (Camera) ***
	bLength 18
	bDescriptorType 0x24
	bDescriptorSubType 0x02
	bTerminalID 0x1
	wTerminalType 0x201
	bAssocTerminal 0
	iTerminal 0
	wObjectiveFocalLengthMin 0
	wObjectiveFocalLengthMax 0
	wOcularFocalLength 0
	bControlSize 3
	bmControls 0x7A 0x2A 0x2
	*** Extension Unit Descriptor unsupported, skipping... ***
	*** Processing Unit Descriptor ***
	bLength 11
	bDescriptorType 0x24
	bDescriptorSubType 0x05
	bUnitID 3
	bSourceID 2
	wMaxMultiplier 16384
	bControlSize 2
	bmControls 0x7F 0x17 0x0
	iProcessing 9
	bmVideoStandards 0x24
	*** Output Terminal Descriptor ***
	bLength 9
	bDescriptorType 0x24
	bDescriptorSubType 0x03
	bTerminalID 4
	wTerminalType 0x101
	bAssocTerminal 0
	bSourceID 3
	iTerminal 0
		*** Endpoint descriptor ***
		bLength 7
		bDescriptorType 5
		bEndpointAddress 0x81	EP 1 IN
		bmAttributes 0x3	INT
		wMaxPacketSize 16
		bInterval 8
		*** Class-specific Interrupt Endpoint Descriptor ***
		bLength 5
		bDescriptorType 0x25
		bDescriptorSubType 3
		wMaxTransferSize 16
	*** Interface descriptor ***
	bLength 9
	bDescriptorType 4
	bInterfaceNumber 1
	bAlternateSetting 0
	bNumEndpoints 0
	bInterfaceClass 0xe
	bInterfaceSubClass 0x2
	bInterfaceProtocol 0x0
	iInterface 0
	*** Class-specific VC Interface Descriptor ***
	bLength 15
	bDescriptorType 0x24
	bDescriptorSubType 0x01
	bcdUVC fc02
	wTotalLength 33283
	dwClockFrequency 16909312
	bInCollection 1
	baInterfaceNr[0] 1
	*** Extension Unit Descriptor unsupported, skipping... ***
	*** VS Frame Descriptor ***
	bLength 38
	bDescriptorType 0x24
	bDescriptorSubType 0x07
	bFrameIndex 1
	bmCapabilities 0x0
	wWidth 1920
	wHeight 1080
	dwMinBitRate 20736000
	dwMaxBitRate 62208000
	dwMaxVideoFrameBufSize 2073600
	dwDefaultFrameInterval 333333
	bFrameIntervalType 3
	FrameInterval[0] 333333
	FrameInterval[1] 666666
	FrameInterval[2] 1000000
	*** VS Frame Descriptor ***
	bLength 38
	bDescriptorType 0x24
	bDescriptorSubType 0x07
	bFrameIndex 2
	bmCapabilities 0x0
	wWidth 640
	wHeight 320
	dwMinBitRate 2048000
	dwMaxBitRate 6144000
	dwMaxVideoFrameBufSize 204800
	dwDefaultFrameInterval 333333
	bFrameIntervalType 3
	FrameInterval[0] 333333
	FrameInterval[1] 666666
	FrameInterval[2] 1000000
	*** VS Frame Descriptor ***
	bLength 38
	bDescriptorType 0x24
	bDescriptorSubType 0x07
	bFrameIndex 3
	bmCapabilities 0x0
	wWidth 640
	wHeight 480
	dwMinBitRate 3072000
	dwMaxBitRate 9216000
	dwMaxVideoFrameBufSize 307200
	dwDefaultFrameInterval 333333
	bFrameIntervalType 3
	FrameInterval[0] 333333
	FrameInterval[1] 666666
	FrameInterval[2] 1000000
	*** VS Frame Descriptor ***
	bLength 38
	bDescriptorType 0x24
	bDescriptorSubType 0x07
	bFrameIndex 4
	bmCapabilities 0x0
	wWidth 800
	wHeight 600
	dwMinBitRate 4800000
	dwMaxBitRate 14400000
	dwMaxVideoFrameBufSize 480000
	dwDefaultFrameInterval 333333
	bFrameIntervalType 3
	FrameInterval[0] 333333
	FrameInterval[1] 666666
	FrameInterval[2] 1000000
	*** VS Frame Descriptor ***
	bLength 38
	bDescriptorType 0x24
	bDescriptorSubType 0x07
	bFrameIndex 5
	bmCapabilities 0x0
	wWidth 1024
	wHeight 768
	dwMinBitRate 7864320
	dwMaxBitRate 23592960
	dwMaxVideoFrameBufSize 786432
	dwDefaultFrameInterval 333333
	bFrameIntervalType 3
	FrameInterval[0] 333333
	FrameInterval[1] 666666
	FrameInterval[2] 1000000
	*** VS Frame Descriptor ***
	bLength 38
	bDescriptorType 0x24
	bDescriptorSubType 0x07
	bFrameIndex 6
	bmCapabilities 0x0
	wWidth 1280
	wHeight 720
	dwMinBitRate 9216000
	dwMaxBitRate 27648000
	dwMaxVideoFrameBufSize 921600
	dwDefaultFrameInterval 333333
	bFrameIntervalType 3
	FrameInterval[0] 333333
	FrameInterval[1] 666666
	FrameInterval[2] 1000000
	*** VS Frame Descriptor ***
	bLength 38
	bDescriptorType 0x24
	bDescriptorSubType 0x07
	bFrameIndex 7
	bmCapabilities 0x0
	wWidth 1280
	wHeight 960
	dwMinBitRate 12288000
	dwMaxBitRate 36864000
	dwMaxVideoFrameBufSize 1228800
	dwDefaultFrameInterval 333333
	bFrameIntervalType 3
	FrameInterval[0] 333333
	FrameInterval[1] 666666
	FrameInterval[2] 1000000
	*** VS Frame Descriptor ***
	bLength 38
	bDescriptorType 0x24
	bDescriptorSubType 0x07
	bFrameIndex 8
	bmCapabilities 0x0
	wWidth 1600
	wHeight 1200
	dwMinBitRate 19200000
	dwMaxBitRate 57600000
	dwMaxVideoFrameBufSize 1920000
	dwDefaultFrameInterval 333333
	bFrameIntervalType 3
	FrameInterval[0] 333333
	FrameInterval[1] 666666
	FrameInterval[2] 1000000
	*** VS Frame Descriptor ***
	bLength 38
	bDescriptorType 0x24
	bDescriptorSubType 0x07
	bFrameIndex 9
	bmCapabilities 0x0
	wWidth 2048
	wHeight 1536
	dwMinBitRate 31457280
	dwMaxBitRate 94371840
	dwMaxVideoFrameBufSize 3145728
	dwDefaultFrameInterval 333333
	bFrameIntervalType 3
	FrameInterval[0] 333333
	FrameInterval[1] 666666
	FrameInterval[2] 1000000
	*** VS Frame Descriptor ***
	bLength 38
	bDescriptorType 0x24
	bDescriptorSubType 0x07
	bFrameIndex 10
	bmCapabilities 0x0
	wWidth 2592
	wHeight 1944
	dwMinBitRate 50388480
	dwMaxBitRate 151165440
	dwMaxVideoFrameBufSize 5038848
	dwDefaultFrameInterval 333333
	bFrameIntervalType 3
	FrameInterval[0] 333333
	FrameInterval[1] 666666
	FrameInterval[2] 1000000
	*** VS Frame Descriptor ***
	bLength 38
	bDescriptorType 0x24
	bDescriptorSubType 0x07
	bFrameIndex 11
	bmCapabilities 0x0
	wWidth 3264
	wHeight 2448
	dwMinBitRate 79902720
	dwMaxBitRate 239708160
	dwMaxVideoFrameBufSize 7990272
	dwDefaultFrameInterval 333333
	bFrameIntervalType 3
	FrameInterval[0] 333333
	FrameInterval[1] 666666
	FrameInterval[2] 1000000
	*** VS Frame Descriptor ***
	bLength 38
	bDescriptorType 0x24
	bDescriptorSubType 0x07
	bFrameIndex 12
	bmCapabilities 0x0
	wWidth 3840
	wHeight 2160
	dwMinBitRate 82944000
	dwMaxBitRate 248832000
	dwMaxVideoFrameBufSize 8294400
	dwDefaultFrameInterval 333333
	bFrameIntervalType 3
	FrameInterval[0] 333333
	FrameInterval[1] 666666
	FrameInterval[2] 1000000
	*** VS Frame Descriptor ***
	bLength 34
	bDescriptorType 0x24
	bDescriptorSubType 0x07
	bFrameIndex 13
	bmCapabilities 0x0
	wWidth 4000
	wHeight 3000
	dwMinBitRate 120000000
	dwMaxBitRate 180000000
	dwMaxVideoFrameBufSize 12000000
	dwDefaultFrameInterval 666666
	bFrameIntervalType 2
	FrameInterval[0] 666666
	FrameInterval[1] 1000000
	*** VS Frame Descriptor ***
	bLength 34
	bDescriptorType 0x24
	bDescriptorSubType 0x07
	bFrameIndex 14
	bmCapabilities 0x0
	wWidth 320
	wHeight 240
	dwMinBitRate 1152000
	dwMaxBitRate 2304000
	dwMaxVideoFrameBufSize 76800
	dwDefaultFrameInterval 333333
	bFrameIntervalType 2
	FrameInterval[0] 333333
	FrameInterval[1] 666666
	*** Output Terminal Descriptor ***
	bLength 63
	bDescriptorType 0x24
	bDescriptorSubType 0x03
	bTerminalID 0
	wTerminalType 0x800E
	bAssocTerminal 7
	bSourceID 56
	iTerminal 4
	*** VS Color Format Descriptor ***
	bLength 6
	bDescriptorType 0x24
	bDescriptorSubType 0x0D
	bColorPrimaries 0x1
	bTransferCharacteristics 1
	bMatrixCoefficients 0x4
	*** Selector Unit Descriptor ***
	bLength 27
	bDescriptorType 0x24
	bDescriptorSubType 0x04
	bUnitID 2
	bNrInPins 12
	baSourceID1 89
	baSourceID2 85
	iSelector 89
	*** Processing Unit Descriptor ***
	bLength 34
	bDescriptorType 0x24
	bDescriptorSubType 0x05
	bUnitID 1
	bSourceID 0
	wMaxMultiplier 320
	bControlSize 240
	bmControls 0x0 0x0 0x70
	iProcessing 23
	bmVideoStandards 0x0
	*** Processing Unit Descriptor ***
	bLength 34
	bDescriptorType 0x24
	bDescriptorSubType 0x05
	bUnitID 2
	bSourceID 0
	wMaxMultiplier 640
	bControlSize 104
	bmControls 0x1 0x0 0x50
	iProcessing 70
	bmVideoStandards 0x0
	*** Processing Unit Descriptor ***
	bLength 30
	bDescriptorType 0x24
	bDescriptorSubType 0x05
	bUnitID 3
	bSourceID 0
	wMaxMultiplier 640
	bControlSize 224
	bmControls 0x1 0x0 0xC0
	iProcessing 93
	bmVideoStandards 0x0
	*** Processing Unit Descriptor ***
	bLength 30
	bDescriptorType 0x24
	bDescriptorSubType 0x05
	bUnitID 4
	bSourceID 0
	wMaxMultiplier 800
	bControlSize 88
	bmControls 0x2 0x0 0x7C
	iProcessing 146
	bmVideoStandards 0x0
	*** Processing Unit Descriptor ***
	bLength 30
	bDescriptorType 0x24
	bDescriptorSubType 0x05
	bUnitID 5
	bSourceID 0
	wMaxMultiplier 1024
	bControlSize 208
	bmControls 0x2 0x0 0x0
	iProcessing 225
	bmVideoStandards 0x0
	*** Processing Unit Descriptor ***
	bLength 30
	bDescriptorType 0x24
	bDescriptorSubType 0x05
	bUnitID 6
	bSourceID 0
	wMaxMultiplier 1280
	bControlSize 172
	bmControls 0x3 0x0 0x30
	iProcessing 111
	bmVideoStandards 0x1
	*** Processing Unit Descriptor ***
	bLength 30
	bDescriptorType 0x24
	bDescriptorSubType 0x05
	bUnitID 7
	bSourceID 0
	wMaxMultiplier 1280
	bControlSize 0
	bmControls 0x4 0x0 0x0
	iProcessing 144
	bmVideoStandards 0x1
	*** Processing Unit Descriptor ***
	bLength 30
	bDescriptorType 0x24
	bDescriptorSubType 0x05
	bUnitID 8
	bSourceID 0
	wMaxMultiplier 1600
	bControlSize 176
	bmControls 0x4 0x0 0xF8
	iProcessing 36
	bmVideoStandards 0x1
	*** Processing Unit Descriptor ***
	bLength 30
	bDescriptorType 0x24
	bDescriptorSubType 0x05
	bUnitID 9
	bSourceID 0
	wMaxMultiplier 1920
	bControlSize 56
	bmControls 0x4 0x0 0x68
	iProcessing 60
	bmVideoStandards 0x1
	*** Processing Unit Descriptor ***
	bLength 30
	bDescriptorType 0x24
	bDescriptorSubType 0x05
	bUnitID 10
	bSourceID 0
	wMaxMultiplier 2048
	bControlSize 0
	bmControls 0x6 0x0 0x0
	iProcessing 224
	bmVideoStandards 0x1
	*** Processing Unit Descriptor ***
	bLength 30
	bDescriptorType 0x24
	bDescriptorSubType 0x05
	bUnitID 11
	bSourceID 0
	wMaxMultiplier 2560
	bControlSize 160
	bmControls 0x5 0x0 0x80
	iProcessing 50
	bmVideoStandards 0x2
	*** Processing Unit Descriptor ***
	bLength 30
	bDescriptorType 0x24
	bDescriptorSubType 0x05
	bUnitID 12
	bSourceID 0
	wMaxMultiplier 2592
	bControlSize 152
	bmControls 0x7 0x0 0xDE
	iProcessing 0
	bmVideoStandards 0x3
	*** VS Color Format Descriptor ***
	bLength 6
	bDescriptorType 0x24
	bDescriptorSubType 0x0D
	bColorPrimaries 0x1
	bTransferCharacteristics 1
	bMatrixCoefficients 0x4
	*** Interface descriptor ***
	bLength 9
	bDescriptorType 4
	bInterfaceNumber 1
	bAlternateSetting 1
	bNumEndpoints 1
	bInterfaceClass 0xe
	bInterfaceSubClass 0x2
	bInterfaceProtocol 0x0
	iInterface 0
		*** Endpoint descriptor ***
		bLength 7
		bDescriptorType 5
		bEndpointAddress 0x82	EP 2 IN
		bmAttributes 0x5	ISOC
		wMaxPacketSize 192
		bInterval 1
	*** Interface descriptor ***
	bLength 9
	bDescriptorType 4
	bInterfaceNumber 1
	bAlternateSetting 2
	bNumEndpoints 1
	bInterfaceClass 0xe
	bInterfaceSubClass 0x2
	bInterfaceProtocol 0x0
	iInterface 0
		*** Endpoint descriptor ***
		bLength 7
		bDescriptorType 5
		bEndpointAddress 0x82	EP 2 IN
		bmAttributes 0x5	ISOC
		wMaxPacketSize 384
		bInterval 1
	*** Interface descriptor ***
	bLength 9
	bDescriptorType 4
	bInterfaceNumber 1
	bAlternateSetting 3
	bNumEndpoints 1
	bInterfaceClass 0xe
	bInterfaceSubClass 0x2
	bInterfaceProtocol 0x0
	iInterface 0
		*** Endpoint descriptor ***
		bLength 7
		bDescriptorType 5
		bEndpointAddress 0x82	EP 2 IN
		bmAttributes 0x5	ISOC
		wMaxPacketSize 512
		bInterval 1
	*** Interface descriptor ***
	bLength 9
	bDescriptorType 4
	bInterfaceNumber 1
	bAlternateSetting 4
	bNumEndpoints 1
	bInterfaceClass 0xe
	bInterfaceSubClass 0x2
	bInterfaceProtocol 0x0
	iInterface 0
		*** Endpoint descriptor ***
		bLength 7
		bDescriptorType 5
		bEndpointAddress 0x82	EP 2 IN
		bmAttributes 0x5	ISOC
		wMaxPacketSize 640
		bInterval 1
	*** Interface descriptor ***
	bLength 9
	bDescriptorType 4
	bInterfaceNumber 1
	bAlternateSetting 5
	bNumEndpoints 1
	bInterfaceClass 0xe
	bInterfaceSubClass 0x2
	bInterfaceProtocol 0x0
	iInterface 0
		*** Endpoint descriptor ***
		bLength 7
		bDescriptorType 5
		bEndpointAddress 0x82	EP 2 IN
		bmAttributes 0x5	ISOC
		wMaxPacketSize 800
		bInterval 1
	*** Interface descriptor ***
	bLength 9
	bDescriptorType 4
	bInterfaceNumber 1
	bAlternateSetting 6
	bNumEndpoints 1
	bInterfaceClass 0xe
	bInterfaceSubClass 0x2
	bInterfaceProtocol 0x0
	iInterface 0
		*** Endpoint descriptor ***
		bLength 7
		bDescriptorType 5
		bEndpointAddress 0x82	EP 2 IN
		bmAttributes 0x5	ISOC
		wMaxPacketSize 944
		bInterval 1
	*** Interface descriptor ***
	bLength 9
	bDescriptorType 4
	bInterfaceNumber 1
	bAlternateSetting 7
	bNumEndpoints 1
	bInterfaceClass 0xe
	bInterfaceSubClass 0x2
	bInterfaceProtocol 0x0
	iInterface 0
		*** Endpoint descriptor ***
		bLength 7
		bDescriptorType 5
		bEndpointAddress 0x82	EP 2 IN
		bmAttributes 0x5	ISOC
		wMaxPacketSize 640
		wMaxPacketSize (with additional transactions in microframe) 1280
		bInterval 1
	*** Interface descriptor ***
	bLength 9
	bDescriptorType 4
	bInterfaceNumber 1
	bAlternateSetting 8
	bNumEndpoints 1
	bInterfaceClass 0xe
	bInterfaceSubClass 0x2
	bInterfaceProtocol 0x0
	iInterface 0
		*** Endpoint descriptor ***
		bLength 7
		bDescriptorType 5
		bEndpointAddress 0x82	EP 2 IN
		bmAttributes 0x5	ISOC
		wMaxPacketSize 800
		wMaxPacketSize (with additional transactions in microframe) 1600
		bInterval 1
	*** Interface descriptor ***
	bLength 9
	bDescriptorType 4
	bInterfaceNumber 1
	bAlternateSetting 9
	bNumEndpoints 1
	bInterfaceClass 0xe
	bInterfaceSubClass 0x2
	bInterfaceProtocol 0x0
	iInterface 0
		*** Endpoint descriptor ***
		bLength 7
		bDescriptorType 5
		bEndpointAddress 0x82	EP 2 IN
		bmAttributes 0x5	ISOC
		wMaxPacketSize 992
		wMaxPacketSize (with additional transactions in microframe) 1984
		bInterval 1
	*** Interface descriptor ***
	bLength 9
	bDescriptorType 4
	bInterfaceNumber 1
	bAlternateSetting 10
	bNumEndpoints 1
	bInterfaceClass 0xe
	bInterfaceSubClass 0x2
	bInterfaceProtocol 0x0
	iInterface 0
		*** Endpoint descriptor ***
		bLength 7
		bDescriptorType 5
		bEndpointAddress 0x82	EP 2 IN
		bmAttributes 0x5	ISOC
		wMaxPacketSize 896
		wMaxPacketSize (with additional transactions in microframe) 2688
		bInterval 1
	*** Interface descriptor ***
	bLength 9
	bDescriptorType 4
	bInterfaceNumber 1
	bAlternateSetting 11
	bNumEndpoints 1
	bInterfaceClass 0xe
	bInterfaceSubClass 0x2
	bInterfaceProtocol 0x0
	iInterface 0
		*** Endpoint descriptor ***
		bLength 7
		bDescriptorType 5
		bEndpointAddress 0x82	EP 2 IN
		bmAttributes 0x5	ISOC
		wMaxPacketSize 1024
		wMaxPacketSize (with additional transactions in microframe) 3072
		bInterval 1
*** Interface Association Descriptor ***
bLength 8
bDescriptorType 11
bFirstInterface 2
bInterfaceCount 2
bFunctionClass 0x1
bFunctionSubClass 0x0
bFunctionProtocol 0x0
iFunction 5
	*** Interface descriptor ***
	bLength 9
	bDescriptorType 4
	bInterfaceNumber 2
	bAlternateSetting 0
	bNumEndpoints 0
	bInterfaceClass 0x1
	bInterfaceSubClass 0x1
	bInterfaceProtocol 0x0
	iInterface 0
	*** Class-specific VC Interface Descriptor ***
	bLength 9
	bDescriptorType 0x24
	bDescriptorSubType 0x01
	bcdUVC 0100
	wTotalLength 39
	dwClockFrequency 604766977
	bInCollection 2
	baInterfaceNr[0] 1
	baInterfaceNr[1] 1
	*** Input Terminal Descriptor (Camera) ***
	bLength 12
	bDescriptorType 0x24
	bDescriptorSubType 0x02
	bTerminalID 0x1
	wTerminalType 0x201
	bAssocTerminal 0
	iTerminal 1
	wObjectiveFocalLengthMin 3
	wObjectiveFocalLengthMax 0
	wOcularFocalLength 9225
	bControlSize 6
	bmControls 0x2 0x1 0x2
	*** Extension Unit Descriptor unsupported, skipping... ***
	*** Output Terminal Descriptor ***
	bLength 9
	bDescriptorType 0x24
	bDescriptorSubType 0x03
	bTerminalID 3
	wTerminalType 0x101
	bAssocTerminal 0
	bSourceID 2
	iTerminal 0
	*** Interface descriptor ***
	bLength 9
	bDescriptorType 4
	bInterfaceNumber 3
	bAlternateSetting 0
	bNumEndpoints 0
	bInterfaceClass 0x1
	bInterfaceSubClass 0x2
	bInterfaceProtocol 0x0
	iInterface 0
	*** Interface descriptor ***
	bLength 9
	bDescriptorType 4
	bInterfaceNumber 3
	bAlternateSetting 1
	bNumEndpoints 1
	bInterfaceClass 0x1
	bInterfaceSubClass 0x2
	bInterfaceProtocol 0x0
	iInterface 0
	*** Class-specific VC Interface Descriptor ***
	bLength 7
	bDescriptorType 0x24
	bDescriptorSubType 0x01
	bcdUVC 0003
	wTotalLength 1
	dwClockFrequency 16917515
	bInCollection 2
	baInterfaceNr[0] 2
	baInterfaceNr[1] 16
	*** Input Terminal Descriptor (Media) ***
	bLength 11
	bDescriptorType 0x24
	bDescriptorSubType 0x02
	bTerminalID 0x1
	wTerminalType 0x202
	bAssocTerminal 16
	iTerminal 1
	bControlSize 128
	bmControls 0xBB
	bTransportModeSize 0
	bmTransportModes 0x9 0x5 0x83 0x1 0xC0
		*** Endpoint descriptor ***
		bLength 9
		bDescriptorType 5
		bEndpointAddress 0x83	EP 3 IN
		bmAttributes 0x1	ISOC
		wMaxPacketSize 192
		bInterval 4
		*** Class-specific Interrupt Endpoint Descriptor ***
		bLength 7
		bDescriptorType 0x25
		bDescriptorSubType 1
		wMaxTransferSize 1
	*** Interface descriptor ***
	bLength 9
	bDescriptorType 4
	bInterfaceNumber 4
	bAlternateSetting 0
	bNumEndpoints 2
	bInterfaceClass 0x3
	bInterfaceSubClass 0x0
	bInterfaceProtocol 0x0
	iInterface 0
 *** Unknown Descriptor Length: 9 Type: 33 ***
		*** Endpoint descriptor ***
		bLength 7
		bDescriptorType 5
		bEndpointAddress 0x84	EP 4 IN
		bmAttributes 0x3	INT
		wMaxPacketSize 64
		bInterval 4
		*** Endpoint descriptor ***
		bLength 7
		bDescriptorType 5
		bEndpointAddress 0x1	EP 1 OUT
		bmAttributes 0x3	INT
		wMaxPacketSize 64
		bInterval 4
D (199682) uvc: ctrl xfer cb
D (199684) uvc: ctrl xfer cb
D (199686) uvc: ctrl xfer cb
PV-UVC-FMT requested=800x600 applied=800x600 fourcc=MJPEG fps_x1000=30000
D (199696) uvc: ctrl xfer cb
D (199698) uvc: ctrl xfer cb
D (199701) uvc: ctrl xfer cb
D (199703) uvc: ctrl xfer cb
D (199706) uvc: ctrl xfer cb
D (199708) uvc: ctrl xfer cb
D (199712) uvc: ctrl xfer cb
D (199714) uvc: ctrl xfer cb
D (199726) uvc: ctrl xfer cb
PV-UVC-STATS t=1s cb=0 bytes=0 vazios=0 overflow=0 underflow=0 xfer_err=0
PV-UVC-STATS t=2s cb=0 bytes=0 vazios=0 overflow=0 underflow=0 xfer_err=0
PV-UVC-STATS t=3s cb=0 bytes=0 vazios=0 overflow=0 underflow=0 xfer_err=0
PV-UVC-STATS t=4s cb=0 bytes=0 vazios=0 overflow=0 underflow=0 xfer_err=0
PV-UVC-WARMUP requested=800x600 descartados=0
PV-UVC-STATS t=5s cb=0 bytes=0 vazios=0 overflow=0 underflow=0 xfer_err=0
PV-UVC-STATS t=6s cb=0 bytes=0 vazios=0 overflow=0 underflow=0 xfer_err=0
PV-UVC-STATS t=7s cb=0 bytes=0 vazios=0 overflow=0 underflow=0 xfer_err=0
PV-UVC-STATS t=8s cb=0 bytes=0 vazios=0 overflow=0 underflow=0 xfer_err=0
PV-UVC-STATS t=9s cb=0 bytes=0 vazios=0 overflow=0 underflow=0 xfer_err=0
PV-UVC-STATS t=10s cb=0 bytes=0 vazios=0 overflow=0 underflow=0 xfer_err=0
PV-UVC-STATS t=11s cb=0 bytes=0 vazios=0 overflow=0 underflow=0 xfer_err=0
PV-UVC-STATS t=12s cb=0 bytes=0 vazios=0 overflow=0 underflow=0 xfer_err=0
PV-UVC-STATS t=13s cb=0 bytes=0 vazios=0 overflow=0 underflow=0 xfer_err=0
PV-UVC-STATS t=14s cb=0 bytes=0 vazios=0 overflow=0 underflow=0 xfer_err=0
PV-UVC-STATS t=15s cb=0 bytes=0 vazios=0 overflow=0 underflow=0 xfer_err=0
PV-UVC-STATS t=16s cb=0 bytes=0 vazios=0 overflow=0 underflow=0 xfer_err=0
PV-UVC-STATS t=17s cb=0 bytes=0 vazios=0 overflow=0 underflow=0 xfer_err=0
PV-UVC-STATS t=18s cb=0 bytes=0 vazios=0 overflow=0 underflow=0 xfer_err=0
PV-UVC-STATS t=19s cb=0 bytes=0 vazios=0 overflow=0 underflow=0 xfer_err=0
PV-UVC-STATS t=20s cb=0 bytes=0 vazios=0 overflow=0 underflow=0 xfer_err=0
D (234827) uvc: ctrl xfer cb
PV-UVC-STATS t=21s cb=0 bytes=0 vazios=0 overflow=0 underflow=0 xfer_err=0
PV-UVC-RUNG requested=800x600 applied=800x600 fourcc=JPEG bytesused=0 result=FAIL reason=sem-frame
PV-UVC-MEM etapa=pos-degrau psram_livre=8690596 psram_maior_bloco=8388608 interna_livre=394455
D (234843) uvc: ctrl xfer cb
D (234845) uvc: ctrl xfer cb
D (234850) uvc: ctrl xfer cb
PV-UVC-FMT requested=1920x1080 applied=1920x1080 fourcc=MJPEG fps_x1000=30000
D (234858) uvc: ctrl xfer cb
D (234860) uvc: ctrl xfer cb
D (234863) uvc: ctrl xfer cb
D (234867) uvc: ctrl xfer cb
D (234869) uvc: ctrl xfer cb
D (234872) uvc: ctrl xfer cb
D (234874) uvc: ctrl xfer cb
D (234876) uvc: ctrl xfer cb
D (234888) uvc: ctrl xfer cb
PV-UVC-STATS t=1s cb=0 bytes=0 vazios=0 overflow=0 underflow=0 xfer_err=0
PV-UVC-STATS t=2s cb=0 bytes=0 vazios=0 overflow=0 underflow=0 xfer_err=0
PV-UVC-STATS t=3s cb=0 bytes=0 vazios=0 overflow=0 underflow=0 xfer_err=0
PV-UVC-STATS t=4s cb=0 bytes=0 vazios=0 overflow=0 underflow=0 xfer_err=0
PV-UVC-WARMUP requested=1920x1080 descartados=0
PV-UVC-STATS t=5s cb=0 bytes=0 vazios=0 overflow=0 underflow=0 xfer_err=0
PV-UVC-STATS t=6s cb=0 bytes=0 vazios=0 overflow=0 underflow=0 xfer_err=0
PV-UVC-STATS t=7s cb=0 bytes=0 vazios=0 overflow=0 underflow=0 xfer_err=0
PV-UVC-STATS t=8s cb=0 bytes=0 vazios=0 overflow=0 underflow=0 xfer_err=0
PV-UVC-STATS t=9s cb=0 bytes=0 vazios=0 overflow=0 underflow=0 xfer_err=0
PV-UVC-STATS t=10s cb=0 bytes=0 vazios=0 overflow=0 underflow=0 xfer_err=0
PV-UVC-STATS t=11s cb=0 bytes=0 vazios=0 overflow=0 underflow=0 xfer_err=0
PV-UVC-STATS t=12s cb=0 bytes=0 vazios=0 overflow=0 underflow=0 xfer_err=0
PV-UVC-STATS t=13s cb=0 bytes=0 vazios=0 overflow=0 underflow=0 xfer_err=0
PV-UVC-STATS t=14s cb=0 bytes=0 vazios=0 overflow=0 underflow=0 xfer_err=0
PV-UVC-STATS t=15s cb=0 bytes=0 vazios=0 overflow=0 underflow=0 xfer_err=0
PV-UVC-STATS t=16s cb=0 bytes=0 vazios=0 overflow=0 underflow=0 xfer_err=0
PV-UVC-STATS t=17s cb=0 bytes=0 vazios=0 overflow=0 underflow=0 xfer_err=0
PV-UVC-STATS t=18s cb=0 bytes=0 vazios=0 overflow=0 underflow=0 xfer_err=0
PV-UVC-STATS t=19s cb=0 bytes=0 vazios=0 overflow=0 underflow=0 xfer_err=0
PV-UVC-STATS t=20s cb=0 bytes=0 vazios=0 overflow=0 underflow=0 xfer_err=0
D (269989) uvc: ctrl xfer cb
PV-UVC-STATS t=21s cb=0 bytes=0 vazios=0 overflow=0 underflow=0 xfer_err=0
PV-UVC-RUNG requested=1920x1080 applied=1920x1080 fourcc=JPEG bytesused=0 result=FAIL reason=sem-frame
PV-UVC-MEM etapa=pos-degrau psram_livre=8690596 psram_maior_bloco=8388608 interna_livre=394455
D (270005) uvc: ctrl xfer cb
D (270009) uvc: ctrl xfer cb
D (270011) uvc: ctrl xfer cb
PV-UVC-FMT requested=2592x1944 applied=2592x1944 fourcc=MJPEG fps_x1000=30000
D (270020) uvc: ctrl xfer cb
D (270022) uvc: ctrl xfer cb
D (270026) uvc: ctrl xfer cb
D (270029) uvc: ctrl xfer cb
D (270031) uvc: ctrl xfer cb
D (270033) uvc: ctrl xfer cb
D (270036) uvc: ctrl xfer cb
D (270038) uvc: ctrl xfer cb
D (270050) uvc: ctrl xfer cb
PV-UVC-STATS t=1s cb=0 bytes=0 vazios=0 overflow=0 underflow=0 xfer_err=0
PV-UVC-STATS t=2s cb=0 bytes=0 vazios=0 overflow=0 underflow=0 xfer_err=0
PV-UVC-STATS t=3s cb=0 bytes=0 vazios=0 overflow=0 underflow=0 xfer_err=0
PV-UVC-STATS t=4s cb=0 bytes=0 vazios=0 overflow=0 underflow=0 xfer_err=0
PV-UVC-WARMUP requested=2592x1944 descartados=0
PV-UVC-STATS t=5s cb=0 bytes=0 vazios=0 overflow=0 underflow=0 xfer_err=0
PV-UVC-STATS t=6s cb=0 bytes=0 vazios=0 overflow=0 underflow=0 xfer_err=0
PV-UVC-STATS t=7s cb=0 bytes=0 vazios=0 overflow=0 underflow=0 xfer_err=0
PV-UVC-STATS t=8s cb=0 bytes=0 vazios=0 overflow=0 underflow=0 xfer_err=0
PV-UVC-STATS t=9s cb=0 bytes=0 vazios=0 overflow=0 underflow=0 xfer_err=0
PV-UVC-STATS t=10s cb=0 bytes=0 vazios=0 overflow=0 underflow=0 xfer_err=0
PV-UVC-STATS t=11s cb=0 bytes=0 vazios=0 overflow=0 underflow=0 xfer_err=0
PV-UVC-STATS t=12s cb=0 bytes=0 vazios=0 overflow=0 underflow=0 xfer_err=0
PV-UVC-STATS t=13s cb=0 bytes=0 vazios=0 overflow=0 underflow=0 xfer_err=0
PV-UVC-STATS t=14s cb=0 bytes=0 vazios=0 overflow=0 underflow=0 xfer_err=0
PV-UVC-STATS t=15s cb=0 bytes=0 vazios=0 overflow=0 underflow=0 xfer_err=0
PV-UVC-STATS t=16s cb=0 bytes=0 vazios=0 overflow=0 underflow=0 xfer_err=0
PV-UVC-STATS t=17s cb=0 bytes=0 vazios=0 overflow=0 underflow=0 xfer_err=0
PV-UVC-STATS t=18s cb=0 bytes=0 vazios=0 overflow=0 underflow=0 xfer_err=0
PV-UVC-STATS t=19s cb=0 bytes=0 vazios=0 overflow=0 underflow=0 xfer_err=0
PV-UVC-STATS t=20s cb=0 bytes=0 vazios=0 overflow=0 underflow=0 xfer_err=0
D (305150) uvc: ctrl xfer cb
PV-UVC-STATS t=21s cb=0 bytes=0 vazios=0 overflow=0 underflow=0 xfer_err=0
PV-UVC-RUNG requested=2592x1944 applied=2592x1944 fourcc=JPEG bytesused=0 result=FAIL reason=sem-frame
PV-UVC-MEM etapa=pos-degrau psram_livre=8690596 psram_maior_bloco=8388608 interna_livre=394455
D (305166) uvc: ctrl xfer cb
D (305170) uvc: ctrl xfer cb
D (305173) uvc: ctrl xfer cb
PV-UVC-FMT requested=3264x2448 applied=3264x2448 fourcc=MJPEG fps_x1000=30000
D (305181) uvc: ctrl xfer cb
D (305183) uvc: ctrl xfer cb
D (305188) uvc: ctrl xfer cb
D (305190) uvc: ctrl xfer cb
D (305192) uvc: ctrl xfer cb
D (305194) uvc: ctrl xfer cb
D (305197) uvc: ctrl xfer cb
D (305199) uvc: ctrl xfer cb
D (305211) uvc: ctrl xfer cb
PV-UVC-STATS t=1s cb=0 bytes=0 vazios=0 overflow=0 underflow=0 xfer_err=0
PV-UVC-STATS t=2s cb=0 bytes=0 vazios=0 overflow=0 underflow=0 xfer_err=0
PV-UVC-STATS t=3s cb=0 bytes=0 vazios=0 overflow=0 underflow=0 xfer_err=0
PV-UVC-STATS t=4s cb=0 bytes=0 vazios=0 overflow=0 underflow=0 xfer_err=0
PV-UVC-WARMUP requested=3264x2448 descartados=0
PV-UVC-STATS t=5s cb=0 bytes=0 vazios=0 overflow=0 underflow=0 xfer_err=0
PV-UVC-STATS t=6s cb=0 bytes=0 vazios=0 overflow=0 underflow=0 xfer_err=0
PV-UVC-STATS t=7s cb=0 bytes=0 vazios=0 overflow=0 underflow=0 xfer_err=0
PV-UVC-STATS t=8s cb=0 bytes=0 vazios=0 overflow=0 underflow=0 xfer_err=0
PV-UVC-STATS t=9s cb=0 bytes=0 vazios=0 overflow=0 underflow=0 xfer_err=0
PV-UVC-STATS t=10s cb=0 bytes=0 vazios=0 overflow=0 underflow=0 xfer_err=0
PV-UVC-STATS t=11s cb=0 bytes=0 vazios=0 overflow=0 underflow=0 xfer_err=0
PV-UVC-STATS t=12s cb=0 bytes=0 vazios=0 overflow=0 underflow=0 xfer_err=0
PV-UVC-STATS t=13s cb=0 bytes=0 vazios=0 overflow=0 underflow=0 xfer_err=0
PV-UVC-STATS t=14s cb=0 bytes=0 vazios=0 overflow=0 underflow=0 xfer_err=0
PV-UVC-STATS t=15s cb=0 bytes=0 vazios=0 overflow=0 underflow=0 xfer_err=0
PV-UVC-STATS t=16s cb=0 bytes=0 vazios=0 overflow=0 underflow=0 xfer_err=0
PV-UVC-STATS t=17s cb=0 bytes=0 vazios=0 overflow=0 underflow=0 xfer_err=0
PV-UVC-STATS t=18s cb=0 bytes=0 vazios=0 overflow=0 underflow=0 xfer_err=0
PV-UVC-STATS t=19s cb=0 bytes=0 vazios=0 overflow=0 underflow=0 xfer_err=0
PV-UVC-STATS t=20s cb=0 bytes=0 vazios=0 overflow=0 underflow=0 xfer_err=0
D (340311) uvc: ctrl xfer cb
PV-UVC-STATS t=21s cb=0 bytes=0 vazios=0 overflow=0 underflow=0 xfer_err=0
PV-UVC-RUNG requested=3264x2448 applied=3264x2448 fourcc=JPEG bytesused=0 result=FAIL reason=sem-frame
PV-UVC-MEM etapa=pos-degrau psram_livre=8690596 psram_maior_bloco=8388608 interna_livre=394455
D (340327) uvc: ctrl xfer cb
D (340331) uvc: ctrl xfer cb
D (340334) uvc: ctrl xfer cb
PV-UVC-FMT requested=4000x3000 applied=4000x3000 fourcc=MJPEG fps_x1000=15000
D (340342) uvc: ctrl xfer cb
D (340344) uvc: ctrl xfer cb
D (340349) uvc: ctrl xfer cb
D (340351) uvc: ctrl xfer cb
D (340353) uvc: ctrl xfer cb
D (340355) uvc: ctrl xfer cb
D (340358) uvc: ctrl xfer cb
D (340360) uvc: ctrl xfer cb
D (340372) uvc: ctrl xfer cb
PV-UVC-STATS t=1s cb=0 bytes=0 vazios=0 overflow=0 underflow=0 xfer_err=0
PV-UVC-STATS t=2s cb=0 bytes=0 vazios=0 overflow=0 underflow=0 xfer_err=0
PV-UVC-STATS t=3s cb=0 bytes=0 vazios=0 overflow=0 underflow=0 xfer_err=0
PV-UVC-STATS t=4s cb=0 bytes=0 vazios=0 overflow=0 underflow=0 xfer_err=0
PV-UVC-WARMUP requested=4000x3000 descartados=0
PV-UVC-STATS t=5s cb=0 bytes=0 vazios=0 overflow=0 underflow=0 xfer_err=0
PV-UVC-STATS t=6s cb=0 bytes=0 vazios=0 overflow=0 underflow=0 xfer_err=0
PV-UVC-STATS t=7s cb=0 bytes=0 vazios=0 overflow=0 underflow=0 xfer_err=0
PV-UVC-STATS t=8s cb=0 bytes=0 vazios=0 overflow=0 underflow=0 xfer_err=0
PV-UVC-STATS t=9s cb=0 bytes=0 vazios=0 overflow=0 underflow=0 xfer_err=0
PV-UVC-STATS t=10s cb=0 bytes=0 vazios=0 overflow=0 underflow=0 xfer_err=0
PV-UVC-STATS t=11s cb=0 bytes=0 vazios=0 overflow=0 underflow=0 xfer_err=0
PV-UVC-STATS t=12s cb=0 bytes=0 vazios=0 overflow=0 underflow=0 xfer_err=0
PV-UVC-STATS t=13s cb=0 bytes=0 vazios=0 overflow=0 underflow=0 xfer_err=0
PV-UVC-STATS t=14s cb=0 bytes=0 vazios=0 overflow=0 underflow=0 xfer_err=0
PV-UVC-STATS t=15s cb=0 bytes=0 vazios=0 overflow=0 underflow=0 xfer_err=0
PV-UVC-STATS t=16s cb=0 bytes=0 vazios=0 overflow=0 underflow=0 xfer_err=0
PV-UVC-STATS t=17s cb=0 bytes=0 vazios=0 overflow=0 underflow=0 xfer_err=0
PV-UVC-STATS t=18s cb=0 bytes=0 vazios=0 overflow=0 underflow=0 xfer_err=0
PV-UVC-STATS t=19s cb=0 bytes=0 vazios=0 overflow=0 underflow=0 xfer_err=0
PV-UVC-STATS t=20s cb=0 bytes=0 vazios=0 overflow=0 underflow=0 xfer_err=0
D (375473) uvc: ctrl xfer cb
PV-UVC-STATS t=21s cb=0 bytes=0 vazios=0 overflow=0 underflow=0 xfer_err=0
PV-UVC-RUNG requested=4000x3000 applied=4000x3000 fourcc=JPEG bytesused=0 result=FAIL reason=sem-frame
PV-UVC-MEM etapa=pos-degrau psram_livre=8690596 psram_maior_bloco=8388608 interna_livre=394455
PV-UVC-SUMARIO inicio
PV-UVC-SUMARIO degrau=1 requested=800x600 applied=800x600 fourcc=JPEG bytesused=0 result=FAIL reason=sem-frame obrigatorio=sim
PV-UVC-SUMARIO degrau=2 requested=1920x1080 applied=1920x1080 fourcc=JPEG bytesused=0 result=FAIL reason=sem-frame obrigatorio=sim
PV-UVC-SUMARIO degrau=3 requested=2592x1944 applied=2592x1944 fourcc=JPEG bytesused=0 result=FAIL reason=sem-frame obrigatorio=sim
PV-UVC-SUMARIO degrau=4 requested=3264x2448 applied=3264x2448 fourcc=JPEG bytesused=0 result=FAIL reason=sem-frame obrigatorio=sim
PV-UVC-SUMARIO degrau=5 requested=4000x3000 applied=4000x3000 fourcc=JPEG bytesused=0 result=FAIL reason=sem-frame obrigatorio=nao
PV-UVC-SUMARIO fim pass=0 fail=5 total=5 fail_obrigatorios=4
PV-UVC-CICLO 2 fim — REPLUG a camera para disparar nova escada (retry 15 s)

PV-UVC-CICLO 3 inicio
PV-UVC-ENUM device dev_addr=1 stream_index=0 frames_anunciados=26
PV-UVC-ENUM frame index=0 format=MJPEG 1920x1080 default_interval=333333 tipos=3
PV-UVC-ENUM interval index=0 k=0 valor=333333 fps_x1000=30000
PV-UVC-ENUM interval index=0 k=1 valor=666666 fps_x1000=15000
PV-UVC-ENUM interval index=0 k=2 valor=1000000 fps_x1000=10000
PV-UVC-ENUM frame index=1 format=MJPEG 640x320 default_interval=333333 tipos=3
PV-UVC-ENUM interval index=1 k=0 valor=333333 fps_x1000=30000
PV-UVC-ENUM interval index=1 k=1 valor=666666 fps_x1000=15000
PV-UVC-ENUM interval index=1 k=2 valor=1000000 fps_x1000=10000
PV-UVC-ENUM frame index=2 format=MJPEG 640x480 default_interval=333333 tipos=3
PV-UVC-ENUM interval index=2 k=0 valor=333333 fps_x1000=30000
PV-UVC-ENUM interval index=2 k=1 valor=666666 fps_x1000=15000
PV-UVC-ENUM interval index=2 k=2 valor=1000000 fps_x1000=10000
PV-UVC-ENUM frame index=3 format=MJPEG 800x600 default_interval=333333 tipos=3
PV-UVC-ENUM interval index=3 k=0 valor=333333 fps_x1000=30000
PV-UVC-ENUM interval index=3 k=1 valor=666666 fps_x1000=15000
PV-UVC-ENUM interval index=3 k=2 valor=1000000 fps_x1000=10000
PV-UVC-ENUM frame index=4 format=MJPEG 1024x768 default_interval=333333 tipos=3
PV-UVC-ENUM interval index=4 k=0 valor=333333 fps_x1000=30000
PV-UVC-ENUM interval index=4 k=1 valor=666666 fps_x1000=15000
PV-UVC-ENUM interval index=4 k=2 valor=1000000 fps_x1000=10000
PV-UVC-ENUM frame index=5 format=MJPEG 1280x720 default_interval=333333 tipos=3
PV-UVC-ENUM interval index=5 k=0 valor=333333 fps_x1000=30000
PV-UVC-ENUM interval index=5 k=1 valor=666666 fps_x1000=15000
PV-UVC-ENUM interval index=5 k=2 valor=1000000 fps_x1000=10000
PV-UVC-ENUM frame index=6 format=MJPEG 1280x960 default_interval=333333 tipos=3
PV-UVC-ENUM interval index=6 k=0 valor=333333 fps_x1000=30000
PV-UVC-ENUM interval index=6 k=1 valor=666666 fps_x1000=15000
PV-UVC-ENUM interval index=6 k=2 valor=1000000 fps_x1000=10000
PV-UVC-ENUM frame index=7 format=MJPEG 1600x1200 default_interval=333333 tipos=3
PV-UVC-ENUM interval index=7 k=0 valor=333333 fps_x1000=30000
PV-UVC-ENUM interval index=7 k=1 valor=666666 fps_x1000=15000
PV-UVC-ENUM interval index=7 k=2 valor=1000000 fps_x1000=10000
PV-UVC-ENUM frame index=8 format=MJPEG 2048x1536 default_interval=333333 tipos=3
PV-UVC-ENUM interval index=8 k=0 valor=333333 fps_x1000=30000
PV-UVC-ENUM interval index=8 k=1 valor=666666 fps_x1000=15000
PV-UVC-ENUM interval index=8 k=2 valor=1000000 fps_x1000=10000
PV-UVC-ENUM frame index=9 format=MJPEG 2592x1944 default_interval=333333 tipos=3
PV-UVC-ENUM interval index=9 k=0 valor=333333 fps_x1000=30000
PV-UVC-ENUM interval index=9 k=1 valor=666666 fps_x1000=15000
PV-UVC-ENUM interval index=9 k=2 valor=1000000 fps_x1000=10000
PV-UVC-ENUM frame index=10 format=MJPEG 3264x2448 default_interval=333333 tipos=3
PV-UVC-ENUM interval index=10 k=0 valor=333333 fps_x1000=30000
PV-UVC-ENUM interval index=10 k=1 valor=666666 fps_x1000=15000
PV-UVC-ENUM interval index=10 k=2 valor=1000000 fps_x1000=10000
PV-UVC-ENUM frame index=11 format=MJPEG 3840x2160 default_interval=333333 tipos=3
PV-UVC-ENUM interval index=11 k=0 valor=333333 fps_x1000=30000
PV-UVC-ENUM interval index=11 k=1 valor=666666 fps_x1000=15000
PV-UVC-ENUM interval index=11 k=2 valor=1000000 fps_x1000=10000
PV-UVC-ENUM frame index=12 format=MJPEG 4000x3000 default_interval=666666 tipos=2
PV-UVC-ENUM interval index=12 k=0 valor=666666 fps_x1000=15000
PV-UVC-ENUM interval index=12 k=1 valor=1000000 fps_x1000=10000
PV-UVC-ENUM frame index=13 format=MJPEG 320x240 default_interval=333333 tipos=2
PV-UVC-ENUM interval index=13 k=0 valor=333333 fps_x1000=30000
PV-UVC-ENUM interval index=13 k=1 valor=666666 fps_x1000=15000
PV-UVC-ENUM frame index=14 format=YUY2 320x240 default_interval=500000 tipos=2
PV-UVC-ENUM interval index=14 k=0 valor=500000 fps_x1000=20000
PV-UVC-ENUM interval index=14 k=1 valor=1000000 fps_x1000=10000
PV-UVC-ENUM frame index=15 format=YUY2 640x360 default_interval=500000 tipos=2
PV-UVC-ENUM interval index=15 k=0 valor=500000 fps_x1000=20000
PV-UVC-ENUM interval index=15 k=1 valor=1000000 fps_x1000=10000
PV-UVC-ENUM frame index=16 format=YUY2 640x480 default_interval=1000000 tipos=1
PV-UVC-ENUM interval index=16 k=0 valor=1000000 fps_x1000=10000
PV-UVC-ENUM frame index=17 format=YUY2 800x600 default_interval=1000000 tipos=1
PV-UVC-ENUM interval index=17 k=0 valor=1000000 fps_x1000=10000
PV-UVC-ENUM frame index=18 format=YUY2 1024x720 default_interval=1000000 tipos=1
PV-UVC-ENUM interval index=18 k=0 valor=1000000 fps_x1000=10000
PV-UVC-ENUM frame index=19 format=YUY2 1280x940 default_interval=1000000 tipos=1
PV-UVC-ENUM interval index=19 k=0 valor=1000000 fps_x1000=10000
PV-UVC-ENUM frame index=20 format=YUY2 1280x1024 default_interval=1000000 tipos=1
PV-UVC-ENUM interval index=20 k=0 valor=1000000 fps_x1000=10000
PV-UVC-ENUM frame index=21 format=YUY2 1600x1200 default_interval=2000000 tipos=1
PV-UVC-ENUM interval index=21 k=0 valor=2000000 fps_x1000=5000
PV-UVC-ENUM frame index=22 format=YUY2 1920x1080 default_interval=2000000 tipos=1
PV-UVC-ENUM interval index=22 k=0 valor=2000000 fps_x1000=5000
PV-UVC-ENUM frame index=23 format=YUY2 2048x1536 default_interval=2000000 tipos=1
PV-UVC-ENUM interval index=23 k=0 valor=2000000 fps_x1000=5000
PV-UVC-ENUM frame index=24 format=YUY2 2560x1440 default_interval=2000000 tipos=1
PV-UVC-ENUM interval index=24 k=0 valor=2000000 fps_x1000=5000
PV-UVC-ENUM frame index=25 format=YUY2 2592x1944 default_interval=2000000 tipos=1
PV-UVC-ENUM interval index=25 k=0 valor=2000000 fps_x1000=5000
PV-UVC-ENUM result=OK entradas=26 tamanhos_mjpeg=14
D (391045) uvc: Checking list of opened USB devices
D (391049) uvc: Checking list of connected USB devices
D (391054) uvc: Claimed interface index 1 with MPS 1024
D (391061) uvc: ctrl xfer cb
D (391063) uvc: ctrl xfer cb
D (391065) uvc: ctrl xfer cb
D (391068) uvc: ctrl xfer cb
I (391069) uvc: Allocating 8 USB transfers for ISOC. Each: 3072 bytes, 1 ISOC packets, 3072 MPS
PV-UVC-MEM etapa=pos-open psram_livre=8690596 psram_maior_bloco=8388608 interna_livre=394455
*** Device descriptor ***
bLength 18
bDescriptorType 1
bcdUSB 2.00
bDeviceClass 0xef
bDeviceSubClass 0x2
bDeviceProtocol 0x1
bMaxPacketSize0 64
idVendor 0xb024
idProduct 0x725
bcdDevice 1.00
iManufacturer 1
iProduct 2
iSerialNumber 3
bNumConfigurations 1
*** Configuration descriptor ***
bLength 9
bDescriptorType 2
wTotalLength 1463
bNumInterfaces 5
bConfigurationValue 1
iConfiguration 0
bmAttributes 0x80
bMaxPower 500mA
*** Interface Association Descriptor ***
bLength 8
bDescriptorType 11
bFirstInterface 0
bInterfaceCount 2
bFunctionClass 0xe
bFunctionSubClass 0x3
bFunctionProtocol 0x0
iFunction 4
	*** Interface descriptor ***
	bLength 9
	bDescriptorType 4
	bInterfaceNumber 0
	bAlternateSetting 0
	bNumEndpoints 1
	bInterfaceClass 0xe
	bInterfaceSubClass 0x1
	bInterfaceProtocol 0x0
	iInterface 0
	*** Class-specific VC Interface Descriptor ***
	bLength 13
	bDescriptorType 0x24
	bDescriptorSubType 0x01
	bcdUVC 0100
	wTotalLength 80
	dwClockFrequency 24000000
	bInCollection 1
	baInterfaceNr[0] 1
	*** Input Terminal Descriptor (Camera) ***
	bLength 18
	bDescriptorType 0x24
	bDescriptorSubType 0x02
	bTerminalID 0x1
	wTerminalType 0x201
	bAssocTerminal 0
	iTerminal 0
	wObjectiveFocalLengthMin 0
	wObjectiveFocalLengthMax 0
	wOcularFocalLength 0
	bControlSize 3
	bmControls 0x7A 0x2A 0x2
	*** Extension Unit Descriptor unsupported, skipping... ***
	*** Processing Unit Descriptor ***
	bLength 11
	bDescriptorType 0x24
	bDescriptorSubType 0x05
	bUnitID 3
	bSourceID 2
	wMaxMultiplier 16384
	bControlSize 2
	bmControls 0x7F 0x17 0x0
	iProcessing 9
	bmVideoStandards 0x24
	*** Output Terminal Descriptor ***
	bLength 9
	bDescriptorType 0x24
	bDescriptorSubType 0x03
	bTerminalID 4
	wTerminalType 0x101
	bAssocTerminal 0
	bSourceID 3
	iTerminal 0
		*** Endpoint descriptor ***
		bLength 7
		bDescriptorType 5
		bEndpointAddress 0x81	EP 1 IN
		bmAttributes 0x3	INT
		wMaxPacketSize 16
		bInterval 8
		*** Class-specific Interrupt Endpoint Descriptor ***
		bLength 5
		bDescriptorType 0x25
		bDescriptorSubType 3
		wMaxTransferSize 16
	*** Interface descriptor ***
	bLength 9
	bDescriptorType 4
	bInterfaceNumber 1
	bAlternateSetting 0
	bNumEndpoints 0
	bInterfaceClass 0xe
	bInterfaceSubClass 0x2
	bInterfaceProtocol 0x0
	iInterface 0
	*** Class-specific VC Interface Descriptor ***
	bLength 15
	bDescriptorType 0x24
	bDescriptorSubType 0x01
	bcdUVC fc02
	wTotalLength 33283
	dwClockFrequency 16909312
	bInCollection 1
	baInterfaceNr[0] 1
	*** Extension Unit Descriptor unsupported, skipping... ***
	*** VS Frame Descriptor ***
	bLength 38
	bDescriptorType 0x24
	bDescriptorSubType 0x07
	bFrameIndex 1
	bmCapabilities 0x0
	wWidth 1920
	wHeight 1080
	dwMinBitRate 20736000
	dwMaxBitRate 62208000
	dwMaxVideoFrameBufSize 2073600
	dwDefaultFrameInterval 333333
	bFrameIntervalType 3
	FrameInterval[0] 333333
	FrameInterval[1] 666666
	FrameInterval[2] 1000000
	*** VS Frame Descriptor ***
	bLength 38
	bDescriptorType 0x24
	bDescriptorSubType 0x07
	bFrameIndex 2
	bmCapabilities 0x0
	wWidth 640
	wHeight 320
	dwMinBitRate 2048000
	dwMaxBitRate 6144000
	dwMaxVideoFrameBufSize 204800
	dwDefaultFrameInterval 333333
	bFrameIntervalType 3
	FrameInterval[0] 333333
	FrameInterval[1] 666666
	FrameInterval[2] 1000000
	*** VS Frame Descriptor ***
	bLength 38
	bDescriptorType 0x24
	bDescriptorSubType 0x07
	bFrameIndex 3
	bmCapabilities 0x0
	wWidth 640
	wHeight 480
	dwMinBitRate 3072000
	dwMaxBitRate 9216000
	dwMaxVideoFrameBufSize 307200
	dwDefaultFrameInterval 333333
	bFrameIntervalType 3
	FrameInterval[0] 333333
	FrameInterval[1] 666666
	FrameInterval[2] 1000000
	*** VS Frame Descriptor ***
	bLength 38
	bDescriptorType 0x24
	bDescriptorSubType 0x07
	bFrameIndex 4
	bmCapabilities 0x0
	wWidth 800
	wHeight 600
	dwMinBitRate 4800000
	dwMaxBitRate 14400000
	dwMaxVideoFrameBufSize 480000
	dwDefaultFrameInterval 333333
	bFrameIntervalType 3
	FrameInterval[0] 333333
	FrameInterval[1] 666666
	FrameInterval[2] 1000000
	*** VS Frame Descriptor ***
	bLength 38
	bDescriptorType 0x24
	bDescriptorSubType 0x07
	bFrameIndex 5
	bmCapabilities 0x0
	wWidth 1024
	wHeight 768
	dwMinBitRate 7864320
	dwMaxBitRate 23592960
	dwMaxVideoFrameBufSize 786432
	dwDefaultFrameInterval 333333
	bFrameIntervalType 3
	FrameInterval[0] 333333
	FrameInterval[1] 666666
	FrameInterval[2] 1000000
	*** VS Frame Descriptor ***
	bLength 38
	bDescriptorType 0x24
	bDescriptorSubType 0x07
	bFrameIndex 6
	bmCapabilities 0x0
	wWidth 1280
	wHeight 720
	dwMinBitRate 9216000
	dwMaxBitRate 27648000
	dwMaxVideoFrameBufSize 921600
	dwDefaultFrameInterval 333333
	bFrameIntervalType 3
	FrameInterval[0] 333333
	FrameInterval[1] 666666
	FrameInterval[2] 1000000
	*** VS Frame Descriptor ***
	bLength 38
	bDescriptorType 0x24
	bDescriptorSubType 0x07
	bFrameIndex 7
	bmCapabilities 0x0
	wWidth 1280
	wHeight 960
	dwMinBitRate 12288000
	dwMaxBitRate 36864000
	dwMaxVideoFrameBufSize 1228800
	dwDefaultFrameInterval 333333
	bFrameIntervalType 3
	FrameInterval[0] 333333
	FrameInterval[1] 666666
	FrameInterval[2] 1000000
	*** VS Frame Descriptor ***
	bLength 38
	bDescriptorType 0x24
	bDescriptorSubType 0x07
	bFrameIndex 8
	bmCapabilities 0x0
	wWidth 1600
	wHeight 1200
	dwMinBitRate 19200000
	dwMaxBitRate 57600000
	dwMaxVideoFrameBufSize 1920000
	dwDefaultFrameInterval 333333
	bFrameIntervalType 3
	FrameInterval[0] 333333
	FrameInterval[1] 666666
	FrameInterval[2] 1000000
	*** VS Frame Descriptor ***
	bLength 38
	bDescriptorType 0x24
	bDescriptorSubType 0x07
	bFrameIndex 9
	bmCapabilities 0x0
	wWidth 2048
	wHeight 1536
	dwMinBitRate 31457280
	dwMaxBitRate 94371840
	dwMaxVideoFrameBufSize 3145728
	dwDefaultFrameInterval 333333
	bFrameIntervalType 3
	FrameInterval[0] 333333
	FrameInterval[1] 666666
	FrameInterval[2] 1000000
	*** VS Frame Descriptor ***
	bLength 38
	bDescriptorType 0x24
	bDescriptorSubType 0x07
	bFrameIndex 10
	bmCapabilities 0x0
	wWidth 2592
	wHeight 1944
	dwMinBitRate 50388480
	dwMaxBitRate 151165440
	dwMaxVideoFrameBufSize 5038848
	dwDefaultFrameInterval 333333
	bFrameIntervalType 3
	FrameInterval[0] 333333
	FrameInterval[1] 666666
	FrameInterval[2] 1000000
	*** VS Frame Descriptor ***
	bLength 38
	bDescriptorType 0x24
	bDescriptorSubType 0x07
	bFrameIndex 11
	bmCapabilities 0x0
	wWidth 3264
	wHeight 2448
	dwMinBitRate 79902720
	dwMaxBitRate 239708160
	dwMaxVideoFrameBufSize 7990272
	dwDefaultFrameInterval 333333
	bFrameIntervalType 3
	FrameInterval[0] 333333
	FrameInterval[1] 666666
	FrameInterval[2] 1000000
	*** VS Frame Descriptor ***
	bLength 38
	bDescriptorType 0x24
	bDescriptorSubType 0x07
	bFrameIndex 12
	bmCapabilities 0x0
	wWidth 3840
	wHeight 2160
	dwMinBitRate 82944000
	dwMaxBitRate 248832000
	dwMaxVideoFrameBufSize 8294400
	dwDefaultFrameInterval 333333
	bFrameIntervalType 3
	FrameInterval[0] 333333
	FrameInterval[1] 666666
	FrameInterval[2] 1000000
	*** VS Frame Descriptor ***
	bLength 34
	bDescriptorType 0x24
	bDescriptorSubType 0x07
	bFrameIndex 13
	bmCapabilities 0x0
	wWidth 4000
	wHeight 3000
	dwMinBitRate 120000000
	dwMaxBitRate 180000000
	dwMaxVideoFrameBufSize 12000000
	dwDefaultFrameInterval 666666
	bFrameIntervalType 2
	FrameInterval[0] 666666
	FrameInterval[1] 1000000
	*** VS Frame Descriptor ***
	bLength 34
	bDescriptorType 0x24
	bDescriptorSubType 0x07
	bFrameIndex 14
	bmCapabilities 0x0
	wWidth 320
	wHeight 240
	dwMinBitRate 1152000
	dwMaxBitRate 2304000
	dwMaxVideoFrameBufSize 76800
	dwDefaultFrameInterval 333333
	bFrameIntervalType 2
	FrameInterval[0] 333333
	FrameInterval[1] 666666
	*** Output Terminal Descriptor ***
	bLength 63
	bDescriptorType 0x24
	bDescriptorSubType 0x03
	bTerminalID 0
	wTerminalType 0x800E
	bAssocTerminal 7
	bSourceID 56
	iTerminal 4
	*** VS Color Format Descriptor ***
	bLength 6
	bDescriptorType 0x24
	bDescriptorSubType 0x0D
	bColorPrimaries 0x1
	bTransferCharacteristics 1
	bMatrixCoefficients 0x4
	*** Selector Unit Descriptor ***
	bLength 27
	bDescriptorType 0x24
	bDescriptorSubType 0x04
	bUnitID 2
	bNrInPins 12
	baSourceID1 89
	baSourceID2 85
	iSelector 89
	*** Processing Unit Descriptor ***
	bLength 34
	bDescriptorType 0x24
	bDescriptorSubType 0x05
	bUnitID 1
	bSourceID 0
	wMaxMultiplier 320
	bControlSize 240
	bmControls 0x0 0x0 0x70
	iProcessing 23
	bmVideoStandards 0x0
	*** Processing Unit Descriptor ***
	bLength 34
	bDescriptorType 0x24
	bDescriptorSubType 0x05
	bUnitID 2
	bSourceID 0
	wMaxMultiplier 640
	bControlSize 104
	bmControls 0x1 0x0 0x50
	iProcessing 70
	bmVideoStandards 0x0
	*** Processing Unit Descriptor ***
	bLength 30
	bDescriptorType 0x24
	bDescriptorSubType 0x05
	bUnitID 3
	bSourceID 0
	wMaxMultiplier 640
	bControlSize 224
	bmControls 0x1 0x0 0xC0
	iProcessing 93
	bmVideoStandards 0x0
	*** Processing Unit Descriptor ***
	bLength 30
	bDescriptorType 0x24
	bDescriptorSubType 0x05
	bUnitID 4
	bSourceID 0
	wMaxMultiplier 800
	bControlSize 88
	bmControls 0x2 0x0 0x7C
	iProcessing 146
	bmVideoStandards 0x0
	*** Processing Unit Descriptor ***
	bLength 30
	bDescriptorType 0x24
	bDescriptorSubType 0x05
	bUnitID 5
	bSourceID 0
	wMaxMultiplier 1024
	bControlSize 208
	bmControls 0x2 0x0 0x0
	iProcessing 225
	bmVideoStandards 0x0
	*** Processing Unit Descriptor ***
	bLength 30
	bDescriptorType 0x24
	bDescriptorSubType 0x05
	bUnitID 6
	bSourceID 0
	wMaxMultiplier 1280
	bControlSize 172
	bmControls 0x3 0x0 0x30
	iProcessing 111
	bmVideoStandards 0x1
	*** Processing Unit Descriptor ***
	bLength 30
	bDescriptorType 0x24
	bDescriptorSubType 0x05
	bUnitID 7
	bSourceID 0
	wMaxMultiplier 1280
	bControlSize 0
	bmControls 0x4 0x0 0x0
	iProcessing 144
	bmVideoStandards 0x1
	*** Processing Unit Descriptor ***
	bLength 30
	bDescriptorType 0x24
	bDescriptorSubType 0x05
	bUnitID 8
	bSourceID 0
	wMaxMultiplier 1600
	bControlSize 176
	bmControls 0x4 0x0 0xF8
	iProcessing 36
	bmVideoStandards 0x1
	*** Processing Unit Descriptor ***
	bLength 30
	bDescriptorType 0x24
	bDescriptorSubType 0x05
	bUnitID 9
	bSourceID 0
	wMaxMultiplier 1920
	bControlSize 56
	bmControls 0x4 0x0 0x68
	iProcessing 60
	bmVideoStandards 0x1
	*** Processing Unit Descriptor ***
	bLength 30
	bDescriptorType 0x24
	bDescriptorSubType 0x05
	bUnitID 10
	bSourceID 0
	wMaxMultiplier 2048
	bControlSize 0
	bmControls 0x6 0x0 0x0
	iProcessing 224
	bmVideoStandards 0x1
	*** Processing Unit Descriptor ***
	bLength 30
	bDescriptorType 0x24
	bDescriptorSubType 0x05
	bUnitID 11
	bSourceID 0
	wMaxMultiplier 2560
	bControlSize 160
	bmControls 0x5 0x0 0x80
	iProcessing 50
	bmVideoStandards 0x2
	*** Processing Unit Descriptor ***
	bLength 30
	bDescriptorType 0x24
	bDescriptorSubType 0x05
	bUnitID 12
	bSourceID 0
	wMaxMultiplier 2592
	bControlSize 152
	bmControls 0x7 0x0 0xDE
	iProcessing 0
	bmVideoStandards 0x3
	*** VS Color Format Descriptor ***
	bLength 6
	bDescriptorType 0x24
	bDescriptorSubType 0x0D
	bColorPrimaries 0x1
	bTransferCharacteristics 1
	bMatrixCoefficients 0x4
	*** Interface descriptor ***
	bLength 9
	bDescriptorType 4
	bInterfaceNumber 1
	bAlternateSetting 1
	bNumEndpoints 1
	bInterfaceClass 0xe
	bInterfaceSubClass 0x2
	bInterfaceProtocol 0x0
	iInterface 0
		*** Endpoint descriptor ***
		bLength 7
		bDescriptorType 5
		bEndpointAddress 0x82	EP 2 IN
		bmAttributes 0x5	ISOC
		wMaxPacketSize 192
		bInterval 1
	*** Interface descriptor ***
	bLength 9
	bDescriptorType 4
	bInterfaceNumber 1
	bAlternateSetting 2
	bNumEndpoints 1
	bInterfaceClass 0xe
	bInterfaceSubClass 0x2
	bInterfaceProtocol 0x0
	iInterface 0
		*** Endpoint descriptor ***
		bLength 7
		bDescriptorType 5
		bEndpointAddress 0x82	EP 2 IN
		bmAttributes 0x5	ISOC
		wMaxPacketSize 384
		bInterval 1
	*** Interface descriptor ***
	bLength 9
	bDescriptorType 4
	bInterfaceNumber 1
	bAlternateSetting 3
	bNumEndpoints 1
	bInterfaceClass 0xe
	bInterfaceSubClass 0x2
	bInterfaceProtocol 0x0
	iInterface 0
		*** Endpoint descriptor ***
		bLength 7
		bDescriptorType 5
		bEndpointAddress 0x82	EP 2 IN
		bmAttributes 0x5	ISOC
		wMaxPacketSize 512
		bInterval 1
	*** Interface descriptor ***
	bLength 9
	bDescriptorType 4
	bInterfaceNumber 1
	bAlternateSetting 4
	bNumEndpoints 1
	bInterfaceClass 0xe
	bInterfaceSubClass 0x2
	bInterfaceProtocol 0x0
	iInterface 0
		*** Endpoint descriptor ***
		bLength 7
		bDescriptorType 5
		bEndpointAddress 0x82	EP 2 IN
		bmAttributes 0x5	ISOC
		wMaxPacketSize 640
		bInterval 1
	*** Interface descriptor ***
	bLength 9
	bDescriptorType 4
	bInterfaceNumber 1
	bAlternateSetting 5
	bNumEndpoints 1
	bInterfaceClass 0xe
	bInterfaceSubClass 0x2
	bInterfaceProtocol 0x0
	iInterface 0
		*** Endpoint descriptor ***
		bLength 7
		bDescriptorType 5
		bEndpointAddress 0x82	EP 2 IN
		bmAttributes 0x5	ISOC
		wMaxPacketSize 800
		bInterval 1
	*** Interface descriptor ***
	bLength 9
	bDescriptorType 4
	bInterfaceNumber 1
	bAlternateSetting 6
	bNumEndpoints 1
	bInterfaceClass 0xe
	bInterfaceSubClass 0x2
	bInterfaceProtocol 0x0
	iInterface 0
		*** Endpoint descriptor ***
		bLength 7
		bDescriptorType 5
		bEndpointAddress 0x82	EP 2 IN
		bmAttributes 0x5	ISOC
		wMaxPacketSize 944
		bInterval 1
	*** Interface descriptor ***
	bLength 9
	bDescriptorType 4
	bInterfaceNumber 1
	bAlternateSetting 7
	bNumEndpoints 1
	bInterfaceClass 0xe
	bInterfaceSubClass 0x2
	bInterfaceProtocol 0x0
	iInterface 0
		*** Endpoint descriptor ***
		bLength 7
		bDescriptorType 5
		bEndpointAddress 0x82	EP 2 IN
		bmAttributes 0x5	ISOC
		wMaxPacketSize 640
		wMaxPacketSize (with additional transactions in microframe) 1280
		bInterval 1
	*** Interface descriptor ***
	bLength 9
	bDescriptorType 4
	bInterfaceNumber 1
	bAlternateSetting 8
	bNumEndpoints 1
	bInterfaceClass 0xe
	bInterfaceSubClass 0x2
	bInterfaceProtocol 0x0
	iInterface 0
		*** Endpoint descriptor ***
		bLength 7
		bDescriptorType 5
		bEndpointAddress 0x82	EP 2 IN
		bmAttributes 0x5	ISOC
		wMaxPacketSize 800
		wMaxPacketSize (with additional transactions in microframe) 1600
		bInterval 1
	*** Interface descriptor ***
	bLength 9
	bDescriptorType 4
	bInterfaceNumber 1
	bAlternateSetting 9
	bNumEndpoints 1
	bInterfaceClass 0xe
	bInterfaceSubClass 0x2
	bInterfaceProtocol 0x0
	iInterface 0
		*** Endpoint descriptor ***
		bLength 7
		bDescriptorType 5
		bEndpointAddress 0x82	EP 2 IN
		bmAttributes 0x5	ISOC
		wMaxPacketSize 992
		wMaxPacketSize (with additional transactions in microframe) 1984
		bInterval 1
	*** Interface descriptor ***
	bLength 9
	bDescriptorType 4
	bInterfaceNumber 1
	bAlternateSetting 10
	bNumEndpoints 1
	bInterfaceClass 0xe
	bInterfaceSubClass 0x2
	bInterfaceProtocol 0x0
	iInterface 0
		*** Endpoint descriptor ***
		bLength 7
		bDescriptorType 5
		bEndpointAddress 0x82	EP 2 IN
		bmAttributes 0x5	ISOC
		wMaxPacketSize 896
		wMaxPacketSize (with additional transactions in microframe) 2688
		bInterval 1
	*** Interface descriptor ***
	bLength 9
	bDescriptorType 4
	bInterfaceNumber 1
	bAlternateSetting 11
	bNumEndpoints 1
	bInterfaceClass 0xe
	bInterfaceSubClass 0x2
	bInterfaceProtocol 0x0
	iInterface 0
		*** Endpoint descriptor ***
		bLength 7
		bDescriptorType 5
		bEndpointAddress 0x82	EP 2 IN
		bmAttributes 0x5	ISOC
		wMaxPacketSize 1024
		wMaxPacketSize (with additional transactions in microframe) 3072
		bInterval 1
*** Interface Association Descriptor ***
bLength 8
bDescriptorType 11
bFirstInterface 2
bInterfaceCount 2
bFunctionClass 0x1
bFunctionSubClass 0x0
bFunctionProtocol 0x0
iFunction 5
	*** Interface descriptor ***
	bLength 9
	bDescriptorType 4
	bInterfaceNumber 2
	bAlternateSetting 0
	bNumEndpoints 0
	bInterfaceClass 0x1
	bInterfaceSubClass 0x1
	bInterfaceProtocol 0x0
	iInterface 0
	*** Class-specific VC Interface Descriptor ***
	bLength 9
	bDescriptorType 0x24
	bDescriptorSubType 0x01
	bcdUVC 0100
	wTotalLength 39
	dwClockFrequency 604766977
	bInCollection 2
	baInterfaceNr[0] 1
	baInterfaceNr[1] 1
	*** Input Terminal Descriptor (Camera) ***
	bLength 12
	bDescriptorType 0x24
	bDescriptorSubType 0x02
	bTerminalID 0x1
	wTerminalType 0x201
	bAssocTerminal 0
	iTerminal 1
	wObjectiveFocalLengthMin 3
	wObjectiveFocalLengthMax 0
	wOcularFocalLength 9225
	bControlSize 6
	bmControls 0x2 0x1 0x2
	*** Extension Unit Descriptor unsupported, skipping... ***
	*** Output Terminal Descriptor ***
	bLength 9
	bDescriptorType 0x24
	bDescriptorSubType 0x03
	bTerminalID 3
	wTerminalType 0x101
	bAssocTerminal 0
	bSourceID 2
	iTerminal 0
	*** Interface descriptor ***
	bLength 9
	bDescriptorType 4
	bInterfaceNumber 3
	bAlternateSetting 0
	bNumEndpoints 0
	bInterfaceClass 0x1
	bInterfaceSubClass 0x2
	bInterfaceProtocol 0x0
	iInterface 0
	*** Interface descriptor ***
	bLength 9
	bDescriptorType 4
	bInterfaceNumber 3
	bAlternateSetting 1
	bNumEndpoints 1
	bInterfaceClass 0x1
	bInterfaceSubClass 0x2
	bInterfaceProtocol 0x0
	iInterface 0
	*** Class-specific VC Interface Descriptor ***
	bLength 7
	bDescriptorType 0x24
	bDescriptorSubType 0x01
	bcdUVC 0003
	wTotalLength 1
	dwClockFrequency 16917515
	bInCollection 2
	baInterfaceNr[0] 2
	baInterfaceNr[1] 16
	*** Input Terminal Descriptor (Media) ***
	bLength 11
	bDescriptorType 0x24
	bDescriptorSubType 0x02
	bTerminalID 0x1
	wTerminalType 0x202
	bAssocTerminal 16
	iTerminal 1
	bControlSize 128
	bmControls 0xBB
	bTransportModeSize 0
	bmTransportModes 0x9 0x5 0x83 0x1 0xC0
		*** Endpoint descriptor ***
		bLength 9
		bDescriptorType 5
		bEndpointAddress 0x83	EP 3 IN
		bmAttributes 0x1	ISOC
		wMaxPacketSize 192
		bInterval 4
		*** Class-specific Interrupt Endpoint Descriptor ***
		bLength 7
		bDescriptorType 0x25
		bDescriptorSubType 1
		wMaxTransferSize 1
	*** Interface descriptor ***
	bLength 9
	bDescriptorType 4
	bInterfaceNumber 4
	bAlternateSetting 0
	bNumEndpoints 2
	bInterfaceClass 0x3
	bInterfaceSubClass 0x0
	bInterfaceProtocol 0x0
	iInterface 0
 *** Unknown Descriptor Length: 9 Type: 33 ***
		*** Endpoint descriptor ***
		bLength 7
		bDescriptorType 5
		bEndpointAddress 0x84	EP 4 IN
		bmAttributes 0x3	INT
		wMaxPacketSize 64
		bInterval 4
		*** Endpoint descriptor ***
		bLength 7
		bDescriptorType 5
		bEndpointAddress 0x1	EP 1 OUT
		bmAttributes 0x3	INT
		wMaxPacketSize 64
		bInterval 4
D (392709) uvc: ctrl xfer cb
D (392711) uvc: ctrl xfer cb
D (392714) uvc: ctrl xfer cb
PV-UVC-FMT requested=800x600 applied=800x600 fourcc=MJPEG fps_x1000=30000
D (392722) uvc: ctrl xfer cb
D (392726) uvc: ctrl xfer cb
D (392728) uvc: ctrl xfer cb
D (392731) uvc: ctrl xfer cb
D (392733) uvc: ctrl xfer cb
D (392735) uvc: ctrl xfer cb
D (392738) uvc: ctrl xfer cb
D (392740) uvc: ctrl xfer cb
D (392752) uvc: ctrl xfer cb
PV-UVC-STATS t=1s cb=0 bytes=0 vazios=0 overflow=0 underflow=0 xfer_err=0
PV-UVC-STATS t=2s cb=0 bytes=0 vazios=0 overflow=0 underflow=0 xfer_err=0
PV-UVC-STATS t=3s cb=0 bytes=0 vazios=0 overflow=0 underflow=0 xfer_err=0
PV-UVC-STATS t=4s cb=0 bytes=0 vazios=0 overflow=0 underflow=0 xfer_err=0
PV-UVC-WARMUP requested=800x600 descartados=0
PV-UVC-STATS t=5s cb=0 bytes=0 vazios=0 overflow=0 underflow=0 xfer_err=0
PV-UVC-STATS t=6s cb=0 bytes=0 vazios=0 overflow=0 underflow=0 xfer_err=0
PV-UVC-STATS t=7s cb=0 bytes=0 vazios=0 overflow=0 underflow=0 xfer_err=0
PV-UVC-STATS t=8s cb=0 bytes=0 vazios=0 overflow=0 underflow=0 xfer_err=0
PV-UVC-STATS t=9s cb=0 bytes=0 vazios=0 overflow=0 underflow=0 xfer_err=0
PV-UVC-STATS t=10s cb=0 bytes=0 vazios=0 overflow=0 underflow=0 xfer_err=0
PV-UVC-STATS t=11s cb=0 bytes=0 vazios=0 overflow=0 underflow=0 xfer_err=0
PV-UVC-STATS t=12s cb=0 bytes=0 vazios=0 overflow=0 underflow=0 xfer_err=0
PV-UVC-STATS t=13s cb=0 bytes=0 vazios=0 overflow=0 underflow=0 xfer_err=0
PV-UVC-STATS t=14s cb=0 bytes=0 vazios=0 overflow=0 underflow=0 xfer_err=0
PV-UVC-STATS t=15s cb=0 bytes=0 vazios=0 overflow=0 underflow=0 xfer_err=0
PV-UVC-STATS t=16s cb=0 bytes=0 vazios=0 overflow=0 underflow=0 xfer_err=0
PV-UVC-STATS t=17s cb=0 bytes=0 vazios=0 overflow=0 underflow=0 xfer_err=0
PV-UVC-STATS t=18s cb=0 bytes=0 vazios=0 overflow=0 underflow=0 xfer_err=0
PV-UVC-STATS t=19s cb=0 bytes=0 vazios=0 overflow=0 underflow=0 xfer_err=0
D (427853) uvc: ctrl xfer cb
PV-UVC-STATS t=20s cb=0 bytes=0 vazios=0 overflow=0 underflow=0 xfer_err=0
PV-UVC-RUNG requested=800x600 applied=800x600 fourcc=JPEG bytesused=0 result=FAIL reason=sem-frame
PV-UVC-MEM etapa=pos-degrau psram_livre=8690596 psram_maior_bloco=8388608 interna_livre=394455
D (427869) uvc: ctrl xfer cb
D (427871) uvc: ctrl xfer cb
D (427876) uvc: ctrl xfer cb
PV-UVC-FMT requested=1920x1080 applied=1920x1080 fourcc=MJPEG fps_x1000=30000
D (427884) uvc: ctrl xfer cb
D (427886) uvc: ctrl xfer cb
D (427889) uvc: ctrl xfer cb
D (427893) uvc: ctrl xfer cb
D (427896) uvc: ctrl xfer cb
D (427898) uvc: ctrl xfer cb
D (427900) uvc: ctrl xfer cb
D (427902) uvc: ctrl xfer cb
D (427914) uvc: ctrl xfer cb
PV-UVC-STATS t=1s cb=0 bytes=0 vazios=0 overflow=0 underflow=0 xfer_err=0
PV-UVC-STATS t=2s cb=0 bytes=0 vazios=0 overflow=0 underflow=0 xfer_err=0
PV-UVC-STATS t=3s cb=0 bytes=0 vazios=0 overflow=0 underflow=0 xfer_err=0
PV-UVC-STATS t=4s cb=0 bytes=0 vazios=0 overflow=0 underflow=0 xfer_err=0
PV-UVC-WARMUP requested=1920x1080 descartados=0
PV-UVC-STATS t=5s cb=0 bytes=0 vazios=0 overflow=0 underflow=0 xfer_err=0
PV-UVC-STATS t=6s cb=0 bytes=0 vazios=0 overflow=0 underflow=0 xfer_err=0
PV-UVC-STATS t=7s cb=0 bytes=0 vazios=0 overflow=0 underflow=0 xfer_err=0
PV-UVC-STATS t=8s cb=0 bytes=0 vazios=0 overflow=0 underflow=0 xfer_err=0
PV-UVC-STATS t=9s cb=0 bytes=0 vazios=0 overflow=0 underflow=0 xfer_err=0
PV-UVC-STATS t=10s cb=0 bytes=0 vazios=0 overflow=0 underflow=0 xfer_err=0
PV-UVC-STATS t=11s cb=0 bytes=0 vazios=0 overflow=0 underflow=0 xfer_err=0
PV-UVC-STATS t=12s cb=0 bytes=0 vazios=0 overflow=0 underflow=0 xfer_err=0
PV-UVC-STATS t=13s cb=0 bytes=0 vazios=0 overflow=0 underflow=0 xfer_err=0
PV-UVC-STATS t=14s cb=0 bytes=0 vazios=0 overflow=0 underflow=0 xfer_err=0
PV-UVC-STATS t=15s cb=0 bytes=0 vazios=0 overflow=0 underflow=0 xfer_err=0
PV-UVC-STATS t=16s cb=0 bytes=0 vazios=0 overflow=0 underflow=0 xfer_err=0
PV-UVC-STATS t=17s cb=0 bytes=0 vazios=0 overflow=0 underflow=0 xfer_err=0
PV-UVC-STATS t=18s cb=0 bytes=0 vazios=0 overflow=0 underflow=0 xfer_err=0
PV-UVC-STATS t=19s cb=0 bytes=0 vazios=0 overflow=0 underflow=0 xfer_err=0
D (462014) uvc: ctrl xfer cb
PV-UVC-STATS t=20s cb=0 bytes=0 vazios=0 overflow=0 underflow=0 xfer_err=0
PV-UVC-RUNG requested=1920x1080 applied=1920x1080 fourcc=JPEG bytesused=0 result=FAIL reason=sem-frame
PV-UVC-MEM etapa=pos-degrau psram_livre=8690596 psram_maior_bloco=8388608 interna_livre=394455
D (462030) uvc: ctrl xfer cb
D (462034) uvc: ctrl xfer cb
D (462037) uvc: ctrl xfer cb
PV-UVC-FMT requested=2592x1944 applied=2592x1944 fourcc=MJPEG fps_x1000=30000
D (462045) uvc: ctrl xfer cb
D (462047) uvc: ctrl xfer cb
D (462052) uvc: ctrl xfer cb
D (462054) uvc: ctrl xfer cb
D (462057) uvc: ctrl xfer cb
D (462059) uvc: ctrl xfer cb
D (462061) uvc: ctrl xfer cb
D (462063) uvc: ctrl xfer cb
D (462075) uvc: ctrl xfer cb
PV-UVC-STATS t=1s cb=0 bytes=0 vazios=0 overflow=0 underflow=0 xfer_err=0
PV-UVC-STATS t=2s cb=0 bytes=0 vazios=0 overflow=0 underflow=0 xfer_err=0
PV-UVC-STATS t=3s cb=0 bytes=0 vazios=0 overflow=0 underflow=0 xfer_err=0
PV-UVC-STATS t=4s cb=0 bytes=0 vazios=0 overflow=0 underflow=0 xfer_err=0
PV-UVC-WARMUP requested=2592x1944 descartados=0
PV-UVC-STATS t=5s cb=0 bytes=0 vazios=0 overflow=0 underflow=0 xfer_err=0
PV-UVC-STATS t=6s cb=0 bytes=0 vazios=0 overflow=0 underflow=0 xfer_err=0
PV-UVC-STATS t=7s cb=0 bytes=0 vazios=0 overflow=0 underflow=0 xfer_err=0
PV-UVC-STATS t=8s cb=0 bytes=0 vazios=0 overflow=0 underflow=0 xfer_err=0
PV-UVC-STATS t=9s cb=0 bytes=0 vazios=0 overflow=0 underflow=0 xfer_err=0
PV-UVC-STATS t=10s cb=0 bytes=0 vazios=0 overflow=0 underflow=0 xfer_err=0
PV-UVC-STATS t=11s cb=0 bytes=0 vazios=0 overflow=0 underflow=0 xfer_err=0
PV-UVC-STATS t=12s cb=0 bytes=0 vazios=0 overflow=0 underflow=0 xfer_err=0
PV-UVC-STATS t=13s cb=0 bytes=0 vazios=0 overflow=0 underflow=0 xfer_err=0
PV-UVC-STATS t=14s cb=0 bytes=0 vazios=0 overflow=0 underflow=0 xfer_err=0
PV-UVC-STATS t=15s cb=0 bytes=0 vazios=0 overflow=0 underflow=0 xfer_err=0
PV-UVC-STATS t=16s cb=0 bytes=0 vazios=0 overflow=0 underflow=0 xfer_err=0
PV-UVC-STATS t=17s cb=0 bytes=0 vazios=0 overflow=0 underflow=0 xfer_err=0
PV-UVC-STATS t=18s cb=0 bytes=0 vazios=0 overflow=0 underflow=0 xfer_err=0
PV-UVC-STATS t=19s cb=0 bytes=0 vazios=0 overflow=0 underflow=0 xfer_err=0
D (497176) uvc: ctrl xfer cb
PV-UVC-STATS t=20s cb=0 bytes=0 vazios=0 overflow=0 underflow=0 xfer_err=0
PV-UVC-RUNG requested=2592x1944 applied=2592x1944 fourcc=JPEG bytesused=0 result=FAIL reason=sem-frame
PV-UVC-MEM etapa=pos-degrau psram_livre=8690596 psram_maior_bloco=8388608 interna_livre=394455
D (497193) uvc: ctrl xfer cb
D (497197) uvc: ctrl xfer cb
D (497199) uvc: ctrl xfer cb
PV-UVC-FMT requested=3264x2448 applied=3264x2448 fourcc=MJPEG fps_x1000=30000
D (497207) uvc: ctrl xfer cb
D (497209) uvc: ctrl xfer cb
D (497214) uvc: ctrl xfer cb
D (497216) uvc: ctrl xfer cb
D (497219) uvc: ctrl xfer cb
D (497221) uvc: ctrl xfer cb
D (497224) uvc: ctrl xfer cb
D (497226) uvc: ctrl xfer cb
D (497238) uvc: ctrl xfer cb
PV-UVC-STATS t=1s cb=0 bytes=0 vazios=0 overflow=0 underflow=0 xfer_err=0
PV-UVC-STATS t=2s cb=0 bytes=0 vazios=0 overflow=0 underflow=0 xfer_err=0
PV-UVC-STATS t=3s cb=0 bytes=0 vazios=0 overflow=0 underflow=0 xfer_err=0
PV-UVC-STATS t=4s cb=0 bytes=0 vazios=0 overflow=0 underflow=0 xfer_err=0
PV-UVC-WARMUP requested=3264x2448 descartados=0
PV-UVC-STATS t=5s cb=0 bytes=0 vazios=0 overflow=0 underflow=0 xfer_err=0
PV-UVC-STATS t=6s cb=0 bytes=0 vazios=0 overflow=0 underflow=0 xfer_err=0
PV-UVC-STATS t=7s cb=0 bytes=0 vazios=0 overflow=0 underflow=0 xfer_err=0
PV-UVC-STATS t=8s cb=0 bytes=0 vazios=0 overflow=0 underflow=0 xfer_err=0
PV-UVC-STATS t=9s cb=0 bytes=0 vazios=0 overflow=0 underflow=0 xfer_err=0
PV-UVC-STATS t=10s cb=0 bytes=0 vazios=0 overflow=0 underflow=0 xfer_err=0
PV-UVC-STATS t=11s cb=0 bytes=0 vazios=0 overflow=0 underflow=0 xfer_err=0
PV-UVC-STATS t=12s cb=0 bytes=0 vazios=0 overflow=0 underflow=0 xfer_err=0
PV-UVC-STATS t=13s cb=0 bytes=0 vazios=0 overflow=0 underflow=0 xfer_err=0
PV-UVC-STATS t=14s cb=0 bytes=0 vazios=0 overflow=0 underflow=0 xfer_err=0
PV-UVC-STATS t=15s cb=0 bytes=0 vazios=0 overflow=0 underflow=0 xfer_err=0
PV-UVC-STATS t=16s cb=0 bytes=0 vazios=0 overflow=0 underflow=0 xfer_err=0
PV-UVC-STATS t=17s cb=0 bytes=0 vazios=0 overflow=0 underflow=0 xfer_err=0
PV-UVC-STATS t=18s cb=0 bytes=0 vazios=0 overflow=0 underflow=0 xfer_err=0
PV-UVC-STATS t=19s cb=0 bytes=0 vazios=0 overflow=0 underflow=0 xfer_err=0
PV-UVC-STATS t=20s cb=0 bytes=0 vazios=0 overflow=0 underflow=0 xfer_err=0
D (532338) uvc: ctrl xfer cb
PV-UVC-STATS t=21s cb=0 bytes=0 vazios=0 overflow=0 underflow=0 xfer_err=0
PV-UVC-RUNG requested=3264x2448 applied=3264x2448 fourcc=JPEG bytesused=0 result=FAIL reason=sem-frame
PV-UVC-MEM etapa=pos-degrau psram_livre=8690596 psram_maior_bloco=8388608 interna_livre=394455
D (532355) uvc: ctrl xfer cb
D (532358) uvc: ctrl xfer cb
D (532361) uvc: ctrl xfer cb
PV-UVC-FMT requested=4000x3000 applied=4000x3000 fourcc=MJPEG fps_x1000=15000
D (532369) uvc: ctrl xfer cb
D (532371) uvc: ctrl xfer cb
D (532376) uvc: ctrl xfer cb
D (532378) uvc: ctrl xfer cb
D (532381) uvc: ctrl xfer cb
D (532383) uvc: ctrl xfer cb
D (532385) uvc: ctrl xfer cb
D (532387) uvc: ctrl xfer cb
D (532399) uvc: ctrl xfer cb
PV-UVC-STATS t=1s cb=0 bytes=0 vazios=0 overflow=0 underflow=0 xfer_err=0
PV-UVC-STATS t=2s cb=0 bytes=0 vazios=0 overflow=0 underflow=0 xfer_err=0
PV-UVC-STATS t=3s cb=0 bytes=0 vazios=0 overflow=0 underflow=0 xfer_err=0
PV-UVC-WARMUP requested=4000x3000 descartados=0
PV-UVC-STATS t=4s cb=0 bytes=0 vazios=0 overflow=0 underflow=0 xfer_err=0
PV-UVC-STATS t=5s cb=0 bytes=0 vazios=0 overflow=0 underflow=0 xfer_err=0
PV-UVC-STATS t=6s cb=0 bytes=0 vazios=0 overflow=0 underflow=0 xfer_err=0
PV-UVC-STATS t=7s cb=0 bytes=0 vazios=0 overflow=0 underflow=0 xfer_err=0
PV-UVC-STATS t=8s cb=0 bytes=0 vazios=0 overflow=0 underflow=0 xfer_err=0
PV-UVC-STATS t=9s cb=0 bytes=0 vazios=0 overflow=0 underflow=0 xfer_err=0
PV-UVC-STATS t=10s cb=0 bytes=0 vazios=0 overflow=0 underflow=0 xfer_err=0
PV-UVC-STATS t=11s cb=0 bytes=0 vazios=0 overflow=0 underflow=0 xfer_err=0
PV-UVC-STATS t=12s cb=0 bytes=0 vazios=0 overflow=0 underflow=0 xfer_err=0
PV-UVC-STATS t=13s cb=0 bytes=0 vazios=0 overflow=0 underflow=0 xfer_err=0
PV-UVC-STATS t=14s cb=0 bytes=0 vazios=0 overflow=0 underflow=0 xfer_err=0
PV-UVC-STATS t=15s cb=0 bytes=0 vazios=0 overflow=0 underflow=0 xfer_err=0
PV-UVC-STATS t=16s cb=0 bytes=0 vazios=0 overflow=0 underflow=0 xfer_err=0
PV-UVC-STATS t=17s cb=0 bytes=0 vazios=0 overflow=0 underflow=0 xfer_err=0
PV-UVC-STATS t=18s cb=0 bytes=0 vazios=0 overflow=0 underflow=0 xfer_err=0
PV-UVC-STATS t=19s cb=0 bytes=0 vazios=0 overflow=0 underflow=0 xfer_err=0
D (566500) uvc: ctrl xfer cb
PV-UVC-STATS t=20s cb=0 bytes=0 vazios=0 overflow=0 underflow=0 xfer_err=0
PV-UVC-RUNG requested=4000x3000 applied=4000x3000 fourcc=JPEG bytesused=0 result=FAIL reason=sem-frame
PV-UVC-MEM etapa=pos-degrau psram_livre=8690596 psram_maior_bloco=8388608 interna_livre=394455
PV-UVC-SUMARIO inicio
PV-UVC-SUMARIO degrau=1 requested=800x600 applied=800x600 fourcc=JPEG bytesused=0 result=FAIL reason=sem-frame obrigatorio=sim
PV-UVC-SUMARIO degrau=2 requested=1920x1080 applied=1920x1080 fourcc=JPEG bytesused=0 result=FAIL reason=sem-frame obrigatorio=sim
PV-UVC-SUMARIO degrau=3 requested=2592x1944 applied=2592x1944 fourcc=JPEG bytesused=0 result=FAIL reason=sem-frame obrigatorio=sim
PV-UVC-SUMARIO degrau=4 requested=3264x2448 applied=3264x2448 fourcc=JPEG bytesused=0 result=FAIL reason=sem-frame obrigatorio=sim
PV-UVC-SUMARIO degrau=5 requested=4000x3000 applied=4000x3000 fourcc=JPEG bytesused=0 result=FAIL reason=sem-frame obrigatorio=nao
PV-UVC-SUMARIO fim pass=0 fail=5 total=5 fail_obrigatorios=4
PV-UVC-CICLO 3 fim — REPLUG a camera para disparar nova escada (retry 15 s)

PV-UVC-CICLO 4 inicio
PV-UVC-ENUM device dev_addr=1 stream_index=0 frames_anunciados=26
PV-UVC-ENUM frame index=0 format=MJPEG 1920x1080 default_interval=333333 tipos=3
PV-UVC-ENUM interval index=0 k=0 valor=333333 fps_x1000=30000
PV-UVC-ENUM interval index=0 k=1 valor=666666 fps_x1000=15000
PV-UVC-ENUM interval index=0 k=2 valor=1000000 fps_x1000=10000
PV-UVC-ENUM frame index=1 format=MJPEG 640x320 default_interval=333333 tipos=3
PV-UVC-ENUM interval index=1 k=0 valor=333333 fps_x1000=30000
PV-UVC-ENUM interval index=1 k=1 valor=666666 fps_x1000=15000
PV-UVC-ENUM interval index=1 k=2 valor=1000000 fps_x1000=10000
PV-UVC-ENUM frame index=2 format=MJPEG 640x480 default_interval=333333 tipos=3
PV-UVC-ENUM interval index=2 k=0 valor=333333 fps_x1000=30000
PV-UVC-ENUM interval index=2 k=1 valor=666666 fps_x1000=15000
PV-UVC-ENUM interval index=2 k=2 valor=1000000 fps_x1000=10000
PV-UVC-ENUM frame index=3 format=MJPEG 800x600 default_interval=333333 tipos=3
PV-UVC-ENUM interval index=3 k=0 valor=333333 fps_x1000=30000
PV-UVC-ENUM interval index=3 k=1 valor=666666 fps_x1000=15000
PV-UVC-ENUM interval index=3 k=2 valor=1000000 fps_x1000=10000
PV-UVC-ENUM frame index=4 format=MJPEG 1024x768 default_interval=333333 tipos=3
PV-UVC-ENUM interval index=4 k=0 valor=333333 fps_x1000=30000
PV-UVC-ENUM interval index=4 k=1 valor=666666 fps_x1000=15000
PV-UVC-ENUM interval index=4 k=2 valor=1000000 fps_x1000=10000
PV-UVC-ENUM frame index=5 format=MJPEG 1280x720 default_interval=333333 tipos=3
PV-UVC-ENUM interval index=5 k=0 valor=333333 fps_x1000=30000
PV-UVC-ENUM interval index=5 k=1 valor=666666 fps_x1000=15000
PV-UVC-ENUM interval index=5 k=2 valor=1000000 fps_x1000=10000
PV-UVC-ENUM frame index=6 format=MJPEG 1280x960 default_interval=333333 tipos=3
PV-UVC-ENUM interval index=6 k=0 valor=333333 fps_x1000=30000
PV-UVC-ENUM interval index=6 k=1 valor=666666 fps_x1000=15000
PV-UVC-ENUM interval index=6 k=2 valor=1000000 fps_x1000=10000
PV-UVC-ENUM frame index=7 format=MJPEG 1600x1200 default_interval=333333 tipos=3
PV-UVC-ENUM interval index=7 k=0 valor=333333 fps_x1000=30000
PV-UVC-ENUM interval index=7 k=1 valor=666666 fps_x1000=15000
PV-UVC-ENUM interval index=7 k=2 valor=1000000 fps_x1000=10000
PV-UVC-ENUM frame index=8 format=MJPEG 2048x1536 default_interval=333333 tipos=3
PV-UVC-ENUM interval index=8 k=0 valor=333333 fps_x1000=30000
PV-UVC-ENUM interval index=8 k=1 valor=666666 fps_x1000=15000
PV-UVC-ENUM interval index=8 k=2 valor=1000000 fps_x1000=10000
PV-UVC-ENUM frame index=9 format=MJPEG 2592x1944 default_interval=333333 tipos=3
PV-UVC-ENUM interval index=9 k=0 valor=333333 fps_x1000=30000
PV-UVC-ENUM interval index=9 k=1 valor=666666 fps_x1000=15000
PV-UVC-ENUM interval index=9 k=2 valor=1000000 fps_x1000=10000
PV-UVC-ENUM frame index=10 format=MJPEG 3264x2448 default_interval=333333 tipos=3
PV-UVC-ENUM interval index=10 k=0 valor=333333 fps_x1000=30000
PV-UVC-ENUM interval index=10 k=1 valor=666666 fps_x1000=15000
PV-UVC-ENUM interval index=10 k=2 valor=1000000 fps_x1000=10000
PV-UVC-ENUM frame index=11 format=MJPEG 3840x2160 default_interval=333333 tipos=3
PV-UVC-ENUM interval index=11 k=0 valor=333333 fps_x1000=30000
PV-UVC-ENUM interval index=11 k=1 valor=666666 fps_x1000=15000
PV-UVC-ENUM interval index=11 k=2 valor=1000000 fps_x1000=10000
PV-UVC-ENUM frame index=12 format=MJPEG 4000x3000 default_interval=666666 tipos=2
PV-UVC-ENUM interval index=12 k=0 valor=666666 fps_x1000=15000
PV-UVC-ENUM interval index=12 k=1 valor=1000000 fps_x1000=10000
PV-UVC-ENUM frame index=13 format=MJPEG 320x240 default_interval=333333 tipos=2
PV-UVC-ENUM interval index=13 k=0 valor=333333 fps_x1000=30000
PV-UVC-ENUM interval index=13 k=1 valor=666666 fps_x1000=15000
PV-UVC-ENUM frame index=14 format=YUY2 320x240 default_interval=500000 tipos=2
PV-UVC-ENUM interval index=14 k=0 valor=500000 fps_x1000=20000
PV-UVC-ENUM interval index=14 k=1 valor=1000000 fps_x1000=10000
PV-UVC-ENUM frame index=15 format=YUY2 640x360 default_interval=500000 tipos=2
PV-UVC-ENUM interval index=15 k=0 valor=500000 fps_x1000=20000
PV-UVC-ENUM interval index=15 k=1 valor=1000000 fps_x1000=10000
PV-UVC-ENUM frame index=16 format=YUY2 640x480 default_interval=1000000 tipos=1
PV-UVC-ENUM interval index=16 k=0 valor=1000000 fps_x1000=10000
PV-UVC-ENUM frame index=17 format=YUY2 800x600 default_interval=1000000 tipos=1
PV-UVC-ENUM interval index=17 k=0 valor=1000000 fps_x1000=10000
PV-UVC-ENUM frame index=18 format=YUY2 1024x720 default_interval=1000000 tipos=1
PV-UVC-ENUM interval index=18 k=0 valor=1000000 fps_x1000=10000
PV-UVC-ENUM frame index=19 format=YUY2 1280x940 default_interval=1000000 tipos=1
PV-UVC-ENUM interval index=19 k=0 valor=1000000 fps_x1000=10000
PV-UVC-ENUM frame index=20 format=YUY2 1280x1024 default_interval=1000000 tipos=1
PV-UVC-ENUM interval index=20 k=0 valor=1000000 fps_x1000=10000
PV-UVC-ENUM frame index=21 format=YUY2 1600x1200 default_interval=2000000 tipos=1
PV-UVC-ENUM interval index=21 k=0 valor=2000000 fps_x1000=5000
PV-UVC-ENUM frame index=22 format=YUY2 1920x1080 default_interval=2000000 tipos=1
PV-UVC-ENUM interval index=22 k=0 valor=2000000 fps_x1000=5000
PV-UVC-ENUM frame index=23 format=YUY2 2048x1536 default_interval=2000000 tipos=1
PV-UVC-ENUM interval index=23 k=0 valor=2000000 fps_x1000=5000
PV-UVC-ENUM frame index=24 format=YUY2 2560x1440 default_interval=2000000 tipos=1
PV-UVC-ENUM interval index=24 k=0 valor=2000000 fps_x1000=5000
PV-UVC-ENUM frame index=25 format=YUY2 2592x1944 default_interval=2000000 tipos=1
PV-UVC-ENUM interval index=25 k=0 valor=2000000 fps_x1000=5000
PV-UVC-ENUM result=OK entradas=26 tamanhos_mjpeg=14
D (582072) uvc: Checking list of opened USB devices
D (582076) uvc: Checking list of connected USB devices
D (582081) uvc: Claimed interface index 1 with MPS 1024
D (582086) uvc: ctrl xfer cb
D (582091) uvc: ctrl xfer cb
D (582093) uvc: ctrl xfer cb
D (582095) uvc: ctrl xfer cb
I (582096) uvc: Allocating 8 USB transfers for ISOC. Each: 3072 bytes, 1 ISOC packets, 3072 MPS
PV-UVC-MEM etapa=pos-open psram_livre=8690596 psram_maior_bloco=8388608 interna_livre=394455
*** Device descriptor ***
bLength 18
bDescriptorType 1
bcdUSB 2.00
bDeviceClass 0xef
bDeviceSubClass 0x2
bDeviceProtocol 0x1
bMaxPacketSize0 64
idVendor 0xb024
idProduct 0x725
bcdDevice 1.00
iManufacturer 1
iProduct 2
iSerialNumber 3
bNumConfigurations 1
*** Configuration descriptor ***
bLength 9
bDescriptorType 2
wTotalLength 1463
bNumInterfaces 5
bConfigurationValue 1
iConfiguration 0
bmAttributes 0x80
bMaxPower 500mA
*** Interface Association Descriptor ***
bLength 8
bDescriptorType 11
bFirstInterface 0
bInterfaceCount 2
bFunctionClass 0xe
bFunctionSubClass 0x3
bFunctionProtocol 0x0
iFunction 4
	*** Interface descriptor ***
	bLength 9
	bDescriptorType 4
	bInterfaceNumber 0
	bAlternateSetting 0
	bNumEndpoints 1
	bInterfaceClass 0xe
	bInterfaceSubClass 0x1
	bInterfaceProtocol 0x0
	iInterface 0
	*** Class-specific VC Interface Descriptor ***
	bLength 13
	bDescriptorType 0x24
	bDescriptorSubType 0x01
	bcdUVC 0100
	wTotalLength 80
	dwClockFrequency 24000000
	bInCollection 1
	baInterfaceNr[0] 1
	*** Input Terminal Descriptor (Camera) ***
	bLength 18
	bDescriptorType 0x24
	bDescriptorSubType 0x02
	bTerminalID 0x1
	wTerminalType 0x201
	bAssocTerminal 0
	iTerminal 0
	wObjectiveFocalLengthMin 0
	wObjectiveFocalLengthMax 0
	wOcularFocalLength 0
	bControlSize 3
	bmControls 0x7A 0x2A 0x2
	*** Extension Unit Descriptor unsupported, skipping... ***
	*** Processing Unit Descriptor ***
	bLength 11
	bDescriptorType 0x24
	bDescriptorSubType 0x05
	bUnitID 3
	bSourceID 2
	wMaxMultiplier 16384
	bControlSize 2
	bmControls 0x7F 0x17 0x0
	iProcessing 9
	bmVideoStandards 0x24
	*** Output Terminal Descriptor ***
	bLength 9
	bDescriptorType 0x24
	bDescriptorSubType 0x03
	bTerminalID 4
	wTerminalType 0x101
	bAssocTerminal 0
	bSourceID 3
	iTerminal 0
		*** Endpoint descriptor ***
		bLength 7
		bDescriptorType 5
		bEndpointAddress 0x81	EP 1 IN
		bmAttributes 0x3	INT
		wMaxPacketSize 16
		bInterval 8
		*** Class-specific Interrupt Endpoint Descriptor ***
		bLength 5
		bDescriptorType 0x25
		bDescriptorSubType 3
		wMaxTransferSize 16
	*** Interface descriptor ***
	bLength 9
	bDescriptorType 4
	bInterfaceNumber 1
	bAlternateSetting 0
	bNumEndpoints 0
	bInterfaceClass 0xe
	bInterfaceSubClass 0x2
	bInterfaceProtocol 0x0
	iInterface 0
	*** Class-specific VC Interface Descriptor ***
	bLength 15
	bDescriptorType 0x24
	bDescriptorSubType 0x01
	bcdUVC fc02
	wTotalLength 33283
	dwClockFrequency 16909312
	bInCollection 1
	baInterfaceNr[0] 1
	*** Extension Unit Descriptor unsupported, skipping... ***
	*** VS Frame Descriptor ***
	bLength 38
	bDescriptorType 0x24
	bDescriptorSubType 0x07
	bFrameIndex 1
	bmCapabilities 0x0
	wWidth 1920
	wHeight 1080
	dwMinBitRate 20736000
	dwMaxBitRate 62208000
	dwMaxVideoFrameBufSize 2073600
	dwDefaultFrameInterval 333333
	bFrameIntervalType 3
	FrameInterval[0] 333333
	FrameInterval[1] 666666
	FrameInterval[2] 1000000
	*** VS Frame Descriptor ***
	bLength 38
	bDescriptorType 0x24
	bDescriptorSubType 0x07
	bFrameIndex 2
	bmCapabilities 0x0
	wWidth 640
	wHeight 320
	dwMinBitRate 2048000
	dwMaxBitRate 6144000
	dwMaxVideoFrameBufSize 204800
	dwDefaultFrameInterval 333333
	bFrameIntervalType 3
	FrameInterval[0] 333333
	FrameInterval[1] 666666
	FrameInterval[2] 1000000
	*** VS Frame Descriptor ***
	bLength 38
	bDescriptorType 0x24
	bDescriptorSubType 0x07
	bFrameIndex 3
	bmCapabilities 0x0
	wWidth 640
	wHeight 480
	dwMinBitRate 3072000
	dwMaxBitRate 9216000
	dwMaxVideoFrameBufSize 307200
	dwDefaultFrameInterval 333333
	bFrameIntervalType 3
	FrameInterval[0] 333333
	FrameInterval[1] 666666
	FrameInterval[2] 1000000
	*** VS Frame Descriptor ***
	bLength 38
	bDescriptorType 0x24
	bDescriptorSubType 0x07
	bFrameIndex 4
	bmCapabilities 0x0
	wWidth 800
	wHeight 600
	dwMinBitRate 4800000
	dwMaxBitRate 14400000
	dwMaxVideoFrameBufSize 480000
	dwDefaultFrameInterval 333333
	bFrameIntervalType 3
	FrameInterval[0] 333333
	FrameInterval[1] 666666
	FrameInterval[2] 1000000
	*** VS Frame Descriptor ***
	bLength 38
	bDescriptorType 0x24
	bDescriptorSubType 0x07
	bFrameIndex 5
	bmCapabilities 0x0
	wWidth 1024
	wHeight 768
	dwMinBitRate 7864320
	dwMaxBitRate 23592960
	dwMaxVideoFrameBufSize 786432
	dwDefaultFrameInterval 333333
	bFrameIntervalType 3
	FrameInterval[0] 333333
	FrameInterval[1] 666666
	FrameInterval[2] 1000000
	*** VS Frame Descriptor ***
	bLength 38
	bDescriptorType 0x24
	bDescriptorSubType 0x07
	bFrameIndex 6
	bmCapabilities 0x0
	wWidth 1280
	wHeight 720
	dwMinBitRate 9216000
	dwMaxBitRate 27648000
	dwMaxVideoFrameBufSize 921600
	dwDefaultFrameInterval 333333
	bFrameIntervalType 3
	FrameInterval[0] 333333
	FrameInterval[1] 666666
	FrameInterval[2] 1000000
	*** VS Frame Descriptor ***
	bLength 38
	bDescriptorType 0x24
	bDescriptorSubType 0x07
	bFrameIndex 7
	bmCapabilities 0x0
	wWidth 1280
	wHeight 960
	dwMinBitRate 12288000
	dwMaxBitRate 36864000
	dwMaxVideoFrameBufSize 1228800
	dwDefaultFrameInterval 333333
	bFrameIntervalType 3
	FrameInterval[0] 333333
	FrameInterval[1] 666666
	FrameInterval[2] 1000000
	*** VS Frame Descriptor ***
	bLength 38
	bDescriptorType 0x24
	bDescriptorSubType 0x07
	bFrameIndex 8
	bmCapabilities 0x0
	wWidth 1600
	wHeight 1200
	dwMinBitRate 19200000
	dwMaxBitRate 57600000
	dwMaxVideoFrameBufSize 1920000
	dwDefaultFrameInterval 333333
	bFrameIntervalType 3
	FrameInterval[0] 333333
	FrameInterval[1] 666666
	FrameInterval[2] 1000000
	*** VS Frame Descriptor ***
	bLength 38
	bDescriptorType 0x24
	bDescriptorSubType 0x07
	bFrameIndex 9
	bmCapabilities 0x0
	wWidth 2048
	wHeight 1536
	dwMinBitRate 31457280
	dwMaxBitRate 94371840
	dwMaxVideoFrameBufSize 3145728
	dwDefaultFrameInterval 333333
	bFrameIntervalType 3
	FrameInterval[0] 333333
	FrameInterval[1] 666666
	FrameInterval[2] 1000000
	*** VS Frame Descriptor ***
	bLength 38
	bDescriptorType 0x24
	bDescriptorSubType 0x07
	bFrameIndex 10
	bmCapabilities 0x0
	wWidth 2592
	wHeight 1944
	dwMinBitRate 50388480
	dwMaxBitRate 151165440
	dwMaxVideoFrameBufSize 5038848
	dwDefaultFrameInterval 333333
	bFrameIntervalType 3
	FrameInterval[0] 333333
	FrameInterval[1] 666666
	FrameInterval[2] 1000000
	*** VS Frame Descriptor ***
	bLength 38
	bDescriptorType 0x24
	bDescriptorSubType 0x07
	bFrameIndex 11
	bmCapabilities 0x0
	wWidth 3264
	wHeight 2448
	dwMinBitRate 79902720
	dwMaxBitRate 239708160
	dwMaxVideoFrameBufSize 7990272
	dwDefaultFrameInterval 333333
	bFrameIntervalType 3
	FrameInterval[0] 333333
	FrameInterval[1] 666666
	FrameInterval[2] 1000000
	*** VS Frame Descriptor ***
	bLength 38
	bDescriptorType 0x24
	bDescriptorSubType 0x07
	bFrameIndex 12
	bmCapabilities 0x0
	wWidth 3840
	wHeight 2160
	dwMinBitRate 82944000
	dwMaxBitRate 248832000
	dwMaxVideoFrameBufSize 8294400
	dwDefaultFrameInterval 333333
	bFrameIntervalType 3
	FrameInterval[0] 333333
	FrameInterval[1] 666666
	FrameInterval[2] 1000000
	*** VS Frame Descriptor ***
	bLength 34
	bDescriptorType 0x24
	bDescriptorSubType 0x07
	bFrameIndex 13
	bmCapabilities 0x0
	wWidth 4000
	wHeight 3000
	dwMinBitRate 120000000
	dwMaxBitRate 180000000
	dwMaxVideoFrameBufSize 12000000
	dwDefaultFrameInterval 666666
	bFrameIntervalType 2
	FrameInterval[0] 666666
	FrameInterval[1] 1000000
	*** VS Frame Descriptor ***
	bLength 34
	bDescriptorType 0x24
	bDescriptorSubType 0x07
	bFrameIndex 14
	bmCapabilities 0x0
	wWidth 320
	wHeight 240
	dwMinBitRate 1152000
	dwMaxBitRate 2304000
	dwMaxVideoFrameBufSize 76800
	dwDefaultFrameInterval 333333
	bFrameIntervalType 2
	FrameInterval[0] 333333
	FrameInterval[1] 666666
	*** Output Terminal Descriptor ***
	bLength 63
	bDescriptorType 0x24
	bDescriptorSubType 0x03
	bTerminalID 0
	wTerminalType 0x800E
	bAssocTerminal 7
	bSourceID 56
	iTerminal 4
	*** VS Color Format Descriptor ***
	bLength 6
	bDescriptorType 0x24
	bDescriptorSubType 0x0D
	bColorPrimaries 0x1
	bTransferCharacteristics 1
	bMatrixCoefficients 0x4
	*** Selector Unit Descriptor ***
	bLength 27
	bDescriptorType 0x24
	bDescriptorSubType 0x04
	bUnitID 2
	bNrInPins 12
	baSourceID1 89
	baSourceID2 85
	iSelector 89
	*** Processing Unit Descriptor ***
	bLength 34
	bDescriptorType 0x24
	bDescriptorSubType 0x05
	bUnitID 1
	bSourceID 0
	wMaxMultiplier 320
	bControlSize 240
	bmControls 0x0 0x0 0x70
	iProcessing 23
	bmVideoStandards 0x0
	*** Processing Unit Descriptor ***
	bLength 34
	bDescriptorType 0x24
	bDescriptorSubType 0x05
	bUnitID 2
	bSourceID 0
	wMaxMultiplier 640
	bControlSize 104
	bmControls 0x1 0x0 0x50
	iProcessing 70
	bmVideoStandards 0x0
	*** Processing Unit Descriptor ***
	bLength 30
	bDescriptorType 0x24
	bDescriptorSubType 0x05
	bUnitID 3
	bSourceID 0
	wMaxMultiplier 640
	bControlSize 224
	bmControls 0x1 0x0 0xC0
	iProcessing 93
	bmVideoStandards 0x0
	*** Processing Unit Descriptor ***
	bLength 30
	bDescriptorType 0x24
	bDescriptorSubType 0x05
	bUnitID 4
	bSourceID 0
	wMaxMultiplier 800
	bControlSize 88
	bmControls 0x2 0x0 0x7C
	iProcessing 146
	bmVideoStandards 0x0
	*** Processing Unit Descriptor ***
	bLength 30
	bDescriptorType 0x24
	bDescriptorSubType 0x05
	bUnitID 5
	bSourceID 0
	wMaxMultiplier 1024
	bControlSize 208
	bmControls 0x2 0x0 0x0
	iProcessing 225
	bmVideoStandards 0x0
	*** Processing Unit Descriptor ***
	bLength 30
	bDescriptorType 0x24
	bDescriptorSubType 0x05
	bUnitID 6
	bSourceID 0
	wMaxMultiplier 1280
	bControlSize 172
	bmControls 0x3 0x0 0x30
	iProcessing 111
	bmVideoStandards 0x1
	*** Processing Unit Descriptor ***
	bLength 30
	bDescriptorType 0x24
	bDescriptorSubType 0x05
	bUnitID 7
	bSourceID 0
	wMaxMultiplier 1280
	bControlSize 0
	bmControls 0x4 0x0 0x0
	iProcessing 144
	bmVideoStandards 0x1
	*** Processing Unit Descriptor ***
	bLength 30
	bDescriptorType 0x24
	bDescriptorSubType 0x05
	bUnitID 8
	bSourceID 0
	wMaxMultiplier 1600
	bControlSize 176
	bmControls 0x4 0x0 0xF8
	iProcessing 36
	bmVideoStandards 0x1
	*** Processing Unit Descriptor ***
	bLength 30
	bDescriptorType 0x24
	bDescriptorSubType 0x05
	bUnitID 9
	bSourceID 0
	wMaxMultiplier 1920
	bControlSize 56
	bmControls 0x4 0x0 0x68
	iProcessing 60
	bmVideoStandards 0x1
	*** Processing Unit Descriptor ***
	bLength 30
	bDescriptorType 0x24
	bDescriptorSubType 0x05
	bUnitID 10
	bSourceID 0
	wMaxMultiplier 2048
	bControlSize 0
	bmControls 0x6 0x0 0x0
	iProcessing 224
	bmVideoStandards 0x1
	*** Processing Unit Descriptor ***
	bLength 30
	bDescriptorType 0x24
	bDescriptorSubType 0x05
	bUnitID 11
	bSourceID 0
	wMaxMultiplier 2560
	bControlSize 160
	bmControls 0x5 0x0 0x80
	iProcessing 50
	bmVideoStandards 0x2
	*** Processing Unit Descriptor ***
	bLength 30
	bDescriptorType 0x24
	bDescriptorSubType 0x05
	bUnitID 12
	bSourceID 0
	wMaxMultiplier 2592
	bControlSize 152
	bmControls 0x7 0x0 0xDE
	iProcessing 0
	bmVideoStandards 0x3
	*** VS Color Format Descriptor ***
	bLength 6
	bDescriptorType 0x24
	bDescriptorSubType 0x0D
	bColorPrimaries 0x1
	bTransferCharacteristics 1
	bMatrixCoefficients 0x4
	*** Interface descriptor ***
	bLength 9
	bDescriptorType 4
	bInterfaceNumber 1
	bAlternateSetting 1
	bNumEndpoints 1
	bInterfaceClass 0xe
	bInterfaceSubClass 0x2
	bInterfaceProtocol 0x0
	iInterface 0
		*** Endpoint descriptor ***
		bLength 7
		bDescriptorType 5
		bEndpointAddress 0x82	EP 2 IN
		bmAttributes 0x5	ISOC
		wMaxPacketSize 192
		bInterval 1
	*** Interface descriptor ***
	bLength 9
	bDescriptorType 4
	bInterfaceNumber 1
	bAlternateSetting 2
	bNumEndpoints 1
	bInterfaceClass 0xe
	bInterfaceSubClass 0x2
	bInterfaceProtocol 0x0
	iInterface 0
		*** Endpoint descriptor ***
		bLength 7
		bDescriptorType 5
		bEndpointAddress 0x82	EP 2 IN
		bmAttributes 0x5	ISOC
		wMaxPacketSize 384
		bInterval 1
	*** Interface descriptor ***
	bLength 9
	bDescriptorType 4
	bInterfaceNumber 1
	bAlternateSetting 3
	bNumEndpoints 1
	bInterfaceClass 0xe
	bInterfaceSubClass 0x2
	bInterfaceProtocol 0x0
	iInterface 0
		*** Endpoint descriptor ***
		bLength 7
		bDescriptorType 5
		bEndpointAddress 0x82	EP 2 IN
		bmAttributes 0x5	ISOC
		wMaxPacketSize 512
		bInterval 1
	*** Interface descriptor ***
	bLength 9
	bDescriptorType 4
	bInterfaceNumber 1
	bAlternateSetting 4
	bNumEndpoints 1
	bInterfaceClass 0xe
	bInterfaceSubClass 0x2
	bInterfaceProtocol 0x0
	iInterface 0
		*** Endpoint descriptor ***
		bLength 7
		bDescriptorType 5
		bEndpointAddress 0x82	EP 2 IN
		bmAttributes 0x5	ISOC
		wMaxPacketSize 640
		bInterval 1
	*** Interface descriptor ***
	bLength 9
	bDescriptorType 4
	bInterfaceNumber 1
	bAlternateSetting 5
	bNumEndpoints 1
	bInterfaceClass 0xe
	bInterfaceSubClass 0x2
	bInterfaceProtocol 0x0
	iInterface 0
		*** Endpoint descriptor ***
		bLength 7
		bDescriptorType 5
		bEndpointAddress 0x82	EP 2 IN
		bmAttributes 0x5	ISOC
		wMaxPacketSize 800
		bInterval 1
	*** Interface descriptor ***
	bLength 9
	bDescriptorType 4
	bInterfaceNumber 1
	bAlternateSetting 6
	bNumEndpoints 1
	bInterfaceClass 0xe
	bInterfaceSubClass 0x2
	bInterfaceProtocol 0x0
	iInterface 0
		*** Endpoint descriptor ***
		bLength 7
		bDescriptorType 5
		bEndpointAddress 0x82	EP 2 IN
		bmAttributes 0x5	ISOC
		wMaxPacketSize 944
		bInterval 1
	*** Interface descriptor ***
	bLength 9
	bDescriptorType 4
	bInterfaceNumber 1
	bAlternateSetting 7
	bNumEndpoints 1
	bInterfaceClass 0xe
	bInterfaceSubClass 0x2
	bInterfaceProtocol 0x0
	iInterface 0
		*** Endpoint descriptor ***
		bLength 7
		bDescriptorType 5
		bEndpointAddress 0x82	EP 2 IN
		bmAttributes 0x5	ISOC
		wMaxPacketSize 640
		wMaxPacketSize (with additional transactions in microframe) 1280
		bInterval 1
	*** Interface descriptor ***
	bLength 9
	bDescriptorType 4
	bInterfaceNumber 1
	bAlternateSetting 8
	bNumEndpoints 1
	bInterfaceClass 0xe
	bInterfaceSubClass 0x2
	bInterfaceProtocol 0x0
	iInterface 0
		*** Endpoint descriptor ***
		bLength 7
		bDescriptorType 5
		bEndpointAddress 0x82	EP 2 IN
		bmAttributes 0x5	ISOC
		wMaxPacketSize 800
		wMaxPacketSize (with additional transactions in microframe) 1600
		bInterval 1
	*** Interface descriptor ***
	bLength 9
	bDescriptorType 4
	bInterfaceNumber 1
	bAlternateSetting 9
	bNumEndpoints 1
	bInterfaceClass 0xe
	bInterfaceSubClass 0x2
	bInterfaceProtocol 0x0
	iInterface 0
		*** Endpoint descriptor ***
		bLength 7
		bDescriptorType 5
		bEndpointAddress 0x82	EP 2 IN
		bmAttributes 0x5	ISOC
		wMaxPacketSize 992
		wMaxPacketSize (with additional transactions in microframe) 1984
		bInterval 1
	*** Interface descriptor ***
	bLength 9
	bDescriptorType 4
	bInterfaceNumber 1
	bAlternateSetting 10
	bNumEndpoints 1
	bInterfaceClass 0xe
	bInterfaceSubClass 0x2
	bInterfaceProtocol 0x0
	iInterface 0
		*** Endpoint descriptor ***
		bLength 7
		bDescriptorType 5
		bEndpointAddress 0x82	EP 2 IN
		bmAttributes 0x5	ISOC
		wMaxPacketSize 896
		wMaxPacketSize (with additional transactions in microframe) 2688
		bInterval 1
	*** Interface descriptor ***
	bLength 9
	bDescriptorType 4
	bInterfaceNumber 1
	bAlternateSetting 11
	bNumEndpoints 1
	bInterfaceClass 0xe
	bInterfaceSubClass 0x2
	bInterfaceProtocol 0x0
	iInterface 0
		*** Endpoint descriptor ***
		bLength 7
		bDescriptorType 5
		bEndpointAddress 0x82	EP 2 IN
		bmAttributes 0x5	ISOC
		wMaxPacketSize 1024
		wMaxPacketSize (with additional transactions in microframe) 3072
		bInterval 1
*** Interface Association Descriptor ***
bLength 8
bDescriptorType 11
bFirstInterface 2
bInterfaceCount 2
bFunctionClass 0x1
bFunctionSubClass 0x0
bFunctionProtocol 0x0
iFunction 5
	*** Interface descriptor ***
	bLength 9
	bDescriptorType 4
	bInterfaceNumber 2
	bAlternateSetting 0
	bNumEndpoints 0
	bInterfaceClass 0x1
	bInterfaceSubClass 0x1
	bInterfaceProtocol 0x0
	iInterface 0
	*** Class-specific VC Interface Descriptor ***
	bLength 9
	bDescriptorType 0x24
	bDescriptorSubType 0x01
	bcdUVC 0100
	wTotalLength 39
	dwClockFrequency 604766977
	bInCollection 2
	baInterfaceNr[0] 1
	baInterfaceNr[1] 1
	*** Input Terminal Descriptor (Camera) ***
	bLength 12
	bDescriptorType 0x24
	bDescriptorSubType 0x02
	bTerminalID 0x1
	wTerminalType 0x201
	bAssocTerminal 0
	iTerminal 1
	wObjectiveFocalLengthMin 3
	wObjectiveFocalLengthMax 0
	wOcularFocalLength 9225
	bControlSize 6
	bmControls 0x2 0x1 0x2
	*** Extension Unit Descriptor unsupported, skipping... ***
	*** Output Terminal Descriptor ***
	bLength 9
	bDescriptorType 0x24
	bDescriptorSubType 0x03
	bTerminalID 3
	wTerminalType 0x101
	bAssocTerminal 0
	bSourceID 2
	iTerminal 0
	*** Interface descriptor ***
	bLength 9
	bDescriptorType 4
	bInterfaceNumber 3
	bAlternateSetting 0
	bNumEndpoints 0
	bInterfaceClass 0x1
	bInterfaceSubClass 0x2
	bInterfaceProtocol 0x0
	iInterface 0
	*** Interface descriptor ***
	bLength 9
	bDescriptorType 4
	bInterfaceNumber 3
	bAlternateSetting 1
	bNumEndpoints 1
	bInterfaceClass 0x1
	bInterfaceSubClass 0x2
	bInterfaceProtocol 0x0
	iInterface 0
	*** Class-specific VC Interface Descriptor ***
	bLength 7
	bDescriptorType 0x24
	bDescriptorSubType 0x01
	bcdUVC 0003
	wTotalLength 1
	dwClockFrequency 16917515
	bInCollection 2
	baInterfaceNr[0] 2
	baInterfaceNr[1] 16
	*** Input Terminal Descriptor (Media) ***
	bLength 11
	bDescriptorType 0x24
	bDescriptorSubType 0x02
	bTerminalID 0x1
	wTerminalType 0x202
	bAssocTerminal 16
	iTerminal 1
	bControlSize 128
	bmControls 0xBB
	bTransportModeSize 0
	bmTransportModes 0x9 0x5 0x83 0x1 0xC0
		*** Endpoint descriptor ***
		bLength 9
		bDescriptorType 5
		bEndpointAddress 0x83	EP 3 IN
		bmAttributes 0x1	ISOC
		wMaxPacketSize 192
		bInterval 4
		*** Class-specific Interrupt Endpoint Descriptor ***
		bLength 7
		bDescriptorType 0x25
		bDescriptorSubType 1
		wMaxTransferSize 1
	*** Interface descriptor ***
	bLength 9
	bDescriptorType 4
	bInterfaceNumber 4
	bAlternateSetting 0
	bNumEndpoints 2
	bInterfaceClass 0x3
	bInterfaceSubClass 0x0
	bInterfaceProtocol 0x0
	iInterface 0
 *** Unknown Descriptor Length: 9 Type: 33 ***
		*** Endpoint descriptor ***
		bLength 7
		bDescriptorType 5
		bEndpointAddress 0x84	EP 4 IN
		bmAttributes 0x3	INT
		wMaxPacketSize 64
		bInterval 4
		*** Endpoint descriptor ***
		bLength 7
		bDescriptorType 5
		bEndpointAddress 0x1	EP 1 OUT
		bmAttributes 0x3	INT
		wMaxPacketSize 64
		bInterval 4
D (583736) uvc: ctrl xfer cb
D (583738) uvc: ctrl xfer cb
D (583741) uvc: ctrl xfer cb
PV-UVC-FMT requested=800x600 applied=800x600 fourcc=MJPEG fps_x1000=30000
D (583749) uvc: ctrl xfer cb
D (583753) uvc: ctrl xfer cb
D (583756) uvc: ctrl xfer cb
D (583758) uvc: ctrl xfer cb
D (583760) uvc: ctrl xfer cb
D (583762) uvc: ctrl xfer cb
D (583765) uvc: ctrl xfer cb
D (583767) uvc: ctrl xfer cb
D (583779) uvc: ctrl xfer cb
PV-UVC-STATS t=1s cb=0 bytes=0 vazios=0 overflow=0 underflow=0 xfer_err=0
PV-UVC-STATS t=2s cb=0 bytes=0 vazios=0 overflow=0 underflow=0 xfer_err=0
PV-UVC-STATS t=3s cb=0 bytes=0 vazios=0 overflow=0 underflow=0 xfer_err=0
PV-UVC-STATS t=4s cb=0 bytes=0 vazios=0 overflow=0 underflow=0 xfer_err=0
PV-UVC-WARMUP requested=800x600 descartados=0
PV-UVC-STATS t=5s cb=0 bytes=0 vazios=0 overflow=0 underflow=0 xfer_err=0
PV-UVC-STATS t=6s cb=0 bytes=0 vazios=0 overflow=0 underflow=0 xfer_err=0
PV-UVC-STATS t=7s cb=0 bytes=0 vazios=0 overflow=0 underflow=0 xfer_err=0
PV-UVC-STATS t=8s cb=0 bytes=0 vazios=0 overflow=0 underflow=0 xfer_err=0
PV-UVC-STATS t=9s cb=0 bytes=0 vazios=0 overflow=0 underflow=0 xfer_err=0
PV-UVC-STATS t=10s cb=0 bytes=0 vazios=0 overflow=0 underflow=0 xfer_err=0
PV-UVC-STATS t=11s cb=0 bytes=0 vazios=0 overflow=0 underflow=0 xfer_err=0
PV-UVC-STATS t=12s cb=0 bytes=0 vazios=0 overflow=0 underflow=0 xfer_err=0
PV-UVC-STATS t=13s cb=0 bytes=0 vazios=0 overflow=0 underflow=0 xfer_err=0
PV-UVC-STATS t=14s cb=0 bytes=0 vazios=0 overflow=0 underflow=0 xfer_err=0
PV-UVC-STATS t=15s cb=0 bytes=0 vazios=0 overflow=0 underflow=0 xfer_err=0
PV-UVC-STATS t=16s cb=0 bytes=0 vazios=0 overflow=0 underflow=0 xfer_err=0
PV-UVC-STATS t=17s cb=0 bytes=0 vazios=0 overflow=0 underflow=0 xfer_err=0
PV-UVC-STATS t=18s cb=0 bytes=0 vazios=0 overflow=0 underflow=0 xfer_err=0
PV-UVC-STATS t=19s cb=0 bytes=0 vazios=0 overflow=0 underflow=0 xfer_err=0
D (618879) uvc: ctrl xfer cb
PV-UVC-STATS t=20s cb=0 bytes=0 vazios=0 overflow=0 underflow=0 xfer_err=0
PV-UVC-RUNG requested=800x600 applied=800x600 fourcc=JPEG bytesused=0 result=FAIL reason=sem-frame
PV-UVC-MEM etapa=pos-degrau psram_livre=8690596 psram_maior_bloco=8388608 interna_livre=394455
D (618895) uvc: ctrl xfer cb
D (618897) uvc: ctrl xfer cb
D (618902) uvc: ctrl xfer cb
PV-UVC-FMT requested=1920x1080 applied=1920x1080 fourcc=MJPEG fps_x1000=30000
D (618910) uvc: ctrl xfer cb
D (618912) uvc: ctrl xfer cb
D (618915) uvc: ctrl xfer cb
D (618919) uvc: ctrl xfer cb
D (618921) uvc: ctrl xfer cb
D (618923) uvc: ctrl xfer cb
D (618926) uvc: ctrl xfer cb
D (618928) uvc: ctrl xfer cb
D (618940) uvc: ctrl xfer cb
PV-UVC-STATS t=1s cb=0 bytes=0 vazios=0 overflow=0 underflow=0 xfer_err=0
PV-UVC-STATS t=2s cb=0 bytes=0 vazios=0 overflow=0 underflow=0 xfer_err=0
PV-UVC-STATS t=3s cb=0 bytes=0 vazios=0 overflow=0 underflow=0 xfer_err=0
PV-UVC-STATS t=4s cb=0 bytes=0 vazios=0 overflow=0 underflow=0 xfer_err=0
PV-UVC-WARMUP requested=1920x1080 descartados=0
PV-UVC-STATS t=5s cb=0 bytes=0 vazios=0 overflow=0 underflow=0 xfer_err=0
PV-UVC-STATS t=6s cb=0 bytes=0 vazios=0 overflow=0 underflow=0 xfer_err=0
PV-UVC-STATS t=7s cb=0 bytes=0 vazios=0 overflow=0 underflow=0 xfer_err=0
PV-UVC-STATS t=8s cb=0 bytes=0 vazios=0 overflow=0 underflow=0 xfer_err=0
PV-UVC-STATS t=9s cb=0 bytes=0 vazios=0 overflow=0 underflow=0 xfer_err=0
PV-UVC-STATS t=10s cb=0 bytes=0 vazios=0 overflow=0 underflow=0 xfer_err=0
PV-UVC-STATS t=11s cb=0 bytes=0 vazios=0 overflow=0 underflow=0 xfer_err=0
PV-UVC-STATS t=12s cb=0 bytes=0 vazios=0 overflow=0 underflow=0 xfer_err=0
PV-UVC-STATS t=13s cb=0 bytes=0 vazios=0 overflow=0 underflow=0 xfer_err=0
PV-UVC-STATS t=14s cb=0 bytes=0 vazios=0 overflow=0 underflow=0 xfer_err=0
PV-UVC-STATS t=15s cb=0 bytes=0 vazios=0 overflow=0 underflow=0 xfer_err=0
PV-UVC-STATS t=16s cb=0 bytes=0 vazios=0 overflow=0 underflow=0 xfer_err=0
PV-UVC-STATS t=17s cb=0 bytes=0 vazios=0 overflow=0 underflow=0 xfer_err=0
PV-UVC-STATS t=18s cb=0 bytes=0 vazios=0 overflow=0 underflow=0 xfer_err=0
PV-UVC-STATS t=19s cb=0 bytes=0 vazios=0 overflow=0 underflow=0 xfer_err=0
D (654040) uvc: ctrl xfer cb
PV-UVC-STATS t=20s cb=0 bytes=0 vazios=0 overflow=0 underflow=0 xfer_err=0
PV-UVC-RUNG requested=1920x1080 applied=1920x1080 fourcc=JPEG bytesused=0 result=FAIL reason=sem-frame
PV-UVC-MEM etapa=pos-degrau psram_livre=8690596 psram_maior_bloco=8388608 interna_livre=394455
D (654056) uvc: ctrl xfer cb
D (654060) uvc: ctrl xfer cb
D (654063) uvc: ctrl xfer cb
PV-UVC-FMT requested=2592x1944 applied=2592x1944 fourcc=MJPEG fps_x1000=30000
D (654071) uvc: ctrl xfer cb
D (654073) uvc: ctrl xfer cb
D (654078) uvc: ctrl xfer cb
D (654080) uvc: ctrl xfer cb
D (654083) uvc: ctrl xfer cb
D (654085) uvc: ctrl xfer cb
D (654087) uvc: ctrl xfer cb
D (654089) uvc: ctrl xfer cb
D (654101) uvc: ctrl xfer cb
PV-UVC-STATS t=1s cb=0 bytes=0 vazios=0 overflow=0 underflow=0 xfer_err=0
PV-UVC-STATS t=2s cb=0 bytes=0 vazios=0 overflow=0 underflow=0 xfer_err=0
PV-UVC-STATS t=3s cb=0 bytes=0 vazios=0 overflow=0 underflow=0 xfer_err=0
PV-UVC-STATS t=4s cb=0 bytes=0 vazios=0 overflow=0 underflow=0 xfer_err=0
PV-UVC-WARMUP requested=2592x1944 descartados=0
PV-UVC-STATS t=5s cb=0 bytes=0 vazios=0 overflow=0 underflow=0 xfer_err=0
PV-UVC-STATS t=6s cb=0 bytes=0 vazios=0 overflow=0 underflow=0 xfer_err=0
PV-UVC-STATS t=7s cb=0 bytes=0 vazios=0 overflow=0 underflow=0 xfer_err=0
PV-UVC-STATS t=8s cb=0 bytes=0 vazios=0 overflow=0 underflow=0 xfer_err=0
PV-UVC-STATS t=9s cb=0 bytes=0 vazios=0 overflow=0 underflow=0 xfer_err=0
PV-UVC-STATS t=10s cb=0 bytes=0 vazios=0 overflow=0 underflow=0 xfer_err=0
PV-UVC-STATS t=11s cb=0 bytes=0 vazios=0 overflow=0 underflow=0 xfer_err=0
PV-UVC-STATS t=12s cb=0 bytes=0 vazios=0 overflow=0 underflow=0 xfer_err=0
PV-UVC-STATS t=13s cb=0 bytes=0 vazios=0 overflow=0 underflow=0 xfer_err=0
PV-UVC-STATS t=14s cb=0 bytes=0 vazios=0 overflow=0 underflow=0 xfer_err=0
PV-UVC-STATS t=15s cb=0 bytes=0 vazios=0 overflow=0 underflow=0 xfer_err=0
PV-UVC-STATS t=16s cb=0 bytes=0 vazios=0 overflow=0 underflow=0 xfer_err=0
PV-UVC-STATS t=17s cb=0 bytes=0 vazios=0 overflow=0 underflow=0 xfer_err=0
PV-UVC-STATS t=18s cb=0 bytes=0 vazios=0 overflow=0 underflow=0 xfer_err=0
PV-UVC-STATS t=19s cb=0 bytes=0 vazios=0 overflow=0 underflow=0 xfer_err=0
D (689202) uvc: ctrl xfer cb
PV-UVC-STATS t=20s cb=0 bytes=0 vazios=0 overflow=0 underflow=0 xfer_err=0
PV-UVC-RUNG requested=2592x1944 applied=2592x1944 fourcc=JPEG bytesused=0 result=FAIL reason=sem-frame
PV-UVC-MEM etapa=pos-degrau psram_livre=8690596 psram_maior_bloco=8388608 interna_livre=394455
D (689218) uvc: ctrl xfer cb
D (689222) uvc: ctrl xfer cb
D (689225) uvc: ctrl xfer cb
PV-UVC-FMT requested=3264x2448 applied=3264x2448 fourcc=MJPEG fps_x1000=30000
D (689233) uvc: ctrl xfer cb
D (689235) uvc: ctrl xfer cb
D (689240) uvc: ctrl xfer cb
D (689242) uvc: ctrl xfer cb
D (689244) uvc: ctrl xfer cb
D (689246) uvc: ctrl xfer cb
D (689249) uvc: ctrl xfer cb
D (689251) uvc: ctrl xfer cb
D (689263) uvc: ctrl xfer cb
PV-UVC-STATS t=1s cb=0 bytes=0 vazios=0 overflow=0 underflow=0 xfer_err=0
PV-UVC-STATS t=2s cb=0 bytes=0 vazios=0 overflow=0 underflow=0 xfer_err=0
PV-UVC-STATS t=3s cb=0 bytes=0 vazios=0 overflow=0 underflow=0 xfer_err=0
PV-UVC-STATS t=4s cb=0 bytes=0 vazios=0 overflow=0 underflow=0 xfer_err=0
PV-UVC-WARMUP requested=3264x2448 descartados=0
PV-UVC-STATS t=5s cb=0 bytes=0 vazios=0 overflow=0 underflow=0 xfer_err=0
PV-UVC-STATS t=6s cb=0 bytes=0 vazios=0 overflow=0 underflow=0 xfer_err=0
PV-UVC-STATS t=7s cb=0 bytes=0 vazios=0 overflow=0 underflow=0 xfer_err=0
PV-UVC-STATS t=8s cb=0 bytes=0 vazios=0 overflow=0 underflow=0 xfer_err=0
PV-UVC-STATS t=9s cb=0 bytes=0 vazios=0 overflow=0 underflow=0 xfer_err=0
PV-UVC-STATS t=10s cb=0 bytes=0 vazios=0 overflow=0 underflow=0 xfer_err=0
PV-UVC-STATS t=11s cb=0 bytes=0 vazios=0 overflow=0 underflow=0 xfer_err=0
PV-UVC-STATS t=12s cb=0 bytes=0 vazios=0 overflow=0 underflow=0 xfer_err=0
PV-UVC-STATS t=13s cb=0 bytes=0 vazios=0 overflow=0 underflow=0 xfer_err=0
PV-UVC-STATS t=14s cb=0 bytes=0 vazios=0 overflow=0 underflow=0 xfer_err=0
PV-UVC-STATS t=15s cb=0 bytes=0 vazios=0 overflow=0 underflow=0 xfer_err=0
PV-UVC-STATS t=16s cb=0 bytes=0 vazios=0 overflow=0 underflow=0 xfer_err=0
PV-UVC-STATS t=17s cb=0 bytes=0 vazios=0 overflow=0 underflow=0 xfer_err=0
PV-UVC-STATS t=18s cb=0 bytes=0 vazios=0 overflow=0 underflow=0 xfer_err=0
PV-UVC-STATS t=19s cb=0 bytes=0 vazios=0 overflow=0 underflow=0 xfer_err=0
D (724364) uvc: ctrl xfer cb
PV-UVC-STATS t=20s cb=0 bytes=0 vazios=0 overflow=0 underflow=0 xfer_err=0
PV-UVC-RUNG requested=3264x2448 applied=3264x2448 fourcc=JPEG bytesused=0 result=FAIL reason=sem-frame
PV-UVC-MEM etapa=pos-degrau psram_livre=8690596 psram_maior_bloco=8388608 interna_livre=394455
D (724380) uvc: ctrl xfer cb
D (724384) uvc: ctrl xfer cb
D (724387) uvc: ctrl xfer cb
PV-UVC-FMT requested=4000x3000 applied=4000x3000 fourcc=MJPEG fps_x1000=15000
D (724395) uvc: ctrl xfer cb
D (724397) uvc: ctrl xfer cb
D (724402) uvc: ctrl xfer cb
D (724404) uvc: ctrl xfer cb
D (724406) uvc: ctrl xfer cb
D (724409) uvc: ctrl xfer cb
D (724411) uvc: ctrl xfer cb
D (724413) uvc: ctrl xfer cb
D (724425) uvc: ctrl xfer cb
PV-UVC-STATS t=1s cb=0 bytes=0 vazios=0 overflow=0 underflow=0 xfer_err=0
PV-UVC-STATS t=2s cb=0 bytes=0 vazios=0 overflow=0 underflow=0 xfer_err=0
PV-UVC-STATS t=3s cb=0 bytes=0 vazios=0 overflow=0 underflow=0 xfer_err=0
PV-UVC-STATS t=4s cb=0 bytes=0 vazios=0 overflow=0 underflow=0 xfer_err=0
PV-UVC-WARMUP requested=4000x3000 descartados=0
PV-UVC-STATS t=5s cb=0 bytes=0 vazios=0 overflow=0 underflow=0 xfer_err=0
PV-UVC-STATS t=6s cb=0 bytes=0 vazios=0 overflow=0 underflow=0 xfer_err=0
PV-UVC-STATS t=7s cb=0 bytes=0 vazios=0 overflow=0 underflow=0 xfer_err=0
PV-UVC-STATS t=8s cb=0 bytes=0 vazios=0 overflow=0 underflow=0 xfer_err=0
PV-UVC-STATS t=9s cb=0 bytes=0 vazios=0 overflow=0 underflow=0 xfer_err=0
PV-UVC-STATS t=10s cb=0 bytes=0 vazios=0 overflow=0 underflow=0 xfer_err=0
PV-UVC-STATS t=11s cb=0 bytes=0 vazios=0 overflow=0 underflow=0 xfer_err=0
PV-UVC-STATS t=12s cb=0 bytes=0 vazios=0 overflow=0 underflow=0 xfer_err=0
PV-UVC-STATS t=13s cb=0 bytes=0 vazios=0 overflow=0 underflow=0 xfer_err=0
PV-UVC-STATS t=14s cb=0 bytes=0 vazios=0 overflow=0 underflow=0 xfer_err=0
PV-UVC-STATS t=15s cb=0 bytes=0 vazios=0 overflow=0 underflow=0 xfer_err=0
PV-UVC-STATS t=16s cb=0 bytes=0 vazios=0 overflow=0 underflow=0 xfer_err=0
PV-UVC-STATS t=17s cb=0 bytes=0 vazios=0 overflow=0 underflow=0 xfer_err=0
PV-UVC-STATS t=18s cb=0 bytes=0 vazios=0 overflow=0 underflow=0 xfer_err=0
PV-UVC-STATS t=19s cb=0 bytes=0 vazios=0 overflow=0 underflow=0 xfer_err=0
PV-UVC-STATS t=20s cb=0 bytes=0 vazios=0 overflow=0 underflow=0 xfer_err=0
D (759526) uvc: ctrl xfer cb
PV-UVC-STATS t=21s cb=0 bytes=0 vazios=0 overflow=0 underflow=0 xfer_err=0
PV-UVC-RUNG requested=4000x3000 applied=4000x3000 fourcc=JPEG bytesused=0 result=FAIL reason=sem-frame
PV-UVC-MEM etapa=pos-degrau psram_livre=8690596 psram_maior_bloco=8388608 interna_livre=394455
PV-UVC-SUMARIO inicio
PV-UVC-SUMARIO degrau=1 requested=800x600 applied=800x600 fourcc=JPEG bytesused=0 result=FAIL reason=sem-frame obrigatorio=sim
PV-UVC-SUMARIO degrau=2 requested=1920x1080 applied=1920x1080 fourcc=JPEG bytesused=0 result=FAIL reason=sem-frame obrigatorio=sim
PV-UVC-SUMARIO degrau=3 requested=2592x1944 applied=2592x1944 fourcc=JPEG bytesused=0 result=FAIL reason=sem-frame obrigatorio=sim
PV-UVC-SUMARIO degrau=4 requested=3264x2448 applied=3264x2448 fourcc=JPEG bytesused=0 result=FAIL reason=sem-frame obrigatorio=sim
PV-UVC-SUMARIO degrau=5 requested=4000x3000 applied=4000x3000 fourcc=JPEG bytesused=0 result=FAIL reason=sem-frame obrigatorio=nao
PV-UVC-SUMARIO fim pass=0 fail=5 total=5 fail_obrigatorios=4
PV-UVC-CICLO 4 fim — REPLUG a camera para disparar nova escada (retry 15 s)

PV-UVC-CICLO 5 inicio
PV-UVC-ENUM device dev_addr=1 stream_index=0 frames_anunciados=26
PV-UVC-ENUM frame index=0 format=MJPEG 1920x1080 default_interval=333333 tipos=3
PV-UVC-ENUM interval index=0 k=0 valor=333333 fps_x1000=30000
PV-UVC-ENUM interval index=0 k=1 valor=666666 fps_x1000=15000
PV-UVC-ENUM interval index=0 k=2 valor=1000000 fps_x1000=10000
PV-UVC-ENUM frame index=1 format=MJPEG 640x320 default_interval=333333 tipos=3
PV-UVC-ENUM interval index=1 k=0 valor=333333 fps_x1000=30000
PV-UVC-ENUM interval index=1 k=1 valor=666666 fps_x1000=15000
PV-UVC-ENUM interval index=1 k=2 valor=1000000 fps_x1000=10000
PV-UVC-ENUM frame index=2 format=MJPEG 640x480 default_interval=333333 tipos=3
PV-UVC-ENUM interval index=2 k=0 valor=333333 fps_x1000=30000
PV-UVC-ENUM interval index=2 k=1 valor=666666 fps_x1000=15000
PV-UVC-ENUM interval index=2 k=2 valor=1000000 fps_x1000=10000
PV-UVC-ENUM frame index=3 format=MJPEG 800x600 default_interval=333333 tipos=3
PV-UVC-ENUM interval index=3 k=0 valor=333333 fps_x1000=30000
PV-UVC-ENUM interval index=3 k=1 valor=666666 fps_x1000=15000
PV-UVC-ENUM interval index=3 k=2 valor=1000000 fps_x1000=10000
PV-UVC-ENUM frame index=4 format=MJPEG 1024x768 default_interval=333333 tipos=3
PV-UVC-ENUM interval index=4 k=0 valor=333333 fps_x1000=30000
PV-UVC-ENUM interval index=4 k=1 valor=666666 fps_x1000=15000
PV-UVC-ENUM interval index=4 k=2 valor=1000000 fps_x1000=10000
PV-UVC-ENUM frame index=5 format=MJPEG 1280x720 default_interval=333333 tipos=3
PV-UVC-ENUM interval index=5 k=0 valor=333333 fps_x1000=30000
PV-UVC-ENUM interval index=5 k=1 valor=666666 fps_x1000=15000
PV-UVC-ENUM interval index=5 k=2 valor=1000000 fps_x1000=10000
PV-UVC-ENUM frame index=6 format=MJPEG 1280x960 default_interval=333333 tipos=3
PV-UVC-ENUM interval index=6 k=0 valor=333333 fps_x1000=30000
PV-UVC-ENUM interval index=6 k=1 valor=666666 fps_x1000=15000
PV-UVC-ENUM interval index=6 k=2 valor=1000000 fps_x1000=10000
PV-UVC-ENUM frame index=7 format=MJPEG 1600x1200 default_interval=333333 tipos=3
PV-UVC-ENUM interval index=7 k=0 valor=333333 fps_x1000=30000
PV-UVC-ENUM interval index=7 k=1 valor=666666 fps_x1000=15000
PV-UVC-ENUM interval index=7 k=2 valor=1000000 fps_x1000=10000
PV-UVC-ENUM frame index=8 format=MJPEG 2048x1536 default_interval=333333 tipos=3
PV-UVC-ENUM interval index=8 k=0 valor=333333 fps_x1000=30000
PV-UVC-ENUM interval index=8 k=1 valor=666666 fps_x1000=15000
PV-UVC-ENUM interval index=8 k=2 valor=1000000 fps_x1000=10000
PV-UVC-ENUM frame index=9 format=MJPEG 2592x1944 default_interval=333333 tipos=3
PV-UVC-ENUM interval index=9 k=0 valor=333333 fps_x1000=30000
PV-UVC-ENUM interval index=9 k=1 valor=666666 fps_x1000=15000
PV-UVC-ENUM interval index=9 k=2 valor=1000000 fps_x1000=10000
PV-UVC-ENUM frame index=10 format=MJPEG 3264x2448 default_interval=333333 tipos=3
PV-UVC-ENUM interval index=10 k=0 valor=333333 fps_x1000=30000
PV-UVC-ENUM interval index=10 k=1 valor=666666 fps_x1000=15000
PV-UVC-ENUM interval index=10 k=2 valor=1000000 fps_x1000=10000
PV-UVC-ENUM frame index=11 format=MJPEG 3840x2160 default_interval=333333 tipos=3
PV-UVC-ENUM interval index=11 k=0 valor=333333 fps_x1000=30000
PV-UVC-ENUM interval index=11 k=1 valor=666666 fps_x1000=15000
PV-UVC-ENUM interval index=11 k=2 valor=1000000 fps_x1000=10000
PV-UVC-ENUM frame index=12 format=MJPEG 4000x3000 default_interval=666666 tipos=2
PV-UVC-ENUM interval index=12 k=0 valor=666666 fps_x1000=15000
PV-UVC-ENUM interval index=12 k=1 valor=1000000 fps_x1000=10000
PV-UVC-ENUM frame index=13 format=MJPEG 320x240 default_interval=333333 tipos=2
PV-UVC-ENUM interval index=13 k=0 valor=333333 fps_x1000=30000
PV-UVC-ENUM interval index=13 k=1 valor=666666 fps_x1000=15000
PV-UVC-ENUM frame index=14 format=YUY2 320x240 default_interval=500000 tipos=2
PV-UVC-ENUM interval index=14 k=0 valor=500000 fps_x1000=20000
PV-UVC-ENUM interval index=14 k=1 valor=1000000 fps_x1000=10000
PV-UVC-ENUM frame index=15 format=YUY2 640x360 default_interval=500000 tipos=2
PV-UVC-ENUM interval index=15 k=0 valor=500000 fps_x1000=20000
PV-UVC-ENUM interval index=15 k=1 valor=1000000 fps_x1000=10000
PV-UVC-ENUM frame index=16 format=YUY2 640x480 default_interval=1000000 tipos=1
PV-UVC-ENUM interval index=16 k=0 valor=1000000 fps_x1000=10000
PV-UVC-ENUM frame index=17 format=YUY2 800x600 default_interval=1000000 tipos=1
PV-UVC-ENUM interval index=17 k=0 valor=1000000 fps_x1000=10000
PV-UVC-ENUM frame index=18 format=YUY2 1024x720 default_interval=1000000 tipos=1
PV-UVC-ENUM interval index=18 k=0 valor=1000000 fps_x1000=10000
PV-UVC-ENUM frame index=19 format=YUY2 1280x940 default_interval=1000000 tipos=1
PV-UVC-ENUM interval index=19 k=0 valor=1000000 fps_x1000=10000
PV-UVC-ENUM frame index=20 format=YUY2 1280x1024 default_interval=1000000 tipos=1
PV-UVC-ENUM interval index=20 k=0 valor=1000000 fps_x1000=10000
PV-UVC-ENUM frame index=21 format=YUY2 1600x1200 default_interval=2000000 tipos=1
PV-UVC-ENUM interval index=21 k=0 valor=2000000 fps_x1000=5000
PV-UVC-ENUM frame index=22 format=YUY2 1920x1080 default_interval=2000000 tipos=1
PV-UVC-ENUM interval index=22 k=0 valor=2000000 fps_x1000=5000
PV-UVC-ENUM frame index=23 format=YUY2 2048x1536 default_interval=2000000 tipos=1
PV-UVC-ENUM interval index=23 k=0 valor=2000000 fps_x1000=5000
PV-UVC-ENUM frame index=24 format=YUY2 2560x1440 default_interval=2000000 tipos=1
PV-UVC-ENUM interval index=24 k=0 valor=2000000 fps_x1000=5000
PV-UVC-ENUM frame index=25 format=YUY2 2592x1944 default_interval=2000000 tipos=1
PV-UVC-ENUM interval index=25 k=0 valor=2000000 fps_x1000=5000
PV-UVC-ENUM result=OK entradas=26 tamanhos_mjpeg=14
D (775098) uvc: Checking list of opened USB devices
D (775102) uvc: Checking list of connected USB devices
D (775107) uvc: Claimed interface index 1 with MPS 1024
D (775113) uvc: ctrl xfer cb
D (775116) uvc: ctrl xfer cb
D (775118) uvc: ctrl xfer cb
D (775121) uvc: ctrl xfer cb
I (775122) uvc: Allocating 8 USB transfers for ISOC. Each: 3072 bytes, 1 ISOC packets, 3072 MPS
PV-UVC-MEM etapa=pos-open psram_livre=8690596 psram_maior_bloco=8388608 interna_livre=394455
*** Device descriptor ***
bLength 18
bDescriptorType 1
bcdUSB 2.00
bDeviceClass 0xef
bDeviceSubClass 0x2
bDeviceProtocol 0x1
bMaxPacketSize0 64
idVendor 0xb024
idProduct 0x725
bcdDevice 1.00
iManufacturer 1
iProduct 2
iSerialNumber 3
bNumConfigurations 1
*** Configuration descriptor ***
bLength 9
bDescriptorType 2
wTotalLength 1463
bNumInterfaces 5
bConfigurationValue 1
iConfiguration 0
bmAttributes 0x80
bMaxPower 500mA
*** Interface Association Descriptor ***
bLength 8
bDescriptorType 11
bFirstInterface 0
bInterfaceCount 2
bFunctionClass 0xe
bFunctionSubClass 0x3
bFunctionProtocol 0x0
iFunction 4
	*** Interface descriptor ***
	bLength 9
	bDescriptorType 4
	bInterfaceNumber 0
	bAlternateSetting 0
	bNumEndpoints 1
	bInterfaceClass 0xe
	bInterfaceSubClass 0x1
	bInterfaceProtocol 0x0
	iInterface 0
	*** Class-specific VC Interface Descriptor ***
	bLength 13
	bDescriptorType 0x24
	bDescriptorSubType 0x01
	bcdUVC 0100
	wTotalLength 80
	dwClockFrequency 24000000
	bInCollection 1
	baInterfaceNr[0] 1
	*** Input Terminal Descriptor (Camera) ***
	bLength 18
	bDescriptorType 0x24
	bDescriptorSubType 0x02
	bTerminalID 0x1
	wTerminalType 0x201
	bAssocTerminal 0
	iTerminal 0
	wObjectiveFocalLengthMin 0
	wObjectiveFocalLengthMax 0
	wOcularFocalLength 0
	bControlSize 3
	bmControls 0x7A 0x2A 0x2
	*** Extension Unit Descriptor unsupported, skipping... ***
	*** Processing Unit Descriptor ***
	bLength 11
	bDescriptorType 0x24
	bDescriptorSubType 0x05
	bUnitID 3
	bSourceID 2
	wMaxMultiplier 16384
	bControlSize 2
	bmControls 0x7F 0x17 0x0
	iProcessing 9
	bmVideoStandards 0x24
	*** Output Terminal Descriptor ***
	bLength 9
	bDescriptorType 0x24
	bDescriptorSubType 0x03
	bTerminalID 4
	wTerminalType 0x101
	bAssocTerminal 0
	bSourceID 3
	iTerminal 0
		*** Endpoint descriptor ***
		bLength 7
		bDescriptorType 5
		bEndpointAddress 0x81	EP 1 IN
		bmAttributes 0x3	INT
		wMaxPacketSize 16
		bInterval 8
		*** Class-specific Interrupt Endpoint Descriptor ***
		bLength 5
		bDescriptorType 0x25
		bDescriptorSubType 3
		wMaxTransferSize 16
	*** Interface descriptor ***
	bLength 9
	bDescriptorType 4
	bInterfaceNumber 1
	bAlternateSetting 0
	bNumEndpoints 0
	bInterfaceClass 0xe
	bInterfaceSubClass 0x2
	bInterfaceProtocol 0x0
	iInterface 0
	*** Class-specific VC Interface Descriptor ***
	bLength 15
	bDescriptorType 0x24
	bDescriptorSubType 0x01
	bcdUVC fc02
	wTotalLength 33283
	dwClockFrequency 16909312
	bInCollection 1
	baInterfaceNr[0] 1
	*** Extension Unit Descriptor unsupported, skipping... ***
	*** VS Frame Descriptor ***
	bLength 38
	bDescriptorType 0x24
	bDescriptorSubType 0x07
	bFrameIndex 1
	bmCapabilities 0x0
	wWidth 1920
	wHeight 1080
	dwMinBitRate 20736000
	dwMaxBitRate 62208000
	dwMaxVideoFrameBufSize 2073600
	dwDefaultFrameInterval 333333
	bFrameIntervalType 3
	FrameInterval[0] 333333
	FrameInterval[1] 666666
	FrameInterval[2] 1000000
	*** VS Frame Descriptor ***
	bLength 38
	bDescriptorType 0x24
	bDescriptorSubType 0x07
	bFrameIndex 2
	bmCapabilities 0x0
	wWidth 640
	wHeight 320
	dwMinBitRate 2048000
	dwMaxBitRate 6144000
	dwMaxVideoFrameBufSize 204800
	dwDefaultFrameInterval 333333
	bFrameIntervalType 3
	FrameInterval[0] 333333
	FrameInterval[1] 666666
	FrameInterval[2] 1000000
	*** VS Frame Descriptor ***
	bLength 38
	bDescriptorType 0x24
	bDescriptorSubType 0x07
	bFrameIndex 3
	bmCapabilities 0x0
	wWidth 640
	wHeight 480
	dwMinBitRate 3072000
	dwMaxBitRate 9216000
	dwMaxVideoFrameBufSize 307200
	dwDefaultFrameInterval 333333
	bFrameIntervalType 3
	FrameInterval[0] 333333
	FrameInterval[1] 666666
	FrameInterval[2] 1000000
	*** VS Frame Descriptor ***
	bLength 38
	bDescriptorType 0x24
	bDescriptorSubType 0x07
	bFrameIndex 4
	bmCapabilities 0x0
	wWidth 800
	wHeight 600
	dwMinBitRate 4800000
	dwMaxBitRate 14400000
	dwMaxVideoFrameBufSize 480000
	dwDefaultFrameInterval 333333
	bFrameIntervalType 3
	FrameInterval[0] 333333
	FrameInterval[1] 666666
	FrameInterval[2] 1000000
	*** VS Frame Descriptor ***
	bLength 38
	bDescriptorType 0x24
	bDescriptorSubType 0x07
	bFrameIndex 5
	bmCapabilities 0x0
	wWidth 1024
	wHeight 768
	dwMinBitRate 7864320
	dwMaxBitRate 23592960
	dwMaxVideoFrameBufSize 786432
	dwDefaultFrameInterval 333333
	bFrameIntervalType 3
	FrameInterval[0] 333333
	FrameInterval[1] 666666
	FrameInterval[2] 1000000
	*** VS Frame Descriptor ***
	bLength 38
	bDescriptorType 0x24
	bDescriptorSubType 0x07
	bFrameIndex 6
	bmCapabilities 0x0
	wWidth 1280
	wHeight 720
	dwMinBitRate 9216000
	dwMaxBitRate 27648000
	dwMaxVideoFrameBufSize 921600
	dwDefaultFrameInterval 333333
	bFrameIntervalType 3
	FrameInterval[0] 333333
	FrameInterval[1] 666666
	FrameInterval[2] 1000000
	*** VS Frame Descriptor ***
	bLength 38
	bDescriptorType 0x24
	bDescriptorSubType 0x07
	bFrameIndex 7
	bmCapabilities 0x0
	wWidth 1280
	wHeight 960
	dwMinBitRate 12288000
	dwMaxBitRate 36864000
	dwMaxVideoFrameBufSize 1228800
	dwDefaultFrameInterval 333333
	bFrameIntervalType 3
	FrameInterval[0] 333333
	FrameInterval[1] 666666
	FrameInterval[2] 1000000
	*** VS Frame Descriptor ***
	bLength 38
	bDescriptorType 0x24
	bDescriptorSubType 0x07
	bFrameIndex 8
	bmCapabilities 0x0
	wWidth 1600
	wHeight 1200
	dwMinBitRate 19200000
	dwMaxBitRate 57600000
	dwMaxVideoFrameBufSize 1920000
	dwDefaultFrameInterval 333333
	bFrameIntervalType 3
	FrameInterval[0] 333333
	FrameInterval[1] 666666
	FrameInterval[2] 1000000
	*** VS Frame Descriptor ***
	bLength 38
	bDescriptorType 0x24
	bDescriptorSubType 0x07
	bFrameIndex 9
	bmCapabilities 0x0
	wWidth 2048
	wHeight 1536
	dwMinBitRate 31457280
	dwMaxBitRate 94371840
	dwMaxVideoFrameBufSize 3145728
	dwDefaultFrameInterval 333333
	bFrameIntervalType 3
	FrameInterval[0] 333333
	FrameInterval[1] 666666
	FrameInterval[2] 1000000
	*** VS Frame Descriptor ***
	bLength 38
	bDescriptorType 0x24
	bDescriptorSubType 0x07
	bFrameIndex 10
	bmCapabilities 0x0
	wWidth 2592
	wHeight 1944
	dwMinBitRate 50388480
	dwMaxBitRate 151165440
	dwMaxVideoFrameBufSize 5038848
	dwDefaultFrameInterval 333333
	bFrameIntervalType 3
	FrameInterval[0] 333333
	FrameInterval[1] 666666
	FrameInterval[2] 1000000
	*** VS Frame Descriptor ***
	bLength 38
	bDescriptorType 0x24
	bDescriptorSubType 0x07
	bFrameIndex 11
	bmCapabilities 0x0
	wWidth 3264
	wHeight 2448
	dwMinBitRate 79902720
	dwMaxBitRate 239708160
	dwMaxVideoFrameBufSize 7990272
	dwDefaultFrameInterval 333333
	bFrameIntervalType 3
	FrameInterval[0] 333333
	FrameInterval[1] 666666
	FrameInterval[2] 1000000
	*** VS Frame Descriptor ***
	bLength 38
	bDescriptorType 0x24
	bDescriptorSubType 0x07
	bFrameIndex 12
	bmCapabilities 0x0
	wWidth 3840
	wHeight 2160
	dwMinBitRate 82944000
	dwMaxBitRate 248832000
	dwMaxVideoFrameBufSize 8294400
	dwDefaultFrameInterval 333333
	bFrameIntervalType 3
	FrameInterval[0] 333333
	FrameInterval[1] 666666
	FrameInterval[2] 1000000
	*** VS Frame Descriptor ***
	bLength 34
	bDescriptorType 0x24
	bDescriptorSubType 0x07
	bFrameIndex 13
	bmCapabilities 0x0
	wWidth 4000
	wHeight 3000
	dwMinBitRate 120000000
	dwMaxBitRate 180000000
	dwMaxVideoFrameBufSize 12000000
	dwDefaultFrameInterval 666666
	bFrameIntervalType 2
	FrameInterval[0] 666666
	FrameInterval[1] 1000000
	*** VS Frame Descriptor ***
	bLength 34
	bDescriptorType 0x24
	bDescriptorSubType 0x07
	bFrameIndex 14
	bmCapabilities 0x0
	wWidth 320
	wHeight 240
	dwMinBitRate 1152000
	dwMaxBitRate 2304000
	dwMaxVideoFrameBufSize 76800
	dwDefaultFrameInterval 333333
	bFrameIntervalType 2
	FrameInterval[0] 333333
	FrameInterval[1] 666666
	*** Output Terminal Descriptor ***
	bLength 63
	bDescriptorType 0x24
	bDescriptorSubType 0x03
	bTerminalID 0
	wTerminalType 0x800E
	bAssocTerminal 7
	bSourceID 56
	iTerminal 4
	*** VS Color Format Descriptor ***
	bLength 6
	bDescriptorType 0x24
	bDescriptorSubType 0x0D
	bColorPrimaries 0x1
	bTransferCharacteristics 1
	bMatrixCoefficients 0x4
	*** Selector Unit Descriptor ***
	bLength 27
	bDescriptorType 0x24
	bDescriptorSubType 0x04
	bUnitID 2
	bNrInPins 12
	baSourceID1 89
	baSourceID2 85
	iSelector 89
	*** Processing Unit Descriptor ***
	bLength 34
	bDescriptorType 0x24
	bDescriptorSubType 0x05
	bUnitID 1
	bSourceID 0
	wMaxMultiplier 320
	bControlSize 240
	bmControls 0x0 0x0 0x70
	iProcessing 23
	bmVideoStandards 0x0
	*** Processing Unit Descriptor ***
	bLength 34
	bDescriptorType 0x24
	bDescriptorSubType 0x05
	bUnitID 2
	bSourceID 0
	wMaxMultiplier 640
	bControlSize 104
	bmControls 0x1 0x0 0x50
	iProcessing 70
	bmVideoStandards 0x0
	*** Processing Unit Descriptor ***
	bLength 30
	bDescriptorType 0x24
	bDescriptorSubType 0x05
	bUnitID 3
	bSourceID 0
	wMaxMultiplier 640
	bControlSize 224
	bmControls 0x1 0x0 0xC0
	iProcessing 93
	bmVideoStandards 0x0
	*** Processing Unit Descriptor ***
	bLength 30
	bDescriptorType 0x24
	bDescriptorSubType 0x05
	bUnitID 4
	bSourceID 0
	wMaxMultiplier 800
	bControlSize 88
	bmControls 0x2 0x0 0x7C
	iProcessing 146
	bmVideoStandards 0x0
	*** Processing Unit Descriptor ***
	bLength 30
	bDescriptorType 0x24
	bDescriptorSubType 0x05
	bUnitID 5
	bSourceID 0
	wMaxMultiplier 1024
	bControlSize 208
	bmControls 0x2 0x0 0x0
	iProcessing 225
	bmVideoStandards 0x0
	*** Processing Unit Descriptor ***
	bLength 30
	bDescriptorType 0x24
	bDescriptorSubType 0x05
	bUnitID 6
	bSourceID 0
	wMaxMultiplier 1280
	bControlSize 172
	bmControls 0x3 0x0 0x30
	iProcessing 111
	bmVideoStandards 0x1
	*** Processing Unit Descriptor ***
	bLength 30
	bDescriptorType 0x24
	bDescriptorSubType 0x05
	bUnitID 7
	bSourceID 0
	wMaxMultiplier 1280
	bControlSize 0
	bmControls 0x4 0x0 0x0
	iProcessing 144
	bmVideoStandards 0x1
	*** Processing Unit Descriptor ***
	bLength 30
	bDescriptorType 0x24
	bDescriptorSubType 0x05
	bUnitID 8
	bSourceID 0
	wMaxMultiplier 1600
	bControlSize 176
	bmControls 0x4 0x0 0xF8
	iProcessing 36
	bmVideoStandards 0x1
	*** Processing Unit Descriptor ***
	bLength 30
	bDescriptorType 0x24
	bDescriptorSubType 0x05
	bUnitID 9
	bSourceID 0
	wMaxMultiplier 1920
	bControlSize 56
	bmControls 0x4 0x0 0x68
	iProcessing 60
	bmVideoStandards 0x1
	*** Processing Unit Descriptor ***
	bLength 30
	bDescriptorType 0x24
	bDescriptorSubType 0x05
	bUnitID 10
	bSourceID 0
	wMaxMultiplier 2048
	bControlSize 0
	bmControls 0x6 0x0 0x0
	iProcessing 224
	bmVideoStandards 0x1
	*** Processing Unit Descriptor ***
	bLength 30
	bDescriptorType 0x24
	bDescriptorSubType 0x05
	bUnitID 11
	bSourceID 0
	wMaxMultiplier 2560
	bControlSize 160
	bmControls 0x5 0x0 0x80
	iProcessing 50
	bmVideoStandards 0x2
	*** Processing Unit Descriptor ***
	bLength 30
	bDescriptorType 0x24
	bDescriptorSubType 0x05
	bUnitID 12
	bSourceID 0
	wMaxMultiplier 2592
	bControlSize 152
	bmControls 0x7 0x0 0xDE
	iProcessing 0
	bmVideoStandards 0x3
	*** VS Color Format Descriptor ***
	bLength 6
	bDescriptorType 0x24
	bDescriptorSubType 0x0D
	bColorPrimaries 0x1
	bTransferCharacteristics 1
	bMatrixCoefficients 0x4
	*** Interface descriptor ***
	bLength 9
	bDescriptorType 4
	bInterfaceNumber 1
	bAlternateSetting 1
	bNumEndpoints 1
	bInterfaceClass 0xe
	bInterfaceSubClass 0x2
	bInterfaceProtocol 0x0
	iInterface 0
		*** Endpoint descriptor ***
		bLength 7
		bDescriptorType 5
		bEndpointAddress 0x82	EP 2 IN
		bmAttributes 0x5	ISOC
		wMaxPacketSize 192
		bInterval 1
	*** Interface descriptor ***
	bLength 9
	bDescriptorType 4
	bInterfaceNumber 1
	bAlternateSetting 2
	bNumEndpoints 1
	bInterfaceClass 0xe
	bInterfaceSubClass 0x2
	bInterfaceProtocol 0x0
	iInterface 0
		*** Endpoint descriptor ***
		bLength 7
		bDescriptorType 5
		bEndpointAddress 0x82	EP 2 IN
		bmAttributes 0x5	ISOC
		wMaxPacketSize 384
		bInterval 1
	*** Interface descriptor ***
	bLength 9
	bDescriptorType 4
	bInterfaceNumber 1
	bAlternateSetting 3
	bNumEndpoints 1
	bInterfaceClass 0xe
	bInterfaceSubClass 0x2
	bInterfaceProtocol 0x0
	iInterface 0
		*** Endpoint descriptor ***
		bLength 7
		bDescriptorType 5
		bEndpointAddress 0x82	EP 2 IN
		bmAttributes 0x5	ISOC
		wMaxPacketSize 512
		bInterval 1
	*** Interface descriptor ***
	bLength 9
	bDescriptorType 4
	bInterfaceNumber 1
	bAlternateSetting 4
	bNumEndpoints 1
	bInterfaceClass 0xe
	bInterfaceSubClass 0x2
	bInterfaceProtocol 0x0
	iInterface 0
		*** Endpoint descriptor ***
		bLength 7
		bDescriptorType 5
		bEndpointAddress 0x82	EP 2 IN
		bmAttributes 0x5	ISOC
		wMaxPacketSize 640
		bInterval 1
	*** Interface descriptor ***
	bLength 9
	bDescriptorType 4
	bInterfaceNumber 1
	bAlternateSetting 5
	bNumEndpoints 1
	bInterfaceClass 0xe
	bInterfaceSubClass 0x2
	bInterfaceProtocol 0x0
	iInterface 0
		*** Endpoint descriptor ***
		bLength 7
		bDescriptorType 5
		bEndpointAddress 0x82	EP 2 IN
		bmAttributes 0x5	ISOC
		wMaxPacketSize 800
		bInterval 1
	*** Interface descriptor ***
	bLength 9
	bDescriptorType 4
	bInterfaceNumber 1
	bAlternateSetting 6
	bNumEndpoints 1
	bInterfaceClass 0xe
	bInterfaceSubClass 0x2
	bInterfaceProtocol 0x0
	iInterface 0
		*** Endpoint descriptor ***
		bLength 7
		bDescriptorType 5
		bEndpointAddress 0x82	EP 2 IN
		bmAttributes 0x5	ISOC
		wMaxPacketSize 944
		bInterval 1
	*** Interface descriptor ***
	bLength 9
	bDescriptorType 4
	bInterfaceNumber 1
	bAlternateSetting 7
	bNumEndpoints 1
	bInterfaceClass 0xe
	bInterfaceSubClass 0x2
	bInterfaceProtocol 0x0
	iInterface 0
		*** Endpoint descriptor ***
		bLength 7
		bDescriptorType 5
		bEndpointAddress 0x82	EP 2 IN
		bmAttributes 0x5	ISOC
		wMaxPacketSize 640
		wMaxPacketSize (with additional transactions in microframe) 1280
		bInterval 1
	*** Interface descriptor ***
	bLength 9
	bDescriptorType 4
	bInterfaceNumber 1
	bAlternateSetting 8
	bNumEndpoints 1
	bInterfaceClass 0xe
	bInterfaceSubClass 0x2
	bInterfaceProtocol 0x0
	iInterface 0
		*** Endpoint descriptor ***
		bLength 7
		bDescriptorType 5
		bEndpointAddress 0x82	EP 2 IN
		bmAttributes 0x5	ISOC
		wMaxPacketSize 800
		wMaxPacketSize (with additional transactions in microframe) 1600
		bInterval 1
	*** Interface descriptor ***
	bLength 9
	bDescriptorType 4
	bInterfaceNumber 1
	bAlternateSetting 9
	bNumEndpoints 1
	bInterfaceClass 0xe
	bInterfaceSubClass 0x2
	bInterfaceProtocol 0x0
	iInterface 0
		*** Endpoint descriptor ***
		bLength 7
		bDescriptorType 5
		bEndpointAddress 0x82	EP 2 IN
		bmAttributes 0x5	ISOC
		wMaxPacketSize 992
		wMaxPacketSize (with additional transactions in microframe) 1984
		bInterval 1
	*** Interface descriptor ***
	bLength 9
	bDescriptorType 4
	bInterfaceNumber 1
	bAlternateSetting 10
	bNumEndpoints 1
	bInterfaceClass 0xe
	bInterfaceSubClass 0x2
	bInterfaceProtocol 0x0
	iInterface 0
		*** Endpoint descriptor ***
		bLength 7
		bDescriptorType 5
		bEndpointAddress 0x82	EP 2 IN
		bmAttributes 0x5	ISOC
		wMaxPacketSize 896
		wMaxPacketSize (with additional transactions in microframe) 2688
		bInterval 1
	*** Interface descriptor ***
	bLength 9
	bDescriptorType 4
	bInterfaceNumber 1
	bAlternateSetting 11
	bNumEndpoints 1
	bInterfaceClass 0xe
	bInterfaceSubClass 0x2
	bInterfaceProtocol 0x0
	iInterface 0
		*** Endpoint descriptor ***
		bLength 7
		bDescriptorType 5
		bEndpointAddress 0x82	EP 2 IN
		bmAttributes 0x5	ISOC
		wMaxPacketSize 1024
		wMaxPacketSize (with additional transactions in microframe) 3072
		bInterval 1
*** Interface Association Descriptor ***
bLength 8
bDescriptorType 11
bFirstInterface 2
bInterfaceCount 2
bFunctionClass 0x1
bFunctionSubClass 0x0
bFunctionProtocol 0x0
iFunction 5
	*** Interface descriptor ***
	bLength 9
	bDescriptorType 4
	bInterfaceNumber 2
	bAlternateSetting 0
	bNumEndpoints 0
	bInterfaceClass 0x1
	bInterfaceSubClass 0x1
	bInterfaceProtocol 0x0
	iInterface 0
	*** Class-specific VC Interface Descriptor ***
	bLength 9
	bDescriptorType 0x24
	bDescriptorSubType 0x01
	bcdUVC 0100
	wTotalLength 39
	dwClockFrequency 604766977
	bInCollection 2
	baInterfaceNr[0] 1
	baInterfaceNr[1] 1
	*** Input Terminal Descriptor (Camera) ***
	bLength 12
	bDescriptorType 0x24
	bDescriptorSubType 0x02
	bTerminalID 0x1
	wTerminalType 0x201
	bAssocTerminal 0
	iTerminal 1
	wObjectiveFocalLengthMin 3
	wObjectiveFocalLengthMax 0
	wOcularFocalLength 9225
	bControlSize 6
	bmControls 0x2 0x1 0x2
	*** Extension Unit Descriptor unsupported, skipping... ***
	*** Output Terminal Descriptor ***
	bLength 9
	bDescriptorType 0x24
	bDescriptorSubType 0x03
	bTerminalID 3
	wTerminalType 0x101
	bAssocTerminal 0
	bSourceID 2
	iTerminal 0
	*** Interface descriptor ***
	bLength 9
	bDescriptorType 4
	bInterfaceNumber 3
	bAlternateSetting 0
	bNumEndpoints 0
	bInterfaceClass 0x1
	bInterfaceSubClass 0x2
	bInterfaceProtocol 0x0
	iInterface 0
	*** Interface descriptor ***
	bLength 9
	bDescriptorType 4
	bInterfaceNumber 3
	bAlternateSetting 1
	bNumEndpoints 1
	bInterfaceClass 0x1
	bInterfaceSubClass 0x2
	bInterfaceProtocol 0x0
	iInterface 0
	*** Class-specific VC Interface Descriptor ***
	bLength 7
	bDescriptorType 0x24
	bDescriptorSubType 0x01
	bcdUVC 0003
	wTotalLength 1
	dwClockFrequency 16917515
	bInCollection 2
	baInterfaceNr[0] 2
	baInterfaceNr[1] 16
	*** Input Terminal Descriptor (Media) ***
	bLength 11
	bDescriptorType 0x24
	bDescriptorSubType 0x02
	bTerminalID 0x1
	wTerminalType 0x202
	bAssocTerminal 16
	iTerminal 1
	bControlSize 128
	bmControls 0xBB
	bTransportModeSize 0
	bmTransportModes 0x9 0x5 0x83 0x1 0xC0
		*** Endpoint descriptor ***
		bLength 9
		bDescriptorType 5
		bEndpointAddress 0x83	EP 3 IN
		bmAttributes 0x1	ISOC
		wMaxPacketSize 192
		bInterval 4
		*** Class-specific Interrupt Endpoint Descriptor ***
		bLength 7
		bDescriptorType 0x25
		bDescriptorSubType 1
		wMaxTransferSize 1
	*** Interface descriptor ***
	bLength 9
	bDescriptorType 4
	bInterfaceNumber 4
	bAlternateSetting 0
	bNumEndpoints 2
	bInterfaceClass 0x3
	bInterfaceSubClass 0x0
	bInterfaceProtocol 0x0
	iInterface 0
 *** Unknown Descriptor Length: 9 Type: 33 ***
		*** Endpoint descriptor ***
		bLength 7
		bDescriptorType 5
		bEndpointAddress 0x84	EP 4 IN
		bmAttributes 0x3	INT
		wMaxPacketSize 64
		bInterval 4
		*** Endpoint descriptor ***
		bLength 7
		bDescriptorType 5
		bEndpointAddress 0x1	EP 1 OUT
		bmAttributes 0x3	INT
		wMaxPacketSize 64
		bInterval 4
D (776762) uvc: ctrl xfer cb
D (776764) uvc: ctrl xfer cb
D (776766) uvc: ctrl xfer cb
PV-UVC-FMT requested=800x600 applied=800x600 fourcc=MJPEG fps_x1000=30000
D (776776) uvc: ctrl xfer cb
D (776778) uvc: ctrl xfer cb
D (776781) uvc: ctrl xfer cb
D (776783) uvc: ctrl xfer cb
D (776786) uvc: ctrl xfer cb
D (776788) uvc: ctrl xfer cb
D (776792) uvc: ctrl xfer cb
D (776794) uvc: ctrl xfer cb
D (776806) uvc: ctrl xfer cb
PV-UVC-STATS t=1s cb=0 bytes=0 vazios=0 overflow=0 underflow=0 xfer_err=0
PV-UVC-STATS t=2s cb=0 bytes=0 vazios=0 overflow=0 underflow=0 xfer_err=0
PV-UVC-STATS t=3s cb=0 bytes=0 vazios=0 overflow=0 underflow=0 xfer_err=0
PV-UVC-STATS t=4s cb=0 bytes=0 vazios=0 overflow=0 underflow=0 xfer_err=0
PV-UVC-WARMUP requested=800x600 descartados=0
PV-UVC-STATS t=5s cb=0 bytes=0 vazios=0 overflow=0 underflow=0 xfer_err=0
PV-UVC-STATS t=6s cb=0 bytes=0 vazios=0 overflow=0 underflow=0 xfer_err=0
PV-UVC-STATS t=7s cb=0 bytes=0 vazios=0 overflow=0 underflow=0 xfer_err=0
PV-UVC-STATS t=8s cb=0 bytes=0 vazios=0 overflow=0 underflow=0 xfer_err=0
PV-UVC-STATS t=9s cb=0 bytes=0 vazios=0 overflow=0 underflow=0 xfer_err=0
PV-UVC-STATS t=10s cb=0 bytes=0 vazios=0 overflow=0 underflow=0 xfer_err=0
PV-UVC-STATS t=11s cb=0 bytes=0 vazios=0 overflow=0 underflow=0 xfer_err=0
PV-UVC-STATS t=12s cb=0 bytes=0 vazios=0 overflow=0 underflow=0 xfer_err=0
PV-UVC-STATS t=13s cb=0 bytes=0 vazios=0 overflow=0 underflow=0 xfer_err=0
PV-UVC-STATS t=14s cb=0 bytes=0 vazios=0 overflow=0 underflow=0 xfer_err=0
PV-UVC-STATS t=15s cb=0 bytes=0 vazios=0 overflow=0 underflow=0 xfer_err=0
PV-UVC-STATS t=16s cb=0 bytes=0 vazios=0 overflow=0 underflow=0 xfer_err=0
PV-UVC-STATS t=17s cb=0 bytes=0 vazios=0 overflow=0 underflow=0 xfer_err=0
PV-UVC-STATS t=18s cb=0 bytes=0 vazios=0 overflow=0 underflow=0 xfer_err=0
PV-UVC-STATS t=19s cb=0 bytes=0 vazios=0 overflow=0 underflow=0 xfer_err=0
D (810906) uvc: ctrl xfer cb
PV-UVC-STATS t=20s cb=0 bytes=0 vazios=0 overflow=0 underflow=0 xfer_err=0
PV-UVC-RUNG requested=800x600 applied=800x600 fourcc=JPEG bytesused=0 result=FAIL reason=sem-frame
PV-UVC-MEM etapa=pos-degrau psram_livre=8690596 psram_maior_bloco=8388608 interna_livre=394455
D (810923) uvc: ctrl xfer cb
D (810925) uvc: ctrl xfer cb
D (810927) uvc: ctrl xfer cb
PV-UVC-FMT requested=1920x1080 applied=1920x1080 fourcc=MJPEG fps_x1000=30000
D (810937) uvc: ctrl xfer cb
D (810939) uvc: ctrl xfer cb
D (810942) uvc: ctrl xfer cb
D (810946) uvc: ctrl xfer cb
D (810949) uvc: ctrl xfer cb
D (810951) uvc: ctrl xfer cb
D (810954) uvc: ctrl xfer cb
D (810956) uvc: ctrl xfer cb
D (810968) uvc: ctrl xfer cb
PV-UVC-STATS t=1s cb=0 bytes=0 vazios=0 overflow=0 underflow=0 xfer_err=0
PV-UVC-STATS t=2s cb=0 bytes=0 vazios=0 overflow=0 underflow=0 xfer_err=0
PV-UVC-STATS t=3s cb=0 bytes=0 vazios=0 overflow=0 underflow=0 xfer_err=0
PV-UVC-STATS t=4s cb=0 bytes=0 vazios=0 overflow=0 underflow=0 xfer_err=0
PV-UVC-WARMUP requested=1920x1080 descartados=0
PV-UVC-STATS t=5s cb=0 bytes=0 vazios=0 overflow=0 underflow=0 xfer_err=0
PV-UVC-STATS t=6s cb=0 bytes=0 vazios=0 overflow=0 underflow=0 xfer_err=0
PV-UVC-STATS t=7s cb=0 bytes=0 vazios=0 overflow=0 underflow=0 xfer_err=0
PV-UVC-STATS t=8s cb=0 bytes=0 vazios=0 overflow=0 underflow=0 xfer_err=0
PV-UVC-STATS t=9s cb=0 bytes=0 vazios=0 overflow=0 underflow=0 xfer_err=0
PV-UVC-STATS t=10s cb=0 bytes=0 vazios=0 overflow=0 underflow=0 xfer_err=0
PV-UVC-STATS t=11s cb=0 bytes=0 vazios=0 overflow=0 underflow=0 xfer_err=0
PV-UVC-STATS t=12s cb=0 bytes=0 vazios=0 overflow=0 underflow=0 xfer_err=0
PV-UVC-STATS t=13s cb=0 bytes=0 vazios=0 overflow=0 underflow=0 xfer_err=0
PV-UVC-STATS t=14s cb=0 bytes=0 vazios=0 overflow=0 underflow=0 xfer_err=0
PV-UVC-STATS t=15s cb=0 bytes=0 vazios=0 overflow=0 underflow=0 xfer_err=0
PV-UVC-STATS t=16s cb=0 bytes=0 vazios=0 overflow=0 underflow=0 xfer_err=0
PV-UVC-STATS t=17s cb=0 bytes=0 vazios=0 overflow=0 underflow=0 xfer_err=0
PV-UVC-STATS t=18s cb=0 bytes=0 vazios=0 overflow=0 underflow=0 xfer_err=0
PV-UVC-STATS t=19s cb=0 bytes=0 vazios=0 overflow=0 underflow=0 xfer_err=0
D (845069) uvc: ctrl xfer cb
PV-UVC-STATS t=20s cb=0 bytes=0 vazios=0 overflow=0 underflow=0 xfer_err=0
PV-UVC-RUNG requested=1920x1080 applied=1920x1080 fourcc=JPEG bytesused=0 result=FAIL reason=sem-frame
PV-UVC-MEM etapa=pos-degrau psram_livre=8690596 psram_maior_bloco=8388608 interna_livre=394455
D (845085) uvc: ctrl xfer cb
D (845089) uvc: ctrl xfer cb
D (845092) uvc: ctrl xfer cb
PV-UVC-FMT requested=2592x1944 applied=2592x1944 fourcc=MJPEG fps_x1000=30000
D (845100) uvc: ctrl xfer cb
D (845102) uvc: ctrl xfer cb
D (845107) uvc: ctrl xfer cb
D (845109) uvc: ctrl xfer cb
D (845111) uvc: ctrl xfer cb
D (845113) uvc: ctrl xfer cb
D (845116) uvc: ctrl xfer cb
D (845118) uvc: ctrl xfer cb
D (845130) uvc: ctrl xfer cb
PV-UVC-STATS t=1s cb=0 bytes=0 vazios=0 overflow=0 underflow=0 xfer_err=0
PV-UVC-STATS t=2s cb=0 bytes=0 vazios=0 overflow=0 underflow=0 xfer_err=0
PV-UVC-STATS t=3s cb=0 bytes=0 vazios=0 overflow=0 underflow=0 xfer_err=0
PV-UVC-STATS t=4s cb=0 bytes=0 vazios=0 overflow=0 underflow=0 xfer_err=0
PV-UVC-WARMUP requested=2592x1944 descartados=0
PV-UVC-STATS t=5s cb=0 bytes=0 vazios=0 overflow=0 underflow=0 xfer_err=0
PV-UVC-STATS t=6s cb=0 bytes=0 vazios=0 overflow=0 underflow=0 xfer_err=0
PV-UVC-STATS t=7s cb=0 bytes=0 vazios=0 overflow=0 underflow=0 xfer_err=0
PV-UVC-STATS t=8s cb=0 bytes=0 vazios=0 overflow=0 underflow=0 xfer_err=0
PV-UVC-STATS t=9s cb=0 bytes=0 vazios=0 overflow=0 underflow=0 xfer_err=0
PV-UVC-STATS t=10s cb=0 bytes=0 vazios=0 overflow=0 underflow=0 xfer_err=0
PV-UVC-STATS t=11s cb=0 bytes=0 vazios=0 overflow=0 underflow=0 xfer_err=0
PV-UVC-STATS t=12s cb=0 bytes=0 vazios=0 overflow=0 underflow=0 xfer_err=0
PV-UVC-STATS t=13s cb=0 bytes=0 vazios=0 overflow=0 underflow=0 xfer_err=0
PV-UVC-STATS t=14s cb=0 bytes=0 vazios=0 overflow=0 underflow=0 xfer_err=0
PV-UVC-STATS t=15s cb=0 bytes=0 vazios=0 overflow=0 underflow=0 xfer_err=0
PV-UVC-STATS t=16s cb=0 bytes=0 vazios=0 overflow=0 underflow=0 xfer_err=0
PV-UVC-STATS t=17s cb=0 bytes=0 vazios=0 overflow=0 underflow=0 xfer_err=0
PV-UVC-STATS t=18s cb=0 bytes=0 vazios=0 overflow=0 underflow=0 xfer_err=0
PV-UVC-STATS t=19s cb=0 bytes=0 vazios=0 overflow=0 underflow=0 xfer_err=0
D (879230) uvc: ctrl xfer cb
PV-UVC-STATS t=20s cb=0 bytes=0 vazios=0 overflow=0 underflow=0 xfer_err=0
PV-UVC-RUNG requested=2592x1944 applied=2592x1944 fourcc=JPEG bytesused=0 result=FAIL reason=sem-frame
PV-UVC-MEM etapa=pos-degrau psram_livre=8690596 psram_maior_bloco=8388608 interna_livre=394455
D (879246) uvc: ctrl xfer cb
D (879250) uvc: ctrl xfer cb
D (879253) uvc: ctrl xfer cb
PV-UVC-FMT requested=3264x2448 applied=3264x2448 fourcc=MJPEG fps_x1000=30000
D (879261) uvc: ctrl xfer cb
D (879263) uvc: ctrl xfer cb
D (879267) uvc: ctrl xfer cb
D (879270) uvc: ctrl xfer cb
D (879272) uvc: ctrl xfer cb
D (879274) uvc: ctrl xfer cb
D (879277) uvc: ctrl xfer cb
D (879279) uvc: ctrl xfer cb
D (879291) uvc: ctrl xfer cb
PV-UVC-STATS t=1s cb=0 bytes=0 vazios=0 overflow=0 underflow=0 xfer_err=0
PV-UVC-STATS t=2s cb=0 bytes=0 vazios=0 overflow=0 underflow=0 xfer_err=0
PV-UVC-STATS t=3s cb=0 bytes=0 vazios=0 overflow=0 underflow=0 xfer_err=0
PV-UVC-STATS t=4s cb=0 bytes=0 vazios=0 overflow=0 underflow=0 xfer_err=0
PV-UVC-WARMUP requested=3264x2448 descartados=0
PV-UVC-STATS t=5s cb=0 bytes=0 vazios=0 overflow=0 underflow=0 xfer_err=0
PV-UVC-STATS t=6s cb=0 bytes=0 vazios=0 overflow=0 underflow=0 xfer_err=0
PV-UVC-STATS t=7s cb=0 bytes=0 vazios=0 overflow=0 underflow=0 xfer_err=0
PV-UVC-STATS t=8s cb=0 bytes=0 vazios=0 overflow=0 underflow=0 xfer_err=0
PV-UVC-STATS t=9s cb=0 bytes=0 vazios=0 overflow=0 underflow=0 xfer_err=0
PV-UVC-STATS t=10s cb=0 bytes=0 vazios=0 overflow=0 underflow=0 xfer_err=0
PV-UVC-STATS t=11s cb=0 bytes=0 vazios=0 overflow=0 underflow=0 xfer_err=0
PV-UVC-STATS t=12s cb=0 bytes=0 vazios=0 overflow=0 underflow=0 xfer_err=0
PV-UVC-STATS t=13s cb=0 bytes=0 vazios=0 overflow=0 underflow=0 xfer_err=0
PV-UVC-STATS t=14s cb=0 bytes=0 vazios=0 overflow=0 underflow=0 xfer_err=0
PV-UVC-STATS t=15s cb=0 bytes=0 vazios=0 overflow=0 underflow=0 xfer_err=0
PV-UVC-STATS t=16s cb=0 bytes=0 vazios=0 overflow=0 underflow=0 xfer_err=0
PV-UVC-STATS t=17s cb=0 bytes=0 vazios=0 overflow=0 underflow=0 xfer_err=0
PV-UVC-STATS t=18s cb=0 bytes=0 vazios=0 overflow=0 underflow=0 xfer_err=0
PV-UVC-STATS t=19s cb=0 bytes=0 vazios=0 overflow=0 underflow=0 xfer_err=0
D (914391) uvc: ctrl xfer cb
PV-UVC-STATS t=20s cb=0 bytes=0 vazios=0 overflow=0 underflow=0 xfer_err=0
PV-UVC-RUNG requested=3264x2448 applied=3264x2448 fourcc=JPEG bytesused=0 result=FAIL reason=sem-frame
PV-UVC-MEM etapa=pos-degrau psram_livre=8690596 psram_maior_bloco=8388608 interna_livre=394455
D (914407) uvc: ctrl xfer cb
D (914411) uvc: ctrl xfer cb
D (914414) uvc: ctrl xfer cb
PV-UVC-FMT requested=4000x3000 applied=4000x3000 fourcc=MJPEG fps_x1000=15000
D (914422) uvc: ctrl xfer cb
D (914424) uvc: ctrl xfer cb
D (914429) uvc: ctrl xfer cb
D (914431) uvc: ctrl xfer cb
D (914434) uvc: ctrl xfer cb
D (914436) uvc: ctrl xfer cb
D (914438) uvc: ctrl xfer cb
D (914440) uvc: ctrl xfer cb
D (914452) uvc: ctrl xfer cb
PV-UVC-STATS t=1s cb=0 bytes=0 vazios=0 overflow=0 underflow=0 xfer_err=0
PV-UVC-STATS t=2s cb=0 bytes=0 vazios=0 overflow=0 underflow=0 xfer_err=0
PV-UVC-STATS t=3s cb=0 bytes=0 vazios=0 overflow=0 underflow=0 xfer_err=0
PV-UVC-STATS t=4s cb=0 bytes=0 vazios=0 overflow=0 underflow=0 xfer_err=0
PV-UVC-WARMUP requested=4000x3000 descartados=0
PV-UVC-STATS t=5s cb=0 bytes=0 vazios=0 overflow=0 underflow=0 xfer_err=0
PV-UVC-STATS t=6s cb=0 bytes=0 vazios=0 overflow=0 underflow=0 xfer_err=0
PV-UVC-STATS t=7s cb=0 bytes=0 vazios=0 overflow=0 underflow=0 xfer_err=0
PV-UVC-STATS t=8s cb=0 bytes=0 vazios=0 overflow=0 underflow=0 xfer_err=0
PV-UVC-STATS t=9s cb=0 bytes=0 vazios=0 overflow=0 underflow=0 xfer_err=0
PV-UVC-STATS t=10s cb=0 bytes=0 vazios=0 overflow=0 underflow=0 xfer_err=0
PV-UVC-STATS t=11s cb=0 bytes=0 vazios=0 overflow=0 underflow=0 xfer_err=0
PV-UVC-STATS t=12s cb=0 bytes=0 vazios=0 overflow=0 underflow=0 xfer_err=0
PV-UVC-STATS t=13s cb=0 bytes=0 vazios=0 overflow=0 underflow=0 xfer_err=0
PV-UVC-STATS t=14s cb=0 bytes=0 vazios=0 overflow=0 underflow=0 xfer_err=0
PV-UVC-STATS t=15s cb=0 bytes=0 vazios=0 overflow=0 underflow=0 xfer_err=0
PV-UVC-STATS t=16s cb=0 bytes=0 vazios=0 overflow=0 underflow=0 xfer_err=0
PV-UVC-STATS t=17s cb=0 bytes=0 vazios=0 overflow=0 underflow=0 xfer_err=0
PV-UVC-STATS t=18s cb=0 bytes=0 vazios=0 overflow=0 underflow=0 xfer_err=0
PV-UVC-STATS t=19s cb=0 bytes=0 vazios=0 overflow=0 underflow=0 xfer_err=0
PV-UVC-STATS t=20s cb=0 bytes=0 vazios=0 overflow=0 underflow=0 xfer_err=0
D (948553) uvc: ctrl xfer cb
PV-UVC-STATS t=21s cb=0 bytes=0 vazios=0 overflow=0 underflow=0 xfer_err=0
PV-UVC-RUNG requested=4000x3000 applied=4000x3000 fourcc=JPEG bytesused=0 result=FAIL reason=sem-frame
PV-UVC-MEM etapa=pos-degrau psram_livre=8690596 psram_maior_bloco=8388608 interna_livre=394455
PV-UVC-SUMARIO inicio
PV-UVC-SUMARIO degrau=1 requested=800x600 applied=800x600 fourcc=JPEG bytesused=0 result=FAIL reason=sem-frame obrigatorio=sim
PV-UVC-SUMARIO degrau=2 requested=1920x1080 applied=1920x1080 fourcc=JPEG bytesused=0 result=FAIL reason=sem-frame obrigatorio=sim
PV-UVC-SUMARIO degrau=3 requested=2592x1944 applied=2592x1944 fourcc=JPEG bytesused=0 result=FAIL reason=sem-frame obrigatorio=sim
PV-UVC-SUMARIO degrau=4 requested=3264x2448 applied=3264x2448 fourcc=JPEG bytesused=0 result=FAIL reason=sem-frame obrigatorio=sim
PV-UVC-SUMARIO degrau=5 requested=4000x3000 applied=4000x3000 fourcc=JPEG bytesused=0 result=FAIL reason=sem-frame obrigatorio=nao
PV-UVC-SUMARIO fim pass=0 fail=5 total=5 fail_obrigatorios=4
PV-UVC-CICLO 5 fim — REPLUG a camera para disparar nova escada (retry 15 s)

PV-UVC-CICLO 6 inicio
PV-UVC-ENUM device dev_addr=1 stream_index=0 frames_anunciados=26
PV-UVC-ENUM frame index=0 format=MJPEG 1920x1080 default_interval=333333 tipos=3
PV-UVC-ENUM interval index=0 k=0 valor=333333 fps_x1000=30000
PV-UVC-ENUM interval index=0 k=1 valor=666666 fps_x1000=15000
PV-UVC-ENUM interval index=0 k=2 valor=1000000 fps_x1000=10000
PV-UVC-ENUM frame index=1 format=MJPEG 640x320 default_interval=333333 tipos=3
PV-UVC-ENUM interval index=1 k=0 valor=333333 fps_x1000=30000
PV-UVC-ENUM interval index=1 k=1 valor=666666 fps_x1000=15000
PV-UVC-ENUM interval index=1 k=2 valor=1000000 fps_x1000=10000
PV-UVC-ENUM frame index=2 format=MJPEG 640x480 default_interval=333333 tipos=3
PV-UVC-ENUM interval index=2 k=0 valor=333333 fps_x1000=30000
PV-UVC-ENUM interval index=2 k=1 valor=666666 fps_x1000=15000
PV-UVC-ENUM interval index=2 k=2 valor=1000000 fps_x1000=10000
PV-UVC-ENUM frame index=3 format=MJPEG 800x600 default_interval=333333 tipos=3
PV-UVC-ENUM interval index=3 k=0 valor=333333 fps_x1000=30000
PV-UVC-ENUM interval index=3 k=1 valor=666666 fps_x1000=15000
PV-UVC-ENUM interval index=3 k=2 valor=1000000 fps_x1000=10000
PV-UVC-ENUM frame index=4 format=MJPEG 1024x768 default_interval=333333 tipos=3
PV-UVC-ENUM interval index=4 k=0 valor=333333 fps_x1000=30000
PV-UVC-ENUM interval index=4 k=1 valor=666666 fps_x1000=15000
PV-UVC-ENUM interval index=4 k=2 valor=1000000 fps_x1000=10000
PV-UVC-ENUM frame index=5 format=MJPEG 1280x720 default_interval=333333 tipos=3
PV-UVC-ENUM interval index=5 k=0 valor=333333 fps_x1000=30000
PV-UVC-ENUM interval index=5 k=1 valor=666666 fps_x1000=15000
PV-UVC-ENUM interval index=5 k=2 valor=1000000 fps_x1000=10000
PV-UVC-ENUM frame index=6 format=MJPEG 1280x960 default_interval=333333 tipos=3
PV-UVC-ENUM interval index=6 k=0 valor=333333 fps_x1000=30000
PV-UVC-ENUM interval index=6 k=1 valor=666666 fps_x1000=15000
PV-UVC-ENUM interval index=6 k=2 valor=1000000 fps_x1000=10000
PV-UVC-ENUM frame index=7 format=MJPEG 1600x1200 default_interval=333333 tipos=3
PV-UVC-ENUM interval index=7 k=0 valor=333333 fps_x1000=30000
PV-UVC-ENUM interval index=7 k=1 valor=666666 fps_x1000=15000
PV-UVC-ENUM interval index=7 k=2 valor=1000000 fps_x1000=10000
PV-UVC-ENUM frame index=8 format=MJPEG 2048x1536 default_interval=333333 tipos=3
PV-UVC-ENUM interval index=8 k=0 valor=333333 fps_x1000=30000
PV-UVC-ENUM interval index=8 k=1 valor=666666 fps_x1000=15000
PV-UVC-ENUM interval index=8 k=2 valor=1000000 fps_x1000=10000
PV-UVC-ENUM frame index=9 format=MJPEG 2592x1944 default_interval=333333 tipos=3
PV-UVC-ENUM interval index=9 k=0 valor=333333 fps_x1000=30000
PV-UVC-ENUM interval index=9 k=1 valor=666666 fps_x1000=15000
PV-UVC-ENUM interval index=9 k=2 valor=1000000 fps_x1000=10000
PV-UVC-ENUM frame index=10 format=MJPEG 3264x2448 default_interval=333333 tipos=3
PV-UVC-ENUM interval index=10 k=0 valor=333333 fps_x1000=30000
PV-UVC-ENUM interval index=10 k=1 valor=666666 fps_x1000=15000
PV-UVC-ENUM interval index=10 k=2 valor=1000000 fps_x1000=10000
PV-UVC-ENUM frame index=11 format=MJPEG 3840x2160 default_interval=333333 tipos=3
PV-UVC-ENUM interval index=11 k=0 valor=333333 fps_x1000=30000
PV-UVC-ENUM interval index=11 k=1 valor=666666 fps_x1000=15000
PV-UVC-ENUM interval index=11 k=2 valor=1000000 fps_x1000=10000
PV-UVC-ENUM frame index=12 format=MJPEG 4000x3000 default_interval=666666 tipos=2
PV-UVC-ENUM interval index=12 k=0 valor=666666 fps_x1000=15000
PV-UVC-ENUM interval index=12 k=1 valor=1000000 fps_x1000=10000
PV-UVC-ENUM frame index=13 format=MJPEG 320x240 default_interval=333333 tipos=2
PV-UVC-ENUM interval index=13 k=0 valor=333333 fps_x1000=30000
PV-UVC-ENUM interval index=13 k=1 valor=666666 fps_x1000=15000
PV-UVC-ENUM frame index=14 format=YUY2 320x240 default_interval=500000 tipos=2
PV-UVC-ENUM interval index=14 k=0 valor=500000 fps_x1000=20000
PV-UVC-ENUM interval index=14 k=1 valor=1000000 fps_x1000=10000
PV-UVC-ENUM frame index=15 format=YUY2 640x360 default_interval=500000 tipos=2
PV-UVC-ENUM interval index=15 k=0 valor=500000 fps_x1000=20000
PV-UVC-ENUM interval index=15 k=1 valor=1000000 fps_x1000=10000
PV-UVC-ENUM frame index=16 format=YUY2 640x480 default_interval=1000000 tipos=1
PV-UVC-ENUM interval index=16 k=0 valor=1000000 fps_x1000=10000
PV-UVC-ENUM frame index=17 format=YUY2 800x600 default_interval=1000000 tipos=1
PV-UVC-ENUM interval index=17 k=0 valor=1000000 fps_x1000=10000
PV-UVC-ENUM frame index=18 format=YUY2 1024x720 default_interval=1000000 tipos=1
PV-UVC-ENUM interval index=18 k=0 valor=1000000 fps_x1000=10000
PV-UVC-ENUM frame index=19 format=YUY2 1280x940 default_interval=1000000 tipos=1
PV-UVC-ENUM interval index=19 k=0 valor=1000000 fps_x1000=10000
PV-UVC-ENUM frame index=20 format=YUY2 1280x1024 default_interval=1000000 tipos=1
PV-UVC-ENUM interval index=20 k=0 valor=1000000 fps_x1000=10000
PV-UVC-ENUM frame index=21 format=YUY2 1600x1200 default_interval=2000000 tipos=1
PV-UVC-ENUM interval index=21 k=0 valor=2000000 fps_x1000=5000
PV-UVC-ENUM frame index=22 format=YUY2 1920x1080 default_interval=2000000 tipos=1
PV-UVC-ENUM interval index=22 k=0 valor=2000000 fps_x1000=5000
PV-UVC-ENUM frame index=23 format=YUY2 2048x1536 default_interval=2000000 tipos=1
PV-UVC-ENUM interval index=23 k=0 valor=2000000 fps_x1000=5000
PV-UVC-ENUM frame index=24 format=YUY2 2560x1440 default_interval=2000000 tipos=1
PV-UVC-ENUM interval index=24 k=0 valor=2000000 fps_x1000=5000
PV-UVC-ENUM frame index=25 format=YUY2 2592x1944 default_interval=2000000 tipos=1
PV-UVC-ENUM interval index=25 k=0 valor=2000000 fps_x1000=5000
PV-UVC-ENUM result=OK entradas=26 tamanhos_mjpeg=14
D (964125) uvc: Checking list of opened USB devices
D (964129) uvc: Checking list of connected USB devices
D (964134) uvc: Claimed interface index 1 with MPS 1024
D (964139) uvc: ctrl xfer cb
D (964144) uvc: ctrl xfer cb
D (964146) uvc: ctrl xfer cb
D (964148) uvc: ctrl xfer cb
I (964149) uvc: Allocating 8 USB transfers for ISOC. Each: 3072 bytes, 1 ISOC packets, 3072 MPS
PV-UVC-MEM etapa=pos-open psram_livre=8690596 psram_maior_bloco=8388608 interna_livre=394455
*** Device descriptor ***
bLength 18
bDescriptorType 1
bcdUSB 2.00
bDeviceClass 0xef
bDeviceSubClass 0x2
bDeviceProtocol 0x1
bMaxPacketSize0 64
idVendor 0xb024
idProduct 0x725
bcdDevice 1.00
iManufacturer 1
iProduct 2
iSerialNumber 3
bNumConfigurations 1
*** Configuration descriptor ***
bLength 9
bDescriptorType 2
wTotalLength 1463
bNumInterfaces 5
bConfigurationValue 1
iConfiguration 0
bmAttributes 0x80
bMaxPower 500mA
*** Interface Association Descriptor ***
bLength 8
bDescriptorType 11
bFirstInterface 0
bInterfaceCount 2
bFunctionClass 0xe
bFunctionSubClass 0x3
bFunctionProtocol 0x0
iFunction 4
	*** Interface descriptor ***
	bLength 9
	bDescriptorType 4
	bInterfaceNumber 0
	bAlternateSetting 0
	bNumEndpoints 1
	bInterfaceClass 0xe
	bInterfaceSubClass 0x1
	bInterfaceProtocol 0x0
	iInterface 0
	*** Class-specific VC Interface Descriptor ***
	bLength 13
	bDescriptorType 0x24
	bDescriptorSubType 0x01
	bcdUVC 0100
	wTotalLength 80
	dwClockFrequency 24000000
	bInCollection 1
	baInterfaceNr[0] 1
	*** Input Terminal Descriptor (Camera) ***
	bLength 18
	bDescriptorType 0x24
	bDescriptorSubType 0x02
	bTerminalID 0x1
	wTerminalType 0x201
	bAssocTerminal 0
	iTerminal 0
	wObjectiveFocalLengthMin 0
	wObjectiveFocalLengthMax 0
	wOcularFocalLength 0
	bControlSize 3
	bmControls 0x7A 0x2A 0x2
	*** Extension Unit Descriptor unsupported, skipping... ***
	*** Processing Unit Descriptor ***
	bLength 11
	bDescriptorType 0x24
	bDescriptorSubType 0x05
	bUnitID 3
	bSourceID 2
	wMaxMultiplier 16384
	bControlSize 2
	bmControls 0x7F 0x17 0x0
	iProcessing 9
	bmVideoStandards 0x24
	*** Output Terminal Descriptor ***
	bLength 9
	bDescriptorType 0x24
	bDescriptorSubType 0x03
	bTerminalID 4
	wTerminalType 0x101
	bAssocTerminal 0
	bSourceID 3
	iTerminal 0
		*** Endpoint descriptor ***
		bLength 7
		bDescriptorType 5
		bEndpointAddress 0x81	EP 1 IN
		bmAttributes 0x3	INT
		wMaxPacketSize 16
		bInterval 8
		*** Class-specific Interrupt Endpoint Descriptor ***
		bLength 5
		bDescriptorType 0x25
		bDescriptorSubType 3
		wMaxTransferSize 16
	*** Interface descriptor ***
	bLength 9
	bDescriptorType 4
	bInterfaceNumber 1
	bAlternateSetting 0
	bNumEndpoints 0
	bInterfaceClass 0xe
	bInterfaceSubClass 0x2
	bInterfaceProtocol 0x0
	iInterface 0
	*** Class-specific VC Interface Descriptor ***
	bLength 15
	bDescriptorType 0x24
	bDescriptorSubType 0x01
	bcdUVC fc02
	wTotalLength 33283
	dwClockFrequency 16909312
	bInCollection 1
	baInterfaceNr[0] 1
	*** Extension Unit Descriptor unsupported, skipping... ***
	*** VS Frame Descriptor ***
	bLength 38
	bDescriptorType 0x24
	bDescriptorSubType 0x07
	bFrameIndex 1
	bmCapabilities 0x0
	wWidth 1920
	wHeight 1080
	dwMinBitRate 20736000
	dwMaxBitRate 62208000
	dwMaxVideoFrameBufSize 2073600
	dwDefaultFrameInterval 333333
	bFrameIntervalType 3
	FrameInterval[0] 333333
	FrameInterval[1] 666666
	FrameInterval[2] 1000000
	*** VS Frame Descriptor ***
	bLength 38
	bDescriptorType 0x24
	bDescriptorSubType 0x07
	bFrameIndex 2
	bmCapabilities 0x0
	wWidth 640
	wHeight 320
	dwMinBitRate 2048000
	dwMaxBitRate 6144000
	dwMaxVideoFrameBufSize 204800
	dwDefaultFrameInterval 333333
	bFrameIntervalType 3
	FrameInterval[0] 333333
	FrameInterval[1] 666666
	FrameInterval[2] 1000000
	*** VS Frame Descriptor ***
	bLength 38
	bDescriptorType 0x24
	bDescriptorSubType 0x07
	bFrameIndex 3
	bmCapabilities 0x0
	wWidth 640
	wHeight 480
	dwMinBitRate 3072000
	dwMaxBitRate 9216000
	dwMaxVideoFrameBufSize 307200
	dwDefaultFrameInterval 333333
	bFrameIntervalType 3
	FrameInterval[0] 333333
	FrameInterval[1] 666666
	FrameInterval[2] 1000000
	*** VS Frame Descriptor ***
	bLength 38
	bDescriptorType 0x24
	bDescriptorSubType 0x07
	bFrameIndex 4
	bmCapabilities 0x0
	wWidth 800
	wHeight 600
	dwMinBitRate 4800000
	dwMaxBitRate 14400000
	dwMaxVideoFrameBufSize 480000
	dwDefaultFrameInterval 333333
	bFrameIntervalType 3
	FrameInterval[0] 333333
	FrameInterval[1] 666666
	FrameInterval[2] 1000000
	*** VS Frame Descriptor ***
	bLength 38
	bDescriptorType 0x24
	bDescriptorSubType 0x07
	bFrameIndex 5
	bmCapabilities 0x0
	wWidth 1024
	wHeight 768
	dwMinBitRate 7864320
	dwMaxBitRate 23592960
	dwMaxVideoFrameBufSize 786432
	dwDefaultFrameInterval 333333
	bFrameIntervalType 3
	FrameInterval[0] 333333
	FrameInterval[1] 666666
	FrameInterval[2] 1000000
	*** VS Frame Descriptor ***
	bLength 38
	bDescriptorType 0x24
	bDescriptorSubType 0x07
	bFrameIndex 6
	bmCapabilities 0x0
	wWidth 1280
	wHeight 720
	dwMinBitRate 9216000
	dwMaxBitRate 27648000
	dwMaxVideoFrameBufSize 921600
	dwDefaultFrameInterval 333333
	bFrameIntervalType 3
	FrameInterval[0] 333333
	FrameInterval[1] 666666
	FrameInterval[2] 1000000
	*** VS Frame Descriptor ***
	bLength 38
	bDescriptorType 0x24
	bDescriptorSubType 0x07
	bFrameIndex 7
	bmCapabilities 0x0
	wWidth 1280
	wHeight 960
	dwMinBitRate 12288000
	dwMaxBitRate 36864000
	dwMaxVideoFrameBufSize 1228800
	dwDefaultFrameInterval 333333
	bFrameIntervalType 3
	FrameInterval[0] 333333
	FrameInterval[1] 666666
	FrameInterval[2] 1000000
	*** VS Frame Descriptor ***
	bLength 38
	bDescriptorType 0x24
	bDescriptorSubType 0x07
	bFrameIndex 8
	bmCapabilities 0x0
	wWidth 1600
	wHeight 1200
	dwMinBitRate 19200000
	dwMaxBitRate 57600000
	dwMaxVideoFrameBufSize 1920000
	dwDefaultFrameInterval 333333
	bFrameIntervalType 3
	FrameInterval[0] 333333
	FrameInterval[1] 666666
	FrameInterval[2] 1000000
	*** VS Frame Descriptor ***
	bLength 38
	bDescriptorType 0x24
	bDescriptorSubType 0x07
	bFrameIndex 9
	bmCapabilities 0x0
	wWidth 2048
	wHeight 1536
	dwMinBitRate 31457280
	dwMaxBitRate 94371840
	dwMaxVideoFrameBufSize 3145728
	dwDefaultFrameInterval 333333
	bFrameIntervalType 3
	FrameInterval[0] 333333
	FrameInterval[1] 666666
	FrameInterval[2] 1000000
	*** VS Frame Descriptor ***
	bLength 38
	bDescriptorType 0x24
	bDescriptorSubType 0x07
	bFrameIndex 10
	bmCapabilities 0x0
	wWidth 2592
	wHeight 1944
	dwMinBitRate 50388480
	dwMaxBitRate 151165440
	dwMaxVideoFrameBufSize 5038848
	dwDefaultFrameInterval 333333
	bFrameIntervalType 3
	FrameInterval[0] 333333
	FrameInterval[1] 666666
	FrameInterval[2] 1000000
	*** VS Frame Descriptor ***
	bLength 38
	bDescriptorType 0x24
	bDescriptorSubType 0x07
	bFrameIndex 11
	bmCapabilities 0x0
	wWidth 3264
	wHeight 2448
	dwMinBitRate 79902720
	dwMaxBitRate 239708160
	dwMaxVideoFrameBufSize 7990272
	dwDefaultFrameInterval 333333
	bFrameIntervalType 3
	FrameInterval[0] 333333
	FrameInterval[1] 666666
	FrameInterval[2] 1000000
	*** VS Frame Descriptor ***
	bLength 38
	bDescriptorType 0x24
	bDescriptorSubType 0x07
	bFrameIndex 12
	bmCapabilities 0x0
	wWidth 3840
	wHeight 2160
	dwMinBitRate 82944000
	dwMaxBitRate 248832000
	dwMaxVideoFrameBufSize 8294400
	dwDefaultFrameInterval 333333
	bFrameIntervalType 3
	FrameInterval[0] 333333
	FrameInterval[1] 666666
	FrameInterval[2] 1000000
	*** VS Frame Descriptor ***
	bLength 34
	bDescriptorType 0x24
	bDescriptorSubType 0x07
	bFrameIndex 13
	bmCapabilities 0x0
	wWidth 4000
	wHeight 3000
	dwMinBitRate 120000000
	dwMaxBitRate 180000000
	dwMaxVideoFrameBufSize 12000000
	dwDefaultFrameInterval 666666
	bFrameIntervalType 2
	FrameInterval[0] 666666
	FrameInterval[1] 1000000
	*** VS Frame Descriptor ***
	bLength 34
	bDescriptorType 0x24
	bDescriptorSubType 0x07
	bFrameIndex 14
	bmCapabilities 0x0
	wWidth 320
	wHeight 240
	dwMinBitRate 1152000
	dwMaxBitRate 2304000
	dwMaxVideoFrameBufSize 76800
	dwDefaultFrameInterval 333333
	bFrameIntervalType 2
	FrameInterval[0] 333333
	FrameInterval[1] 666666
	*** Output Terminal Descriptor ***
	bLength 63
	bDescriptorType 0x24
	bDescriptorSubType 0x03
	bTerminalID 0
	wTerminalType 0x800E
	bAssocTerminal 7
	bSourceID 56
	iTerminal 4
	*** VS Color Format Descriptor ***
	bLength 6
	bDescriptorType 0x24
	bDescriptorSubType 0x0D
	bColorPrimaries 0x1
	bTransferCharacteristics 1
	bMatrixCoefficients 0x4
	*** Selector Unit Descriptor ***
	bLength 27
	bDescriptorType 0x24
	bDescriptorSubType 0x04
	bUnitID 2
	bNrInPins 12
	baSourceID1 89
	baSourceID2 85
	iSelector 89
	*** Processing Unit Descriptor ***
	bLength 34
	bDescriptorType 0x24
	bDescriptorSubType 0x05
	bUnitID 1
	bSourceID 0
	wMaxMultiplier 320
	bControlSize 240
	bmControls 0x0 0x0 0x70
	iProcessing 23
	bmVideoStandards 0x0
	*** Processing Unit Descriptor ***
	bLength 34
	bDescriptorType 0x24
	bDescriptorSubType 0x05
	bUnitID 2
	bSourceID 0
	wMaxMultiplier 640
	bControlSize 104
	bmControls 0x1 0x0 0x50
	iProcessing 70
	bmVideoStandards 0x0
	*** Processing Unit Descriptor ***
	bLength 30
	bDescriptorType 0x24
	bDescriptorSubType 0x05
	bUnitID 3
	bSourceID 0
	wMaxMultiplier 640
	bControlSize 224
	bmControls 0x1 0x0 0xC0
	iProcessing 93
	bmVideoStandards 0x0
	*** Processing Unit Descriptor ***
	bLength 30
	bDescriptorType 0x24
	bDescriptorSubType 0x05
	bUnitID 4
	bSourceID 0
	wMaxMultiplier 800
	bControlSize 88
	bmControls 0x2 0x0 0x7C
	iProcessing 146
	bmVideoStandards 0x0
	*** Processing Unit Descriptor ***
	bLength 30
	bDescriptorType 0x24
	bDescriptorSubType 0x05
	bUnitID 5
	bSourceID 0
	wMaxMultiplier 1024
	bControlSize 208
	bmControls 0x2 0x0 0x0
	iProcessing 225
	bmVideoStandards 0x0
	*** Processing Unit Descriptor ***
	bLength 30
	bDescriptorType 0x24
	bDescriptorSubType 0x05
	bUnitID 6
	bSourceID 0
	wMaxMultiplier 1280
	bControlSize 172
	bmControls 0x3 0x0 0x30
	iProcessing 111
	bmVideoStandards 0x1
	*** Processing Unit Descriptor ***
	bLength 30
	bDescriptorType 0x24
	bDescriptorSubType 0x05
	bUnitID 7
	bSourceID 0
	wMaxMultiplier 1280
	bControlSize 0
	bmControls 0x4 0x0 0x0
	iProcessing 144
	bmVideoStandards 0x1
	*** Processing Unit Descriptor ***
	bLength 30
	bDescriptorType 0x24
	bDescriptorSubType 0x05
	bUnitID 8
	bSourceID 0
	wMaxMultiplier 1600
	bControlSize 176
	bmControls 0x4 0x0 0xF8
	iProcessing 36
	bmVideoStandards 0x1
	*** Processing Unit Descriptor ***
	bLength 30
	bDescriptorType 0x24
	bDescriptorSubType 0x05
	bUnitID 9
	bSourceID 0
	wMaxMultiplier 1920
	bControlSize 56
	bmControls 0x4 0x0 0x68
	iProcessing 60
	bmVideoStandards 0x1
	*** Processing Unit Descriptor ***
	bLength 30
	bDescriptorType 0x24
	bDescriptorSubType 0x05
	bUnitID 10
	bSourceID 0
	wMaxMultiplier 2048
	bControlSize 0
	bmControls 0x6 0x0 0x0
	iProcessing 224
	bmVideoStandards 0x1
	*** Processing Unit Descriptor ***
	bLength 30
	bDescriptorType 0x24
	bDescriptorSubType 0x05
	bUnitID 11
	bSourceID 0
	wMaxMultiplier 2560
	bControlSize 160
	bmControls 0x5 0x0 0x80
	iProcessing 50
	bmVideoStandards 0x2
	*** Processing Unit Descriptor ***
	bLength 30
	bDescriptorType 0x24
	bDescriptorSubType 0x05
	bUnitID 12
	bSourceID 0
	wMaxMultiplier 2592
	bControlSize 152
	bmControls 0x7 0x0 0xDE
	iProcessing 0
	bmVideoStandards 0x3
	*** VS Color Format Descriptor ***
	bLength 6
	bDescriptorType 0x24
	bDescriptorSubType 0x0D
	bColorPrimaries 0x1
	bTransferCharacteristics 1
	bMatrixCoefficients 0x4
	*** Interface descriptor ***
	bLength 9
	bDescriptorType 4
	bInterfaceNumber 1
	bAlternateSetting 1
	bNumEndpoints 1
	bInterfaceClass 0xe
	bInterfaceSubClass 0x2
	bInterfaceProtocol 0x0
	iInterface 0
		*** Endpoint descriptor ***
		bLength 7
		bDescriptorType 5
		bEndpointAddress 0x82	EP 2 IN
		bmAttributes 0x5	ISOC
		wMaxPacketSize 192
		bInterval 1
	*** Interface descriptor ***
	bLength 9
	bDescriptorType 4
	bInterfaceNumber 1
	bAlternateSetting 2
	bNumEndpoints 1
	bInterfaceClass 0xe
	bInterfaceSubClass 0x2
	bInterfaceProtocol 0x0
	iInterface 0
		*** Endpoint descriptor ***
		bLength 7
		bDescriptorType 5
		bEndpointAddress 0x82	EP 2 IN
		bmAttributes 0x5	ISOC
		wMaxPacketSize 384
		bInterval 1
	*** Interface descriptor ***
	bLength 9
	bDescriptorType 4
	bInterfaceNumber 1
	bAlternateSetting 3
	bNumEndpoints 1
	bInterfaceClass 0xe
	bInterfaceSubClass 0x2
	bInterfaceProtocol 0x0
	iInterface 0
		*** Endpoint descriptor ***
		bLength 7
		bDescriptorType 5
		bEndpointAddress 0x82	EP 2 IN
		bmAttributes 0x5	ISOC
		wMaxPacketSize 512
		bInterval 1
	*** Interface descriptor ***
	bLength 9
	bDescriptorType 4
	bInterfaceNumber 1
	bAlternateSetting 4
	bNumEndpoints 1
	bInterfaceClass 0xe
	bInterfaceSubClass 0x2
	bInterfaceProtocol 0x0
	iInterface 0
		*** Endpoint descriptor ***
		bLength 7
		bDescriptorType 5
		bEndpointAddress 0x82	EP 2 IN
		bmAttributes 0x5	ISOC
		wMaxPacketSize 640
		bInterval 1
	*** Interface descriptor ***
	bLength 9
	bDescriptorType 4
	bInterfaceNumber 1
	bAlternateSetting 5
	bNumEndpoints 1
	bInterfaceClass 0xe
	bInterfaceSubClass 0x2
	bInterfaceProtocol 0x0
	iInterface 0
		*** Endpoint descriptor ***
		bLength 7
		bDescriptorType 5
		bEndpointAddress 0x82	EP 2 IN
		bmAttributes 0x5	ISOC
		wMaxPacketSize 800
		bInterval 1
	*** Interface descriptor ***
	bLength 9
	bDescriptorType 4
	bInterfaceNumber 1
	bAlternateSetting 6
	bNumEndpoints 1
	bInterfaceClass 0xe
	bInterfaceSubClass 0x2
	bInterfaceProtocol 0x0
	iInterface 0
		*** Endpoint descriptor ***
		bLength 7
		bDescriptorType 5
		bEndpointAddress 0x82	EP 2 IN
		bmAttributes 0x5	ISOC
		wMaxPacketSize 944
		bInterval 1
	*** Interface descriptor ***
	bLength 9
	bDescriptorType 4
	bInterfaceNumber 1
	bAlternateSetting 7
	bNumEndpoints 1
	bInterfaceClass 0xe
	bInterfaceSubClass 0x2
	bInterfaceProtocol 0x0
	iInterface 0
		*** Endpoint descriptor ***
		bLength 7
		bDescriptorType 5
		bEndpointAddress 0x82	EP 2 IN
		bmAttributes 0x5	ISOC
		wMaxPacketSize 640
		wMaxPacketSize (with additional transactions in microframe) 1280
		bInterval 1
	*** Interface descriptor ***
	bLength 9
	bDescriptorType 4
	bInterfaceNumber 1
	bAlternateSetting 8
	bNumEndpoints 1
	bInterfaceClass 0xe
	bInterfaceSubClass 0x2
	bInterfaceProtocol 0x0
	iInterface 0
		*** Endpoint descriptor ***
		bLength 7
		bDescriptorType 5
		bEndpointAddress 0x82	EP 2 IN
		bmAttributes 0x5	ISOC
		wMaxPacketSize 800
		wMaxPacketSize (with additional transactions in microframe) 1600
		bInterval 1
	*** Interface descriptor ***
	bLength 9
	bDescriptorType 4
	bInterfaceNumber 1
	bAlternateSetting 9
	bNumEndpoints 1
	bInterfaceClass 0xe
	bInterfaceSubClass 0x2
	bInterfaceProtocol 0x0
	iInterface 0
		*** Endpoint descriptor ***
		bLength 7
		bDescriptorType 5
		bEndpointAddress 0x82	EP 2 IN
		bmAttributes 0x5	ISOC
		wMaxPacketSize 992
		wMaxPacketSize (with additional transactions in microframe) 1984
		bInterval 1
	*** Interface descriptor ***
	bLength 9
	bDescriptorType 4
	bInterfaceNumber 1
	bAlternateSetting 10
	bNumEndpoints 1
	bInterfaceClass 0xe
	bInterfaceSubClass 0x2
	bInterfaceProtocol 0x0
	iInterface 0
		*** Endpoint descriptor ***
		bLength 7
		bDescriptorType 5
		bEndpointAddress 0x82	EP 2 IN
		bmAttributes 0x5	ISOC
		wMaxPacketSize 896
		wMaxPacketSize (with additional transactions in microframe) 2688
		bInterval 1
	*** Interface descriptor ***
	bLength 9
	bDescriptorType 4
	bInterfaceNumber 1
	bAlternateSetting 11
	bNumEndpoints 1
	bInterfaceClass 0xe
	bInterfaceSubClass 0x2
	bInterfaceProtocol 0x0
	iInterface 0
		*** Endpoint descriptor ***
		bLength 7
		bDescriptorType 5
		bEndpointAddress 0x82	EP 2 IN
		bmAttributes 0x5	ISOC
		wMaxPacketSize 1024
		wMaxPacketSize (with additional transactions in microframe) 3072
		bInterval 1
*** Interface Association Descriptor ***
bLength 8
bDescriptorType 11
bFirstInterface 2
bInterfaceCount 2
bFunctionClass 0x1
bFunctionSubClass 0x0
bFunctionProtocol 0x0
iFunction 5
	*** Interface descriptor ***
	bLength 9
	bDescriptorType 4
	bInterfaceNumber 2
	bAlternateSetting 0
	bNumEndpoints 0
	bInterfaceClass 0x1
	bInterfaceSubClass 0x1
	bInterfaceProtocol 0x0
	iInterface 0
	*** Class-specific VC Interface Descriptor ***
	bLength 9
	bDescriptorType 0x24
	bDescriptorSubType 0x01
	bcdUVC 0100
	wTotalLength 39
	dwClockFrequency 604766977
	bInCollection 2
	baInterfaceNr[0] 1
	baInterfaceNr[1] 1
	*** Input Terminal Descriptor (Camera) ***
	bLength 12
	bDescriptorType 0x24
	bDescriptorSubType 0x02
	bTerminalID 0x1
	wTerminalType 0x201
	bAssocTerminal 0
	iTerminal 1
	wObjectiveFocalLengthMin 3
	wObjectiveFocalLengthMax 0
	wOcularFocalLength 9225
	bControlSize 6
	bmControls 0x2 0x1 0x2
	*** Extension Unit Descriptor unsupported, skipping... ***
	*** Output Terminal Descriptor ***
	bLength 9
	bDescriptorType 0x24
	bDescriptorSubType 0x03
	bTerminalID 3
	wTerminalType 0x101
	bAssocTerminal 0
	bSourceID 2
	iTerminal 0
	*** Interface descriptor ***
	bLength 9
	bDescriptorType 4
	bInterfaceNumber 3
	bAlternateSetting 0
	bNumEndpoints 0
	bInterfaceClass 0x1
	bInterfaceSubClass 0x2
	bInterfaceProtocol 0x0
	iInterface 0
	*** Interface descriptor ***
	bLength 9
	bDescriptorType 4
	bInterfaceNumber 3
	bAlternateSetting 1
	bNumEndpoints 1
	bInterfaceClass 0x1
	bInterfaceSubClass 0x2
	bInterfaceProtocol 0x0
	iInterface 0
	*** Class-specific VC Interface Descriptor ***
	bLength 7
	bDescriptorType 0x24
	bDescriptorSubType 0x01
	bcdUVC 0003
	wTotalLength 1
	dwClockFrequency 16917515
	bInCollection 2
	baInterfaceNr[0] 2
	baInterfaceNr[1] 16
	*** Input Terminal Descriptor (Media) ***
	bLength 11
	bDescriptorType 0x24
	bDescriptorSubType 0x02
	bTerminalID 0x1
	wTerminalType 0x202
	bAssocTerminal 16
	iTerminal 1
	bControlSize 128
	bmControls 0xBB
	bTransportModeSize 0
	bmTransportModes 0x9 0x5 0x83 0x1 0xC0
		*** Endpoint descriptor ***
		bLength 9
		bDescriptorType 5
		bEndpointAddress 0x83	EP 3 IN
		bmAttributes 0x1	ISOC
		wMaxPacketSize 192
		bInterval 4
		*** Class-specific Interrupt Endpoint Descriptor ***
		bLength 7
		bDescriptorType 0x25
		bDescriptorSubType 1
		wMaxTransferSize 1
	*** Interface descriptor ***
	bLength 9
	bDescriptorType 4
	bInterfaceNumber 4
	bAlternateSetting 0
	bNumEndpoints 2
	bInterfaceClass 0x3
	bInterfaceSubClass 0x0
	bInterfaceProtocol 0x0
	iInterface 0
 *** Unknown Descriptor Length: 9 Type: 33 ***
		*** Endpoint descriptor ***
		bLength 7
		bDescriptorType 5
		bEndpointAddress 0x84	EP 4 IN
		bmAttributes 0x3	INT
		wMaxPacketSize 64
		bInterval 4
		*** Endpoint descriptor ***
		bLength 7
		bDescriptorType 5
		bEndpointAddress 0x1	EP 1 OUT
		bmAttributes 0x3	INT
		wMaxPacketSize 64
		bInterval 4
D (965789) uvc: ctrl xfer cb
D (965791) uvc: ctrl xfer cb
D (965794) uvc: ctrl xfer cb
PV-UVC-FMT requested=800x600 applied=800x600 fourcc=MJPEG fps_x1000=30000
D (965802) uvc: ctrl xfer cb
D (965806) uvc: ctrl xfer cb
D (965809) uvc: ctrl xfer cb
D (965811) uvc: ctrl xfer cb
D (965813) uvc: ctrl xfer cb
D (965815) uvc: ctrl xfer cb
D (965818) uvc: ctrl xfer cb
D (965820) uvc: ctrl xfer cb
D (965832) uvc: ctrl xfer cb
PV-UVC-STATS t=1s cb=0 bytes=0 vazios=0 overflow=0 underflow=0 xfer_err=0
PV-UVC-STATS t=2s cb=0 bytes=0 vazios=0 overflow=0 underflow=0 xfer_err=0
PV-UVC-STATS t=3s cb=0 bytes=0 vazios=0 overflow=0 underflow=0 xfer_err=0
PV-UVC-STATS t=4s cb=0 bytes=0 vazios=0 overflow=0 underflow=0 xfer_err=0
PV-UVC-WARMUP requested=800x600 descartados=0
PV-UVC-STATS t=5s cb=0 bytes=0 vazios=0 overflow=0 underflow=0 xfer_err=0
PV-UVC-STATS t=6s cb=0 bytes=0 vazios=0 overflow=0 underflow=0 xfer_err=0
PV-UVC-STATS t=7s cb=0 bytes=0 vazios=0 overflow=0 underflow=0 xfer_err=0
PV-UVC-STATS t=8s cb=0 bytes=0 vazios=0 overflow=0 underflow=0 xfer_err=0
PV-UVC-STATS t=9s cb=0 bytes=0 vazios=0 overflow=0 underflow=0 xfer_err=0
PV-UVC-STATS t=10s cb=0 bytes=0 vazios=0 overflow=0 underflow=0 xfer_err=0
PV-UVC-STATS t=11s cb=0 bytes=0 vazios=0 overflow=0 underflow=0 xfer_err=0
PV-UVC-STATS t=12s cb=0 bytes=0 vazios=0 overflow=0 underflow=0 xfer_err=0
PV-UVC-STATS t=13s cb=0 bytes=0 vazios=0 overflow=0 underflow=0 xfer_err=0
PV-UVC-STATS t=14s cb=0 bytes=0 vazios=0 overflow=0 underflow=0 xfer_err=0
PV-UVC-STATS t=15s cb=0 bytes=0 vazios=0 overflow=0 underflow=0 xfer_err=0
PV-UVC-STATS t=16s cb=0 bytes=0 vazios=0 overflow=0 underflow=0 xfer_err=0
PV-UVC-STATS t=17s cb=0 bytes=0 vazios=0 overflow=0 underflow=0 xfer_err=0
PV-UVC-STATS t=18s cb=0 bytes=0 vazios=0 overflow=0 underflow=0 xfer_err=0
PV-UVC-STATS t=19s cb=0 bytes=0 vazios=0 overflow=0 underflow=0 xfer_err=0
D (1000932) uvc: ctrl xfer cb
PV-UVC-STATS t=20s cb=0 bytes=0 vazios=0 overflow=0 underflow=0 xfer_err=0
PV-UVC-RUNG requested=800x600 applied=800x600 fourcc=JPEG bytesused=0 result=FAIL reason=sem-frame
PV-UVC-MEM etapa=pos-degrau psram_livre=8690596 psram_maior_bloco=8388608 interna_livre=394455
D (1000948) uvc: ctrl xfer cb
D (1000951) uvc: ctrl xfer cb
D (1000955) uvc: ctrl xfer cb
PV-UVC-FMT requested=1920x1080 applied=1920x1080 fourcc=MJPEG fps_x1000=30000
D (1000963) uvc: ctrl xfer cb
D (1000967) uvc: ctrl xfer cb
D (1000970) uvc: ctrl xfer cb
D (1000972) uvc: ctrl xfer cb
D (1000975) uvc: ctrl xfer cb
D (1000977) uvc: ctrl xfer cb
D (1000979) uvc: ctrl xfer cb
D (1000983) uvc: ctrl xfer cb
D (1000995) uvc: ctrl xfer cb
PV-UVC-STATS t=1s cb=0 bytes=0 vazios=0 overflow=0 underflow=0 xfer_err=0
PV-UVC-STATS t=2s cb=0 bytes=0 vazios=0 overflow=0 underflow=0 xfer_err=0
PV-UVC-STATS t=3s cb=0 bytes=0 vazios=0 overflow=0 underflow=0 xfer_err=0
PV-UVC-STATS t=4s cb=0 bytes=0 vazios=0 overflow=0 underflow=0 xfer_err=0
PV-UVC-WARMUP requested=1920x1080 descartados=0
PV-UVC-STATS t=5s cb=0 bytes=0 vazios=0 overflow=0 underflow=0 xfer_err=0
PV-UVC-STATS t=6s cb=0 bytes=0 vazios=0 overflow=0 underflow=0 xfer_err=0
PV-UVC-STATS t=7s cb=0 bytes=0 vazios=0 overflow=0 underflow=0 xfer_err=0
PV-UVC-STATS t=8s cb=0 bytes=0 vazios=0 overflow=0 underflow=0 xfer_err=0
PV-UVC-STATS t=9s cb=0 bytes=0 vazios=0 overflow=0 underflow=0 xfer_err=0
PV-UVC-STATS t=10s cb=0 bytes=0 vazios=0 overflow=0 underflow=0 xfer_err=0
PV-UVC-STATS t=11s cb=0 bytes=0 vazios=0 overflow=0 underflow=0 xfer_err=0
PV-UVC-STATS t=12s cb=0 bytes=0 vazios=0 overflow=0 underflow=0 xfer_err=0
PV-UVC-STATS t=13s cb=0 bytes=0 vazios=0 overflow=0 underflow=0 xfer_err=0
PV-UVC-STATS t=14s cb=0 bytes=0 vazios=0 overflow=0 underflow=0 xfer_err=0
PV-UVC-STATS t=15s cb=0 bytes=0 vazios=0 overflow=0 underflow=0 xfer_err=0
PV-UVC-STATS t=16s cb=0 bytes=0 vazios=0 overflow=0 underflow=0 xfer_err=0
PV-UVC-STATS t=17s cb=0 bytes=0 vazios=0 overflow=0 underflow=0 xfer_err=0
PV-UVC-STATS t=18s cb=0 bytes=0 vazios=0 overflow=0 underflow=0 xfer_err=0
PV-UVC-STATS t=19s cb=0 bytes=0 vazios=0 overflow=0 underflow=0 xfer_err=0
PV-UVC-STATS t=20s cb=0 bytes=0 vazios=0 overflow=0 underflow=0 xfer_err=0
D (1036096) uvc: ctrl xfer cb
PV-UVC-STATS t=21s cb=0 bytes=0 vazios=0 overflow=0 underflow=0 xfer_err=0
PV-UVC-RUNG requested=1920x1080 applied=1920x1080 fourcc=JPEG bytesused=0 result=FAIL reason=sem-frame
PV-UVC-MEM etapa=pos-degrau psram_livre=8690596 psram_maior_bloco=8388608 interna_livre=394455
D (1036112) uvc: ctrl xfer cb
D (1036116) uvc: ctrl xfer cb
D (1036119) uvc: ctrl xfer cb
PV-UVC-FMT requested=2592x1944 applied=2592x1944 fourcc=MJPEG fps_x1000=30000
D (1036129) uvc: ctrl xfer cb
D (1036131) uvc: ctrl xfer cb
D (1036134) uvc: ctrl xfer cb
D (1036136) uvc: ctrl xfer cb
D (1036138) uvc: ctrl xfer cb
D (1036140) uvc: ctrl xfer cb
D (1036145) uvc: ctrl xfer cb
D (1036147) uvc: ctrl xfer cb
D (1036159) uvc: ctrl xfer cb
PV-UVC-STATS t=1s cb=0 bytes=0 vazios=0 overflow=0 underflow=0 xfer_err=0
PV-UVC-STATS t=2s cb=0 bytes=0 vazios=0 overflow=0 underflow=0 xfer_err=0
PV-UVC-STATS t=3s cb=0 bytes=0 vazios=0 overflow=0 underflow=0 xfer_err=0
PV-UVC-STATS t=4s cb=0 bytes=0 vazios=0 overflow=0 underflow=0 xfer_err=0
PV-UVC-WARMUP requested=2592x1944 descartados=0
PV-UVC-STATS t=5s cb=0 bytes=0 vazios=0 overflow=0 underflow=0 xfer_err=0
PV-UVC-STATS t=6s cb=0 bytes=0 vazios=0 overflow=0 underflow=0 xfer_err=0
PV-UVC-STATS t=7s cb=0 bytes=0 vazios=0 overflow=0 underflow=0 xfer_err=0
PV-UVC-STATS t=8s cb=0 bytes=0 vazios=0 overflow=0 underflow=0 xfer_err=0
PV-UVC-STATS t=9s cb=0 bytes=0 vazios=0 overflow=0 underflow=0 xfer_err=0
PV-UVC-STATS t=10s cb=0 bytes=0 vazios=0 overflow=0 underflow=0 xfer_err=0
PV-UVC-STATS t=11s cb=0 bytes=0 vazios=0 overflow=0 underflow=0 xfer_err=0
PV-UVC-STATS t=12s cb=0 bytes=0 vazios=0 overflow=0 underflow=0 xfer_err=0
PV-UVC-STATS t=13s cb=0 bytes=0 vazios=0 overflow=0 underflow=0 xfer_err=0
PV-UVC-STATS t=14s cb=0 bytes=0 vazios=0 overflow=0 underflow=0 xfer_err=0
PV-UVC-STATS t=15s cb=0 bytes=0 vazios=0 overflow=0 underflow=0 xfer_err=0
PV-UVC-STATS t=16s cb=0 bytes=0 vazios=0 overflow=0 underflow=0 xfer_err=0
PV-UVC-STATS t=17s cb=0 bytes=0 vazios=0 overflow=0 underflow=0 xfer_err=0
PV-UVC-STATS t=18s cb=0 bytes=0 vazios=0 overflow=0 underflow=0 xfer_err=0
PV-UVC-STATS t=19s cb=0 bytes=0 vazios=0 overflow=0 underflow=0 xfer_err=0
D (1071260) uvc: ctrl xfer cb
PV-UVC-STATS t=20s cb=0 bytes=0 vazios=0 overflow=0 underflow=0 xfer_err=0
PV-UVC-RUNG requested=2592x1944 applied=2592x1944 fourcc=JPEG bytesused=0 result=FAIL reason=sem-frame
PV-UVC-MEM etapa=pos-degrau psram_livre=8690596 psram_maior_bloco=8388608 interna_livre=394455
D (1071276) uvc: ctrl xfer cb
D (1071280) uvc: ctrl xfer cb
D (1071283) uvc: ctrl xfer cb
PV-UVC-FMT requested=3264x2448 applied=3264x2448 fourcc=MJPEG fps_x1000=30000
D (1071293) uvc: ctrl xfer cb
D (1071295) uvc: ctrl xfer cb
D (1071298) uvc: ctrl xfer cb
D (1071300) uvc: ctrl xfer cb
D (1071303) uvc: ctrl xfer cb
D (1071305) uvc: ctrl xfer cb
D (1071309) uvc: ctrl xfer cb
D (1071311) uvc: ctrl xfer cb
D (1071323) uvc: ctrl xfer cb
PV-UVC-STATS t=1s cb=0 bytes=0 vazios=0 overflow=0 underflow=0 xfer_err=0
PV-UVC-STATS t=2s cb=0 bytes=0 vazios=0 overflow=0 underflow=0 xfer_err=0
PV-UVC-STATS t=3s cb=0 bytes=0 vazios=0 overflow=0 underflow=0 xfer_err=0
PV-UVC-STATS t=4s cb=0 bytes=0 vazios=0 overflow=0 underflow=0 xfer_err=0
PV-UVC-WARMUP requested=3264x2448 descartados=0
PV-UVC-STATS t=5s cb=0 bytes=0 vazios=0 overflow=0 underflow=0 xfer_err=0
PV-UVC-STATS t=6s cb=0 bytes=0 vazios=0 overflow=0 underflow=0 xfer_err=0
PV-UVC-STATS t=7s cb=0 bytes=0 vazios=0 overflow=0 underflow=0 xfer_err=0
PV-UVC-STATS t=8s cb=0 bytes=0 vazios=0 overflow=0 underflow=0 xfer_err=0
PV-UVC-STATS t=9s cb=0 bytes=0 vazios=0 overflow=0 underflow=0 xfer_err=0
PV-UVC-STATS t=10s cb=0 bytes=0 vazios=0 overflow=0 underflow=0 xfer_err=0
PV-UVC-STATS t=11s cb=0 bytes=0 vazios=0 overflow=0 underflow=0 xfer_err=0
PV-UVC-STATS t=12s cb=0 bytes=0 vazios=0 overflow=0 underflow=0 xfer_err=0
PV-UVC-STATS t=13s cb=0 bytes=0 vazios=0 overflow=0 underflow=0 xfer_err=0
PV-UVC-STATS t=14s cb=0 bytes=0 vazios=0 overflow=0 underflow=0 xfer_err=0
PV-UVC-STATS t=15s cb=0 bytes=0 vazios=0 overflow=0 underflow=0 xfer_err=0
PV-UVC-STATS t=16s cb=0 bytes=0 vazios=0 overflow=0 underflow=0 xfer_err=0
PV-UVC-STATS t=17s cb=0 bytes=0 vazios=0 overflow=0 underflow=0 xfer_err=0
PV-UVC-STATS t=18s cb=0 bytes=0 vazios=0 overflow=0 underflow=0 xfer_err=0
PV-UVC-STATS t=19s cb=0 bytes=0 vazios=0 overflow=0 underflow=0 xfer_err=0
PV-UVC-STATS t=20s cb=0 bytes=0 vazios=0 overflow=0 underflow=0 xfer_err=0
D (1106424) uvc: ctrl xfer cb
PV-UVC-STATS t=21s cb=0 bytes=0 vazios=0 overflow=0 underflow=0 xfer_err=0
PV-UVC-RUNG requested=3264x2448 applied=3264x2448 fourcc=JPEG bytesused=0 result=FAIL reason=sem-frame
PV-UVC-MEM etapa=pos-degrau psram_livre=8690596 psram_maior_bloco=8388608 interna_livre=394455
D (1106441) uvc: ctrl xfer cb
D (1106445) uvc: ctrl xfer cb
D (1106447) uvc: ctrl xfer cb
PV-UVC-FMT requested=4000x3000 applied=4000x3000 fourcc=MJPEG fps_x1000=15000
D (1106457) uvc: ctrl xfer cb
D (1106459) uvc: ctrl xfer cb
D (1106462) uvc: ctrl xfer cb
D (1106464) uvc: ctrl xfer cb
D (1106467) uvc: ctrl xfer cb
D (1106469) uvc: ctrl xfer cb
D (1106473) uvc: ctrl xfer cb
D (1106475) uvc: ctrl xfer cb
D (1106487) uvc: ctrl xfer cb
PV-UVC-STATS t=1s cb=0 bytes=0 vazios=0 overflow=0 underflow=0 xfer_err=0
PV-UVC-STATS t=2s cb=0 bytes=0 vazios=0 overflow=0 underflow=0 xfer_err=0
PV-UVC-STATS t=3s cb=0 bytes=0 vazios=0 overflow=0 underflow=0 xfer_err=0
PV-UVC-STATS t=4s cb=0 bytes=0 vazios=0 overflow=0 underflow=0 xfer_err=0
PV-UVC-WARMUP requested=4000x3000 descartados=0
PV-UVC-STATS t=5s cb=0 bytes=0 vazios=0 overflow=0 underflow=0 xfer_err=0
PV-UVC-STATS t=6s cb=0 bytes=0 vazios=0 overflow=0 underflow=0 xfer_err=0
PV-UVC-STATS t=7s cb=0 bytes=0 vazios=0 overflow=0 underflow=0 xfer_err=0
PV-UVC-STATS t=8s cb=0 bytes=0 vazios=0 overflow=0 underflow=0 xfer_err=0
PV-UVC-STATS t=9s cb=0 bytes=0 vazios=0 overflow=0 underflow=0 xfer_err=0
PV-UVC-STATS t=10s cb=0 bytes=0 vazios=0 overflow=0 underflow=0 xfer_err=0
PV-UVC-STATS t=11s cb=0 bytes=0 vazios=0 overflow=0 underflow=0 xfer_err=0
PV-UVC-STATS t=12s cb=0 bytes=0 vazios=0 overflow=0 underflow=0 xfer_err=0
PV-UVC-STATS t=13s cb=0 bytes=0 vazios=0 overflow=0 underflow=0 xfer_err=0
PV-UVC-STATS t=14s cb=0 bytes=0 vazios=0 overflow=0 underflow=0 xfer_err=0
PV-UVC-STATS t=15s cb=0 bytes=0 vazios=0 overflow=0 underflow=0 xfer_err=0
PV-UVC-STATS t=16s cb=0 bytes=0 vazios=0 overflow=0 underflow=0 xfer_err=0
PV-UVC-STATS t=17s cb=0 bytes=0 vazios=0 overflow=0 underflow=0 xfer_err=0
PV-UVC-STATS t=18s cb=0 bytes=0 vazios=0 overflow=0 underflow=0 xfer_err=0
PV-UVC-STATS t=19s cb=0 bytes=0 vazios=0 overflow=0 underflow=0 xfer_err=0
PV-UVC-STATS t=20s cb=0 bytes=0 vazios=0 overflow=0 underflow=0 xfer_err=0
D (1141588) uvc: ctrl xfer cb
PV-UVC-STATS t=21s cb=0 bytes=0 vazios=0 overflow=0 underflow=0 xfer_err=0
PV-UVC-RUNG requested=4000x3000 applied=4000x3000 fourcc=JPEG bytesused=0 result=FAIL reason=sem-frame
PV-UVC-MEM etapa=pos-degrau psram_livre=8690596 psram_maior_bloco=8388608 interna_livre=394455
PV-UVC-SUMARIO inicio
PV-UVC-SUMARIO degrau=1 requested=800x600 applied=800x600 fourcc=JPEG bytesused=0 result=FAIL reason=sem-frame obrigatorio=sim
PV-UVC-SUMARIO degrau=2 requested=1920x1080 applied=1920x1080 fourcc=JPEG bytesused=0 result=FAIL reason=sem-frame obrigatorio=sim
PV-UVC-SUMARIO degrau=3 requested=2592x1944 applied=2592x1944 fourcc=JPEG bytesused=0 result=FAIL reason=sem-frame obrigatorio=sim
PV-UVC-SUMARIO degrau=4 requested=3264x2448 applied=3264x2448 fourcc=JPEG bytesused=0 result=FAIL reason=sem-frame obrigatorio=sim
PV-UVC-SUMARIO degrau=5 requested=4000x3000 applied=4000x3000 fourcc=JPEG bytesused=0 result=FAIL reason=sem-frame obrigatorio=nao
PV-UVC-SUMARIO fim pass=0 fail=5 total=5 fail_obrigatorios=4
PV-UVC-CICLO 6 fim — REPLUG a camera para disparar nova escada (retry 15 s)

PV-UVC-CICLO 7 inicio
PV-UVC-ENUM device dev_addr=1 stream_index=0 frames_anunciados=26
PV-UVC-ENUM frame index=0 format=MJPEG 1920x1080 default_interval=333333 tipos=3
PV-UVC-ENUM interval index=0 k=0 valor=333333 fps_x1000=30000
PV-UVC-ENUM interval index=0 k=1 valor=666666 fps_x1000=15000
PV-UVC-ENUM interval index=0 k=2 valor=1000000 fps_x1000=10000
PV-UVC-ENUM frame index=1 format=MJPEG 640x320 default_interval=333333 tipos=3
PV-UVC-ENUM interval index=1 k=0 valor=333333 fps_x1000=30000
PV-UVC-ENUM interval index=1 k=1 valor=666666 fps_x1000=15000
PV-UVC-ENUM interval index=1 k=2 valor=1000000 fps_x1000=10000
PV-UVC-ENUM frame index=2 format=MJPEG 640x480 default_interval=333333 tipos=3
PV-UVC-ENUM interval index=2 k=0 valor=333333 fps_x1000=30000
PV-UVC-ENUM interval index=2 k=1 valor=666666 fps_x1000=15000
PV-UVC-ENUM interval index=2 k=2 valor=1000000 fps_x1000=10000
PV-UVC-ENUM frame index=3 format=MJPEG 800x600 default_interval=333333 tipos=3
PV-UVC-ENUM interval index=3 k=0 valor=333333 fps_x1000=30000
PV-UVC-ENUM interval index=3 k=1 valor=666666 fps_x1000=15000
PV-UVC-ENUM interval index=3 k=2 valor=1000000 fps_x1000=10000
PV-UVC-ENUM frame index=4 format=MJPEG 1024x768 default_interval=333333 tipos=3
PV-UVC-ENUM interval index=4 k=0 valor=333333 fps_x1000=30000
PV-UVC-ENUM interval index=4 k=1 valor=666666 fps_x1000=15000
PV-UVC-ENUM interval index=4 k=2 valor=1000000 fps_x1000=10000
PV-UVC-ENUM frame index=5 format=MJPEG 1280x720 default_interval=333333 tipos=3
PV-UVC-ENUM interval index=5 k=0 valor=333333 fps_x1000=30000
PV-UVC-ENUM interval index=5 k=1 valor=666666 fps_x1000=15000
PV-UVC-ENUM interval index=5 k=2 valor=1000000 fps_x1000=10000
PV-UVC-ENUM frame index=6 format=MJPEG 1280x960 default_interval=333333 tipos=3
PV-UVC-ENUM interval index=6 k=0 valor=333333 fps_x1000=30000
PV-UVC-ENUM interval index=6 k=1 valor=666666 fps_x1000=15000
PV-UVC-ENUM interval index=6 k=2 valor=1000000 fps_x1000=10000
PV-UVC-ENUM frame index=7 format=MJPEG 1600x1200 default_interval=333333 tipos=3
PV-UVC-ENUM interval index=7 k=0 valor=333333 fps_x1000=30000
PV-UVC-ENUM interval index=7 k=1 valor=666666 fps_x1000=15000
PV-UVC-ENUM interval index=7 k=2 valor=1000000 fps_x1000=10000
PV-UVC-ENUM frame index=8 format=MJPEG 2048x1536 default_interval=333333 tipos=3
PV-UVC-ENUM interval index=8 k=0 valor=333333 fps_x1000=30000
PV-UVC-ENUM interval index=8 k=1 valor=666666 fps_x1000=15000
PV-UVC-ENUM interval index=8 k=2 valor=1000000 fps_x1000=10000
PV-UVC-ENUM frame index=9 format=MJPEG 2592x1944 default_interval=333333 tipos=3
PV-UVC-ENUM interval index=9 k=0 valor=333333 fps_x1000=30000
PV-UVC-ENUM interval index=9 k=1 valor=666666 fps_x1000=15000
PV-UVC-ENUM interval index=9 k=2 valor=1000000 fps_x1000=10000
PV-UVC-ENUM frame index=10 format=MJPEG 3264x2448 default_interval=333333 tipos=3
PV-UVC-ENUM interval index=10 k=0 valor=333333 fps_x1000=30000
PV-UVC-ENUM interval index=10 k=1 valor=666666 fps_x1000=15000
PV-UVC-ENUM interval index=10 k=2 valor=1000000 fps_x1000=10000
PV-UVC-ENUM frame index=11 format=MJPEG 3840x2160 default_interval=333333 tipos=3
PV-UVC-ENUM interval index=11 k=0 valor=333333 fps_x1000=30000
PV-UVC-ENUM interval index=11 k=1 valor=666666 fps_x1000=15000
PV-UVC-ENUM interval index=11 k=2 valor=1000000 fps_x1000=10000
PV-UVC-ENUM frame index=12 format=MJPEG 4000x3000 default_interval=666666 tipos=2
PV-UVC-ENUM interval index=12 k=0 valor=666666 fps_x1000=15000
PV-UVC-ENUM interval index=12 k=1 valor=1000000 fps_x1000=10000
PV-UVC-ENUM frame index=13 format=MJPEG 320x240 default_interval=333333 tipos=2
PV-UVC-ENUM interval index=13 k=0 valor=333333 fps_x1000=30000
PV-UVC-ENUM interval index=13 k=1 valor=666666 fps_x1000=15000
PV-UVC-ENUM frame index=14 format=YUY2 320x240 default_interval=500000 tipos=2
PV-UVC-ENUM interval index=14 k=0 valor=500000 fps_x1000=20000
PV-UVC-ENUM interval index=14 k=1 valor=1000000 fps_x1000=10000
PV-UVC-ENUM frame index=15 format=YUY2 640x360 default_interval=500000 tipos=2
PV-UVC-ENUM interval index=15 k=0 valor=500000 fps_x1000=20000
PV-UVC-ENUM interval index=15 k=1 valor=1000000 fps_x1000=10000
PV-UVC-ENUM frame index=16 format=YUY2 640x480 default_interval=1000000 tipos=1
PV-UVC-ENUM interval index=16 k=0 valor=1000000 fps_x1000=10000
PV-UVC-ENUM frame index=17 format=YUY2 800x600 default_interval=1000000 tipos=1
PV-UVC-ENUM interval index=17 k=0 valor=1000000 fps_x1000=10000
PV-UVC-ENUM frame index=18 format=YUY2 1024x720 default_interval=1000000 tipos=1
PV-UVC-ENUM interval index=18 k=0 valor=1000000 fps_x1000=10000
PV-UVC-ENUM frame index=19 format=YUY2 1280x940 default_interval=1000000 tipos=1
PV-UVC-ENUM interval index=19 k=0 valor=1000000 fps_x1000=10000
PV-UVC-ENUM frame index=20 format=YUY2 1280x1024 default_interval=1000000 tipos=1
PV-UVC-ENUM interval index=20 k=0 valor=1000000 fps_x1000=10000
PV-UVC-ENUM frame index=21 format=YUY2 1600x1200 default_interval=2000000 tipos=1
PV-UVC-ENUM interval index=21 k=0 valor=2000000 fps_x1000=5000
PV-UVC-ENUM frame index=22 format=YUY2 1920x1080 default_interval=2000000 tipos=1
PV-UVC-ENUM interval index=22 k=0 valor=2000000 fps_x1000=5000
PV-UVC-ENUM frame index=23 format=YUY2 2048x1536 default_interval=2000000 tipos=1
PV-UVC-ENUM interval index=23 k=0 valor=2000000 fps_x1000=5000
PV-UVC-ENUM frame index=24 format=YUY2 2560x1440 default_interval=2000000 tipos=1
PV-UVC-ENUM interval index=24 k=0 valor=2000000 fps_x1000=5000
PV-UVC-ENUM frame index=25 format=YUY2 2592x1944 default_interval=2000000 tipos=1
PV-UVC-ENUM interval index=25 k=0 valor=2000000 fps_x1000=5000
PV-UVC-ENUM result=OK entradas=26 tamanhos_mjpeg=14
D (1157160) uvc: Checking list of opened USB devices
D (1157164) uvc: Checking list of connected USB devices
D (1157169) uvc: Claimed interface index 1 with MPS 1024
D (1157176) uvc: ctrl xfer cb
D (1157178) uvc: ctrl xfer cb
D (1157180) uvc: ctrl xfer cb
D (1157183) uvc: ctrl xfer cb
I (1157185) uvc: Allocating 8 USB transfers for ISOC. Each: 3072 bytes, 1 ISOC packets, 3072 MPS
PV-UVC-MEM etapa=pos-open psram_livre=8690596 psram_maior_bloco=8388608 interna_livre=394455
*** Device descriptor ***
bLength 18
bDescriptorType 1
bcdUSB 2.00
bDeviceClass 0xef
bDeviceSubClass 0x2
bDeviceProtocol 0x1
bMaxPacketSize0 64
idVendor 0xb024
idProduct 0x725
bcdDevice 1.00
iManufacturer 1
iProduct 2
iSerialNumber 3
bNumConfigurations 1
*** Configuration descriptor ***
bLength 9
bDescriptorType 2
wTotalLength 1463
bNumInterfaces 5
bConfigurationValue 1
iConfiguration 0
bmAttributes 0x80
bMaxPower 500mA
*** Interface Association Descriptor ***
bLength 8
bDescriptorType 11
bFirstInterface 0
bInterfaceCount 2
bFunctionClass 0xe
bFunctionSubClass 0x3
bFunctionProtocol 0x0
iFunction 4
	*** Interface descriptor ***
	bLength 9
	bDescriptorType 4
	bInterfaceNumber 0
	bAlternateSetting 0
	bNumEndpoints 1
	bInterfaceClass 0xe
	bInterfaceSubClass 0x1
	bInterfaceProtocol 0x0
	iInterface 0
	*** Class-specific VC Interface Descriptor ***
	bLength 13
	bDescriptorType 0x24
	bDescriptorSubType 0x01
	bcdUVC 0100
	wTotalLength 80
	dwClockFrequency 24000000
	bInCollection 1
	baInterfaceNr[0] 1
	*** Input Terminal Descriptor (Camera) ***
	bLength 18
	bDescriptorType 0x24
	bDescriptorSubType 0x02
	bTerminalID 0x1
	wTerminalType 0x201
	bAssocTerminal 0
	iTerminal 0
	wObjectiveFocalLengthMin 0
	wObjectiveFocalLengthMax 0
	wOcularFocalLength 0
	bControlSize 3
	bmControls 0x7A 0x2A 0x2
	*** Extension Unit Descriptor unsupported, skipping... ***
	*** Processing Unit Descriptor ***
	bLength 11
	bDescriptorType 0x24
	bDescriptorSubType 0x05
	bUnitID 3
	bSourceID 2
	wMaxMultiplier 16384
	bControlSize 2
	bmControls 0x7F 0x17 0x0
	iProcessing 9
	bmVideoStandards 0x24
	*** Output Terminal Descriptor ***
	bLength 9
	bDescriptorType 0x24
	bDescriptorSubType 0x03
	bTerminalID 4
	wTerminalType 0x101
	bAssocTerminal 0
	bSourceID 3
	iTerminal 0
		*** Endpoint descriptor ***
		bLength 7
		bDescriptorType 5
		bEndpointAddress 0x81	EP 1 IN
		bmAttributes 0x3	INT
		wMaxPacketSize 16
		bInterval 8
		*** Class-specific Interrupt Endpoint Descriptor ***
		bLength 5
		bDescriptorType 0x25
		bDescriptorSubType 3
		wMaxTransferSize 16
	*** Interface descriptor ***
	bLength 9
	bDescriptorType 4
	bInterfaceNumber 1
	bAlternateSetting 0
	bNumEndpoints 0
	bInterfaceClass 0xe
	bInterfaceSubClass 0x2
	bInterfaceProtocol 0x0
	iInterface 0
	*** Class-specific VC Interface Descriptor ***
	bLength 15
	bDescriptorType 0x24
	bDescriptorSubType 0x01
	bcdUVC fc02
	wTotalLength 33283
	dwClockFrequency 16909312
	bInCollection 1
	baInterfaceNr[0] 1
	*** Extension Unit Descriptor unsupported, skipping... ***
	*** VS Frame Descriptor ***
	bLength 38
	bDescriptorType 0x24
	bDescriptorSubType 0x07
	bFrameIndex 1
	bmCapabilities 0x0
	wWidth 1920
	wHeight 1080
	dwMinBitRate 20736000
	dwMaxBitRate 62208000
	dwMaxVideoFrameBufSize 2073600
	dwDefaultFrameInterval 333333
	bFrameIntervalType 3
	FrameInterval[0] 333333
	FrameInterval[1] 666666
	FrameInterval[2] 1000000
	*** VS Frame Descriptor ***
	bLength 38
	bDescriptorType 0x24
	bDescriptorSubType 0x07
	bFrameIndex 2
	bmCapabilities 0x0
	wWidth 640
	wHeight 320
	dwMinBitRate 2048000
	dwMaxBitRate 6144000
	dwMaxVideoFrameBufSize 204800
	dwDefaultFrameInterval 333333
	bFrameIntervalType 3
	FrameInterval[0] 333333
	FrameInterval[1] 666666
	FrameInterval[2] 1000000
	*** VS Frame Descriptor ***
	bLength 38
	bDescriptorType 0x24
	bDescriptorSubType 0x07
	bFrameIndex 3
	bmCapabilities 0x0
	wWidth 640
	wHeight 480
	dwMinBitRate 3072000
	dwMaxBitRate 9216000
	dwMaxVideoFrameBufSize 307200
	dwDefaultFrameInterval 333333
	bFrameIntervalType 3
	FrameInterval[0] 333333
	FrameInterval[1] 666666
	FrameInterval[2] 1000000
	*** VS Frame Descriptor ***
	bLength 38
	bDescriptorType 0x24
	bDescriptorSubType 0x07
	bFrameIndex 4
	bmCapabilities 0x0
	wWidth 800
	wHeight 600
	dwMinBitRate 4800000
	dwMaxBitRate 14400000
	dwMaxVideoFrameBufSize 480000
	dwDefaultFrameInterval 333333
	bFrameIntervalType 3
	FrameInterval[0] 333333
	FrameInterval[1] 666666
	FrameInterval[2] 1000000
	*** VS Frame Descriptor ***
	bLength 38
	bDescriptorType 0x24
	bDescriptorSubType 0x07
	bFrameIndex 5
	bmCapabilities 0x0
	wWidth 1024
	wHeight 768
	dwMinBitRate 7864320
	dwMaxBitRate 23592960
	dwMaxVideoFrameBufSize 786432
	dwDefaultFrameInterval 333333
	bFrameIntervalType 3
	FrameInterval[0] 333333
	FrameInterval[1] 666666
	FrameInterval[2] 1000000
	*** VS Frame Descriptor ***
	bLength 38
	bDescriptorType 0x24
	bDescriptorSubType 0x07
	bFrameIndex 6
	bmCapabilities 0x0
	wWidth 1280
	wHeight 720
	dwMinBitRate 9216000
	dwMaxBitRate 27648000
	dwMaxVideoFrameBufSize 921600
	dwDefaultFrameInterval 333333
	bFrameIntervalType 3
	FrameInterval[0] 333333
	FrameInterval[1] 666666
	FrameInterval[2] 1000000
	*** VS Frame Descriptor ***
	bLength 38
	bDescriptorType 0x24
	bDescriptorSubType 0x07
	bFrameIndex 7
	bmCapabilities 0x0
	wWidth 1280
	wHeight 960
	dwMinBitRate 12288000
	dwMaxBitRate 36864000
	dwMaxVideoFrameBufSize 1228800
	dwDefaultFrameInterval 333333
	bFrameIntervalType 3
	FrameInterval[0] 333333
	FrameInterval[1] 666666
	FrameInterval[2] 1000000
	*** VS Frame Descriptor ***
	bLength 38
	bDescriptorType 0x24
	bDescriptorSubType 0x07
	bFrameIndex 8
	bmCapabilities 0x0
	wWidth 1600
	wHeight 1200
	dwMinBitRate 19200000
	dwMaxBitRate 57600000
	dwMaxVideoFrameBufSize 1920000
	dwDefaultFrameInterval 333333
	bFrameIntervalType 3
	FrameInterval[0] 333333
	FrameInterval[1] 666666
	FrameInterval[2] 1000000
	*** VS Frame Descriptor ***
	bLength 38
	bDescriptorType 0x24
	bDescriptorSubType 0x07
	bFrameIndex 9
	bmCapabilities 0x0
	wWidth 2048
	wHeight 1536
	dwMinBitRate 31457280
	dwMaxBitRate 94371840
	dwMaxVideoFrameBufSize 3145728
	dwDefaultFrameInterval 333333
	bFrameIntervalType 3
	FrameInterval[0] 333333
	FrameInterval[1] 666666
	FrameInterval[2] 1000000
	*** VS Frame Descriptor ***
	bLength 38
	bDescriptorType 0x24
	bDescriptorSubType 0x07
	bFrameIndex 10
	bmCapabilities 0x0
	wWidth 2592
	wHeight 1944
	dwMinBitRate 50388480
	dwMaxBitRate 151165440
	dwMaxVideoFrameBufSize 5038848
	dwDefaultFrameInterval 333333
	bFrameIntervalType 3
	FrameInterval[0] 333333
	FrameInterval[1] 666666
	FrameInterval[2] 1000000
	*** VS Frame Descriptor ***
	bLength 38
	bDescriptorType 0x24
	bDescriptorSubType 0x07
	bFrameIndex 11
	bmCapabilities 0x0
	wWidth 3264
	wHeight 2448
	dwMinBitRate 79902720
	dwMaxBitRate 239708160
	dwMaxVideoFrameBufSize 7990272
	dwDefaultFrameInterval 333333
	bFrameIntervalType 3
	FrameInterval[0] 333333
	FrameInterval[1] 666666
	FrameInterval[2] 1000000
	*** VS Frame Descriptor ***
	bLength 38
	bDescriptorType 0x24
	bDescriptorSubType 0x07
	bFrameIndex 12
	bmCapabilities 0x0
	wWidth 3840
	wHeight 2160
	dwMinBitRate 82944000
	dwMaxBitRate 248832000
	dwMaxVideoFrameBufSize 8294400
	dwDefaultFrameInterval 333333
	bFrameIntervalType 3
	FrameInterval[0] 333333
	FrameInterval[1] 666666
	FrameInterval[2] 1000000
	*** VS Frame Descriptor ***
	bLength 34
	bDescriptorType 0x24
	bDescriptorSubType 0x07
	bFrameIndex 13
	bmCapabilities 0x0
	wWidth 4000
	wHeight 3000
	dwMinBitRate 120000000
	dwMaxBitRate 180000000
	dwMaxVideoFrameBufSize 12000000
	dwDefaultFrameInterval 666666
	bFrameIntervalType 2
	FrameInterval[0] 666666
	FrameInterval[1] 1000000
	*** VS Frame Descriptor ***
	bLength 34
	bDescriptorType 0x24
	bDescriptorSubType 0x07
	bFrameIndex 14
	bmCapabilities 0x0
	wWidth 320
	wHeight 240
	dwMinBitRate 1152000
	dwMaxBitRate 2304000
	dwMaxVideoFrameBufSize 76800
	dwDefaultFrameInterval 333333
	bFrameIntervalType 2
	FrameInterval[0] 333333
	FrameInterval[1] 666666
	*** Output Terminal Descriptor ***
	bLength 63
	bDescriptorType 0x24
	bDescriptorSubType 0x03
	bTerminalID 0
	wTerminalType 0x800E
	bAssocTerminal 7
	bSourceID 56
	iTerminal 4
	*** VS Color Format Descriptor ***
	bLength 6
	bDescriptorType 0x24
	bDescriptorSubType 0x0D
	bColorPrimaries 0x1
	bTransferCharacteristics 1
	bMatrixCoefficients 0x4
	*** Selector Unit Descriptor ***
	bLength 27
	bDescriptorType 0x24
	bDescriptorSubType 0x04
	bUnitID 2
	bNrInPins 12
	baSourceID1 89
	baSourceID2 85
	iSelector 89
	*** Processing Unit Descriptor ***
	bLength 34
	bDescriptorType 0x24
	bDescriptorSubType 0x05
	bUnitID 1
	bSourceID 0
	wMaxMultiplier 320
	bControlSize 240
	bmControls 0x0 0x0 0x70
	iProcessing 23
	bmVideoStandards 0x0
	*** Processing Unit Descriptor ***
	bLength 34
	bDescriptorType 0x24
	bDescriptorSubType 0x05
	bUnitID 2
	bSourceID 0
	wMaxMultiplier 640
	bControlSize 104
	bmControls 0x1 0x0 0x50
	iProcessing 70
	bmVideoStandards 0x0
	*** Processing Unit Descriptor ***
	bLength 30
	bDescriptorType 0x24
	bDescriptorSubType 0x05
	bUnitID 3
	bSourceID 0
	wMaxMultiplier 640
	bControlSize 224
	bmControls 0x1 0x0 0xC0
	iProcessing 93
	bmVideoStandards 0x0
	*** Processing Unit Descriptor ***
	bLength 30
	bDescriptorType 0x24
	bDescriptorSubType 0x05
	bUnitID 4
	bSourceID 0
	wMaxMultiplier 800
	bControlSize 88
	bmControls 0x2 0x0 0x7C
	iProcessing 146
	bmVideoStandards 0x0
	*** Processing Unit Descriptor ***
	bLength 30
	bDescriptorType 0x24
	bDescriptorSubType 0x05
	bUnitID 5
	bSourceID 0
	wMaxMultiplier 1024
	bControlSize 208
	bmControls 0x2 0x0 0x0
	iProcessing 225
	bmVideoStandards 0x0
	*** Processing Unit Descriptor ***
	bLength 30
	bDescriptorType 0x24
	bDescriptorSubType 0x05
	bUnitID 6
	bSourceID 0
	wMaxMultiplier 1280
	bControlSize 172
	bmControls 0x3 0x0 0x30
	iProcessing 111
	bmVideoStandards 0x1
	*** Processing Unit Descriptor ***
	bLength 30
	bDescriptorType 0x24
	bDescriptorSubType 0x05
	bUnitID 7
	bSourceID 0
	wMaxMultiplier 1280
	bControlSize 0
	bmControls 0x4 0x0 0x0
	iProcessing 144
	bmVideoStandards 0x1
	*** Processing Unit Descriptor ***
	bLength 30
	bDescriptorType 0x24
	bDescriptorSubType 0x05
	bUnitID 8
	bSourceID 0
	wMaxMultiplier 1600
	bControlSize 176
	bmControls 0x4 0x0 0xF8
	iProcessing 36
	bmVideoStandards 0x1
	*** Processing Unit Descriptor ***
	bLength 30
	bDescriptorType 0x24
	bDescriptorSubType 0x05
	bUnitID 9
	bSourceID 0
	wMaxMultiplier 1920
	bControlSize 56
	bmControls 0x4 0x0 0x68
	iProcessing 60
	bmVideoStandards 0x1
	*** Processing Unit Descriptor ***
	bLength 30
	bDescriptorType 0x24
	bDescriptorSubType 0x05
	bUnitID 10
	bSourceID 0
	wMaxMultiplier 2048
	bControlSize 0
	bmControls 0x6 0x0 0x0
	iProcessing 224
	bmVideoStandards 0x1
	*** Processing Unit Descriptor ***
	bLength 30
	bDescriptorType 0x24
	bDescriptorSubType 0x05
	bUnitID 11
	bSourceID 0
	wMaxMultiplier 2560
	bControlSize 160
	bmControls 0x5 0x0 0x80
	iProcessing 50
	bmVideoStandards 0x2
	*** Processing Unit Descriptor ***
	bLength 30
	bDescriptorType 0x24
	bDescriptorSubType 0x05
	bUnitID 12
	bSourceID 0
	wMaxMultiplier 2592
	bControlSize 152
	bmControls 0x7 0x0 0xDE
	iProcessing 0
	bmVideoStandards 0x3
	*** VS Color Format Descriptor ***
	bLength 6
	bDescriptorType 0x24
	bDescriptorSubType 0x0D
	bColorPrimaries 0x1
	bTransferCharacteristics 1
	bMatrixCoefficients 0x4
	*** Interface descriptor ***
	bLength 9
	bDescriptorType 4
	bInterfaceNumber 1
	bAlternateSetting 1
	bNumEndpoints 1
	bInterfaceClass 0xe
	bInterfaceSubClass 0x2
	bInterfaceProtocol 0x0
	iInterface 0
		*** Endpoint descriptor ***
		bLength 7
		bDescriptorType 5
		bEndpointAddress 0x82	EP 2 IN
		bmAttributes 0x5	ISOC
		wMaxPacketSize 192
		bInterval 1
	*** Interface descriptor ***
	bLength 9
	bDescriptorType 4
	bInterfaceNumber 1
	bAlternateSetting 2
	bNumEndpoints 1
	bInterfaceClass 0xe
	bInterfaceSubClass 0x2
	bInterfaceProtocol 0x0
	iInterface 0
		*** Endpoint descriptor ***
		bLength 7
		bDescriptorType 5
		bEndpointAddress 0x82	EP 2 IN
		bmAttributes 0x5	ISOC
		wMaxPacketSize 384
		bInterval 1
	*** Interface descriptor ***
	bLength 9
	bDescriptorType 4
	bInterfaceNumber 1
	bAlternateSetting 3
	bNumEndpoints 1
	bInterfaceClass 0xe
	bInterfaceSubClass 0x2
	bInterfaceProtocol 0x0
	iInterface 0
		*** Endpoint descriptor ***
		bLength 7
		bDescriptorType 5
		bEndpointAddress 0x82	EP 2 IN
		bmAttributes 0x5	ISOC
		wMaxPacketSize 512
		bInterval 1
	*** Interface descriptor ***
	bLength 9
	bDescriptorType 4
	bInterfaceNumber 1
	bAlternateSetting 4
	bNumEndpoints 1
	bInterfaceClass 0xe
	bInterfaceSubClass 0x2
	bInterfaceProtocol 0x0
	iInterface 0
		*** Endpoint descriptor ***
		bLength 7
		bDescriptorType 5
		bEndpointAddress 0x82	EP 2 IN
		bmAttributes 0x5	ISOC
		wMaxPacketSize 640
		bInterval 1
	*** Interface descriptor ***
	bLength 9
	bDescriptorType 4
	bInterfaceNumber 1
	bAlternateSetting 5
	bNumEndpoints 1
	bInterfaceClass 0xe
	bInterfaceSubClass 0x2
	bInterfaceProtocol 0x0
	iInterface 0
		*** Endpoint descriptor ***
		bLength 7
		bDescriptorType 5
		bEndpointAddress 0x82	EP 2 IN
		bmAttributes 0x5	ISOC
		wMaxPacketSize 800
		bInterval 1
	*** Interface descriptor ***
	bLength 9
	bDescriptorType 4
	bInterfaceNumber 1
	bAlternateSetting 6
	bNumEndpoints 1
	bInterfaceClass 0xe
	bInterfaceSubClass 0x2
	bInterfaceProtocol 0x0
	iInterface 0
		*** Endpoint descriptor ***
		bLength 7
		bDescriptorType 5
		bEndpointAddress 0x82	EP 2 IN
		bmAttributes 0x5	ISOC
		wMaxPacketSize 944
		bInterval 1
	*** Interface descriptor ***
	bLength 9
	bDescriptorType 4
	bInterfaceNumber 1
	bAlternateSetting 7
	bNumEndpoints 1
	bInterfaceClass 0xe
	bInterfaceSubClass 0x2
	bInterfaceProtocol 0x0
	iInterface 0
		*** Endpoint descriptor ***
		bLength 7
		bDescriptorType 5
		bEndpointAddress 0x82	EP 2 IN
		bmAttributes 0x5	ISOC
		wMaxPacketSize 640
		wMaxPacketSize (with additional transactions in microframe) 1280
		bInterval 1
	*** Interface descriptor ***
	bLength 9
	bDescriptorType 4
	bInterfaceNumber 1
	bAlternateSetting 8
	bNumEndpoints 1
	bInterfaceClass 0xe
	bInterfaceSubClass 0x2
	bInterfaceProtocol 0x0
	iInterface 0
		*** Endpoint descriptor ***
		bLength 7
		bDescriptorType 5
		bEndpointAddress 0x82	EP 2 IN
		bmAttributes 0x5	ISOC
		wMaxPacketSize 800
		wMaxPacketSize (with additional transactions in microframe) 1600
		bInterval 1
	*** Interface descriptor ***
	bLength 9
	bDescriptorType 4
	bInterfaceNumber 1
	bAlternateSetting 9
	bNumEndpoints 1
	bInterfaceClass 0xe
	bInterfaceSubClass 0x2
	bInterfaceProtocol 0x0
	iInterface 0
		*** Endpoint descriptor ***
		bLength 7
		bDescriptorType 5
		bEndpointAddress 0x82	EP 2 IN
		bmAttributes 0x5	ISOC
		wMaxPacketSize 992
		wMaxPacketSize (with additional transactions in microframe) 1984
		bInterval 1
	*** Interface descriptor ***
	bLength 9
	bDescriptorType 4
	bInterfaceNumber 1
	bAlternateSetting 10
	bNumEndpoints 1
	bInterfaceClass 0xe
	bInterfaceSubClass 0x2
	bInterfaceProtocol 0x0
	iInterface 0
		*** Endpoint descriptor ***
		bLength 7
		bDescriptorType 5
		bEndpointAddress 0x82	EP 2 IN
		bmAttributes 0x5	ISOC
		wMaxPacketSize 896
		wMaxPacketSize (with additional transactions in microframe) 2688
		bInterval 1
	*** Interface descriptor ***
	bLength 9
	bDescriptorType 4
	bInterfaceNumber 1
	bAlternateSetting 11
	bNumEndpoints 1
	bInterfaceClass 0xe
	bInterfaceSubClass 0x2
	bInterfaceProtocol 0x0
	iInterface 0
		*** Endpoint descriptor ***
		bLength 7
		bDescriptorType 5
		bEndpointAddress 0x82	EP 2 IN
		bmAttributes 0x5	ISOC
		wMaxPacketSize 1024
		wMaxPacketSize (with additional transactions in microframe) 3072
		bInterval 1
*** Interface Association Descriptor ***
bLength 8
bDescriptorType 11
bFirstInterface 2
bInterfaceCount 2
bFunctionClass 0x1
bFunctionSubClass 0x0
bFunctionProtocol 0x0
iFunction 5
	*** Interface descriptor ***
	bLength 9
	bDescriptorType 4
	bInterfaceNumber 2
	bAlternateSetting 0
	bNumEndpoints 0
	bInterfaceClass 0x1
	bInterfaceSubClass 0x1
	bInterfaceProtocol 0x0
	iInterface 0
	*** Class-specific VC Interface Descriptor ***
	bLength 9
	bDescriptorType 0x24
	bDescriptorSubType 0x01
	bcdUVC 0100
	wTotalLength 39
	dwClockFrequency 604766977
	bInCollection 2
	baInterfaceNr[0] 1
	baInterfaceNr[1] 1
	*** Input Terminal Descriptor (Camera) ***
	bLength 12
	bDescriptorType 0x24
	bDescriptorSubType 0x02
	bTerminalID 0x1
	wTerminalType 0x201
	bAssocTerminal 0
	iTerminal 1
	wObjectiveFocalLengthMin 3
	wObjectiveFocalLengthMax 0
	wOcularFocalLength 9225
	bControlSize 6
	bmControls 0x2 0x1 0x2
	*** Extension Unit Descriptor unsupported, skipping... ***
	*** Output Terminal Descriptor ***
	bLength 9
	bDescriptorType 0x24
	bDescriptorSubType 0x03
	bTerminalID 3
	wTerminalType 0x101
	bAssocTerminal 0
	bSourceID 2
	iTerminal 0
	*** Interface descriptor ***
	bLength 9
	bDescriptorType 4
	bInterfaceNumber 3
	bAlternateSetting 0
	bNumEndpoints 0
	bInterfaceClass 0x1
	bInterfaceSubClass 0x2
	bInterfaceProtocol 0x0
	iInterface 0
	*** Interface descriptor ***
	bLength 9
	bDescriptorType 4
	bInterfaceNumber 3
	bAlternateSetting 1
	bNumEndpoints 1
	bInterfaceClass 0x1
	bInterfaceSubClass 0x2
	bInterfaceProtocol 0x0
	iInterface 0
	*** Class-specific VC Interface Descriptor ***
	bLength 7
	bDescriptorType 0x24
	bDescriptorSubType 0x01
	bcdUVC 0003
	wTotalLength 1
	dwClockFrequency 16917515
	bInCollection 2
	baInterfaceNr[0] 2
	baInterfaceNr[1] 16
	*** Input Terminal Descriptor (Media) ***
	bLength 11
	bDescriptorType 0x24
	bDescriptorSubType 0x02
	bTerminalID 0x1
	wTerminalType 0x202
	bAssocTerminal 16
	iTerminal 1
	bControlSize 128
	bmControls 0xBB
	bTransportModeSize 0
	bmTransportModes 0x9 0x5 0x83 0x1 0xC0
		*** Endpoint descriptor ***
		bLength 9
		bDescriptorType 5
		bEndpointAddress 0x83	EP 3 IN
		bmAttributes 0x1	ISOC
		wMaxPacketSize 192
		bInterval 4
		*** Class-specific Interrupt Endpoint Descriptor ***
		bLength 7
		bDescriptorType 0x25
		bDescriptorSubType 1
		wMaxTransferSize 1
	*** Interface descriptor ***
	bLength 9
	bDescriptorType 4
	bInterfaceNumber 4
	bAlternateSetting 0
	bNumEndpoints 2
	bInterfaceClass 0x3
	bInterfaceSubClass 0x0
	bInterfaceProtocol 0x0
	iInterface 0
 *** Unknown Descriptor Length: 9 Type: 33 ***
		*** Endpoint descriptor ***
		bLength 7
		bDescriptorType 5
		bEndpointAddress 0x84	EP 4 IN
		bmAttributes 0x3	INT
		wMaxPacketSize 64
		bInterval 4
		*** Endpoint descriptor ***
		bLength 7
		bDescriptorType 5
		bEndpointAddress 0x1	EP 1 OUT
		bmAttributes 0x3	INT
		wMaxPacketSize 64
		bInterval 4
D (1158824) uvc: ctrl xfer cb
D (1158826) uvc: ctrl xfer cb
D (1158830) uvc: ctrl xfer cb
PV-UVC-FMT requested=800x600 applied=800x600 fourcc=MJPEG fps_x1000=30000
D (1158838) uvc: ctrl xfer cb
D (1158841) uvc: ctrl xfer cb
D (1158843) uvc: ctrl xfer cb
D (1158847) uvc: ctrl xfer cb
D (1158850) uvc: ctrl xfer cb
D (1158852) uvc: ctrl xfer cb
D (1158854) uvc: ctrl xfer cb
D (1158856) uvc: ctrl xfer cb
D (1158870) uvc: ctrl xfer cb
PV-UVC-STATS t=1s cb=0 bytes=0 vazios=0 overflow=0 underflow=0 xfer_err=0
PV-UVC-STATS t=2s cb=0 bytes=0 vazios=0 overflow=0 underflow=0 xfer_err=0
PV-UVC-STATS t=3s cb=0 bytes=0 vazios=0 overflow=0 underflow=0 xfer_err=0
PV-UVC-STATS t=4s cb=0 bytes=0 vazios=0 overflow=0 underflow=0 xfer_err=0
PV-UVC-WARMUP requested=800x600 descartados=0
PV-UVC-STATS t=5s cb=0 bytes=0 vazios=0 overflow=0 underflow=0 xfer_err=0
PV-UVC-STATS t=6s cb=0 bytes=0 vazios=0 overflow=0 underflow=0 xfer_err=0
PV-UVC-STATS t=7s cb=0 bytes=0 vazios=0 overflow=0 underflow=0 xfer_err=0
PV-UVC-STATS t=8s cb=0 bytes=0 vazios=0 overflow=0 underflow=0 xfer_err=0
PV-UVC-STATS t=9s cb=0 bytes=0 vazios=0 overflow=0 underflow=0 xfer_err=0
PV-UVC-STATS t=10s cb=0 bytes=0 vazios=0 overflow=0 underflow=0 xfer_err=0
PV-UVC-STATS t=11s cb=0 bytes=0 vazios=0 overflow=0 underflow=0 xfer_err=0
PV-UVC-STATS t=12s cb=0 bytes=0 vazios=0 overflow=0 underflow=0 xfer_err=0
PV-UVC-STATS t=13s cb=0 bytes=0 vazios=0 overflow=0 underflow=0 xfer_err=0
PV-UVC-STATS t=14s cb=0 bytes=0 vazios=0 overflow=0 underflow=0 xfer_err=0
PV-UVC-STATS t=15s cb=0 bytes=0 vazios=0 overflow=0 underflow=0 xfer_err=0
PV-UVC-STATS t=16s cb=0 bytes=0 vazios=0 overflow=0 underflow=0 xfer_err=0
PV-UVC-STATS t=17s cb=0 bytes=0 vazios=0 overflow=0 underflow=0 xfer_err=0
PV-UVC-STATS t=18s cb=0 bytes=0 vazios=0 overflow=0 underflow=0 xfer_err=0
PV-UVC-STATS t=19s cb=0 bytes=0 vazios=0 overflow=0 underflow=0 xfer_err=0
D (1192971) uvc: ctrl xfer cb
PV-UVC-STATS t=20s cb=0 bytes=0 vazios=0 overflow=0 underflow=0 xfer_err=0
PV-UVC-RUNG requested=800x600 applied=800x600 fourcc=JPEG bytesused=0 result=FAIL reason=sem-frame
PV-UVC-MEM etapa=pos-degrau psram_livre=8690596 psram_maior_bloco=8388608 interna_livre=394455
D (1192987) uvc: ctrl xfer cb
D (1192989) uvc: ctrl xfer cb
D (1192994) uvc: ctrl xfer cb
PV-UVC-FMT requested=1920x1080 applied=1920x1080 fourcc=MJPEG fps_x1000=30000
D (1193002) uvc: ctrl xfer cb
D (1193006) uvc: ctrl xfer cb
D (1193009) uvc: ctrl xfer cb
D (1193011) uvc: ctrl xfer cb
D (1193013) uvc: ctrl xfer cb
D (1193015) uvc: ctrl xfer cb
D (1193018) uvc: ctrl xfer cb
D (1193022) uvc: ctrl xfer cb
D (1193034) uvc: ctrl xfer cb
PV-UVC-STATS t=1s cb=0 bytes=0 vazios=0 overflow=0 underflow=0 xfer_err=0
PV-UVC-STATS t=2s cb=0 bytes=0 vazios=0 overflow=0 underflow=0 xfer_err=0
PV-UVC-STATS t=3s cb=0 bytes=0 vazios=0 overflow=0 underflow=0 xfer_err=0
PV-UVC-STATS t=4s cb=0 bytes=0 vazios=0 overflow=0 underflow=0 xfer_err=0
PV-UVC-WARMUP requested=1920x1080 descartados=0
PV-UVC-STATS t=5s cb=0 bytes=0 vazios=0 overflow=0 underflow=0 xfer_err=0
PV-UVC-STATS t=6s cb=0 bytes=0 vazios=0 overflow=0 underflow=0 xfer_err=0
PV-UVC-STATS t=7s cb=0 bytes=0 vazios=0 overflow=0 underflow=0 xfer_err=0
PV-UVC-STATS t=8s cb=0 bytes=0 vazios=0 overflow=0 underflow=0 xfer_err=0
PV-UVC-STATS t=9s cb=0 bytes=0 vazios=0 overflow=0 underflow=0 xfer_err=0
PV-UVC-STATS t=10s cb=0 bytes=0 vazios=0 overflow=0 underflow=0 xfer_err=0
PV-UVC-STATS t=11s cb=0 bytes=0 vazios=0 overflow=0 underflow=0 xfer_err=0
PV-UVC-STATS t=12s cb=0 bytes=0 vazios=0 overflow=0 underflow=0 xfer_err=0
PV-UVC-STATS t=13s cb=0 bytes=0 vazios=0 overflow=0 underflow=0 xfer_err=0
PV-UVC-STATS t=14s cb=0 bytes=0 vazios=0 overflow=0 underflow=0 xfer_err=0
PV-UVC-STATS t=15s cb=0 bytes=0 vazios=0 overflow=0 underflow=0 xfer_err=0
PV-UVC-STATS t=16s cb=0 bytes=0 vazios=0 overflow=0 underflow=0 xfer_err=0
PV-UVC-STATS t=17s cb=0 bytes=0 vazios=0 overflow=0 underflow=0 xfer_err=0
PV-UVC-STATS t=18s cb=0 bytes=0 vazios=0 overflow=0 underflow=0 xfer_err=0
PV-UVC-STATS t=19s cb=0 bytes=0 vazios=0 overflow=0 underflow=0 xfer_err=0
D (1228135) uvc: ctrl xfer cb
PV-UVC-STATS t=20s cb=0 bytes=0 vazios=0 overflow=0 underflow=0 xfer_err=0
PV-UVC-RUNG requested=1920x1080 applied=1920x1080 fourcc=JPEG bytesused=0 result=FAIL reason=sem-frame
PV-UVC-MEM etapa=pos-degrau psram_livre=8690596 psram_maior_bloco=8388608 interna_livre=394455
D (1228151) uvc: ctrl xfer cb
D (1228155) uvc: ctrl xfer cb
D (1228157) uvc: ctrl xfer cb
PV-UVC-FMT requested=2592x1944 applied=2592x1944 fourcc=MJPEG fps_x1000=30000
D (1228168) uvc: ctrl xfer cb
D (1228170) uvc: ctrl xfer cb
D (1228172) uvc: ctrl xfer cb
D (1228175) uvc: ctrl xfer cb
D (1228177) uvc: ctrl xfer cb
D (1228179) uvc: ctrl xfer cb
D (1228184) uvc: ctrl xfer cb
D (1228186) uvc: ctrl xfer cb
D (1228198) uvc: ctrl xfer cb
PV-UVC-STATS t=1s cb=0 bytes=0 vazios=0 overflow=0 underflow=0 xfer_err=0
PV-UVC-STATS t=2s cb=0 bytes=0 vazios=0 overflow=0 underflow=0 xfer_err=0
PV-UVC-STATS t=3s cb=0 bytes=0 vazios=0 overflow=0 underflow=0 xfer_err=0
PV-UVC-STATS t=4s cb=0 bytes=0 vazios=0 overflow=0 underflow=0 xfer_err=0
PV-UVC-WARMUP requested=2592x1944 descartados=0
PV-UVC-STATS t=5s cb=0 bytes=0 vazios=0 overflow=0 underflow=0 xfer_err=0
PV-UVC-STATS t=6s cb=0 bytes=0 vazios=0 overflow=0 underflow=0 xfer_err=0
PV-UVC-STATS t=7s cb=0 bytes=0 vazios=0 overflow=0 underflow=0 xfer_err=0
PV-UVC-STATS t=8s cb=0 bytes=0 vazios=0 overflow=0 underflow=0 xfer_err=0
PV-UVC-STATS t=9s cb=0 bytes=0 vazios=0 overflow=0 underflow=0 xfer_err=0
PV-UVC-STATS t=10s cb=0 bytes=0 vazios=0 overflow=0 underflow=0 xfer_err=0
PV-UVC-STATS t=11s cb=0 bytes=0 vazios=0 overflow=0 underflow=0 xfer_err=0
PV-UVC-STATS t=12s cb=0 bytes=0 vazios=0 overflow=0 underflow=0 xfer_err=0
PV-UVC-STATS t=13s cb=0 bytes=0 vazios=0 overflow=0 underflow=0 xfer_err=0
PV-UVC-STATS t=14s cb=0 bytes=0 vazios=0 overflow=0 underflow=0 xfer_err=0
PV-UVC-STATS t=15s cb=0 bytes=0 vazios=0 overflow=0 underflow=0 xfer_err=0
PV-UVC-STATS t=16s cb=0 bytes=0 vazios=0 overflow=0 underflow=0 xfer_err=0
PV-UVC-STATS t=17s cb=0 bytes=0 vazios=0 overflow=0 underflow=0 xfer_err=0
PV-UVC-STATS t=18s cb=0 bytes=0 vazios=0 overflow=0 underflow=0 xfer_err=0
PV-UVC-STATS t=19s cb=0 bytes=0 vazios=0 overflow=0 underflow=0 xfer_err=0
D (1263299) uvc: ctrl xfer cb
PV-UVC-STATS t=20s cb=0 bytes=0 vazios=0 overflow=0 underflow=0 xfer_err=0
PV-UVC-RUNG requested=2592x1944 applied=2592x1944 fourcc=JPEG bytesused=0 result=FAIL reason=sem-frame
PV-UVC-MEM etapa=pos-degrau psram_livre=8690596 psram_maior_bloco=8388608 interna_livre=394455
D (1263315) uvc: ctrl xfer cb
D (1263319) uvc: ctrl xfer cb
D (1263322) uvc: ctrl xfer cb
PV-UVC-FMT requested=3264x2448 applied=3264x2448 fourcc=MJPEG fps_x1000=30000
D (1263332) uvc: ctrl xfer cb
D (1263334) uvc: ctrl xfer cb
D (1263337) uvc: ctrl xfer cb
D (1263339) uvc: ctrl xfer cb
D (1263342) uvc: ctrl xfer cb
D (1263344) uvc: ctrl xfer cb
D (1263348) uvc: ctrl xfer cb
D (1263350) uvc: ctrl xfer cb
D (1263362) uvc: ctrl xfer cb
PV-UVC-STATS t=1s cb=0 bytes=0 vazios=0 overflow=0 underflow=0 xfer_err=0
PV-UVC-STATS t=2s cb=0 bytes=0 vazios=0 overflow=0 underflow=0 xfer_err=0
PV-UVC-STATS t=3s cb=0 bytes=0 vazios=0 overflow=0 underflow=0 xfer_err=0
PV-UVC-STATS t=4s cb=0 bytes=0 vazios=0 overflow=0 underflow=0 xfer_err=0
PV-UVC-WARMUP requested=3264x2448 descartados=0
PV-UVC-STATS t=5s cb=0 bytes=0 vazios=0 overflow=0 underflow=0 xfer_err=0
PV-UVC-STATS t=6s cb=0 bytes=0 vazios=0 overflow=0 underflow=0 xfer_err=0
PV-UVC-STATS t=7s cb=0 bytes=0 vazios=0 overflow=0 underflow=0 xfer_err=0
PV-UVC-STATS t=8s cb=0 bytes=0 vazios=0 overflow=0 underflow=0 xfer_err=0
PV-UVC-STATS t=9s cb=0 bytes=0 vazios=0 overflow=0 underflow=0 xfer_err=0
PV-UVC-STATS t=10s cb=0 bytes=0 vazios=0 overflow=0 underflow=0 xfer_err=0
PV-UVC-STATS t=11s cb=0 bytes=0 vazios=0 overflow=0 underflow=0 xfer_err=0
PV-UVC-STATS t=12s cb=0 bytes=0 vazios=0 overflow=0 underflow=0 xfer_err=0
PV-UVC-STATS t=13s cb=0 bytes=0 vazios=0 overflow=0 underflow=0 xfer_err=0
PV-UVC-STATS t=14s cb=0 bytes=0 vazios=0 overflow=0 underflow=0 xfer_err=0
PV-UVC-STATS t=15s cb=0 bytes=0 vazios=0 overflow=0 underflow=0 xfer_err=0
PV-UVC-STATS t=16s cb=0 bytes=0 vazios=0 overflow=0 underflow=0 xfer_err=0
PV-UVC-STATS t=17s cb=0 bytes=0 vazios=0 overflow=0 underflow=0 xfer_err=0
PV-UVC-STATS t=18s cb=0 bytes=0 vazios=0 overflow=0 underflow=0 xfer_err=0
PV-UVC-STATS t=19s cb=0 bytes=0 vazios=0 overflow=0 underflow=0 xfer_err=0
D (1298463) uvc: ctrl xfer cb
PV-UVC-STATS t=20s cb=0 bytes=0 vazios=0 overflow=0 underflow=0 xfer_err=0
PV-UVC-RUNG requested=3264x2448 applied=3264x2448 fourcc=JPEG bytesused=0 result=FAIL reason=sem-frame
PV-UVC-MEM etapa=pos-degrau psram_livre=8690596 psram_maior_bloco=8388608 interna_livre=394455
D (1298479) uvc: ctrl xfer cb
D (1298483) uvc: ctrl xfer cb
D (1298486) uvc: ctrl xfer cb
PV-UVC-FMT requested=4000x3000 applied=4000x3000 fourcc=MJPEG fps_x1000=15000
D (1298496) uvc: ctrl xfer cb
D (1298498) uvc: ctrl xfer cb
D (1298501) uvc: ctrl xfer cb
D (1298503) uvc: ctrl xfer cb
D (1298506) uvc: ctrl xfer cb
D (1298508) uvc: ctrl xfer cb
D (1298512) uvc: ctrl xfer cb
D (1298514) uvc: ctrl xfer cb
D (1298526) uvc: ctrl xfer cb
PV-UVC-STATS t=1s cb=0 bytes=0 vazios=0 overflow=0 underflow=0 xfer_err=0
PV-UVC-STATS t=2s cb=0 bytes=0 vazios=0 overflow=0 underflow=0 xfer_err=0
PV-UVC-STATS t=3s cb=0 bytes=0 vazios=0 overflow=0 underflow=0 xfer_err=0
PV-UVC-STATS t=4s cb=0 bytes=0 vazios=0 overflow=0 underflow=0 xfer_err=0
PV-UVC-WARMUP requested=4000x3000 descartados=0
PV-UVC-STATS t=5s cb=0 bytes=0 vazios=0 overflow=0 underflow=0 xfer_err=0
PV-UVC-STATS t=6s cb=0 bytes=0 vazios=0 overflow=0 underflow=0 xfer_err=0
PV-UVC-STATS t=7s cb=0 bytes=0 vazios=0 overflow=0 underflow=0 xfer_err=0
PV-UVC-STATS t=8s cb=0 bytes=0 vazios=0 overflow=0 underflow=0 xfer_err=0
PV-UVC-STATS t=9s cb=0 bytes=0 vazios=0 overflow=0 underflow=0 xfer_err=0
PV-UVC-STATS t=10s cb=0 bytes=0 vazios=0 overflow=0 underflow=0 xfer_err=0
PV-UVC-STATS t=11s cb=0 bytes=0 vazios=0 overflow=0 underflow=0 xfer_err=0
PV-UVC-STATS t=12s cb=0 bytes=0 vazios=0 overflow=0 underflow=0 xfer_err=0
PV-UVC-STATS t=13s cb=0 bytes=0 vazios=0 overflow=0 underflow=0 xfer_err=0
PV-UVC-STATS t=14s cb=0 bytes=0 vazios=0 overflow=0 underflow=0 xfer_err=0
PV-UVC-STATS t=15s cb=0 bytes=0 vazios=0 overflow=0 underflow=0 xfer_err=0
PV-UVC-STATS t=16s cb=0 bytes=0 vazios=0 overflow=0 underflow=0 xfer_err=0
PV-UVC-STATS t=17s cb=0 bytes=0 vazios=0 overflow=0 underflow=0 xfer_err=0
PV-UVC-STATS t=18s cb=0 bytes=0 vazios=0 overflow=0 underflow=0 xfer_err=0
PV-UVC-STATS t=19s cb=0 bytes=0 vazios=0 overflow=0 underflow=0 xfer_err=0
PV-UVC-STATS t=20s cb=0 bytes=0 vazios=0 overflow=0 underflow=0 xfer_err=0
D (1333627) uvc: ctrl xfer cb
PV-UVC-STATS t=21s cb=0 bytes=0 vazios=0 overflow=0 underflow=0 xfer_err=0
PV-UVC-RUNG requested=4000x3000 applied=4000x3000 fourcc=JPEG bytesused=0 result=FAIL reason=sem-frame
PV-UVC-MEM etapa=pos-degrau psram_livre=8690596 psram_maior_bloco=8388608 interna_livre=394455
PV-UVC-SUMARIO inicio
PV-UVC-SUMARIO degrau=1 requested=800x600 applied=800x600 fourcc=JPEG bytesused=0 result=FAIL reason=sem-frame obrigatorio=sim
PV-UVC-SUMARIO degrau=2 requested=1920x1080 applied=1920x1080 fourcc=JPEG bytesused=0 result=FAIL reason=sem-frame obrigatorio=sim
PV-UVC-SUMARIO degrau=3 requested=2592x1944 applied=2592x1944 fourcc=JPEG bytesused=0 result=FAIL reason=sem-frame obrigatorio=sim
PV-UVC-SUMARIO degrau=4 requested=3264x2448 applied=3264x2448 fourcc=JPEG bytesused=0 result=FAIL reason=sem-frame obrigatorio=sim
PV-UVC-SUMARIO degrau=5 requested=4000x3000 applied=4000x3000 fourcc=JPEG bytesused=0 result=FAIL reason=sem-frame obrigatorio=nao
PV-UVC-SUMARIO fim pass=0 fail=5 total=5 fail_obrigatorios=4
PV-UVC-CICLO 7 fim — REPLUG a camera para disparar nova escada (retry 15 s)

PV-UVC-CICLO 8 inicio
PV-UVC-ENUM device dev_addr=1 stream_index=0 frames_anunciados=26
PV-UVC-ENUM frame index=0 format=MJPEG 1920x1080 default_interval=333333 tipos=3
PV-UVC-ENUM interval index=0 k=0 valor=333333 fps_x1000=30000
PV-UVC-ENUM interval index=0 k=1 valor=666666 fps_x1000=15000
PV-UVC-ENUM interval index=0 k=2 valor=1000000 fps_x1000=10000
PV-UVC-ENUM frame index=1 format=MJPEG 640x320 default_interval=333333 tipos=3
PV-UVC-ENUM interval index=1 k=0 valor=333333 fps_x1000=30000
PV-UVC-ENUM interval index=1 k=1 valor=666666 fps_x1000=15000
PV-UVC-ENUM interval index=1 k=2 valor=1000000 fps_x1000=10000
PV-UVC-ENUM frame index=2 format=MJPEG 640x480 default_interval=333333 tipos=3
PV-UVC-ENUM interval index=2 k=0 valor=333333 fps_x1000=30000
PV-UVC-ENUM interval index=2 k=1 valor=666666 fps_x1000=15000
PV-UVC-ENUM interval index=2 k=2 valor=1000000 fps_x1000=10000
PV-UVC-ENUM frame index=3 format=MJPEG 800x600 default_interval=333333 tipos=3
PV-UVC-ENUM interval index=3 k=0 valor=333333 fps_x1000=30000
PV-UVC-ENUM interval index=3 k=1 valor=666666 fps_x1000=15000
PV-UVC-ENUM interval index=3 k=2 valor=1000000 fps_x1000=10000
PV-UVC-ENUM frame index=4 format=MJPEG 1024x768 default_interval=333333 tipos=3
PV-UVC-ENUM interval index=4 k=0 valor=333333 fps_x1000=30000
PV-UVC-ENUM interval index=4 k=1 valor=666666 fps_x1000=15000
PV-UVC-ENUM interval index=4 k=2 valor=1000000 fps_x1000=10000
PV-UVC-ENUM frame index=5 format=MJPEG 1280x720 default_interval=333333 tipos=3
PV-UVC-ENUM interval index=5 k=0 valor=333333 fps_x1000=30000
PV-UVC-ENUM interval index=5 k=1 valor=666666 fps_x1000=15000
PV-UVC-ENUM interval index=5 k=2 valor=1000000 fps_x1000=10000
PV-UVC-ENUM frame index=6 format=MJPEG 1280x960 default_interval=333333 tipos=3
PV-UVC-ENUM interval index=6 k=0 valor=333333 fps_x1000=30000
PV-UVC-ENUM interval index=6 k=1 valor=666666 fps_x1000=15000
PV-UVC-ENUM interval index=6 k=2 valor=1000000 fps_x1000=10000
PV-UVC-ENUM frame index=7 format=MJPEG 1600x1200 default_interval=333333 tipos=3
PV-UVC-ENUM interval index=7 k=0 valor=333333 fps_x1000=30000
PV-UVC-ENUM interval index=7 k=1 valor=666666 fps_x1000=15000
PV-UVC-ENUM interval index=7 k=2 valor=1000000 fps_x1000=10000
PV-UVC-ENUM frame index=8 format=MJPEG 2048x1536 default_interval=333333 tipos=3
PV-UVC-ENUM interval index=8 k=0 valor=333333 fps_x1000=30000
PV-UVC-ENUM interval index=8 k=1 valor=666666 fps_x1000=15000
PV-UVC-ENUM interval index=8 k=2 valor=1000000 fps_x1000=10000
PV-UVC-ENUM frame index=9 format=MJPEG 2592x1944 default_interval=333333 tipos=3
PV-UVC-ENUM interval index=9 k=0 valor=333333 fps_x1000=30000
PV-UVC-ENUM interval index=9 k=1 valor=666666 fps_x1000=15000
PV-UVC-ENUM interval index=9 k=2 valor=1000000 fps_x1000=10000
PV-UVC-ENUM frame index=10 format=MJPEG 3264x2448 default_interval=333333 tipos=3
PV-UVC-ENUM interval index=10 k=0 valor=333333 fps_x1000=30000
PV-UVC-ENUM interval index=10 k=1 valor=666666 fps_x1000=15000
PV-UVC-ENUM interval index=10 k=2 valor=1000000 fps_x1000=10000
PV-UVC-ENUM frame index=11 format=MJPEG 3840x2160 default_interval=333333 tipos=3
PV-UVC-ENUM interval index=11 k=0 valor=333333 fps_x1000=30000
PV-UVC-ENUM interval index=11 k=1 valor=666666 fps_x1000=15000
PV-UVC-ENUM interval index=11 k=2 valor=1000000 fps_x1000=10000
PV-UVC-ENUM frame index=12 format=MJPEG 4000x3000 default_interval=666666 tipos=2
PV-UVC-ENUM interval index=12 k=0 valor=666666 fps_x1000=15000
PV-UVC-ENUM interval index=12 k=1 valor=1000000 fps_x1000=10000
PV-UVC-ENUM frame index=13 format=MJPEG 320x240 default_interval=333333 tipos=2
PV-UVC-ENUM interval index=13 k=0 valor=333333 fps_x1000=30000
PV-UVC-ENUM interval index=13 k=1 valor=666666 fps_x1000=15000
PV-UVC-ENUM frame index=14 format=YUY2 320x240 default_interval=500000 tipos=2
PV-UVC-ENUM interval index=14 k=0 valor=500000 fps_x1000=20000
PV-UVC-ENUM interval index=14 k=1 valor=1000000 fps_x1000=10000
PV-UVC-ENUM frame index=15 format=YUY2 640x360 default_interval=500000 tipos=2
PV-UVC-ENUM interval index=15 k=0 valor=500000 fps_x1000=20000
PV-UVC-ENUM interval index=15 k=1 valor=1000000 fps_x1000=10000
PV-UVC-ENUM frame index=16 format=YUY2 640x480 default_interval=1000000 tipos=1
PV-UVC-ENUM interval index=16 k=0 valor=1000000 fps_x1000=10000
PV-UVC-ENUM frame index=17 format=YUY2 800x600 default_interval=1000000 tipos=1
PV-UVC-ENUM interval index=17 k=0 valor=1000000 fps_x1000=10000
PV-UVC-ENUM frame index=18 format=YUY2 1024x720 default_interval=1000000 tipos=1
PV-UVC-ENUM interval index=18 k=0 valor=1000000 fps_x1000=10000
PV-UVC-ENUM frame index=19 format=YUY2 1280x940 default_interval=1000000 tipos=1
PV-UVC-ENUM interval index=19 k=0 valor=1000000 fps_x1000=10000
PV-UVC-ENUM frame index=20 format=YUY2 1280x1024 default_interval=1000000 tipos=1
PV-UVC-ENUM interval index=20 k=0 valor=1000000 fps_x1000=10000
PV-UVC-ENUM frame index=21 format=YUY2 1600x1200 default_interval=2000000 tipos=1
PV-UVC-ENUM interval index=21 k=0 valor=2000000 fps_x1000=5000
PV-UVC-ENUM frame index=22 format=YUY2 1920x1080 default_interval=2000000 tipos=1
PV-UVC-ENUM interval index=22 k=0 valor=2000000 fps_x1000=5000
PV-UVC-ENUM frame index=23 format=YUY2 2048x1536 default_interval=2000000 tipos=1
PV-UVC-ENUM interval index=23 k=0 valor=2000000 fps_x1000=5000
PV-UVC-ENUM frame index=24 format=YUY2 2560x1440 default_interval=2000000 tipos=1
PV-UVC-ENUM interval index=24 k=0 valor=2000000 fps_x1000=5000
PV-UVC-ENUM frame index=25 format=YUY2 2592x1944 default_interval=2000000 tipos=1
PV-UVC-ENUM interval index=25 k=0 valor=2000000 fps_x1000=5000
PV-UVC-ENUM result=OK entradas=26 tamanhos_mjpeg=14
D (1349198) uvc: Checking list of opened USB devices
D (1349202) uvc: Checking list of connected USB devices
D (1349207) uvc: Claimed interface index 1 with MPS 1024
D (1349214) uvc: ctrl xfer cb
D (1349217) uvc: ctrl xfer cb
D (1349219) uvc: ctrl xfer cb
D (1349221) uvc: ctrl xfer cb
I (1349223) uvc: Allocating 8 USB transfers for ISOC. Each: 3072 bytes, 1 ISOC packets, 3072 MPS
PV-UVC-MEM etapa=pos-open psram_livre=8690596 psram_maior_bloco=8388608 interna_livre=394455
*** Device descriptor ***
bLength 18
bDescriptorType 1
bcdUSB 2.00
bDeviceClass 0xef
bDeviceSubClass 0x2
bDeviceProtocol 0x1
bMaxPacketSize0 64
idVendor 0xb024
idProduct 0x725
bcdDevice 1.00
iManufacturer 1
iProduct 2
iSerialNumber 3
bNumConfigurations 1
*** Configuration descriptor ***
bLength 9
bDescriptorType 2
wTotalLength 1463
bNumInterfaces 5
bConfigurationValue 1
iConfiguration 0
bmAttributes 0x80
bMaxPower 500mA
*** Interface Association Descriptor ***
bLength 8
bDescriptorType 11
bFirstInterface 0
bInterfaceCount 2
bFunctionClass 0xe
bFunctionSubClass 0x3
bFunctionProtocol 0x0
iFunction 4
	*** Interface descriptor ***
	bLength 9
	bDescriptorType 4
	bInterfaceNumber 0
	bAlternateSetting 0
	bNumEndpoints 1
	bInterfaceClass 0xe
	bInterfaceSubClass 0x1
	bInterfaceProtocol 0x0
	iInterface 0
	*** Class-specific VC Interface Descriptor ***
	bLength 13
	bDescriptorType 0x24
	bDescriptorSubType 0x01
	bcdUVC 0100
	wTotalLength 80
	dwClockFrequency 24000000
	bInCollection 1
	baInterfaceNr[0] 1
	*** Input Terminal Descriptor (Camera) ***
	bLength 18
	bDescriptorType 0x24
	bDescriptorSubType 0x02
	bTerminalID 0x1
	wTerminalType 0x201
	bAssocTerminal 0
	iTerminal 0
	wObjectiveFocalLengthMin 0
	wObjectiveFocalLengthMax 0
	wOcularFocalLength 0
	bControlSize 3
	bmControls 0x7A 0x2A 0x2
	*** Extension Unit Descriptor unsupported, skipping... ***
	*** Processing Unit Descriptor ***
	bLength 11
	bDescriptorType 0x24
	bDescriptorSubType 0x05
	bUnitID 3
	bSourceID 2
	wMaxMultiplier 16384
	bControlSize 2
	bmControls 0x7F 0x17 0x0
	iProcessing 9
	bmVideoStandards 0x24
	*** Output Terminal Descriptor ***
	bLength 9
	bDescriptorType 0x24
	bDescriptorSubType 0x03
	bTerminalID 4
	wTerminalType 0x101
	bAssocTerminal 0
	bSourceID 3
	iTerminal 0
		*** Endpoint descriptor ***
		bLength 7
		bDescriptorType 5
		bEndpointAddress 0x81	EP 1 IN
		bmAttributes 0x3	INT
		wMaxPacketSize 16
		bInterval 8
		*** Class-specific Interrupt Endpoint Descriptor ***
		bLength 5
		bDescriptorType 0x25
		bDescriptorSubType 3
		wMaxTransferSize 16
	*** Interface descriptor ***
	bLength 9
	bDescriptorType 4
	bInterfaceNumber 1
	bAlternateSetting 0
	bNumEndpoints 0
	bInterfaceClass 0xe
	bInterfaceSubClass 0x2
	bInterfaceProtocol 0x0
	iInterface 0
	*** Class-specific VC Interface Descriptor ***
	bLength 15
	bDescriptorType 0x24
	bDescriptorSubType 0x01
	bcdUVC fc02
	wTotalLength 33283
	dwClockFrequency 16909312
	bInCollection 1
	baInterfaceNr[0] 1
	*** Extension Unit Descriptor unsupported, skipping... ***
	*** VS Frame Descriptor ***
	bLength 38
	bDescriptorType 0x24
	bDescriptorSubType 0x07
	bFrameIndex 1
	bmCapabilities 0x0
	wWidth 1920
	wHeight 1080
	dwMinBitRate 20736000
	dwMaxBitRate 62208000
	dwMaxVideoFrameBufSize 2073600
	dwDefaultFrameInterval 333333
	bFrameIntervalType 3
	FrameInterval[0] 333333
	FrameInterval[1] 666666
	FrameInterval[2] 1000000
	*** VS Frame Descriptor ***
	bLength 38
	bDescriptorType 0x24
	bDescriptorSubType 0x07
	bFrameIndex 2
	bmCapabilities 0x0
	wWidth 640
	wHeight 320
	dwMinBitRate 2048000
	dwMaxBitRate 6144000
	dwMaxVideoFrameBufSize 204800
	dwDefaultFrameInterval 333333
	bFrameIntervalType 3
	FrameInterval[0] 333333
	FrameInterval[1] 666666
	FrameInterval[2] 1000000
	*** VS Frame Descriptor ***
	bLength 38
	bDescriptorType 0x24
	bDescriptorSubType 0x07
	bFrameIndex 3
	bmCapabilities 0x0
	wWidth 640
	wHeight 480
	dwMinBitRate 3072000
	dwMaxBitRate 9216000
	dwMaxVideoFrameBufSize 307200
	dwDefaultFrameInterval 333333
	bFrameIntervalType 3
	FrameInterval[0] 333333
	FrameInterval[1] 666666
	FrameInterval[2] 1000000
	*** VS Frame Descriptor ***
	bLength 38
	bDescriptorType 0x24
	bDescriptorSubType 0x07
	bFrameIndex 4
	bmCapabilities 0x0
	wWidth 800
	wHeight 600
	dwMinBitRate 4800000
	dwMaxBitRate 14400000
	dwMaxVideoFrameBufSize 480000
	dwDefaultFrameInterval 333333
	bFrameIntervalType 3
	FrameInterval[0] 333333
	FrameInterval[1] 666666
	FrameInterval[2] 1000000
	*** VS Frame Descriptor ***
	bLength 38
	bDescriptorType 0x24
	bDescriptorSubType 0x07
	bFrameIndex 5
	bmCapabilities 0x0
	wWidth 1024
	wHeight 768
	dwMinBitRate 7864320
	dwMaxBitRate 23592960
	dwMaxVideoFrameBufSize 786432
	dwDefaultFrameInterval 333333
	bFrameIntervalType 3
	FrameInterval[0] 333333
	FrameInterval[1] 666666
	FrameInterval[2] 1000000
	*** VS Frame Descriptor ***
	bLength 38
	bDescriptorType 0x24
	bDescriptorSubType 0x07
	bFrameIndex 6
	bmCapabilities 0x0
	wWidth 1280
	wHeight 720
	dwMinBitRate 9216000
	dwMaxBitRate 27648000
	dwMaxVideoFrameBufSize 921600
	dwDefaultFrameInterval 333333
	bFrameIntervalType 3
	FrameInterval[0] 333333
	FrameInterval[1] 666666
	FrameInterval[2] 1000000
	*** VS Frame Descriptor ***
	bLength 38
	bDescriptorType 0x24
	bDescriptorSubType 0x07
	bFrameIndex 7
	bmCapabilities 0x0
	wWidth 1280
	wHeight 960
	dwMinBitRate 12288000
	dwMaxBitRate 36864000
	dwMaxVideoFrameBufSize 1228800
	dwDefaultFrameInterval 333333
	bFrameIntervalType 3
	FrameInterval[0] 333333
	FrameInterval[1] 666666
	FrameInterval[2] 1000000
	*** VS Frame Descriptor ***
	bLength 38
	bDescriptorType 0x24
	bDescriptorSubType 0x07
	bFrameIndex 8
	bmCapabilities 0x0
	wWidth 1600
	wHeight 1200
	dwMinBitRate 19200000
	dwMaxBitRate 57600000
	dwMaxVideoFrameBufSize 1920000
	dwDefaultFrameInterval 333333
	bFrameIntervalType 3
	FrameInterval[0] 333333
	FrameInterval[1] 666666
	FrameInterval[2] 1000000
	*** VS Frame Descriptor ***
	bLength 38
	bDescriptorType 0x24
	bDescriptorSubType 0x07
	bFrameIndex 9
	bmCapabilities 0x0
	wWidth 2048
	wHeight 1536
	dwMinBitRate 31457280
	dwMaxBitRate 94371840
	dwMaxVideoFrameBufSize 3145728
	dwDefaultFrameInterval 333333
	bFrameIntervalType 3
	FrameInterval[0] 333333
	FrameInterval[1] 666666
	FrameInterval[2] 1000000
	*** VS Frame Descriptor ***
	bLength 38
	bDescriptorType 0x24
	bDescriptorSubType 0x07
	bFrameIndex 10
	bmCapabilities 0x0
	wWidth 2592
	wHeight 1944
	dwMinBitRate 50388480
	dwMaxBitRate 151165440
	dwMaxVideoFrameBufSize 5038848
	dwDefaultFrameInterval 333333
	bFrameIntervalType 3
	FrameInterval[0] 333333
	FrameInterval[1] 666666
	FrameInterval[2] 1000000
	*** VS Frame Descriptor ***
	bLength 38
	bDescriptorType 0x24
	bDescriptorSubType 0x07
	bFrameIndex 11
	bmCapabilities 0x0
	wWidth 3264
	wHeight 2448
	dwMinBitRate 79902720
	dwMaxBitRate 239708160
	dwMaxVideoFrameBufSize 7990272
	dwDefaultFrameInterval 333333
	bFrameIntervalType 3
	FrameInterval[0] 333333
	FrameInterval[1] 666666
	FrameInterval[2] 1000000
	*** VS Frame Descriptor ***
	bLength 38
	bDescriptorType 0x24
	bDescriptorSubType 0x07
	bFrameIndex 12
	bmCapabilities 0x0
	wWidth 3840
	wHeight 2160
	dwMinBitRate 82944000
	dwMaxBitRate 248832000
	dwMaxVideoFrameBufSize 8294400
	dwDefaultFrameInterval 333333
	bFrameIntervalType 3
	FrameInterval[0] 333333
	FrameInterval[1] 666666
	FrameInterval[2] 1000000
	*** VS Frame Descriptor ***
	bLength 34
	bDescriptorType 0x24
	bDescriptorSubType 0x07
	bFrameIndex 13
	bmCapabilities 0x0
	wWidth 4000
	wHeight 3000
	dwMinBitRate 120000000
	dwMaxBitRate 180000000
	dwMaxVideoFrameBufSize 12000000
	dwDefaultFrameInterval 666666
	bFrameIntervalType 2
	FrameInterval[0] 666666
	FrameInterval[1] 1000000
	*** VS Frame Descriptor ***
	bLength 34
	bDescriptorType 0x24
	bDescriptorSubType 0x07
	bFrameIndex 14
	bmCapabilities 0x0
	wWidth 320
	wHeight 240
	dwMinBitRate 1152000
	dwMaxBitRate 2304000
	dwMaxVideoFrameBufSize 76800
	dwDefaultFrameInterval 333333
	bFrameIntervalType 2
	FrameInterval[0] 333333
	FrameInterval[1] 666666
	*** Output Terminal Descriptor ***
	bLength 63
	bDescriptorType 0x24
	bDescriptorSubType 0x03
	bTerminalID 0
	wTerminalType 0x800E
	bAssocTerminal 7
	bSourceID 56
	iTerminal 4
	*** VS Color Format Descriptor ***
	bLength 6
	bDescriptorType 0x24
	bDescriptorSubType 0x0D
	bColorPrimaries 0x1
	bTransferCharacteristics 1
	bMatrixCoefficients 0x4
	*** Selector Unit Descriptor ***
	bLength 27
	bDescriptorType 0x24
	bDescriptorSubType 0x04
	bUnitID 2
	bNrInPins 12
	baSourceID1 89
	baSourceID2 85
	iSelector 89
	*** Processing Unit Descriptor ***
	bLength 34
	bDescriptorType 0x24
	bDescriptorSubType 0x05
	bUnitID 1
	bSourceID 0
	wMaxMultiplier 320
	bControlSize 240
	bmControls 0x0 0x0 0x70
	iProcessing 23
	bmVideoStandards 0x0
	*** Processing Unit Descriptor ***
	bLength 34
	bDescriptorType 0x24
	bDescriptorSubType 0x05
	bUnitID 2
	bSourceID 0
	wMaxMultiplier 640
	bControlSize 104
	bmControls 0x1 0x0 0x50
	iProcessing 70
	bmVideoStandards 0x0
	*** Processing Unit Descriptor ***
	bLength 30
	bDescriptorType 0x24
	bDescriptorSubType 0x05
	bUnitID 3
	bSourceID 0
	wMaxMultiplier 640
	bControlSize 224
	bmControls 0x1 0x0 0xC0
	iProcessing 93
	bmVideoStandards 0x0
	*** Processing Unit Descriptor ***
	bLength 30
	bDescriptorType 0x24
	bDescriptorSubType 0x05
	bUnitID 4
	bSourceID 0
	wMaxMultiplier 800
	bControlSize 88
	bmControls 0x2 0x0 0x7C
	iProcessing 146
	bmVideoStandards 0x0
	*** Processing Unit Descriptor ***
	bLength 30
	bDescriptorType 0x24
	bDescriptorSubType 0x05
	bUnitID 5
	bSourceID 0
	wMaxMultiplier 1024
	bControlSize 208
	bmControls 0x2 0x0 0x0
	iProcessing 225
	bmVideoStandards 0x0
	*** Processing Unit Descriptor ***
	bLength 30
	bDescriptorType 0x24
	bDescriptorSubType 0x05
	bUnitID 6
	bSourceID 0
	wMaxMultiplier 1280
	bControlSize 172
	bmControls 0x3 0x0 0x30
	iProcessing 111
	bmVideoStandards 0x1
	*** Processing Unit Descriptor ***
	bLength 30
	bDescriptorType 0x24
	bDescriptorSubType 0x05
	bUnitID 7
	bSourceID 0
	wMaxMultiplier 1280
	bControlSize 0
	bmControls 0x4 0x0 0x0
	iProcessing 144
	bmVideoStandards 0x1
	*** Processing Unit Descriptor ***
	bLength 30
	bDescriptorType 0x24
	bDescriptorSubType 0x05
	bUnitID 8
	bSourceID 0
	wMaxMultiplier 1600
	bControlSize 176
	bmControls 0x4 0x0 0xF8
	iProcessing 36
	bmVideoStandards 0x1
	*** Processing Unit Descriptor ***
	bLength 30
	bDescriptorType 0x24
	bDescriptorSubType 0x05
	bUnitID 9
	bSourceID 0
	wMaxMultiplier 1920
	bControlSize 56
	bmControls 0x4 0x0 0x68
	iProcessing 60
	bmVideoStandards 0x1
	*** Processing Unit Descriptor ***
	bLength 30
	bDescriptorType 0x24
	bDescriptorSubType 0x05
	bUnitID 10
	bSourceID 0
	wMaxMultiplier 2048
	bControlSize 0
	bmControls 0x6 0x0 0x0
	iProcessing 224
	bmVideoStandards 0x1
	*** Processing Unit Descriptor ***
	bLength 30
	bDescriptorType 0x24
	bDescriptorSubType 0x05
	bUnitID 11
	bSourceID 0
	wMaxMultiplier 2560
	bControlSize 160
	bmControls 0x5 0x0 0x80
	iProcessing 50
	bmVideoStandards 0x2
	*** Processing Unit Descriptor ***
	bLength 30
	bDescriptorType 0x24
	bDescriptorSubType 0x05
	bUnitID 12
	bSourceID 0
	wMaxMultiplier 2592
	bControlSize 152
	bmControls 0x7 0x0 0xDE
	iProcessing 0
	bmVideoStandards 0x3
	*** VS Color Format Descriptor ***
	bLength 6
	bDescriptorType 0x24
	bDescriptorSubType 0x0D
	bColorPrimaries 0x1
	bTransferCharacteristics 1
	bMatrixCoefficients 0x4
	*** Interface descriptor ***
	bLength 9
	bDescriptorType 4
	bInterfaceNumber 1
	bAlternateSetting 1
	bNumEndpoints 1
	bInterfaceClass 0xe
	bInterfaceSubClass 0x2
	bInterfaceProtocol 0x0
	iInterface 0
		*** Endpoint descriptor ***
		bLength 7
		bDescriptorType 5
		bEndpointAddress 0x82	EP 2 IN
		bmAttributes 0x5	ISOC
		wMaxPacketSize 192
		bInterval 1
	*** Interface descriptor ***
	bLength 9
	bDescriptorType 4
	bInterfaceNumber 1
	bAlternateSetting 2
	bNumEndpoints 1
	bInterfaceClass 0xe
	bInterfaceSubClass 0x2
	bInterfaceProtocol 0x0
	iInterface 0
		*** Endpoint descriptor ***
		bLength 7
		bDescriptorType 5
		bEndpointAddress 0x82	EP 2 IN
		bmAttributes 0x5	ISOC
		wMaxPacketSize 384
		bInterval 1
	*** Interface descriptor ***
	bLength 9
	bDescriptorType 4
	bInterfaceNumber 1
	bAlternateSetting 3
	bNumEndpoints 1
	bInterfaceClass 0xe
	bInterfaceSubClass 0x2
	bInterfaceProtocol 0x0
	iInterface 0
		*** Endpoint descriptor ***
		bLength 7
		bDescriptorType 5
		bEndpointAddress 0x82	EP 2 IN
		bmAttributes 0x5	ISOC
		wMaxPacketSize 512
		bInterval 1
	*** Interface descriptor ***
	bLength 9
	bDescriptorType 4
	bInterfaceNumber 1
	bAlternateSetting 4
	bNumEndpoints 1
	bInterfaceClass 0xe
	bInterfaceSubClass 0x2
	bInterfaceProtocol 0x0
	iInterface 0
		*** Endpoint descriptor ***
		bLength 7
		bDescriptorType 5
		bEndpointAddress 0x82	EP 2 IN
		bmAttributes 0x5	ISOC
		wMaxPacketSize 640
		bInterval 1
	*** Interface descriptor ***
	bLength 9
	bDescriptorType 4
	bInterfaceNumber 1
	bAlternateSetting 5
	bNumEndpoints 1
	bInterfaceClass 0xe
	bInterfaceSubClass 0x2
	bInterfaceProtocol 0x0
	iInterface 0
		*** Endpoint descriptor ***
		bLength 7
		bDescriptorType 5
		bEndpointAddress 0x82	EP 2 IN
		bmAttributes 0x5	ISOC
		wMaxPacketSize 800
		bInterval 1
	*** Interface descriptor ***
	bLength 9
	bDescriptorType 4
	bInterfaceNumber 1
	bAlternateSetting 6
	bNumEndpoints 1
	bInterfaceClass 0xe
	bInterfaceSubClass 0x2
	bInterfaceProtocol 0x0
	iInterface 0
		*** Endpoint descriptor ***
		bLength 7
		bDescriptorType 5
		bEndpointAddress 0x82	EP 2 IN
		bmAttributes 0x5	ISOC
		wMaxPacketSize 944
		bInterval 1
	*** Interface descriptor ***
	bLength 9
	bDescriptorType 4
	bInterfaceNumber 1
	bAlternateSetting 7
	bNumEndpoints 1
	bInterfaceClass 0xe
	bInterfaceSubClass 0x2
	bInterfaceProtocol 0x0
	iInterface 0
		*** Endpoint descriptor ***
		bLength 7
		bDescriptorType 5
		bEndpointAddress 0x82	EP 2 IN
		bmAttributes 0x5	ISOC
		wMaxPacketSize 640
		wMaxPacketSize (with additional transactions in microframe) 1280
		bInterval 1
	*** Interface descriptor ***
	bLength 9
	bDescriptorType 4
	bInterfaceNumber 1
	bAlternateSetting 8
	bNumEndpoints 1
	bInterfaceClass 0xe
	bInterfaceSubClass 0x2
	bInterfaceProtocol 0x0
	iInterface 0
		*** Endpoint descriptor ***
		bLength 7
		bDescriptorType 5
		bEndpointAddress 0x82	EP 2 IN
		bmAttributes 0x5	ISOC
		wMaxPacketSize 800
		wMaxPacketSize (with additional transactions in microframe) 1600
		bInterval 1
	*** Interface descriptor ***
	bLength 9
	bDescriptorType 4
	bInterfaceNumber 1
	bAlternateSetting 9
	bNumEndpoints 1
	bInterfaceClass 0xe
	bInterfaceSubClass 0x2
	bInterfaceProtocol 0x0
	iInterface 0
		*** Endpoint descriptor ***
		bLength 7
		bDescriptorType 5
		bEndpointAddress 0x82	EP 2 IN
		bmAttributes 0x5	ISOC
		wMaxPacketSize 992
		wMaxPacketSize (with additional transactions in microframe) 1984
		bInterval 1
	*** Interface descriptor ***
	bLength 9
	bDescriptorType 4
	bInterfaceNumber 1
	bAlternateSetting 10
	bNumEndpoints 1
	bInterfaceClass 0xe
	bInterfaceSubClass 0x2
	bInterfaceProtocol 0x0
	iInterface 0
		*** Endpoint descriptor ***
		bLength 7
		bDescriptorType 5
		bEndpointAddress 0x82	EP 2 IN
		bmAttributes 0x5	ISOC
		wMaxPacketSize 896
		wMaxPacketSize (with additional transactions in microframe) 2688
		bInterval 1
	*** Interface descriptor ***
	bLength 9
	bDescriptorType 4
	bInterfaceNumber 1
	bAlternateSetting 11
	bNumEndpoints 1
	bInterfaceClass 0xe
	bInterfaceSubClass 0x2
	bInterfaceProtocol 0x0
	iInterface 0
		*** Endpoint descriptor ***
		bLength 7
		bDescriptorType 5
		bEndpointAddress 0x82	EP 2 IN
		bmAttributes 0x5	ISOC
		wMaxPacketSize 1024
		wMaxPacketSize (with additional transactions in microframe) 3072
		bInterval 1
*** Interface Association Descriptor ***
bLength 8
bDescriptorType 11
bFirstInterface 2
bInterfaceCount 2
bFunctionClass 0x1
bFunctionSubClass 0x0
bFunctionProtocol 0x0
iFunction 5
	*** Interface descriptor ***
	bLength 9
	bDescriptorType 4
	bInterfaceNumber 2
	bAlternateSetting 0
	bNumEndpoints 0
	bInterfaceClass 0x1
	bInterfaceSubClass 0x1
	bInterfaceProtocol 0x0
	iInterface 0
	*** Class-specific VC Interface Descriptor ***
	bLength 9
	bDescriptorType 0x24
	bDescriptorSubType 0x01
	bcdUVC 0100
	wTotalLength 39
	dwClockFrequency 604766977
	bInCollection 2
	baInterfaceNr[0] 1
	baInterfaceNr[1] 1
	*** Input Terminal Descriptor (Camera) ***
	bLength 12
	bDescriptorType 0x24
	bDescriptorSubType 0x02
	bTerminalID 0x1
	wTerminalType 0x201
	bAssocTerminal 0
	iTerminal 1
	wObjectiveFocalLengthMin 3
	wObjectiveFocalLengthMax 0
	wOcularFocalLength 9225
	bControlSize 6
	bmControls 0x2 0x1 0x2
	*** Extension Unit Descriptor unsupported, skipping... ***
	*** Output Terminal Descriptor ***
	bLength 9
	bDescriptorType 0x24
	bDescriptorSubType 0x03
	bTerminalID 3
	wTerminalType 0x101
	bAssocTerminal 0
	bSourceID 2
	iTerminal 0
	*** Interface descriptor ***
	bLength 9
	bDescriptorType 4
	bInterfaceNumber 3
	bAlternateSetting 0
	bNumEndpoints 0
	bInterfaceClass 0x1
	bInterfaceSubClass 0x2
	bInterfaceProtocol 0x0
	iInterface 0
	*** Interface descriptor ***
	bLength 9
	bDescriptorType 4
	bInterfaceNumber 3
	bAlternateSetting 1
	bNumEndpoints 1
	bInterfaceClass 0x1
	bInterfaceSubClass 0x2
	bInterfaceProtocol 0x0
	iInterface 0
	*** Class-specific VC Interface Descriptor ***
	bLength 7
	bDescriptorType 0x24
	bDescriptorSubType 0x01
	bcdUVC 0003
	wTotalLength 1
	dwClockFrequency 16917515
	bInCollection 2
	baInterfaceNr[0] 2
	baInterfaceNr[1] 16
	*** Input Terminal Descriptor (Media) ***
	bLength 11
	bDescriptorType 0x24
	bDescriptorSubType 0x02
	bTerminalID 0x1
	wTerminalType 0x202
	bAssocTerminal 16
	iTerminal 1
	bControlSize 128
	bmControls 0xBB
	bTransportModeSize 0
	bmTransportModes 0x9 0x5 0x83 0x1 0xC0
		*** Endpoint descriptor ***
		bLength 9
		bDescriptorType 5
		bEndpointAddress 0x83	EP 3 IN
		bmAttributes 0x1	ISOC
		wMaxPacketSize 192
		bInterval 4
		*** Class-specific Interrupt Endpoint Descriptor ***
		bLength 7
		bDescriptorType 0x25
		bDescriptorSubType 1
		wMaxTransferSize 1
	*** Interface descriptor ***
	bLength 9
	bDescriptorType 4
	bInterfaceNumber 4
	bAlternateSetting 0
	bNumEndpoints 2
	bInterfaceClass 0x3
	bInterfaceSubClass 0x0
	bInterfaceProtocol 0x0
	iInterface 0
 *** Unknown Descriptor Length: 9 Type: 33 ***
		*** Endpoint descriptor ***
		bLength 7
		bDescriptorType 5
		bEndpointAddress 0x84	EP 4 IN
		bmAttributes 0x3	INT
		wMaxPacketSize 64
		bInterval 4
		*** Endpoint descriptor ***
		bLength 7
		bDescriptorType 5
		bEndpointAddress 0x1	EP 1 OUT
		bmAttributes 0x3	INT
		wMaxPacketSize 64
		bInterval 4
D (1350862) uvc: ctrl xfer cb
D (1350864) uvc: ctrl xfer cb
D (1350867) uvc: ctrl xfer cb
PV-UVC-FMT requested=800x600 applied=800x600 fourcc=MJPEG fps_x1000=30000
D (1350877) uvc: ctrl xfer cb
D (1350879) uvc: ctrl xfer cb
D (1350882) uvc: ctrl xfer cb
D (1350884) uvc: ctrl xfer cb
D (1350888) uvc: ctrl xfer cb
D (1350890) uvc: ctrl xfer cb
D (1350893) uvc: ctrl xfer cb
D (1350895) uvc: ctrl xfer cb
D (1350907) uvc: ctrl xfer cb
PV-UVC-STATS t=1s cb=0 bytes=0 vazios=0 overflow=0 underflow=0 xfer_err=0
PV-UVC-STATS t=2s cb=0 bytes=0 vazios=0 overflow=0 underflow=0 xfer_err=0
PV-UVC-STATS t=3s cb=0 bytes=0 vazios=0 overflow=0 underflow=0 xfer_err=0
PV-UVC-STATS t=4s cb=0 bytes=0 vazios=0 overflow=0 underflow=0 xfer_err=0
PV-UVC-WARMUP requested=800x600 descartados=0
PV-UVC-STATS t=5s cb=0 bytes=0 vazios=0 overflow=0 underflow=0 xfer_err=0
PV-UVC-STATS t=6s cb=0 bytes=0 vazios=0 overflow=0 underflow=0 xfer_err=0
PV-UVC-STATS t=7s cb=0 bytes=0 vazios=0 overflow=0 underflow=0 xfer_err=0
PV-UVC-STATS t=8s cb=0 bytes=0 vazios=0 overflow=0 underflow=0 xfer_err=0
PV-UVC-STATS t=9s cb=0 bytes=0 vazios=0 overflow=0 underflow=0 xfer_err=0
PV-UVC-STATS t=10s cb=0 bytes=0 vazios=0 overflow=0 underflow=0 xfer_err=0
PV-UVC-STATS t=11s cb=0 bytes=0 vazios=0 overflow=0 underflow=0 xfer_err=0
PV-UVC-STATS t=12s cb=0 bytes=0 vazios=0 overflow=0 underflow=0 xfer_err=0
PV-UVC-STATS t=13s cb=0 bytes=0 vazios=0 overflow=0 underflow=0 xfer_err=0
PV-UVC-STATS t=14s cb=0 bytes=0 vazios=0 overflow=0 underflow=0 xfer_err=0
PV-UVC-STATS t=15s cb=0 bytes=0 vazios=0 overflow=0 underflow=0 xfer_err=0
PV-UVC-STATS t=16s cb=0 bytes=0 vazios=0 overflow=0 underflow=0 xfer_err=0
PV-UVC-STATS t=17s cb=0 bytes=0 vazios=0 overflow=0 underflow=0 xfer_err=0
PV-UVC-STATS t=18s cb=0 bytes=0 vazios=0 overflow=0 underflow=0 xfer_err=0
PV-UVC-STATS t=19s cb=0 bytes=0 vazios=0 overflow=0 underflow=0 xfer_err=0
D (1386007) uvc: ctrl xfer cb
PV-UVC-STATS t=20s cb=0 bytes=0 vazios=0 overflow=0 underflow=0 xfer_err=0
PV-UVC-RUNG requested=800x600 applied=800x600 fourcc=JPEG bytesused=0 result=FAIL reason=sem-frame
PV-UVC-MEM etapa=pos-degrau psram_livre=8690596 psram_maior_bloco=8388608 interna_livre=394455
D (1386024) uvc: ctrl xfer cb
D (1386026) uvc: ctrl xfer cb
D (1386030) uvc: ctrl xfer cb
PV-UVC-FMT requested=1920x1080 applied=1920x1080 fourcc=MJPEG fps_x1000=30000
D (1386038) uvc: ctrl xfer cb
D (1386042) uvc: ctrl xfer cb
D (1386045) uvc: ctrl xfer cb
D (1386047) uvc: ctrl xfer cb
D (1386050) uvc: ctrl xfer cb
D (1386052) uvc: ctrl xfer cb
D (1386055) uvc: ctrl xfer cb
D (1386058) uvc: ctrl xfer cb
D (1386070) uvc: ctrl xfer cb
PV-UVC-STATS t=1s cb=0 bytes=0 vazios=0 overflow=0 underflow=0 xfer_err=0
PV-UVC-STATS t=2s cb=0 bytes=0 vazios=0 overflow=0 underflow=0 xfer_err=0
PV-UVC-STATS t=3s cb=0 bytes=0 vazios=0 overflow=0 underflow=0 xfer_err=0
PV-UVC-WARMUP requested=1920x1080 descartados=0
PV-UVC-STATS t=4s cb=0 bytes=0 vazios=0 overflow=0 underflow=0 xfer_err=0
PV-UVC-STATS t=5s cb=0 bytes=0 vazios=0 overflow=0 underflow=0 xfer_err=0
PV-UVC-STATS t=6s cb=0 bytes=0 vazios=0 overflow=0 underflow=0 xfer_err=0
PV-UVC-STATS t=7s cb=0 bytes=0 vazios=0 overflow=0 underflow=0 xfer_err=0
PV-UVC-STATS t=8s cb=0 bytes=0 vazios=0 overflow=0 underflow=0 xfer_err=0
PV-UVC-STATS t=9s cb=0 bytes=0 vazios=0 overflow=0 underflow=0 xfer_err=0
PV-UVC-STATS t=10s cb=0 bytes=0 vazios=0 overflow=0 underflow=0 xfer_err=0
PV-UVC-STATS t=11s cb=0 bytes=0 vazios=0 overflow=0 underflow=0 xfer_err=0
PV-UVC-STATS t=12s cb=0 bytes=0 vazios=0 overflow=0 underflow=0 xfer_err=0
PV-UVC-STATS t=13s cb=0 bytes=0 vazios=0 overflow=0 underflow=0 xfer_err=0
PV-UVC-STATS t=14s cb=0 bytes=0 vazios=0 overflow=0 underflow=0 xfer_err=0
PV-UVC-STATS t=15s cb=0 bytes=0 vazios=0 overflow=0 underflow=0 xfer_err=0
PV-UVC-STATS t=16s cb=0 bytes=0 vazios=0 overflow=0 underflow=0 xfer_err=0
PV-UVC-STATS t=17s cb=0 bytes=0 vazios=0 overflow=0 underflow=0 xfer_err=0
PV-UVC-STATS t=18s cb=0 bytes=0 vazios=0 overflow=0 underflow=0 xfer_err=0
D (1420172) uvc: ctrl xfer cb
PV-UVC-STATS t=19s cb=0 bytes=0 vazios=0 overflow=0 underflow=0 xfer_err=0
PV-UVC-RUNG requested=1920x1080 applied=1920x1080 fourcc=JPEG bytesused=0 result=FAIL reason=sem-frame
PV-UVC-MEM etapa=pos-degrau psram_livre=8690596 psram_maior_bloco=8388608 interna_livre=394455
D (1420188) uvc: ctrl xfer cb
D (1420192) uvc: ctrl xfer cb
D (1420194) uvc: ctrl xfer cb
PV-UVC-FMT requested=2592x1944 applied=2592x1944 fourcc=MJPEG fps_x1000=30000
D (1420204) uvc: ctrl xfer cb
D (1420206) uvc: ctrl xfer cb
D (1420209) uvc: ctrl xfer cb
D (1420212) uvc: ctrl xfer cb
D (1420214) uvc: ctrl xfer cb
D (1420216) uvc: ctrl xfer cb
D (1420221) uvc: ctrl xfer cb
D (1420223) uvc: ctrl xfer cb
D (1420235) uvc: ctrl xfer cb
PV-UVC-STATS t=1s cb=0 bytes=0 vazios=0 overflow=0 underflow=0 xfer_err=0
PV-UVC-STATS t=2s cb=0 bytes=0 vazios=0 overflow=0 underflow=0 xfer_err=0
PV-UVC-STATS t=3s cb=0 bytes=0 vazios=0 overflow=0 underflow=0 xfer_err=0
PV-UVC-STATS t=4s cb=0 bytes=0 vazios=0 overflow=0 underflow=0 xfer_err=0
PV-UVC-WARMUP requested=2592x1944 descartados=0
PV-UVC-STATS t=5s cb=0 bytes=0 vazios=0 overflow=0 underflow=0 xfer_err=0
PV-UVC-STATS t=6s cb=0 bytes=0 vazios=0 overflow=0 underflow=0 xfer_err=0
PV-UVC-STATS t=7s cb=0 bytes=0 vazios=0 overflow=0 underflow=0 xfer_err=0
PV-UVC-STATS t=8s cb=0 bytes=0 vazios=0 overflow=0 underflow=0 xfer_err=0
PV-UVC-STATS t=9s cb=0 bytes=0 vazios=0 overflow=0 underflow=0 xfer_err=0
PV-UVC-STATS t=10s cb=0 bytes=0 vazios=0 overflow=0 underflow=0 xfer_err=0
PV-UVC-STATS t=11s cb=0 bytes=0 vazios=0 overflow=0 underflow=0 xfer_err=0
PV-UVC-STATS t=12s cb=0 bytes=0 vazios=0 overflow=0 underflow=0 xfer_err=0
PV-UVC-STATS t=13s cb=0 bytes=0 vazios=0 overflow=0 underflow=0 xfer_err=0
PV-UVC-STATS t=14s cb=0 bytes=0 vazios=0 overflow=0 underflow=0 xfer_err=0
PV-UVC-STATS t=15s cb=0 bytes=0 vazios=0 overflow=0 underflow=0 xfer_err=0
PV-UVC-STATS t=16s cb=0 bytes=0 vazios=0 overflow=0 underflow=0 xfer_err=0
PV-UVC-STATS t=17s cb=0 bytes=0 vazios=0 overflow=0 underflow=0 xfer_err=0
PV-UVC-STATS t=18s cb=0 bytes=0 vazios=0 overflow=0 underflow=0 xfer_err=0
PV-UVC-STATS t=19s cb=0 bytes=0 vazios=0 overflow=0 underflow=0 xfer_err=0
D (1455335) uvc: ctrl xfer cb
PV-UVC-STATS t=20s cb=0 bytes=0 vazios=0 overflow=0 underflow=0 xfer_err=0
PV-UVC-RUNG requested=2592x1944 applied=2592x1944 fourcc=JPEG bytesused=0 result=FAIL reason=sem-frame
PV-UVC-MEM etapa=pos-degrau psram_livre=8690596 psram_maior_bloco=8388608 interna_livre=394455
D (1455351) uvc: ctrl xfer cb
D (1455355) uvc: ctrl xfer cb
D (1455358) uvc: ctrl xfer cb
PV-UVC-FMT requested=3264x2448 applied=3264x2448 fourcc=MJPEG fps_x1000=30000
D (1455368) uvc: ctrl xfer cb
D (1455370) uvc: ctrl xfer cb
D (1455372) uvc: ctrl xfer cb
D (1455375) uvc: ctrl xfer cb
D (1455377) uvc: ctrl xfer cb
D (1455379) uvc: ctrl xfer cb
D (1455384) uvc: ctrl xfer cb
D (1455386) uvc: ctrl xfer cb
D (1455398) uvc: ctrl xfer cb
PV-UVC-STATS t=1s cb=0 bytes=0 vazios=0 overflow=0 underflow=0 xfer_err=0
PV-UVC-STATS t=2s cb=0 bytes=0 vazios=0 overflow=0 underflow=0 xfer_err=0
PV-UVC-STATS t=3s cb=0 bytes=0 vazios=0 overflow=0 underflow=0 xfer_err=0
PV-UVC-STATS t=4s cb=0 bytes=0 vazios=0 overflow=0 underflow=0 xfer_err=0
PV-UVC-WARMUP requested=3264x2448 descartados=0
PV-UVC-STATS t=5s cb=0 bytes=0 vazios=0 overflow=0 underflow=0 xfer_err=0
PV-UVC-STATS t=6s cb=0 bytes=0 vazios=0 overflow=0 underflow=0 xfer_err=0
PV-UVC-STATS t=7s cb=0 bytes=0 vazios=0 overflow=0 underflow=0 xfer_err=0
PV-UVC-STATS t=8s cb=0 bytes=0 vazios=0 overflow=0 underflow=0 xfer_err=0
PV-UVC-STATS t=9s cb=0 bytes=0 vazios=0 overflow=0 underflow=0 xfer_err=0
PV-UVC-STATS t=10s cb=0 bytes=0 vazios=0 overflow=0 underflow=0 xfer_err=0
PV-UVC-STATS t=11s cb=0 bytes=0 vazios=0 overflow=0 underflow=0 xfer_err=0
PV-UVC-STATS t=12s cb=0 bytes=0 vazios=0 overflow=0 underflow=0 xfer_err=0
PV-UVC-STATS t=13s cb=0 bytes=0 vazios=0 overflow=0 underflow=0 xfer_err=0
PV-UVC-STATS t=14s cb=0 bytes=0 vazios=0 overflow=0 underflow=0 xfer_err=0
PV-UVC-STATS t=15s cb=0 bytes=0 vazios=0 overflow=0 underflow=0 xfer_err=0
PV-UVC-STATS t=16s cb=0 bytes=0 vazios=0 overflow=0 underflow=0 xfer_err=0
PV-UVC-STATS t=17s cb=0 bytes=0 vazios=0 overflow=0 underflow=0 xfer_err=0
PV-UVC-STATS t=18s cb=0 bytes=0 vazios=0 overflow=0 underflow=0 xfer_err=0
PV-UVC-STATS t=19s cb=0 bytes=0 vazios=0 overflow=0 underflow=0 xfer_err=0
PV-UVC-STATS t=20s cb=0 bytes=0 vazios=0 overflow=0 underflow=0 xfer_err=0
D (1490499) uvc: ctrl xfer cb
PV-UVC-STATS t=21s cb=0 bytes=0 vazios=0 overflow=0 underflow=0 xfer_err=0
PV-UVC-RUNG requested=3264x2448 applied=3264x2448 fourcc=JPEG bytesused=0 result=FAIL reason=sem-frame
PV-UVC-MEM etapa=pos-degrau psram_livre=8690596 psram_maior_bloco=8388608 interna_livre=394455
D (1490515) uvc: ctrl xfer cb
D (1490519) uvc: ctrl xfer cb
D (1490521) uvc: ctrl xfer cb
PV-UVC-FMT requested=4000x3000 applied=4000x3000 fourcc=MJPEG fps_x1000=15000
D (1490531) uvc: ctrl xfer cb
D (1490533) uvc: ctrl xfer cb
D (1490536) uvc: ctrl xfer cb
D (1490538) uvc: ctrl xfer cb
D (1490541) uvc: ctrl xfer cb
D (1490543) uvc: ctrl xfer cb
D (1490548) uvc: ctrl xfer cb
D (1490550) uvc: ctrl xfer cb
D (1490562) uvc: ctrl xfer cb
PV-UVC-STATS t=1s cb=0 bytes=0 vazios=0 overflow=0 underflow=0 xfer_err=0
PV-UVC-STATS t=2s cb=0 bytes=0 vazios=0 overflow=0 underflow=0 xfer_err=0
PV-UVC-STATS t=3s cb=0 bytes=0 vazios=0 overflow=0 underflow=0 xfer_err=0
PV-UVC-WARMUP requested=4000x3000 descartados=0
PV-UVC-STATS t=4s cb=0 bytes=0 vazios=0 overflow=0 underflow=0 xfer_err=0
PV-UVC-STATS t=5s cb=0 bytes=0 vazios=0 overflow=0 underflow=0 xfer_err=0
PV-UVC-STATS t=6s cb=0 bytes=0 vazios=0 overflow=0 underflow=0 xfer_err=0
PV-UVC-STATS t=7s cb=0 bytes=0 vazios=0 overflow=0 underflow=0 xfer_err=0
PV-UVC-STATS t=8s cb=0 bytes=0 vazios=0 overflow=0 underflow=0 xfer_err=0
PV-UVC-STATS t=9s cb=0 bytes=0 vazios=0 overflow=0 underflow=0 xfer_err=0
PV-UVC-STATS t=10s cb=0 bytes=0 vazios=0 overflow=0 underflow=0 xfer_err=0
PV-UVC-STATS t=11s cb=0 bytes=0 vazios=0 overflow=0 underflow=0 xfer_err=0
PV-UVC-STATS t=12s cb=0 bytes=0 vazios=0 overflow=0 underflow=0 xfer_err=0
PV-UVC-STATS t=13s cb=0 bytes=0 vazios=0 overflow=0 underflow=0 xfer_err=0
PV-UVC-STATS t=14s cb=0 bytes=0 vazios=0 overflow=0 underflow=0 xfer_err=0
PV-UVC-STATS t=15s cb=0 bytes=0 vazios=0 overflow=0 underflow=0 xfer_err=0
PV-UVC-STATS t=16s cb=0 bytes=0 vazios=0 overflow=0 underflow=0 xfer_err=0
PV-UVC-STATS t=17s cb=0 bytes=0 vazios=0 overflow=0 underflow=0 xfer_err=0
PV-UVC-STATS t=18s cb=0 bytes=0 vazios=0 overflow=0 underflow=0 xfer_err=0
PV-UVC-STATS t=19s cb=0 bytes=0 vazios=0 overflow=0 underflow=0 xfer_err=0
D (1524663) uvc: ctrl xfer cb
PV-UVC-STATS t=20s cb=0 bytes=0 vazios=0 overflow=0 underflow=0 xfer_err=0
PV-UVC-RUNG requested=4000x3000 applied=4000x3000 fourcc=JPEG bytesused=0 result=FAIL reason=sem-frame
PV-UVC-MEM etapa=pos-degrau psram_livre=8690596 psram_maior_bloco=8388608 interna_livre=394455
PV-UVC-SUMARIO inicio
PV-UVC-SUMARIO degrau=1 requested=800x600 applied=800x600 fourcc=JPEG bytesused=0 result=FAIL reason=sem-frame obrigatorio=sim
PV-UVC-SUMARIO degrau=2 requested=1920x1080 applied=1920x1080 fourcc=JPEG bytesused=0 result=FAIL reason=sem-frame obrigatorio=sim
PV-UVC-SUMARIO degrau=3 requested=2592x1944 applied=2592x1944 fourcc=JPEG bytesused=0 result=FAIL reason=sem-frame obrigatorio=sim
PV-UVC-SUMARIO degrau=4 requested=3264x2448 applied=3264x2448 fourcc=JPEG bytesused=0 result=FAIL reason=sem-frame obrigatorio=sim
PV-UVC-SUMARIO degrau=5 requested=4000x3000 applied=4000x3000 fourcc=JPEG bytesused=0 result=FAIL reason=sem-frame obrigatorio=nao
PV-UVC-SUMARIO fim pass=0 fail=5 total=5 fail_obrigatorios=4
PV-UVC-CICLO 8 fim — REPLUG a camera para disparar nova escada (retry 15 s)

PV-UVC-CICLO 9 inicio
PV-UVC-ENUM device dev_addr=1 stream_index=0 frames_anunciados=26
PV-UVC-ENUM frame index=0 format=MJPEG 1920x1080 default_interval=333333 tipos=3
PV-UVC-ENUM interval index=0 k=0 valor=333333 fps_x1000=30000
PV-UVC-ENUM interval index=0 k=1 valor=666666 fps_x1000=15000
PV-UVC-ENUM interval index=0 k=2 valor=1000000 fps_x1000=10000
PV-UVC-ENUM frame index=1 format=MJPEG 640x320 default_interval=333333 tipos=3
PV-UVC-ENUM interval index=1 k=0 valor=333333 fps_x1000=30000
PV-UVC-ENUM interval index=1 k=1 valor=666666 fps_x1000=15000
PV-UVC-ENUM interval index=1 k=2 valor=1000000 fps_x1000=10000
PV-UVC-ENUM frame index=2 format=MJPEG 640x480 default_interval=333333 tipos=3
PV-UVC-ENUM interval index=2 k=0 valor=333333 fps_x1000=30000
PV-UVC-ENUM interval index=2 k=1 valor=666666 fps_x1000=15000
PV-UVC-ENUM interval index=2 k=2 valor=1000000 fps_x1000=10000
PV-UVC-ENUM frame index=3 format=MJPEG 800x600 default_interval=333333 tipos=3
PV-UVC-ENUM interval index=3 k=0 valor=333333 fps_x1000=30000
PV-UVC-ENUM interval index=3 k=1 valor=666666 fps_x1000=15000
PV-UVC-ENUM interval index=3 k=2 valor=1000000 fps_x1000=10000
PV-UVC-ENUM frame index=4 format=MJPEG 1024x768 default_interval=333333 tipos=3
PV-UVC-ENUM interval index=4 k=0 valor=333333 fps_x1000=30000
PV-UVC-ENUM interval index=4 k=1 valor=666666 fps_x1000=15000
PV-UVC-ENUM interval index=4 k=2 valor=1000000 fps_x1000=10000
PV-UVC-ENUM frame index=5 format=MJPEG 1280x720 default_interval=333333 tipos=3
PV-UVC-ENUM interval index=5 k=0 valor=333333 fps_x1000=30000
PV-UVC-ENUM interval index=5 k=1 valor=666666 fps_x1000=15000
PV-UVC-ENUM interval index=5 k=2 valor=1000000 fps_x1000=10000
PV-UVC-ENUM frame index=6 format=MJPEG 1280x960 default_interval=333333 tipos=3
PV-UVC-ENUM interval index=6 k=0 valor=333333 fps_x1000=30000
PV-UVC-ENUM interval index=6 k=1 valor=666666 fps_x1000=15000
PV-UVC-ENUM interval index=6 k=2 valor=1000000 fps_x1000=10000
PV-UVC-ENUM frame index=7 format=MJPEG 1600x1200 default_interval=333333 tipos=3
PV-UVC-ENUM interval index=7 k=0 valor=333333 fps_x1000=30000
PV-UVC-ENUM interval index=7 k=1 valor=666666 fps_x1000=15000
PV-UVC-ENUM interval index=7 k=2 valor=1000000 fps_x1000=10000
PV-UVC-ENUM frame index=8 format=MJPEG 2048x1536 default_interval=333333 tipos=3
PV-UVC-ENUM interval index=8 k=0 valor=333333 fps_x1000=30000
PV-UVC-ENUM interval index=8 k=1 valor=666666 fps_x1000=15000
PV-UVC-ENUM interval index=8 k=2 valor=1000000 fps_x1000=10000
PV-UVC-ENUM frame index=9 format=MJPEG 2592x1944 default_interval=333333 tipos=3
PV-UVC-ENUM interval index=9 k=0 valor=333333 fps_x1000=30000
PV-UVC-ENUM interval index=9 k=1 valor=666666 fps_x1000=15000
PV-UVC-ENUM interval index=9 k=2 valor=1000000 fps_x1000=10000
PV-UVC-ENUM frame index=10 format=MJPEG 3264x2448 default_interval=333333 tipos=3
PV-UVC-ENUM interval index=10 k=0 valor=333333 fps_x1000=30000
PV-UVC-ENUM interval index=10 k=1 valor=666666 fps_x1000=15000
PV-UVC-ENUM interval index=10 k=2 valor=1000000 fps_x1000=10000
PV-UVC-ENUM frame index=11 format=MJPEG 3840x2160 default_interval=333333 tipos=3
PV-UVC-ENUM interval index=11 k=0 valor=333333 fps_x1000=30000
PV-UVC-ENUM interval index=11 k=1 valor=666666 fps_x1000=15000
PV-UVC-ENUM interval index=11 k=2 valor=1000000 fps_x1000=10000
PV-UVC-ENUM frame index=12 format=MJPEG 4000x3000 default_interval=666666 tipos=2
PV-UVC-ENUM interval index=12 k=0 valor=666666 fps_x1000=15000
PV-UVC-ENUM interval index=12 k=1 valor=1000000 fps_x1000=10000
PV-UVC-ENUM frame index=13 format=MJPEG 320x240 default_interval=333333 tipos=2
PV-UVC-ENUM interval index=13 k=0 valor=333333 fps_x1000=30000
PV-UVC-ENUM interval index=13 k=1 valor=666666 fps_x1000=15000
PV-UVC-ENUM frame index=14 format=YUY2 320x240 default_interval=500000 tipos=2
PV-UVC-ENUM interval index=14 k=0 valor=500000 fps_x1000=20000
PV-UVC-ENUM interval index=14 k=1 valor=1000000 fps_x1000=10000
PV-UVC-ENUM frame index=15 format=YUY2 640x360 default_interval=500000 tipos=2
PV-UVC-ENUM interval index=15 k=0 valor=500000 fps_x1000=20000
PV-UVC-ENUM interval index=15 k=1 valor=1000000 fps_x1000=10000
PV-UVC-ENUM frame index=16 format=YUY2 640x480 default_interval=1000000 tipos=1
PV-UVC-ENUM interval index=16 k=0 valor=1000000 fps_x1000=10000
PV-UVC-ENUM frame index=17 format=YUY2 800x600 default_interval=1000000 tipos=1
PV-UVC-ENUM interval index=17 k=0 valor=1000000 fps_x1000=10000
PV-UVC-ENUM frame index=18 format=YUY2 1024x720 default_interval=1000000 tipos=1
PV-UVC-ENUM interval index=18 k=0 valor=1000000 fps_x1000=10000
PV-UVC-ENUM frame index=19 format=YUY2 1280x940 default_interval=1000000 tipos=1
PV-UVC-ENUM interval index=19 k=0 valor=1000000 fps_x1000=10000
PV-UVC-ENUM frame index=20 format=YUY2 1280x1024 default_interval=1000000 tipos=1
PV-UVC-ENUM interval index=20 k=0 valor=1000000 fps_x1000=10000
PV-UVC-ENUM frame index=21 format=YUY2 1600x1200 default_interval=2000000 tipos=1
PV-UVC-ENUM interval index=21 k=0 valor=2000000 fps_x1000=5000
PV-UVC-ENUM frame index=22 format=YUY2 1920x1080 default_interval=2000000 tipos=1
PV-UVC-ENUM interval index=22 k=0 valor=2000000 fps_x1000=5000
PV-UVC-ENUM frame index=23 format=YUY2 2048x1536 default_interval=2000000 tipos=1
PV-UVC-ENUM interval index=23 k=0 valor=2000000 fps_x1000=5000
PV-UVC-ENUM frame index=24 format=YUY2 2560x1440 default_interval=2000000 tipos=1
PV-UVC-ENUM interval index=24 k=0 valor=2000000 fps_x1000=5000
PV-UVC-ENUM frame index=25 format=YUY2 2592x1944 default_interval=2000000 tipos=1
PV-UVC-ENUM interval index=25 k=0 valor=2000000 fps_x1000=5000
PV-UVC-ENUM result=OK entradas=26 tamanhos_mjpeg=14
D (1540235) uvc: Checking list of opened USB devices
D (1540239) uvc: Checking list of connected USB devices
D (1540244) uvc: Claimed interface index 1 with MPS 1024
D (1540251) uvc: ctrl xfer cb
D (1540253) uvc: ctrl xfer cb
D (1540255) uvc: ctrl xfer cb
D (1540258) uvc: ctrl xfer cb
I (1540260) uvc: Allocating 8 USB transfers for ISOC. Each: 3072 bytes, 1 ISOC packets, 3072 MPS
PV-UVC-MEM etapa=pos-open psram_livre=8690596 psram_maior_bloco=8388608 interna_livre=394455
*** Device descriptor ***
bLength 18
bDescriptorType 1
bcdUSB 2.00
bDeviceClass 0xef
bDeviceSubClass 0x2
bDeviceProtocol 0x1
bMaxPacketSize0 64
idVendor 0xb024
idProduct 0x725
bcdDevice 1.00
iManufacturer 1
iProduct 2
iSerialNumber 3
bNumConfigurations 1
*** Configuration descriptor ***
bLength 9
bDescriptorType 2
wTotalLength 1463
bNumInterfaces 5
bConfigurationValue 1
iConfiguration 0
bmAttributes 0x80
bMaxPower 500mA
*** Interface Association Descriptor ***
bLength 8
bDescriptorType 11
bFirstInterface 0
bInterfaceCount 2
bFunctionClass 0xe
bFunctionSubClass 0x3
bFunctionProtocol 0x0
iFunction 4
	*** Interface descriptor ***
	bLength 9
	bDescriptorType 4
	bInterfaceNumber 0
	bAlternateSetting 0
	bNumEndpoints 1
	bInterfaceClass 0xe
	bInterfaceSubClass 0x1
	bInterfaceProtocol 0x0
	iInterface 0
	*** Class-specific VC Interface Descriptor ***
	bLength 13
	bDescriptorType 0x24
	bDescriptorSubType 0x01
	bcdUVC 0100
	wTotalLength 80
	dwClockFrequency 24000000
	bInCollection 1
	baInterfaceNr[0] 1
	*** Input Terminal Descriptor (Camera) ***
	bLength 18
	bDescriptorType 0x24
	bDescriptorSubType 0x02
	bTerminalID 0x1
	wTerminalType 0x201
	bAssocTerminal 0
	iTerminal 0
	wObjectiveFocalLengthMin 0
	wObjectiveFocalLengthMax 0
	wOcularFocalLength 0
	bControlSize 3
	bmControls 0x7A 0x2A 0x2
	*** Extension Unit Descriptor unsupported, skipping... ***
	*** Processing Unit Descriptor ***
	bLength 11
	bDescriptorType 0x24
	bDescriptorSubType 0x05
	bUnitID 3
	bSourceID 2
	wMaxMultiplier 16384
	bControlSize 2
	bmControls 0x7F 0x17 0x0
	iProcessing 9
	bmVideoStandards 0x24
	*** Output Terminal Descriptor ***
	bLength 9
	bDescriptorType 0x24
	bDescriptorSubType 0x03
	bTerminalID 4
	wTerminalType 0x101
	bAssocTerminal 0
	bSourceID 3
	iTerminal 0
		*** Endpoint descriptor ***
		bLength 7
		bDescriptorType 5
		bEndpointAddress 0x81	EP 1 IN
		bmAttributes 0x3	INT
		wMaxPacketSize 16
		bInterval 8
		*** Class-specific Interrupt Endpoint Descriptor ***
		bLength 5
		bDescriptorType 0x25
		bDescriptorSubType 3
		wMaxTransferSize 16
	*** Interface descriptor ***
	bLength 9
	bDescriptorType 4
	bInterfaceNumber 1
	bAlternateSetting 0
	bNumEndpoints 0
	bInterfaceClass 0xe
	bInterfaceSubClass 0x2
	bInterfaceProtocol 0x0
	iInterface 0
	*** Class-specific VC Interface Descriptor ***
	bLength 15
	bDescriptorType 0x24
	bDescriptorSubType 0x01
	bcdUVC fc02
	wTotalLength 33283
	dwClockFrequency 16909312
	bInCollection 1
	baInterfaceNr[0] 1
	*** Extension Unit Descriptor unsupported, skipping... ***
	*** VS Frame Descriptor ***
	bLength 38
	bDescriptorType 0x24
	bDescriptorSubType 0x07
	bFrameIndex 1
	bmCapabilities 0x0
	wWidth 1920
	wHeight 1080
	dwMinBitRate 20736000
	dwMaxBitRate 62208000
	dwMaxVideoFrameBufSize 2073600
	dwDefaultFrameInterval 333333
	bFrameIntervalType 3
	FrameInterval[0] 333333
	FrameInterval[1] 666666
	FrameInterval[2] 1000000
	*** VS Frame Descriptor ***
	bLength 38
	bDescriptorType 0x24
	bDescriptorSubType 0x07
	bFrameIndex 2
	bmCapabilities 0x0
	wWidth 640
	wHeight 320
	dwMinBitRate 2048000
	dwMaxBitRate 6144000
	dwMaxVideoFrameBufSize 204800
	dwDefaultFrameInterval 333333
	bFrameIntervalType 3
	FrameInterval[0] 333333
	FrameInterval[1] 666666
	FrameInterval[2] 1000000
	*** VS Frame Descriptor ***
	bLength 38
	bDescriptorType 0x24
	bDescriptorSubType 0x07
	bFrameIndex 3
	bmCapabilities 0x0
	wWidth 640
	wHeight 480
	dwMinBitRate 3072000
	dwMaxBitRate 9216000
	dwMaxVideoFrameBufSize 307200
	dwDefaultFrameInterval 333333
	bFrameIntervalType 3
	FrameInterval[0] 333333
	FrameInterval[1] 666666
	FrameInterval[2] 1000000
	*** VS Frame Descriptor ***
	bLength 38
	bDescriptorType 0x24
	bDescriptorSubType 0x07
	bFrameIndex 4
	bmCapabilities 0x0
	wWidth 800
	wHeight 600
	dwMinBitRate 4800000
	dwMaxBitRate 14400000
	dwMaxVideoFrameBufSize 480000
	dwDefaultFrameInterval 333333
	bFrameIntervalType 3
	FrameInterval[0] 333333
	FrameInterval[1] 666666
	FrameInterval[2] 1000000
	*** VS Frame Descriptor ***
	bLength 38
	bDescriptorType 0x24
	bDescriptorSubType 0x07
	bFrameIndex 5
	bmCapabilities 0x0
	wWidth 1024
	wHeight 768
	dwMinBitRate 7864320
	dwMaxBitRate 23592960
	dwMaxVideoFrameBufSize 786432
	dwDefaultFrameInterval 333333
	bFrameIntervalType 3
	FrameInterval[0] 333333
	FrameInterval[1] 666666
	FrameInterval[2] 1000000
	*** VS Frame Descriptor ***
	bLength 38
	bDescriptorType 0x24
	bDescriptorSubType 0x07
	bFrameIndex 6
	bmCapabilities 0x0
	wWidth 1280
	wHeight 720
	dwMinBitRate 9216000
	dwMaxBitRate 27648000
	dwMaxVideoFrameBufSize 921600
	dwDefaultFrameInterval 333333
	bFrameIntervalType 3
	FrameInterval[0] 333333
	FrameInterval[1] 666666
	FrameInterval[2] 1000000
	*** VS Frame Descriptor ***
	bLength 38
	bDescriptorType 0x24
	bDescriptorSubType 0x07
	bFrameIndex 7
	bmCapabilities 0x0
	wWidth 1280
	wHeight 960
	dwMinBitRate 12288000
	dwMaxBitRate 36864000
	dwMaxVideoFrameBufSize 1228800
	dwDefaultFrameInterval 333333
	bFrameIntervalType 3
	FrameInterval[0] 333333
	FrameInterval[1] 666666
	FrameInterval[2] 1000000
	*** VS Frame Descriptor ***
	bLength 38
	bDescriptorType 0x24
	bDescriptorSubType 0x07
	bFrameIndex 8
	bmCapabilities 0x0
	wWidth 1600
	wHeight 1200
	dwMinBitRate 19200000
	dwMaxBitRate 57600000
	dwMaxVideoFrameBufSize 1920000
	dwDefaultFrameInterval 333333
	bFrameIntervalType 3
	FrameInterval[0] 333333
	FrameInterval[1] 666666
	FrameInterval[2] 1000000
	*** VS Frame Descriptor ***
	bLength 38
	bDescriptorType 0x24
	bDescriptorSubType 0x07
	bFrameIndex 9
	bmCapabilities 0x0
	wWidth 2048
	wHeight 1536
	dwMinBitRate 31457280
	dwMaxBitRate 94371840
	dwMaxVideoFrameBufSize 3145728
	dwDefaultFrameInterval 333333
	bFrameIntervalType 3
	FrameInterval[0] 333333
	FrameInterval[1] 666666
	FrameInterval[2] 1000000
	*** VS Frame Descriptor ***
	bLength 38
	bDescriptorType 0x24
	bDescriptorSubType 0x07
	bFrameIndex 10
	bmCapabilities 0x0
	wWidth 2592
	wHeight 1944
	dwMinBitRate 50388480
	dwMaxBitRate 151165440
	dwMaxVideoFrameBufSize 5038848
	dwDefaultFrameInterval 333333
	bFrameIntervalType 3
	FrameInterval[0] 333333
	FrameInterval[1] 666666
	FrameInterval[2] 1000000
	*** VS Frame Descriptor ***
	bLength 38
	bDescriptorType 0x24
	bDescriptorSubType 0x07
	bFrameIndex 11
	bmCapabilities 0x0
	wWidth 3264
	wHeight 2448
	dwMinBitRate 79902720
	dwMaxBitRate 239708160
	dwMaxVideoFrameBufSize 7990272
	dwDefaultFrameInterval 333333
	bFrameIntervalType 3
	FrameInterval[0] 333333
	FrameInterval[1] 666666
	FrameInterval[2] 1000000
	*** VS Frame Descriptor ***
	bLength 38
	bDescriptorType 0x24
	bDescriptorSubType 0x07
	bFrameIndex 12
	bmCapabilities 0x0
	wWidth 3840
	wHeight 2160
	dwMinBitRate 82944000
	dwMaxBitRate 248832000
	dwMaxVideoFrameBufSize 8294400
	dwDefaultFrameInterval 333333
	bFrameIntervalType 3
	FrameInterval[0] 333333
	FrameInterval[1] 666666
	FrameInterval[2] 1000000
	*** VS Frame Descriptor ***
	bLength 34
	bDescriptorType 0x24
	bDescriptorSubType 0x07
	bFrameIndex 13
	bmCapabilities 0x0
	wWidth 4000
	wHeight 3000
	dwMinBitRate 120000000
	dwMaxBitRate 180000000
	dwMaxVideoFrameBufSize 12000000
	dwDefaultFrameInterval 666666
	bFrameIntervalType 2
	FrameInterval[0] 666666
	FrameInterval[1] 1000000
	*** VS Frame Descriptor ***
	bLength 34
	bDescriptorType 0x24
	bDescriptorSubType 0x07
	bFrameIndex 14
	bmCapabilities 0x0
	wWidth 320
	wHeight 240
	dwMinBitRate 1152000
	dwMaxBitRate 2304000
	dwMaxVideoFrameBufSize 76800
	dwDefaultFrameInterval 333333
	bFrameIntervalType 2
	FrameInterval[0] 333333
	FrameInterval[1] 666666
	*** Output Terminal Descriptor ***
	bLength 63
	bDescriptorType 0x24
	bDescriptorSubType 0x03
	bTerminalID 0
	wTerminalType 0x800E
	bAssocTerminal 7
	bSourceID 56
	iTerminal 4
	*** VS Color Format Descriptor ***
	bLength 6
	bDescriptorType 0x24
	bDescriptorSubType 0x0D
	bColorPrimaries 0x1
	bTransferCharacteristics 1
	bMatrixCoefficients 0x4
	*** Selector Unit Descriptor ***
	bLength 27
	bDescriptorType 0x24
	bDescriptorSubType 0x04
	bUnitID 2
	bNrInPins 12
	baSourceID1 89
	baSourceID2 85
	iSelector 89
	*** Processing Unit Descriptor ***
	bLength 34
	bDescriptorType 0x24
	bDescriptorSubType 0x05
	bUnitID 1
	bSourceID 0
	wMaxMultiplier 320
	bControlSize 240
	bmControls 0x0 0x0 0x70
	iProcessing 23
	bmVideoStandards 0x0
	*** Processing Unit Descriptor ***
	bLength 34
	bDescriptorType 0x24
	bDescriptorSubType 0x05
	bUnitID 2
	bSourceID 0
	wMaxMultiplier 640
	bControlSize 104
	bmControls 0x1 0x0 0x50
	iProcessing 70
	bmVideoStandards 0x0
	*** Processing Unit Descriptor ***
	bLength 30
	bDescriptorType 0x24
	bDescriptorSubType 0x05
	bUnitID 3
	bSourceID 0
	wMaxMultiplier 640
	bControlSize 224
	bmControls 0x1 0x0 0xC0
	iProcessing 93
	bmVideoStandards 0x0
	*** Processing Unit Descriptor ***
	bLength 30
	bDescriptorType 0x24
	bDescriptorSubType 0x05
	bUnitID 4
	bSourceID 0
	wMaxMultiplier 800
	bControlSize 88
	bmControls 0x2 0x0 0x7C
	iProcessing 146
	bmVideoStandards 0x0
	*** Processing Unit Descriptor ***
	bLength 30
	bDescriptorType 0x24
	bDescriptorSubType 0x05
	bUnitID 5
	bSourceID 0
	wMaxMultiplier 1024
	bControlSize 208
	bmControls 0x2 0x0 0x0
	iProcessing 225
	bmVideoStandards 0x0
	*** Processing Unit Descriptor ***
	bLength 30
	bDescriptorType 0x24
	bDescriptorSubType 0x05
	bUnitID 6
	bSourceID 0
	wMaxMultiplier 1280
	bControlSize 172
	bmControls 0x3 0x0 0x30
	iProcessing 111
	bmVideoStandards 0x1
	*** Processing Unit Descriptor ***
	bLength 30
	bDescriptorType 0x24
	bDescriptorSubType 0x05
	bUnitID 7
	bSourceID 0
	wMaxMultiplier 1280
	bControlSize 0
	bmControls 0x4 0x0 0x0
	iProcessing 144
	bmVideoStandards 0x1
	*** Processing Unit Descriptor ***
	bLength 30
	bDescriptorType 0x24
	bDescriptorSubType 0x05
	bUnitID 8
	bSourceID 0
	wMaxMultiplier 1600
	bControlSize 176
	bmControls 0x4 0x0 0xF8
	iProcessing 36
	bmVideoStandards 0x1
	*** Processing Unit Descriptor ***
	bLength 30
	bDescriptorType 0x24
	bDescriptorSubType 0x05
	bUnitID 9
	bSourceID 0
	wMaxMultiplier 1920
	bControlSize 56
	bmControls 0x4 0x0 0x68
	iProcessing 60
	bmVideoStandards 0x1
	*** Processing Unit Descriptor ***
	bLength 30
	bDescriptorType 0x24
	bDescriptorSubType 0x05
	bUnitID 10
	bSourceID 0
	wMaxMultiplier 2048
	bControlSize 0
	bmControls 0x6 0x0 0x0
	iProcessing 224
	bmVideoStandards 0x1
	*** Processing Unit Descriptor ***
	bLength 30
	bDescriptorType 0x24
	bDescriptorSubType 0x05
	bUnitID 11
	bSourceID 0
	wMaxMultiplier 2560
	bControlSize 160
	bmControls 0x5 0x0 0x80
	iProcessing 50
	bmVideoStandards 0x2
	*** Processing Unit Descriptor ***
	bLength 30
	bDescriptorType 0x24
	bDescriptorSubType 0x05
	bUnitID 12
	bSourceID 0
	wMaxMultiplier 2592
	bControlSize 152
	bmControls 0x7 0x0 0xDE
	iProcessing 0
	bmVideoStandards 0x3
	*** VS Color Format Descriptor ***
	bLength 6
	bDescriptorType 0x24
	bDescriptorSubType 0x0D
	bColorPrimaries 0x1
	bTransferCharacteristics 1
	bMatrixCoefficients 0x4
	*** Interface descriptor ***
	bLength 9
	bDescriptorType 4
	bInterfaceNumber 1
	bAlternateSetting 1
	bNumEndpoints 1
	bInterfaceClass 0xe
	bInterfaceSubClass 0x2
	bInterfaceProtocol 0x0
	iInterface 0
		*** Endpoint descriptor ***
		bLength 7
		bDescriptorType 5
		bEndpointAddress 0x82	EP 2 IN
		bmAttributes 0x5	ISOC
		wMaxPacketSize 192
		bInterval 1
	*** Interface descriptor ***
	bLength 9
	bDescriptorType 4
	bInterfaceNumber 1
	bAlternateSetting 2
	bNumEndpoints 1
	bInterfaceClass 0xe
	bInterfaceSubClass 0x2
	bInterfaceProtocol 0x0
	iInterface 0
		*** Endpoint descriptor ***
		bLength 7
		bDescriptorType 5
		bEndpointAddress 0x82	EP 2 IN
		bmAttributes 0x5	ISOC
		wMaxPacketSize 384
		bInterval 1
	*** Interface descriptor ***
	bLength 9
	bDescriptorType 4
	bInterfaceNumber 1
	bAlternateSetting 3
	bNumEndpoints 1
	bInterfaceClass 0xe
	bInterfaceSubClass 0x2
	bInterfaceProtocol 0x0
	iInterface 0
		*** Endpoint descriptor ***
		bLength 7
		bDescriptorType 5
		bEndpointAddress 0x82	EP 2 IN
		bmAttributes 0x5	ISOC
		wMaxPacketSize 512
		bInterval 1
	*** Interface descriptor ***
	bLength 9
	bDescriptorType 4
	bInterfaceNumber 1
	bAlternateSetting 4
	bNumEndpoints 1
	bInterfaceClass 0xe
	bInterfaceSubClass 0x2
	bInterfaceProtocol 0x0
	iInterface 0
		*** Endpoint descriptor ***
		bLength 7
		bDescriptorType 5
		bEndpointAddress 0x82	EP 2 IN
		bmAttributes 0x5	ISOC
		wMaxPacketSize 640
		bInterval 1
	*** Interface descriptor ***
	bLength 9
	bDescriptorType 4
	bInterfaceNumber 1
	bAlternateSetting 5
	bNumEndpoints 1
	bInterfaceClass 0xe
	bInterfaceSubClass 0x2
	bInterfaceProtocol 0x0
	iInterface 0
		*** Endpoint descriptor ***
		bLength 7
		bDescriptorType 5
		bEndpointAddress 0x82	EP 2 IN
		bmAttributes 0x5	ISOC
		wMaxPacketSize 800
		bInterval 1
	*** Interface descriptor ***
	bLength 9
	bDescriptorType 4
	bInterfaceNumber 1
	bAlternateSetting 6
	bNumEndpoints 1
	bInterfaceClass 0xe
	bInterfaceSubClass 0x2
	bInterfaceProtocol 0x0
	iInterface 0
		*** Endpoint descriptor ***
		bLength 7
		bDescriptorType 5
		bEndpointAddress 0x82	EP 2 IN
		bmAttributes 0x5	ISOC
		wMaxPacketSize 944
		bInterval 1
	*** Interface descriptor ***
	bLength 9
	bDescriptorType 4
	bInterfaceNumber 1
	bAlternateSetting 7
	bNumEndpoints 1
	bInterfaceClass 0xe
	bInterfaceSubClass 0x2
	bInterfaceProtocol 0x0
	iInterface 0
		*** Endpoint descriptor ***
		bLength 7
		bDescriptorType 5
		bEndpointAddress 0x82	EP 2 IN
		bmAttributes 0x5	ISOC
		wMaxPacketSize 640
		wMaxPacketSize (with additional transactions in microframe) 1280
		bInterval 1
	*** Interface descriptor ***
	bLength 9
	bDescriptorType 4
	bInterfaceNumber 1
	bAlternateSetting 8
	bNumEndpoints 1
	bInterfaceClass 0xe
	bInterfaceSubClass 0x2
	bInterfaceProtocol 0x0
	iInterface 0
		*** Endpoint descriptor ***
		bLength 7
		bDescriptorType 5
		bEndpointAddress 0x82	EP 2 IN
		bmAttributes 0x5	ISOC
		wMaxPacketSize 800
		wMaxPacketSize (with additional transactions in microframe) 1600
		bInterval 1
	*** Interface descriptor ***
	bLength 9
	bDescriptorType 4
	bInterfaceNumber 1
	bAlternateSetting 9
	bNumEndpoints 1
	bInterfaceClass 0xe
	bInterfaceSubClass 0x2
	bInterfaceProtocol 0x0
	iInterface 0
		*** Endpoint descriptor ***
		bLength 7
		bDescriptorType 5
		bEndpointAddress 0x82	EP 2 IN
		bmAttributes 0x5	ISOC
		wMaxPacketSize 992
		wMaxPacketSize (with additional transactions in microframe) 1984
		bInterval 1
	*** Interface descriptor ***
	bLength 9
	bDescriptorType 4
	bInterfaceNumber 1
	bAlternateSetting 10
	bNumEndpoints 1
	bInterfaceClass 0xe
	bInterfaceSubClass 0x2
	bInterfaceProtocol 0x0
	iInterface 0
		*** Endpoint descriptor ***
		bLength 7
		bDescriptorType 5
		bEndpointAddress 0x82	EP 2 IN
		bmAttributes 0x5	ISOC
		wMaxPacketSize 896
		wMaxPacketSize (with additional transactions in microframe) 2688
		bInterval 1
	*** Interface descriptor ***
	bLength 9
	bDescriptorType 4
	bInterfaceNumber 1
	bAlternateSetting 11
	bNumEndpoints 1
	bInterfaceClass 0xe
	bInterfaceSubClass 0x2
	bInterfaceProtocol 0x0
	iInterface 0
		*** Endpoint descriptor ***
		bLength 7
		bDescriptorType 5
		bEndpointAddress 0x82	EP 2 IN
		bmAttributes 0x5	ISOC
		wMaxPacketSize 1024
		wMaxPacketSize (with additional transactions in microframe) 3072
		bInterval 1
*** Interface Association Descriptor ***
bLength 8
bDescriptorType 11
bFirstInterface 2
bInterfaceCount 2
bFunctionClass 0x1
bFunctionSubClass 0x0
bFunctionProtocol 0x0
iFunction 5
	*** Interface descriptor ***
	bLength 9
	bDescriptorType 4
	bInterfaceNumber 2
	bAlternateSetting 0
	bNumEndpoints 0
	bInterfaceClass 0x1
	bInterfaceSubClass 0x1
	bInterfaceProtocol 0x0
	iInterface 0
	*** Class-specific VC Interface Descriptor ***
	bLength 9
	bDescriptorType 0x24
	bDescriptorSubType 0x01
	bcdUVC 0100
	wTotalLength 39
	dwClockFrequency 604766977
	bInCollection 2
	baInterfaceNr[0] 1
	baInterfaceNr[1] 1
	*** Input Terminal Descriptor (Camera) ***
	bLength 12
	bDescriptorType 0x24
	bDescriptorSubType 0x02
	bTerminalID 0x1
	wTerminalType 0x201
	bAssocTerminal 0
	iTerminal 1
	wObjectiveFocalLengthMin 3
	wObjectiveFocalLengthMax 0
	wOcularFocalLength 9225
	bControlSize 6
	bmControls 0x2 0x1 0x2
	*** Extension Unit Descriptor unsupported, skipping... ***
	*** Output Terminal Descriptor ***
	bLength 9
	bDescriptorType 0x24
	bDescriptorSubType 0x03
	bTerminalID 3
	wTerminalType 0x101
	bAssocTerminal 0
	bSourceID 2
	iTerminal 0
	*** Interface descriptor ***
	bLength 9
	bDescriptorType 4
	bInterfaceNumber 3
	bAlternateSetting 0
	bNumEndpoints 0
	bInterfaceClass 0x1
	bInterfaceSubClass 0x2
	bInterfaceProtocol 0x0
	iInterface 0
	*** Interface descriptor ***
	bLength 9
	bDescriptorType 4
	bInterfaceNumber 3
	bAlternateSetting 1
	bNumEndpoints 1
	bInterfaceClass 0x1
	bInterfaceSubClass 0x2
	bInterfaceProtocol 0x0
	iInterface 0
	*** Class-specific VC Interface Descriptor ***
	bLength 7
	bDescriptorType 0x24
	bDescriptorSubType 0x01
	bcdUVC 0003
	wTotalLength 1
	dwClockFrequency 16917515
	bInCollection 2
	baInterfaceNr[0] 2
	baInterfaceNr[1] 16
	*** Input Terminal Descriptor (Media) ***
	bLength 11
	bDescriptorType 0x24
	bDescriptorSubType 0x02
	bTerminalID 0x1
	wTerminalType 0x202
	bAssocTerminal 16
	iTerminal 1
	bControlSize 128
	bmControls 0xBB
	bTransportModeSize 0
	bmTransportModes 0x9 0x5 0x83 0x1 0xC0
		*** Endpoint descriptor ***
		bLength 9
		bDescriptorType 5
		bEndpointAddress 0x83	EP 3 IN
		bmAttributes 0x1	ISOC
		wMaxPacketSize 192
		bInterval 4
		*** Class-specific Interrupt Endpoint Descriptor ***
		bLength 7
		bDescriptorType 0x25
		bDescriptorSubType 1
		wMaxTransferSize 1
	*** Interface descriptor ***
	bLength 9
	bDescriptorType 4
	bInterfaceNumber 4
	bAlternateSetting 0
	bNumEndpoints 2
	bInterfaceClass 0x3
	bInterfaceSubClass 0x0
	bInterfaceProtocol 0x0
	iInterface 0
 *** Unknown Descriptor Length: 9 Type: 33 ***
		*** Endpoint descriptor ***
		bLength 7
		bDescriptorType 5
		bEndpointAddress 0x84	EP 4 IN
		bmAttributes 0x3	INT
		wMaxPacketSize 64
		bInterval 4
		*** Endpoint descriptor ***
		bLength 7
		bDescriptorType 5
		bEndpointAddress 0x1	EP 1 OUT
		bmAttributes 0x3	INT
		wMaxPacketSize 64
		bInterval 4
D (1541899) uvc: ctrl xfer cb
D (1541901) uvc: ctrl xfer cb
D (1541905) uvc: ctrl xfer cb
PV-UVC-FMT requested=800x600 applied=800x600 fourcc=MJPEG fps_x1000=30000
D (1541914) uvc: ctrl xfer cb
D (1541916) uvc: ctrl xfer cb
D (1541918) uvc: ctrl xfer cb
D (1541922) uvc: ctrl xfer cb
D (1541925) uvc: ctrl xfer cb
D (1541927) uvc: ctrl xfer cb
D (1541929) uvc: ctrl xfer cb
D (1541931) uvc: ctrl xfer cb
D (1541945) uvc: ctrl xfer cb
PV-UVC-STATS t=1s cb=0 bytes=0 vazios=0 overflow=0 underflow=0 xfer_err=0
PV-UVC-STATS t=2s cb=0 bytes=0 vazios=0 overflow=0 underflow=0 xfer_err=0
PV-UVC-STATS t=3s cb=0 bytes=0 vazios=0 overflow=0 underflow=0 xfer_err=0
PV-UVC-STATS t=4s cb=0 bytes=0 vazios=0 overflow=0 underflow=0 xfer_err=0
PV-UVC-WARMUP requested=800x600 descartados=0
PV-UVC-STATS t=5s cb=0 bytes=0 vazios=0 overflow=0 underflow=0 xfer_err=0
PV-UVC-STATS t=6s cb=0 bytes=0 vazios=0 overflow=0 underflow=0 xfer_err=0
PV-UVC-STATS t=7s cb=0 bytes=0 vazios=0 overflow=0 underflow=0 xfer_err=0
PV-UVC-STATS t=8s cb=0 bytes=0 vazios=0 overflow=0 underflow=0 xfer_err=0
PV-UVC-STATS t=9s cb=0 bytes=0 vazios=0 overflow=0 underflow=0 xfer_err=0
PV-UVC-STATS t=10s cb=0 bytes=0 vazios=0 overflow=0 underflow=0 xfer_err=0
PV-UVC-STATS t=11s cb=0 bytes=0 vazios=0 overflow=0 underflow=0 xfer_err=0
PV-UVC-STATS t=12s cb=0 bytes=0 vazios=0 overflow=0 underflow=0 xfer_err=0
PV-UVC-STATS t=13s cb=0 bytes=0 vazios=0 overflow=0 underflow=0 xfer_err=0
PV-UVC-STATS t=14s cb=0 bytes=0 vazios=0 overflow=0 underflow=0 xfer_err=0
PV-UVC-STATS t=15s cb=0 bytes=0 vazios=0 overflow=0 underflow=0 xfer_err=0
PV-UVC-STATS t=16s cb=0 bytes=0 vazios=0 overflow=0 underflow=0 xfer_err=0
PV-UVC-STATS t=17s cb=0 bytes=0 vazios=0 overflow=0 underflow=0 xfer_err=0
PV-UVC-STATS t=18s cb=0 bytes=0 vazios=0 overflow=0 underflow=0 xfer_err=0
PV-UVC-STATS t=19s cb=0 bytes=0 vazios=0 overflow=0 underflow=0 xfer_err=0
D (1577045) uvc: ctrl xfer cb
PV-UVC-STATS t=20s cb=0 bytes=0 vazios=0 overflow=0 underflow=0 xfer_err=0
PV-UVC-RUNG requested=800x600 applied=800x600 fourcc=JPEG bytesused=0 result=FAIL reason=sem-frame
PV-UVC-MEM etapa=pos-degrau psram_livre=8690596 psram_maior_bloco=8388608 interna_livre=394455
D (1577061) uvc: ctrl xfer cb
D (1577063) uvc: ctrl xfer cb
D (1577068) uvc: ctrl xfer cb
PV-UVC-FMT requested=1920x1080 applied=1920x1080 fourcc=MJPEG fps_x1000=30000
D (1577076) uvc: ctrl xfer cb
D (1577078) uvc: ctrl xfer cb
D (1577082) uvc: ctrl xfer cb
D (1577085) uvc: ctrl xfer cb
D (1577087) uvc: ctrl xfer cb
D (1577089) uvc: ctrl xfer cb
D (1577092) uvc: ctrl xfer cb
D (1577094) uvc: ctrl xfer cb
D (1577106) uvc: ctrl xfer cb
PV-UVC-STATS t=1s cb=0 bytes=0 vazios=0 overflow=0 underflow=0 xfer_err=0
PV-UVC-STATS t=2s cb=0 bytes=0 vazios=0 overflow=0 underflow=0 xfer_err=0
PV-UVC-STATS t=3s cb=0 bytes=0 vazios=0 overflow=0 underflow=0 xfer_err=0
PV-UVC-STATS t=4s cb=0 bytes=0 vazios=0 overflow=0 underflow=0 xfer_err=0
PV-UVC-WARMUP requested=1920x1080 descartados=0
PV-UVC-STATS t=5s cb=0 bytes=0 vazios=0 overflow=0 underflow=0 xfer_err=0
PV-UVC-STATS t=6s cb=0 bytes=0 vazios=0 overflow=0 underflow=0 xfer_err=0
PV-UVC-STATS t=7s cb=0 bytes=0 vazios=0 overflow=0 underflow=0 xfer_err=0
PV-UVC-STATS t=8s cb=0 bytes=0 vazios=0 overflow=0 underflow=0 xfer_err=0
PV-UVC-STATS t=9s cb=0 bytes=0 vazios=0 overflow=0 underflow=0 xfer_err=0
PV-UVC-STATS t=10s cb=0 bytes=0 vazios=0 overflow=0 underflow=0 xfer_err=0
PV-UVC-STATS t=11s cb=0 bytes=0 vazios=0 overflow=0 underflow=0 xfer_err=0
PV-UVC-STATS t=12s cb=0 bytes=0 vazios=0 overflow=0 underflow=0 xfer_err=0
PV-UVC-STATS t=13s cb=0 bytes=0 vazios=0 overflow=0 underflow=0 xfer_err=0
PV-UVC-STATS t=14s cb=0 bytes=0 vazios=0 overflow=0 underflow=0 xfer_err=0
PV-UVC-STATS t=15s cb=0 bytes=0 vazios=0 overflow=0 underflow=0 xfer_err=0
PV-UVC-STATS t=16s cb=0 bytes=0 vazios=0 overflow=0 underflow=0 xfer_err=0
PV-UVC-STATS t=17s cb=0 bytes=0 vazios=0 overflow=0 underflow=0 xfer_err=0
PV-UVC-STATS t=18s cb=0 bytes=0 vazios=0 overflow=0 underflow=0 xfer_err=0
PV-UVC-STATS t=19s cb=0 bytes=0 vazios=0 overflow=0 underflow=0 xfer_err=0
PV-UVC-STATS t=20s cb=0 bytes=0 vazios=0 overflow=0 underflow=0 xfer_err=0
D (1612206) uvc: ctrl xfer cb
PV-UVC-STATS t=21s cb=0 bytes=0 vazios=0 overflow=0 underflow=0 xfer_err=0
PV-UVC-RUNG requested=1920x1080 applied=1920x1080 fourcc=JPEG bytesused=0 result=FAIL reason=sem-frame
PV-UVC-MEM etapa=pos-degrau psram_livre=8690596 psram_maior_bloco=8388608 interna_livre=394455
D (1612222) uvc: ctrl xfer cb
D (1612226) uvc: ctrl xfer cb
D (1612229) uvc: ctrl xfer cb
PV-UVC-FMT requested=2592x1944 applied=2592x1944 fourcc=MJPEG fps_x1000=30000
D (1612237) uvc: ctrl xfer cb
D (1612241) uvc: ctrl xfer cb
D (1612243) uvc: ctrl xfer cb
D (1612246) uvc: ctrl xfer cb
D (1612248) uvc: ctrl xfer cb
D (1612250) uvc: ctrl xfer cb
D (1612253) uvc: ctrl xfer cb
D (1612257) uvc: ctrl xfer cb
D (1612269) uvc: ctrl xfer cb
PV-UVC-STATS t=1s cb=0 bytes=0 vazios=0 overflow=0 underflow=0 xfer_err=0
PV-UVC-STATS t=2s cb=0 bytes=0 vazios=0 overflow=0 underflow=0 xfer_err=0
PV-UVC-STATS t=3s cb=0 bytes=0 vazios=0 overflow=0 underflow=0 xfer_err=0
PV-UVC-STATS t=4s cb=0 bytes=0 vazios=0 overflow=0 underflow=0 xfer_err=0
PV-UVC-WARMUP requested=2592x1944 descartados=0
PV-UVC-STATS t=5s cb=0 bytes=0 vazios=0 overflow=0 underflow=0 xfer_err=0
PV-UVC-STATS t=6s cb=0 bytes=0 vazios=0 overflow=0 underflow=0 xfer_err=0
PV-UVC-STATS t=7s cb=0 bytes=0 vazios=0 overflow=0 underflow=0 xfer_err=0
PV-UVC-STATS t=8s cb=0 bytes=0 vazios=0 overflow=0 underflow=0 xfer_err=0
PV-UVC-STATS t=9s cb=0 bytes=0 vazios=0 overflow=0 underflow=0 xfer_err=0
PV-UVC-STATS t=10s cb=0 bytes=0 vazios=0 overflow=0 underflow=0 xfer_err=0
PV-UVC-STATS t=11s cb=0 bytes=0 vazios=0 overflow=0 underflow=0 xfer_err=0
PV-UVC-STATS t=12s cb=0 bytes=0 vazios=0 overflow=0 underflow=0 xfer_err=0
PV-UVC-STATS t=13s cb=0 bytes=0 vazios=0 overflow=0 underflow=0 xfer_err=0
PV-UVC-STATS t=14s cb=0 bytes=0 vazios=0 overflow=0 underflow=0 xfer_err=0
PV-UVC-STATS t=15s cb=0 bytes=0 vazios=0 overflow=0 underflow=0 xfer_err=0
PV-UVC-STATS t=16s cb=0 bytes=0 vazios=0 overflow=0 underflow=0 xfer_err=0
PV-UVC-STATS t=17s cb=0 bytes=0 vazios=0 overflow=0 underflow=0 xfer_err=0
PV-UVC-STATS t=18s cb=0 bytes=0 vazios=0 overflow=0 underflow=0 xfer_err=0
PV-UVC-STATS t=19s cb=0 bytes=0 vazios=0 overflow=0 underflow=0 xfer_err=0
PV-UVC-STATS t=20s cb=0 bytes=0 vazios=0 overflow=0 underflow=0 xfer_err=0
D (1647369) uvc: ctrl xfer cb
PV-UVC-STATS t=21s cb=0 bytes=0 vazios=0 overflow=0 underflow=0 xfer_err=0
PV-UVC-RUNG requested=2592x1944 applied=2592x1944 fourcc=JPEG bytesused=0 result=FAIL reason=sem-frame
PV-UVC-MEM etapa=pos-degrau psram_livre=8690596 psram_maior_bloco=8388608 interna_livre=394455
D (1647385) uvc: ctrl xfer cb
D (1647389) uvc: ctrl xfer cb
D (1647392) uvc: ctrl xfer cb
PV-UVC-FMT requested=3264x2448 applied=3264x2448 fourcc=MJPEG fps_x1000=30000
D (1647402) uvc: ctrl xfer cb
D (1647404) uvc: ctrl xfer cb
D (1647406) uvc: ctrl xfer cb
D (1647409) uvc: ctrl xfer cb
D (1647411) uvc: ctrl xfer cb
D (1647413) uvc: ctrl xfer cb
D (1647418) uvc: ctrl xfer cb
D (1647420) uvc: ctrl xfer cb
D (1647432) uvc: ctrl xfer cb
PV-UVC-STATS t=1s cb=0 bytes=0 vazios=0 overflow=0 underflow=0 xfer_err=0
PV-UVC-STATS t=2s cb=0 bytes=0 vazios=0 overflow=0 underflow=0 xfer_err=0
PV-UVC-STATS t=3s cb=0 bytes=0 vazios=0 overflow=0 underflow=0 xfer_err=0
PV-UVC-STATS t=4s cb=0 bytes=0 vazios=0 overflow=0 underflow=0 xfer_err=0
PV-UVC-WARMUP requested=3264x2448 descartados=0
PV-UVC-STATS t=5s cb=0 bytes=0 vazios=0 overflow=0 underflow=0 xfer_err=0
PV-UVC-STATS t=6s cb=0 bytes=0 vazios=0 overflow=0 underflow=0 xfer_err=0
PV-UVC-STATS t=7s cb=0 bytes=0 vazios=0 overflow=0 underflow=0 xfer_err=0
PV-UVC-STATS t=8s cb=0 bytes=0 vazios=0 overflow=0 underflow=0 xfer_err=0
PV-UVC-STATS t=9s cb=0 bytes=0 vazios=0 overflow=0 underflow=0 xfer_err=0
PV-UVC-STATS t=10s cb=0 bytes=0 vazios=0 overflow=0 underflow=0 xfer_err=0
PV-UVC-STATS t=11s cb=0 bytes=0 vazios=0 overflow=0 underflow=0 xfer_err=0
PV-UVC-STATS t=12s cb=0 bytes=0 vazios=0 overflow=0 underflow=0 xfer_err=0
PV-UVC-STATS t=13s cb=0 bytes=0 vazios=0 overflow=0 underflow=0 xfer_err=0
PV-UVC-STATS t=14s cb=0 bytes=0 vazios=0 overflow=0 underflow=0 xfer_err=0
PV-UVC-STATS t=15s cb=0 bytes=0 vazios=0 overflow=0 underflow=0 xfer_err=0
PV-UVC-STATS t=16s cb=0 bytes=0 vazios=0 overflow=0 underflow=0 xfer_err=0
PV-UVC-STATS t=17s cb=0 bytes=0 vazios=0 overflow=0 underflow=0 xfer_err=0
PV-UVC-STATS t=18s cb=0 bytes=0 vazios=0 overflow=0 underflow=0 xfer_err=0
PV-UVC-STATS t=19s cb=0 bytes=0 vazios=0 overflow=0 underflow=0 xfer_err=0
PV-UVC-STATS t=20s cb=0 bytes=0 vazios=0 overflow=0 underflow=0 xfer_err=0
D (1682533) uvc: ctrl xfer cb
PV-UVC-STATS t=21s cb=0 bytes=0 vazios=0 overflow=0 underflow=0 xfer_err=0
PV-UVC-RUNG requested=3264x2448 applied=3264x2448 fourcc=JPEG bytesused=0 result=FAIL reason=sem-frame
PV-UVC-MEM etapa=pos-degrau psram_livre=8690596 psram_maior_bloco=8388608 interna_livre=394455
D (1682549) uvc: ctrl xfer cb
D (1682553) uvc: ctrl xfer cb
D (1682556) uvc: ctrl xfer cb
PV-UVC-FMT requested=4000x3000 applied=4000x3000 fourcc=MJPEG fps_x1000=15000
D (1682566) uvc: ctrl xfer cb
D (1682568) uvc: ctrl xfer cb
D (1682571) uvc: ctrl xfer cb
D (1682573) uvc: ctrl xfer cb
D (1682575) uvc: ctrl xfer cb
D (1682577) uvc: ctrl xfer cb
D (1682582) uvc: ctrl xfer cb
D (1682584) uvc: ctrl xfer cb
D (1682596) uvc: ctrl xfer cb
PV-UVC-STATS t=1s cb=0 bytes=0 vazios=0 overflow=0 underflow=0 xfer_err=0
PV-UVC-STATS t=2s cb=0 bytes=0 vazios=0 overflow=0 underflow=0 xfer_err=0
PV-UVC-STATS t=3s cb=0 bytes=0 vazios=0 overflow=0 underflow=0 xfer_err=0
PV-UVC-STATS t=4s cb=0 bytes=0 vazios=0 overflow=0 underflow=0 xfer_err=0
PV-UVC-WARMUP requested=4000x3000 descartados=0
PV-UVC-STATS t=5s cb=0 bytes=0 vazios=0 overflow=0 underflow=0 xfer_err=0
PV-UVC-STATS t=6s cb=0 bytes=0 vazios=0 overflow=0 underflow=0 xfer_err=0
PV-UVC-STATS t=7s cb=0 bytes=0 vazios=0 overflow=0 underflow=0 xfer_err=0
PV-UVC-STATS t=8s cb=0 bytes=0 vazios=0 overflow=0 underflow=0 xfer_err=0
PV-UVC-STATS t=9s cb=0 bytes=0 vazios=0 overflow=0 underflow=0 xfer_err=0
PV-UVC-STATS t=10s cb=0 bytes=0 vazios=0 overflow=0 underflow=0 xfer_err=0
PV-UVC-STATS t=11s cb=0 bytes=0 vazios=0 overflow=0 underflow=0 xfer_err=0
PV-UVC-STATS t=12s cb=0 bytes=0 vazios=0 overflow=0 underflow=0 xfer_err=0
PV-UVC-STATS t=13s cb=0 bytes=0 vazios=0 overflow=0 underflow=0 xfer_err=0
PV-UVC-STATS t=14s cb=0 bytes=0 vazios=0 overflow=0 underflow=0 xfer_err=0
PV-UVC-STATS t=15s cb=0 bytes=0 vazios=0 overflow=0 underflow=0 xfer_err=0
PV-UVC-STATS t=16s cb=0 bytes=0 vazios=0 overflow=0 underflow=0 xfer_err=0
PV-UVC-STATS t=17s cb=0 bytes=0 vazios=0 overflow=0 underflow=0 xfer_err=0
PV-UVC-STATS t=18s cb=0 bytes=0 vazios=0 overflow=0 underflow=0 xfer_err=0
PV-UVC-STATS t=19s cb=0 bytes=0 vazios=0 overflow=0 underflow=0 xfer_err=0
PV-UVC-STATS t=20s cb=0 bytes=0 vazios=0 overflow=0 underflow=0 xfer_err=0
D (1717697) uvc: ctrl xfer cb
PV-UVC-STATS t=21s cb=0 bytes=0 vazios=0 overflow=0 underflow=0 xfer_err=0
PV-UVC-RUNG requested=4000x3000 applied=4000x3000 fourcc=JPEG bytesused=0 result=FAIL reason=sem-frame
PV-UVC-MEM etapa=pos-degrau psram_livre=8690596 psram_maior_bloco=8388608 interna_livre=394455
PV-UVC-SUMARIO inicio
PV-UVC-SUMARIO degrau=1 requested=800x600 applied=800x600 fourcc=JPEG bytesused=0 result=FAIL reason=sem-frame obrigatorio=sim
PV-UVC-SUMARIO degrau=2 requested=1920x1080 applied=1920x1080 fourcc=JPEG bytesused=0 result=FAIL reason=sem-frame obrigatorio=sim
PV-UVC-SUMARIO degrau=3 requested=2592x1944 applied=2592x1944 fourcc=JPEG bytesused=0 result=FAIL reason=sem-frame obrigatorio=sim
PV-UVC-SUMARIO degrau=4 requested=3264x2448 applied=3264x2448 fourcc=JPEG bytesused=0 result=FAIL reason=sem-frame obrigatorio=sim
PV-UVC-SUMARIO degrau=5 requested=4000x3000 applied=4000x3000 fourcc=JPEG bytesused=0 result=FAIL reason=sem-frame obrigatorio=nao
PV-UVC-SUMARIO fim pass=0 fail=5 total=5 fail_obrigatorios=4
PV-UVC-CICLO 9 fim — REPLUG a camera para disparar nova escada (retry 15 s)

PV-UVC-CICLO 10 inicio
PV-UVC-ENUM device dev_addr=1 stream_index=0 frames_anunciados=26
PV-UVC-ENUM frame index=0 format=MJPEG 1920x1080 default_interval=333333 tipos=3
PV-UVC-ENUM interval index=0 k=0 valor=333333 fps_x1000=30000
PV-UVC-ENUM interval index=0 k=1 valor=666666 fps_x1000=15000
PV-UVC-ENUM interval index=0 k=2 valor=1000000 fps_x1000=10000
PV-UVC-ENUM frame index=1 format=MJPEG 640x320 default_interval=333333 tipos=3
PV-UVC-ENUM interval index=1 k=0 valor=333333 fps_x1000=30000
PV-UVC-ENUM interval index=1 k=1 valor=666666 fps_x1000=15000
PV-UVC-ENUM interval index=1 k=2 valor=1000000 fps_x1000=10000
PV-UVC-ENUM frame index=2 format=MJPEG 640x480 default_interval=333333 tipos=3
PV-UVC-ENUM interval index=2 k=0 valor=333333 fps_x1000=30000
PV-UVC-ENUM interval index=2 k=1 valor=666666 fps_x1000=15000
PV-UVC-ENUM interval index=2 k=2 valor=1000000 fps_x1000=10000
PV-UVC-ENUM frame index=3 format=MJPEG 800x600 default_interval=333333 tipos=3
PV-UVC-ENUM interval index=3 k=0 valor=333333 fps_x1000=30000
PV-UVC-ENUM interval index=3 k=1 valor=666666 fps_x1000=15000
PV-UVC-ENUM interval index=3 k=2 valor=1000000 fps_x1000=10000
PV-UVC-ENUM frame index=4 format=MJPEG 1024x768 default_interval=333333 tipos=3
PV-UVC-ENUM interval index=4 k=0 valor=333333 fps_x1000=30000
PV-UVC-ENUM interval index=4 k=1 valor=666666 fps_x1000=15000
PV-UVC-ENUM interval index=4 k=2 valor=1000000 fps_x1000=10000
PV-UVC-ENUM frame index=5 format=MJPEG 1280x720 default_interval=333333 tipos=3
PV-UVC-ENUM interval index=5 k=0 valor=333333 fps_x1000=30000
PV-UVC-ENUM interval index=5 k=1 valor=666666 fps_x1000=15000
PV-UVC-ENUM interval index=5 k=2 valor=1000000 fps_x1000=10000
PV-UVC-ENUM frame index=6 format=MJPEG 1280x960 default_interval=333333 tipos=3
PV-UVC-ENUM interval index=6 k=0 valor=333333 fps_x1000=30000
PV-UVC-ENUM interval index=6 k=1 valor=666666 fps_x1000=15000
PV-UVC-ENUM interval index=6 k=2 valor=1000000 fps_x1000=10000
PV-UVC-ENUM frame index=7 format=MJPEG 1600x1200 default_interval=333333 tipos=3
PV-UVC-ENUM interval index=7 k=0 valor=333333 fps_x1000=30000
PV-UVC-ENUM interval index=7 k=1 valor=666666 fps_x1000=15000
PV-UVC-ENUM interval index=7 k=2 valor=1000000 fps_x1000=10000
PV-UVC-ENUM frame index=8 format=MJPEG 2048x1536 default_interval=333333 tipos=3
PV-UVC-ENUM interval index=8 k=0 valor=333333 fps_x1000=30000
PV-UVC-ENUM interval index=8 k=1 valor=666666 fps_x1000=15000
PV-UVC-ENUM interval index=8 k=2 valor=1000000 fps_x1000=10000
PV-UVC-ENUM frame index=9 format=MJPEG 2592x1944 default_interval=333333 tipos=3
PV-UVC-ENUM interval index=9 k=0 valor=333333 fps_x1000=30000
PV-UVC-ENUM interval index=9 k=1 valor=666666 fps_x1000=15000
PV-UVC-ENUM interval index=9 k=2 valor=1000000 fps_x1000=10000
PV-UVC-ENUM frame index=10 format=MJPEG 3264x2448 default_interval=333333 tipos=3
PV-UVC-ENUM interval index=10 k=0 valor=333333 fps_x1000=30000
PV-UVC-ENUM interval index=10 k=1 valor=666666 fps_x1000=15000
PV-UVC-ENUM interval index=10 k=2 valor=1000000 fps_x1000=10000
PV-UVC-ENUM frame index=11 format=MJPEG 3840x2160 default_interval=333333 tipos=3
PV-UVC-ENUM interval index=11 k=0 valor=333333 fps_x1000=30000
PV-UVC-ENUM interval index=11 k=1 valor=666666 fps_x1000=15000
PV-UVC-ENUM interval index=11 k=2 valor=1000000 fps_x1000=10000
PV-UVC-ENUM frame index=12 format=MJPEG 4000x3000 default_interval=666666 tipos=2
PV-UVC-ENUM interval index=12 k=0 valor=666666 fps_x1000=15000
PV-UVC-ENUM interval index=12 k=1 valor=1000000 fps_x1000=10000
PV-UVC-ENUM frame index=13 format=MJPEG 320x240 default_interval=333333 tipos=2
PV-UVC-ENUM interval index=13 k=0 valor=333333 fps_x1000=30000
PV-UVC-ENUM interval index=13 k=1 valor=666666 fps_x1000=15000
PV-UVC-ENUM frame index=14 format=YUY2 320x240 default_interval=500000 tipos=2
PV-UVC-ENUM interval index=14 k=0 valor=500000 fps_x1000=20000
PV-UVC-ENUM interval index=14 k=1 valor=1000000 fps_x1000=10000
PV-UVC-ENUM frame index=15 format=YUY2 640x360 default_interval=500000 tipos=2
PV-UVC-ENUM interval index=15 k=0 valor=500000 fps_x1000=20000
PV-UVC-ENUM interval index=15 k=1 valor=1000000 fps_x1000=10000
PV-UVC-ENUM frame index=16 format=YUY2 640x480 default_interval=1000000 tipos=1
PV-UVC-ENUM interval index=16 k=0 valor=1000000 fps_x1000=10000
PV-UVC-ENUM frame index=17 format=YUY2 800x600 default_interval=1000000 tipos=1
PV-UVC-ENUM interval index=17 k=0 valor=1000000 fps_x1000=10000
PV-UVC-ENUM frame index=18 format=YUY2 1024x720 default_interval=1000000 tipos=1
PV-UVC-ENUM interval index=18 k=0 valor=1000000 fps_x1000=10000
PV-UVC-ENUM frame index=19 format=YUY2 1280x940 default_interval=1000000 tipos=1
PV-UVC-ENUM interval index=19 k=0 valor=1000000 fps_x1000=10000
PV-UVC-ENUM frame index=20 format=YUY2 1280x1024 default_interval=1000000 tipos=1
PV-UVC-ENUM interval index=20 k=0 valor=1000000 fps_x1000=10000
PV-UVC-ENUM frame index=21 format=YUY2 1600x1200 default_interval=2000000 tipos=1
PV-UVC-ENUM interval index=21 k=0 valor=2000000 fps_x1000=5000
PV-UVC-ENUM frame index=22 format=YUY2 1920x1080 default_interval=2000000 tipos=1
PV-UVC-ENUM interval index=22 k=0 valor=2000000 fps_x1000=5000
PV-UVC-ENUM frame index=23 format=YUY2 2048x1536 default_interval=2000000 tipos=1
PV-UVC-ENUM interval index=23 k=0 valor=2000000 fps_x1000=5000
PV-UVC-ENUM frame index=24 format=YUY2 2560x1440 default_interval=2000000 tipos=1
PV-UVC-ENUM interval index=24 k=0 valor=2000000 fps_x1000=5000
PV-UVC-ENUM frame index=25 format=YUY2 2592x1944 default_interval=2000000 tipos=1
PV-UVC-ENUM interval index=25 k=0 valor=2000000 fps_x1000=5000
PV-UVC-ENUM result=OK entradas=26 tamanhos_mjpeg=14
D (1733269) uvc: Checking list of opened USB devices
D (1733273) uvc: Checking list of connected USB devices
D (1733278) uvc: Claimed interface index 1 with MPS 1024
D (1733285) uvc: ctrl xfer cb
D (1733287) uvc: ctrl xfer cb
D (1733289) uvc: ctrl xfer cb
D (1733292) uvc: ctrl xfer cb
I (1733294) uvc: Allocating 8 USB transfers for ISOC. Each: 3072 bytes, 1 ISOC packets, 3072 MPS
PV-UVC-MEM etapa=pos-open psram_livre=8690596 psram_maior_bloco=8388608 interna_livre=394455
*** Device descriptor ***
bLength 18
bDescriptorType 1
bcdUSB 2.00
bDeviceClass 0xef
bDeviceSubClass 0x2
bDeviceProtocol 0x1
bMaxPacketSize0 64
idVendor 0xb024
idProduct 0x725
bcdDevice 1.00
iManufacturer 1
iProduct 2
iSerialNumber 3
bNumConfigurations 1
*** Configuration descriptor ***
bLength 9
bDescriptorType 2
wTotalLength 1463
bNumInterfaces 5
bConfigurationValue 1
iConfiguration 0
bmAttributes 0x80
bMaxPower 500mA
*** Interface Association Descriptor ***
bLength 8
bDescriptorType 11
bFirstInterface 0
bInterfaceCount 2
bFunctionClass 0xe
bFunctionSubClass 0x3
bFunctionProtocol 0x0
iFunction 4
	*** Interface descriptor ***
	bLength 9
	bDescriptorType 4
	bInterfaceNumber 0
	bAlternateSetting 0
	bNumEndpoints 1
	bInterfaceClass 0xe
	bInterfaceSubClass 0x1
	bInterfaceProtocol 0x0
	iInterface 0
	*** Class-specific VC Interface Descriptor ***
	bLength 13
	bDescriptorType 0x24
	bDescriptorSubType 0x01
	bcdUVC 0100
	wTotalLength 80
	dwClockFrequency 24000000
	bInCollection 1
	baInterfaceNr[0] 1
	*** Input Terminal Descriptor (Camera) ***
	bLength 18
	bDescriptorType 0x24
	bDescriptorSubType 0x02
	bTerminalID 0x1
	wTerminalType 0x201
	bAssocTerminal 0
	iTerminal 0
	wObjectiveFocalLengthMin 0
	wObjectiveFocalLengthMax 0
	wOcularFocalLength 0
	bControlSize 3
	bmControls 0x7A 0x2A 0x2
	*** Extension Unit Descriptor unsupported, skipping... ***
	*** Processing Unit Descriptor ***
	bLength 11
	bDescriptorType 0x24
	bDescriptorSubType 0x05
	bUnitID 3
	bSourceID 2
	wMaxMultiplier 16384
	bControlSize 2
	bmControls 0x7F 0x17 0x0
	iProcessing 9
	bmVideoStandards 0x24
	*** Output Terminal Descriptor ***
	bLength 9
	bDescriptorType 0x24
	bDescriptorSubType 0x03
	bTerminalID 4
	wTerminalType 0x101
	bAssocTerminal 0
	bSourceID 3
	iTerminal 0
		*** Endpoint descriptor ***
		bLength 7
		bDescriptorType 5
		bEndpointAddress 0x81	EP 1 IN
		bmAttributes 0x3	INT
		wMaxPacketSize 16
		bInterval 8
		*** Class-specific Interrupt Endpoint Descriptor ***
		bLength 5
		bDescriptorType 0x25
		bDescriptorSubType 3
		wMaxTransferSize 16
	*** Interface descriptor ***
	bLength 9
	bDescriptorType 4
	bInterfaceNumber 1
	bAlternateSetting 0
	bNumEndpoints 0
	bInterfaceClass 0xe
	bInterfaceSubClass 0x2
	bInterfaceProtocol 0x0
	iInterface 0
	*** Class-specific VC Interface Descriptor ***
	bLength 15
	bDescriptorType 0x24
	bDescriptorSubType 0x01
	bcdUVC fc02
	wTotalLength 33283
	dwClockFrequency 16909312
	bInCollection 1
	baInterfaceNr[0] 1
	*** Extension Unit Descriptor unsupported, skipping... ***
	*** VS Frame Descriptor ***
	bLength 38
	bDescriptorType 0x24
	bDescriptorSubType 0x07
	bFrameIndex 1
	bmCapabilities 0x0
	wWidth 1920
	wHeight 1080
	dwMinBitRate 20736000
	dwMaxBitRate 62208000
	dwMaxVideoFrameBufSize 2073600
	dwDefaultFrameInterval 333333
	bFrameIntervalType 3
	FrameInterval[0] 333333
	FrameInterval[1] 666666
	FrameInterval[2] 1000000
	*** VS Frame Descriptor ***
	bLength 38
	bDescriptorType 0x24
	bDescriptorSubType 0x07
	bFrameIndex 2
	bmCapabilities 0x0
	wWidth 640
	wHeight 320
	dwMinBitRate 2048000
	dwMaxBitRate 6144000
	dwMaxVideoFrameBufSize 204800
	dwDefaultFrameInterval 333333
	bFrameIntervalType 3
	FrameInterval[0] 333333
	FrameInterval[1] 666666
	FrameInterval[2] 1000000
	*** VS Frame Descriptor ***
	bLength 38
	bDescriptorType 0x24
	bDescriptorSubType 0x07
	bFrameIndex 3
	bmCapabilities 0x0
	wWidth 640
	wHeight 480
	dwMinBitRate 3072000
	dwMaxBitRate 9216000
	dwMaxVideoFrameBufSize 307200
	dwDefaultFrameInterval 333333
	bFrameIntervalType 3
	FrameInterval[0] 333333
	FrameInterval[1] 666666
	FrameInterval[2] 1000000
	*** VS Frame Descriptor ***
	bLength 38
	bDescriptorType 0x24
	bDescriptorSubType 0x07
	bFrameIndex 4
	bmCapabilities 0x0
	wWidth 800
	wHeight 600
	dwMinBitRate 4800000
	dwMaxBitRate 14400000
	dwMaxVideoFrameBufSize 480000
	dwDefaultFrameInterval 333333
	bFrameIntervalType 3
	FrameInterval[0] 333333
	FrameInterval[1] 666666
	FrameInterval[2] 1000000
	*** VS Frame Descriptor ***
	bLength 38
	bDescriptorType 0x24
	bDescriptorSubType 0x07
	bFrameIndex 5
	bmCapabilities 0x0
	wWidth 1024
	wHeight 768
	dwMinBitRate 7864320
	dwMaxBitRate 23592960
	dwMaxVideoFrameBufSize 786432
	dwDefaultFrameInterval 333333
	bFrameIntervalType 3
	FrameInterval[0] 333333
	FrameInterval[1] 666666
	FrameInterval[2] 1000000
	*** VS Frame Descriptor ***
	bLength 38
	bDescriptorType 0x24
	bDescriptorSubType 0x07
	bFrameIndex 6
	bmCapabilities 0x0
	wWidth 1280
	wHeight 720
	dwMinBitRate 9216000
	dwMaxBitRate 27648000
	dwMaxVideoFrameBufSize 921600
	dwDefaultFrameInterval 333333
	bFrameIntervalType 3
	FrameInterval[0] 333333
	FrameInterval[1] 666666
	FrameInterval[2] 1000000
	*** VS Frame Descriptor ***
	bLength 38
	bDescriptorType 0x24
	bDescriptorSubType 0x07
	bFrameIndex 7
	bmCapabilities 0x0
	wWidth 1280
	wHeight 960
	dwMinBitRate 12288000
	dwMaxBitRate 36864000
	dwMaxVideoFrameBufSize 1228800
	dwDefaultFrameInterval 333333
	bFrameIntervalType 3
	FrameInterval[0] 333333
	FrameInterval[1] 666666
	FrameInterval[2] 1000000
	*** VS Frame Descriptor ***
	bLength 38
	bDescriptorType 0x24
	bDescriptorSubType 0x07
	bFrameIndex 8
	bmCapabilities 0x0
	wWidth 1600
	wHeight 1200
	dwMinBitRate 19200000
	dwMaxBitRate 57600000
	dwMaxVideoFrameBufSize 1920000
	dwDefaultFrameInterval 333333
	bFrameIntervalType 3
	FrameInterval[0] 333333
	FrameInterval[1] 666666
	FrameInterval[2] 1000000
	*** VS Frame Descriptor ***
	bLength 38
	bDescriptorType 0x24
	bDescriptorSubType 0x07
	bFrameIndex 9
	bmCapabilities 0x0
	wWidth 2048
	wHeight 1536
	dwMinBitRate 31457280
	dwMaxBitRate 94371840
	dwMaxVideoFrameBufSize 3145728
	dwDefaultFrameInterval 333333
	bFrameIntervalType 3
	FrameInterval[0] 333333
	FrameInterval[1] 666666
	FrameInterval[2] 1000000
	*** VS Frame Descriptor ***
	bLength 38
	bDescriptorType 0x24
	bDescriptorSubType 0x07
	bFrameIndex 10
	bmCapabilities 0x0
	wWidth 2592
	wHeight 1944
	dwMinBitRate 50388480
	dwMaxBitRate 151165440
	dwMaxVideoFrameBufSize 5038848
	dwDefaultFrameInterval 333333
	bFrameIntervalType 3
	FrameInterval[0] 333333
	FrameInterval[1] 666666
	FrameInterval[2] 1000000
	*** VS Frame Descriptor ***
	bLength 38
	bDescriptorType 0x24
	bDescriptorSubType 0x07
	bFrameIndex 11
	bmCapabilities 0x0
	wWidth 3264
	wHeight 2448
	dwMinBitRate 79902720
	dwMaxBitRate 239708160
	dwMaxVideoFrameBufSize 7990272
	dwDefaultFrameInterval 333333
	bFrameIntervalType 3
	FrameInterval[0] 333333
	FrameInterval[1] 666666
	FrameInterval[2] 1000000
	*** VS Frame Descriptor ***
	bLength 38
	bDescriptorType 0x24
	bDescriptorSubType 0x07
	bFrameIndex 12
	bmCapabilities 0x0
	wWidth 3840
	wHeight 2160
	dwMinBitRate 82944000
	dwMaxBitRate 248832000
	dwMaxVideoFrameBufSize 8294400
	dwDefaultFrameInterval 333333
	bFrameIntervalType 3
	FrameInterval[0] 333333
	FrameInterval[1] 666666
	FrameInterval[2] 1000000
	*** VS Frame Descriptor ***
	bLength 34
	bDescriptorType 0x24
	bDescriptorSubType 0x07
	bFrameIndex 13
	bmCapabilities 0x0
	wWidth 4000
	wHeight 3000
	dwMinBitRate 120000000
	dwMaxBitRate 180000000
	dwMaxVideoFrameBufSize 12000000
	dwDefaultFrameInterval 666666
	bFrameIntervalType 2
	FrameInterval[0] 666666
	FrameInterval[1] 1000000
	*** VS Frame Descriptor ***
	bLength 34
	bDescriptorType 0x24
	bDescriptorSubType 0x07
	bFrameIndex 14
	bmCapabilities 0x0
	wWidth 320
	wHeight 240
	dwMinBitRate 1152000
	dwMaxBitRate 2304000
	dwMaxVideoFrameBufSize 76800
	dwDefaultFrameInterval 333333
	bFrameIntervalType 2
	FrameInterval[0] 333333
	FrameInterval[1] 666666
	*** Output Terminal Descriptor ***
	bLength 63
	bDescriptorType 0x24
	bDescriptorSubType 0x03
	bTerminalID 0
	wTerminalType 0x800E
	bAssocTerminal 7
	bSourceID 56
	iTerminal 4
	*** VS Color Format Descriptor ***
	bLength 6
	bDescriptorType 0x24
	bDescriptorSubType 0x0D
	bColorPrimaries 0x1
	bTransferCharacteristics 1
	bMatrixCoefficients 0x4
	*** Selector Unit Descriptor ***
	bLength 27
	bDescriptorType 0x24
	bDescriptorSubType 0x04
	bUnitID 2
	bNrInPins 12
	baSourceID1 89
	baSourceID2 85
	iSelector 89
	*** Processing Unit Descriptor ***
	bLength 34
	bDescriptorType 0x24
	bDescriptorSubType 0x05
	bUnitID 1
	bSourceID 0
	wMaxMultiplier 320
	bControlSize 240
	bmControls 0x0 0x0 0x70
	iProcessing 23
	bmVideoStandards 0x0
	*** Processing Unit Descriptor ***
	bLength 34
	bDescriptorType 0x24
	bDescriptorSubType 0x05
	bUnitID 2
	bSourceID 0
	wMaxMultiplier 640
	bControlSize 104
	bmControls 0x1 0x0 0x50
	iProcessing 70
	bmVideoStandards 0x0
	*** Processing Unit Descriptor ***
	bLength 30
	bDescriptorType 0x24
	bDescriptorSubType 0x05
	bUnitID 3
	bSourceID 0
	wMaxMultiplier 640
	bControlSize 224
	bmControls 0x1 0x0 0xC0
	iProcessing 93
	bmVideoStandards 0x0
	*** Processing Unit Descriptor ***
	bLength 30
	bDescriptorType 0x24
	bDescriptorSubType 0x05
	bUnitID 4
	bSourceID 0
	wMaxMultiplier 800
	bControlSize 88
	bmControls 0x2 0x0 0x7C
	iProcessing 146
	bmVideoStandards 0x0
	*** Processing Unit Descriptor ***
	bLength 30
	bDescriptorType 0x24
	bDescriptorSubType 0x05
	bUnitID 5
	bSourceID 0
	wMaxMultiplier 1024
	bControlSize 208
	bmControls 0x2 0x0 0x0
	iProcessing 225
	bmVideoStandards 0x0
	*** Processing Unit Descriptor ***
	bLength 30
	bDescriptorType 0x24
	bDescriptorSubType 0x05
	bUnitID 6
	bSourceID 0
	wMaxMultiplier 1280
	bControlSize 172
	bmControls 0x3 0x0 0x30
	iProcessing 111
	bmVideoStandards 0x1
	*** Processing Unit Descriptor ***
	bLength 30
	bDescriptorType 0x24
	bDescriptorSubType 0x05
	bUnitID 7
	bSourceID 0
	wMaxMultiplier 1280
	bControlSize 0
	bmControls 0x4 0x0 0x0
	iProcessing 144
	bmVideoStandards 0x1
	*** Processing Unit Descriptor ***
	bLength 30
	bDescriptorType 0x24
	bDescriptorSubType 0x05
	bUnitID 8
	bSourceID 0
	wMaxMultiplier 1600
	bControlSize 176
	bmControls 0x4 0x0 0xF8
	iProcessing 36
	bmVideoStandards 0x1
	*** Processing Unit Descriptor ***
	bLength 30
	bDescriptorType 0x24
	bDescriptorSubType 0x05
	bUnitID 9
	bSourceID 0
	wMaxMultiplier 1920
	bControlSize 56
	bmControls 0x4 0x0 0x68
	iProcessing 60
	bmVideoStandards 0x1
	*** Processing Unit Descriptor ***
	bLength 30
	bDescriptorType 0x24
	bDescriptorSubType 0x05
	bUnitID 10
	bSourceID 0
	wMaxMultiplier 2048
	bControlSize 0
	bmControls 0x6 0x0 0x0
	iProcessing 224
	bmVideoStandards 0x1
	*** Processing Unit Descriptor ***
	bLength 30
	bDescriptorType 0x24
	bDescriptorSubType 0x05
	bUnitID 11
	bSourceID 0
	wMaxMultiplier 2560
	bControlSize 160
	bmControls 0x5 0x0 0x80
	iProcessing 50
	bmVideoStandards 0x2
	*** Processing Unit Descriptor ***
	bLength 30
	bDescriptorType 0x24
	bDescriptorSubType 0x05
	bUnitID 12
	bSourceID 0
	wMaxMultiplier 2592
	bControlSize 152
	bmControls 0x7 0x0 0xDE
	iProcessing 0
	bmVideoStandards 0x3
	*** VS Color Format Descriptor ***
	bLength 6
	bDescriptorType 0x24
	bDescriptorSubType 0x0D
	bColorPrimaries 0x1
	bTransferCharacteristics 1
	bMatrixCoefficients 0x4
	*** Interface descriptor ***
	bLength 9
	bDescriptorType 4
	bInterfaceNumber 1
	bAlternateSetting 1
	bNumEndpoints 1
	bInterfaceClass 0xe
	bInterfaceSubClass 0x2
	bInterfaceProtocol 0x0
	iInterface 0
		*** Endpoint descriptor ***
		bLength 7
		bDescriptorType 5
		bEndpointAddress 0x82	EP 2 IN
		bmAttributes 0x5	ISOC
		wMaxPacketSize 192
		bInterval 1
	*** Interface descriptor ***
	bLength 9
	bDescriptorType 4
	bInterfaceNumber 1
	bAlternateSetting 2
	bNumEndpoints 1
	bInterfaceClass 0xe
	bInterfaceSubClass 0x2
	bInterfaceProtocol 0x0
	iInterface 0
		*** Endpoint descriptor ***
		bLength 7
		bDescriptorType 5
		bEndpointAddress 0x82	EP 2 IN
		bmAttributes 0x5	ISOC
		wMaxPacketSize 384
		bInterval 1
	*** Interface descriptor ***
	bLength 9
	bDescriptorType 4
	bInterfaceNumber 1
	bAlternateSetting 3
	bNumEndpoints 1
	bInterfaceClass 0xe
	bInterfaceSubClass 0x2
	bInterfaceProtocol 0x0
	iInterface 0
		*** Endpoint descriptor ***
		bLength 7
		bDescriptorType 5
		bEndpointAddress 0x82	EP 2 IN
		bmAttributes 0x5	ISOC
		wMaxPacketSize 512
		bInterval 1
	*** Interface descriptor ***
	bLength 9
	bDescriptorType 4
	bInterfaceNumber 1
	bAlternateSetting 4
	bNumEndpoints 1
	bInterfaceClass 0xe
	bInterfaceSubClass 0x2
	bInterfaceProtocol 0x0
	iInterface 0
		*** Endpoint descriptor ***
		bLength 7
		bDescriptorType 5
		bEndpointAddress 0x82	EP 2 IN
		bmAttributes 0x5	ISOC
		wMaxPacketSize 640
		bInterval 1
	*** Interface descriptor ***
	bLength 9
	bDescriptorType 4
	bInterfaceNumber 1
	bAlternateSetting 5
	bNumEndpoints 1
	bInterfaceClass 0xe
	bInterfaceSubClass 0x2
	bInterfaceProtocol 0x0
	iInterface 0
		*** Endpoint descriptor ***
		bLength 7
		bDescriptorType 5
		bEndpointAddress 0x82	EP 2 IN
		bmAttributes 0x5	ISOC
		wMaxPacketSize 800
		bInterval 1
	*** Interface descriptor ***
	bLength 9
	bDescriptorType 4
	bInterfaceNumber 1
	bAlternateSetting 6
	bNumEndpoints 1
	bInterfaceClass 0xe
	bInterfaceSubClass 0x2
	bInterfaceProtocol 0x0
	iInterface 0
		*** Endpoint descriptor ***
		bLength 7
		bDescriptorType 5
		bEndpointAddress 0x82	EP 2 IN
		bmAttributes 0x5	ISOC
		wMaxPacketSize 944
		bInterval 1
	*** Interface descriptor ***
	bLength 9
	bDescriptorType 4
	bInterfaceNumber 1
	bAlternateSetting 7
	bNumEndpoints 1
	bInterfaceClass 0xe
	bInterfaceSubClass 0x2
	bInterfaceProtocol 0x0
	iInterface 0
		*** Endpoint descriptor ***
		bLength 7
		bDescriptorType 5
		bEndpointAddress 0x82	EP 2 IN
		bmAttributes 0x5	ISOC
		wMaxPacketSize 640
		wMaxPacketSize (with additional transactions in microframe) 1280
		bInterval 1
	*** Interface descriptor ***
	bLength 9
	bDescriptorType 4
	bInterfaceNumber 1
	bAlternateSetting 8
	bNumEndpoints 1
	bInterfaceClass 0xe
	bInterfaceSubClass 0x2
	bInterfaceProtocol 0x0
	iInterface 0
		*** Endpoint descriptor ***
		bLength 7
		bDescriptorType 5
		bEndpointAddress 0x82	EP 2 IN
		bmAttributes 0x5	ISOC
		wMaxPacketSize 800
		wMaxPacketSize (with additional transactions in microframe) 1600
		bInterval 1
	*** Interface descriptor ***
	bLength 9
	bDescriptorType 4
	bInterfaceNumber 1
	bAlternateSetting 9
	bNumEndpoints 1
	bInterfaceClass 0xe
	bInterfaceSubClass 0x2
	bInterfaceProtocol 0x0
	iInterface 0
		*** Endpoint descriptor ***
		bLength 7
		bDescriptorType 5
		bEndpointAddress 0x82	EP 2 IN
		bmAttributes 0x5	ISOC
		wMaxPacketSize 992
		wMaxPacketSize (with additional transactions in microframe) 1984
		bInterval 1
	*** Interface descriptor ***
	bLength 9
	bDescriptorType 4
	bInterfaceNumber 1
	bAlternateSetting 10
	bNumEndpoints 1
	bInterfaceClass 0xe
	bInterfaceSubClass 0x2
	bInterfaceProtocol 0x0
	iInterface 0
		*** Endpoint descriptor ***
		bLength 7
		bDescriptorType 5
		bEndpointAddress 0x82	EP 2 IN
		bmAttributes 0x5	ISOC
		wMaxPacketSize 896
		wMaxPacketSize (with additional transactions in microframe) 2688
		bInterval 1
	*** Interface descriptor ***
	bLength 9
	bDescriptorType 4
	bInterfaceNumber 1
	bAlternateSetting 11
	bNumEndpoints 1
	bInterfaceClass 0xe
	bInterfaceSubClass 0x2
	bInterfaceProtocol 0x0
	iInterface 0
		*** Endpoint descriptor ***
		bLength 7
		bDescriptorType 5
		bEndpointAddress 0x82	EP 2 IN
		bmAttributes 0x5	ISOC
		wMaxPacketSize 1024
		wMaxPacketSize (with additional transactions in microframe) 3072
		bInterval 1
*** Interface Association Descriptor ***
bLength 8
bDescriptorType 11
bFirstInterface 2
bInterfaceCount 2
bFunctionClass 0x1
bFunctionSubClass 0x0
bFunctionProtocol 0x0
iFunction 5
	*** Interface descriptor ***
	bLength 9
	bDescriptorType 4
	bInterfaceNumber 2
	bAlternateSetting 0
	bNumEndpoints 0
	bInterfaceClass 0x1
	bInterfaceSubClass 0x1
	bInterfaceProtocol 0x0
	iInterface 0
	*** Class-specific VC Interface Descriptor ***
	bLength 9
	bDescriptorType 0x24
	bDescriptorSubType 0x01
	bcdUVC 0100
	wTotalLength 39
	dwClockFrequency 604766977
	bInCollection 2
	baInterfaceNr[0] 1
	baInterfaceNr[1] 1
	*** Input Terminal Descriptor (Camera) ***
	bLength 12
	bDescriptorType 0x24
	bDescriptorSubType 0x02
	bTerminalID 0x1
	wTerminalType 0x201
	bAssocTerminal 0
	iTerminal 1
	wObjectiveFocalLengthMin 3
	wObjectiveFocalLengthMax 0
	wOcularFocalLength 9225
	bControlSize 6
	bmControls 0x2 0x1 0x2
	*** Extension Unit Descriptor unsupported, skipping... ***
	*** Output Terminal Descriptor ***
	bLength 9
	bDescriptorType 0x24
	bDescriptorSubType 0x03
	bTerminalID 3
	wTerminalType 0x101
	bAssocTerminal 0
	bSourceID 2
	iTerminal 0
	*** Interface descriptor ***
	bLength 9
	bDescriptorType 4
	bInterfaceNumber 3
	bAlternateSetting 0
	bNumEndpoints 0
	bInterfaceClass 0x1
	bInterfaceSubClass 0x2
	bInterfaceProtocol 0x0
	iInterface 0
	*** Interface descriptor ***
	bLength 9
	bDescriptorType 4
	bInterfaceNumber 3
	bAlternateSetting 1
	bNumEndpoints 1
	bInterfaceClass 0x1
	bInterfaceSubClass 0x2
	bInterfaceProtocol 0x0
	iInterface 0
	*** Class-specific VC Interface Descriptor ***
	bLength 7
	bDescriptorType 0x24
	bDescriptorSubType 0x01
	bcdUVC 0003
	wTotalLength 1
	dwClockFrequency 16917515
	bInCollection 2
	baInterfaceNr[0] 2
	baInterfaceNr[1] 16
	*** Input Terminal Descriptor (Media) ***
	bLength 11
	bDescriptorType 0x24
	bDescriptorSubType 0x02
	bTerminalID 0x1
	wTerminalType 0x202
	bAssocTerminal 16
	iTerminal 1
	bControlSize 128
	bmControls 0xBB
	bTransportModeSize 0
	bmTransportModes 0x9 0x5 0x83 0x1 0xC0
		*** Endpoint descriptor ***
		bLength 9
		bDescriptorType 5
		bEndpointAddress 0x83	EP 3 IN
		bmAttributes 0x1	ISOC
		wMaxPacketSize 192
		bInterval 4
		*** Class-specific Interrupt Endpoint Descriptor ***
		bLength 7
		bDescriptorType 0x25
		bDescriptorSubType 1
		wMaxTransferSize 1
	*** Interface descriptor ***
	bLength 9
	bDescriptorType 4
	bInterfaceNumber 4
	bAlternateSetting 0
	bNumEndpoints 2
	bInterfaceClass 0x3
	bInterfaceSubClass 0x0
	bInterfaceProtocol 0x0
	iInterface 0
 *** Unknown Descriptor Length: 9 Type: 33 ***
		*** Endpoint descriptor ***
		bLength 7
		bDescriptorType 5
		bEndpointAddress 0x84	EP 4 IN
		bmAttributes 0x3	INT
		wMaxPacketSize 64
		bInterval 4
		*** Endpoint descriptor ***
		bLength 7
		bDescriptorType 5
		bEndpointAddress 0x1	EP 1 OUT
		bmAttributes 0x3	INT
		wMaxPacketSize 64
		bInterval 4
D (1734933) uvc: ctrl xfer cb
D (1734935) uvc: ctrl xfer cb
D (1734938) uvc: ctrl xfer cb
PV-UVC-FMT requested=800x600 applied=800x600 fourcc=MJPEG fps_x1000=30000
D (1734948) uvc: ctrl xfer cb
D (1734950) uvc: ctrl xfer cb
D (1734952) uvc: ctrl xfer cb
D (1734957) uvc: ctrl xfer cb
D (1734959) uvc: ctrl xfer cb
D (1734961) uvc: ctrl xfer cb
D (1734964) uvc: ctrl xfer cb
D (1734966) uvc: ctrl xfer cb
D (1734980) uvc: ctrl xfer cb
PV-UVC-STATS t=1s cb=0 bytes=0 vazios=0 overflow=0 underflow=0 xfer_err=0
PV-UVC-STATS t=2s cb=0 bytes=0 vazios=0 overflow=0 underflow=0 xfer_err=0
PV-UVC-STATS t=3s cb=0 bytes=0 vazios=0 overflow=0 underflow=0 xfer_err=0
PV-UVC-STATS t=4s cb=0 bytes=0 vazios=0 overflow=0 underflow=0 xfer_err=0
PV-UVC-WARMUP requested=800x600 descartados=0
PV-UVC-STATS t=5s cb=0 bytes=0 vazios=0 overflow=0 underflow=0 xfer_err=0
PV-UVC-STATS t=6s cb=0 bytes=0 vazios=0 overflow=0 underflow=0 xfer_err=0
PV-UVC-STATS t=7s cb=0 bytes=0 vazios=0 overflow=0 underflow=0 xfer_err=0
PV-UVC-STATS t=8s cb=0 bytes=0 vazios=0 overflow=0 underflow=0 xfer_err=0
PV-UVC-STATS t=9s cb=0 bytes=0 vazios=0 overflow=0 underflow=0 xfer_err=0
PV-UVC-STATS t=10s cb=0 bytes=0 vazios=0 overflow=0 underflow=0 xfer_err=0
PV-UVC-STATS t=11s cb=0 bytes=0 vazios=0 overflow=0 underflow=0 xfer_err=0
PV-UVC-STATS t=12s cb=0 bytes=0 vazios=0 overflow=0 underflow=0 xfer_err=0
PV-UVC-STATS t=13s cb=0 bytes=0 vazios=0 overflow=0 underflow=0 xfer_err=0
PV-UVC-STATS t=14s cb=0 bytes=0 vazios=0 overflow=0 underflow=0 xfer_err=0
PV-UVC-STATS t=15s cb=0 bytes=0 vazios=0 overflow=0 underflow=0 xfer_err=0
PV-UVC-STATS t=16s cb=0 bytes=0 vazios=0 overflow=0 underflow=0 xfer_err=0
PV-UVC-STATS t=17s cb=0 bytes=0 vazios=0 overflow=0 underflow=0 xfer_err=0
PV-UVC-STATS t=18s cb=0 bytes=0 vazios=0 overflow=0 underflow=0 xfer_err=0
PV-UVC-STATS t=19s cb=0 bytes=0 vazios=0 overflow=0 underflow=0 xfer_err=0
D (1770081) uvc: ctrl xfer cb
PV-UVC-STATS t=20s cb=0 bytes=0 vazios=0 overflow=0 underflow=0 xfer_err=0
PV-UVC-RUNG requested=800x600 applied=800x600 fourcc=JPEG bytesused=0 result=FAIL reason=sem-frame
PV-UVC-MEM etapa=pos-degrau psram_livre=8690596 psram_maior_bloco=8388608 interna_livre=394455
D (1770097) uvc: ctrl xfer cb
D (1770099) uvc: ctrl xfer cb
D (1770104) uvc: ctrl xfer cb
PV-UVC-FMT requested=1920x1080 applied=1920x1080 fourcc=MJPEG fps_x1000=30000
D (1770112) uvc: ctrl xfer cb
D (1770114) uvc: ctrl xfer cb
D (1770119) uvc: ctrl xfer cb
D (1770121) uvc: ctrl xfer cb
D (1770123) uvc: ctrl xfer cb
D (1770126) uvc: ctrl xfer cb
D (1770128) uvc: ctrl xfer cb
D (1770130) uvc: ctrl xfer cb
D (1770144) uvc: ctrl xfer cb
PV-UVC-STATS t=1s cb=0 bytes=0 vazios=0 overflow=0 underflow=0 xfer_err=0
PV-UVC-STATS t=2s cb=0 bytes=0 vazios=0 overflow=0 underflow=0 xfer_err=0
PV-UVC-STATS t=3s cb=0 bytes=0 vazios=0 overflow=0 underflow=0 xfer_err=0
PV-UVC-STATS t=4s cb=0 bytes=0 vazios=0 overflow=0 underflow=0 xfer_err=0
PV-UVC-WARMUP requested=1920x1080 descartados=0
PV-UVC-STATS t=5s cb=0 bytes=0 vazios=0 overflow=0 underflow=0 xfer_err=0
PV-UVC-STATS t=6s cb=0 bytes=0 vazios=0 overflow=0 underflow=0 xfer_err=0
PV-UVC-STATS t=7s cb=0 bytes=0 vazios=0 overflow=0 underflow=0 xfer_err=0
PV-UVC-STATS t=8s cb=0 bytes=0 vazios=0 overflow=0 underflow=0 xfer_err=0
PV-UVC-STATS t=9s cb=0 bytes=0 vazios=0 overflow=0 underflow=0 xfer_err=0
PV-UVC-STATS t=10s cb=0 bytes=0 vazios=0 overflow=0 underflow=0 xfer_err=0
PV-UVC-STATS t=11s cb=0 bytes=0 vazios=0 overflow=0 underflow=0 xfer_err=0
PV-UVC-STATS t=12s cb=0 bytes=0 vazios=0 overflow=0 underflow=0 xfer_err=0
PV-UVC-STATS t=13s cb=0 bytes=0 vazios=0 overflow=0 underflow=0 xfer_err=0
PV-UVC-STATS t=14s cb=0 bytes=0 vazios=0 overflow=0 underflow=0 xfer_err=0
PV-UVC-STATS t=15s cb=0 bytes=0 vazios=0 overflow=0 underflow=0 xfer_err=0
PV-UVC-STATS t=16s cb=0 bytes=0 vazios=0 overflow=0 underflow=0 xfer_err=0
PV-UVC-STATS t=17s cb=0 bytes=0 vazios=0 overflow=0 underflow=0 xfer_err=0
PV-UVC-STATS t=18s cb=0 bytes=0 vazios=0 overflow=0 underflow=0 xfer_err=0
PV-UVC-STATS t=19s cb=0 bytes=0 vazios=0 overflow=0 underflow=0 xfer_err=0
D (1805245) uvc: ctrl xfer cb
PV-UVC-STATS t=20s cb=0 bytes=0 vazios=0 overflow=0 underflow=0 xfer_err=0
PV-UVC-RUNG requested=1920x1080 applied=1920x1080 fourcc=JPEG bytesused=0 result=FAIL reason=sem-frame
PV-UVC-MEM etapa=pos-degrau psram_livre=8690596 psram_maior_bloco=8388608 interna_livre=394455
D (1805261) uvc: ctrl xfer cb
D (1805265) uvc: ctrl xfer cb
D (1805268) uvc: ctrl xfer cb
PV-UVC-FMT requested=2592x1944 applied=2592x1944 fourcc=MJPEG fps_x1000=30000
D (1805276) uvc: ctrl xfer cb
D (1805280) uvc: ctrl xfer cb
D (1805283) uvc: ctrl xfer cb
D (1805285) uvc: ctrl xfer cb
D (1805287) uvc: ctrl xfer cb
D (1805289) uvc: ctrl xfer cb
D (1805292) uvc: ctrl xfer cb
D (1805296) uvc: ctrl xfer cb
D (1805308) uvc: ctrl xfer cb
PV-UVC-STATS t=1s cb=0 bytes=0 vazios=0 overflow=0 underflow=0 xfer_err=0
PV-UVC-STATS t=2s cb=0 bytes=0 vazios=0 overflow=0 underflow=0 xfer_err=0
PV-UVC-STATS t=3s cb=0 bytes=0 vazios=0 overflow=0 underflow=0 xfer_err=0
PV-UVC-STATS t=4s cb=0 bytes=0 vazios=0 overflow=0 underflow=0 xfer_err=0
PV-UVC-WARMUP requested=2592x1944 descartados=0
PV-UVC-STATS t=5s cb=0 bytes=0 vazios=0 overflow=0 underflow=0 xfer_err=0
PV-UVC-STATS t=6s cb=0 bytes=0 vazios=0 overflow=0 underflow=0 xfer_err=0
PV-UVC-STATS t=7s cb=0 bytes=0 vazios=0 overflow=0 underflow=0 xfer_err=0
PV-UVC-STATS t=8s cb=0 bytes=0 vazios=0 overflow=0 underflow=0 xfer_err=0
PV-UVC-STATS t=9s cb=0 bytes=0 vazios=0 overflow=0 underflow=0 xfer_err=0
PV-UVC-STATS t=10s cb=0 bytes=0 vazios=0 overflow=0 underflow=0 xfer_err=0
PV-UVC-STATS t=11s cb=0 bytes=0 vazios=0 overflow=0 underflow=0 xfer_err=0
PV-UVC-STATS t=12s cb=0 bytes=0 vazios=0 overflow=0 underflow=0 xfer_err=0
PV-UVC-STATS t=13s cb=0 bytes=0 vazios=0 overflow=0 underflow=0 xfer_err=0
PV-UVC-STATS t=14s cb=0 bytes=0 vazios=0 overflow=0 underflow=0 xfer_err=0
PV-UVC-STATS t=15s cb=0 bytes=0 vazios=0 overflow=0 underflow=0 xfer_err=0
W (1831878) uvc-isoc: usb err 1
W (1831878) uvc-isoc: usb err 1
W (1831878) uvc-isoc: usb err 1
E (1831878) USB HOST: Enqueue URB error: ESP_ERR_INVALID_STATE
D (1831881) uvc: Device suddenly disconnected
E (1832408) USB HOST: Submit CTRL URB error: ESP_ERR_INVALID_STATE
E (1832408) uvc: uvc_host_usb_ctrl(1140): CTRL transfer failed
W (1832408) PvUvcDirect: stream_stop falhou: err=0x103
PV-UVC-STATS t=16s cb=0 bytes=0 vazios=0 overflow=0 underflow=0 xfer_err=0
PV-UVC-RUNG requested=2592x1944 applied=2592x1944 fourcc=JPEG bytesused=0 result=FAIL reason=desconectado
PV-UVC-MEM etapa=pos-degrau psram_livre=8690596 psram_maior_bloco=8388608 interna_livre=394455
PV-UVC-RUNG requested=3264x2448 applied=0x0 fourcc=---- bytesused=0 result=FAIL reason=desconectado
PV-UVC-RUNG requested=4000x3000 applied=0x0 fourcc=---- bytesused=0 result=FAIL reason=desconectado
PV-UVC-USBLIB flags=0x2 (daemon segue vivo)
PV-UVC-SUMARIO inicio
PV-UVC-SUMARIO degrau=1 requested=800x600 applied=800x600 fourcc=JPEG bytesused=0 result=FAIL reason=sem-frame obrigatorio=sim
PV-UVC-SUMARIO degrau=2 requested=1920x1080 applied=1920x1080 fourcc=JPEG bytesused=0 result=FAIL reason=sem-frame obrigatorio=sim
PV-UVC-SUMARIO degrau=3 requested=2592x1944 applied=2592x1944 fourcc=JPEG bytesused=0 result=FAIL reason=desconectado obrigatorio=sim
PV-UVC-SUMARIO degrau=4 requested=3264x2448 applied=0x0 fourcc=---- bytesused=0 result=FAIL reason=desconectado obrigatorio=sim
PV-UVC-SUMARIO degrau=5 requested=4000x3000 applied=0x0 fourcc=---- bytesused=0 result=FAIL reason=desconectado obrigatorio=nao
PV-UVC-SUMARIO fim pass=0 fail=5 total=5 fail_obrigatorios=4
PV-UVC-CICLO 10 fim — REPLUG a camera para disparar nova escada (retry 15 s)

PV-UVC-CICLO 11 inicio
