ESP-ROM:esp32p4-eco2-20240710
Build:Jul 10 2024
rst:0x1 (POWERON),boot:0xf (SPI_FAST_FLASH_BOOT)
SPI mode:DIO, clock div:1
load:0x4ff33ce0,len:0x5d0
load:0x4ff28ed0,len:0xdf8
load:0x4ff2bbd0,len:0x34b8
entry 0x4ff28ed0
I (56) hex_psram: vendor id    : 0x0d (AP)
I (56) hex_psram: Latency      : 0x01 (Fixed)
I (56) hex_psram: DriveStr.    : 0x00 (25 Ohm)
I (57) hex_psram: dev id       : 0x03 (generation 4)
I (61) hex_psram: density      : 0x07 (256 Mbit)
I (66) hex_psram: good-die     : 0x06 (Pass)
I (70) hex_psram: SRF          : 0x02 (Slow Refresh)
I (74) hex_psram: BurstType    : 0x00 ( Wrap)
I (79) hex_psram: BurstLen     : 0x03 (2048 Byte)
I (83) hex_psram: BitMode      : 0x01 (X16 Mode)
I (87) hex_psram: Readlatency  : 0x04 (14 cycles@Fixed)
I (92) hex_psram: DriveStrength: 0x00 (1/1)
I (96) MSPI Timing: Enter psram timing tuning
I esp_psram: Found 32MB PSRAM device
I esp_psram: Speed: 200MHz
I (293) mmu_psram: .rodata xip on psram
I (327) mmu_psram: .text xip on psram
I (328) hex_psram: psram CS IO is dedicated
I (329) cpu_start: Multicore app
I (338) cpu_start: GPIO 38 and 37 are used as console UART I/O pins
I (338) cpu_start: Pro cpu start user code
I (338) cpu_start: cpu freq: 360000000 Hz
I (340) app_init: Application information:
I (344) app_init: Project name:     xiaozhi
I (348) app_init: App version:      2.4.0
I (351) app_init: Compile time:     Aug 12 2026 06:58:15
I (356) app_init: ELF file SHA256:  1eb1b5131...
I (361) app_init: ESP-IDF:          v6.0.2
I (365) efuse_init: Min chip rev:     v1.0
I (368) efuse_init: Max chip rev:     v1.99 
I (372) efuse_init: Chip rev:         v1.3
I (376) heap_init: Initializing. RAM available for dynamic allocation:
I (383) heap_init: At 4FF1B1D0 len 0001FDF0 (127 KiB): RETENT_RAM
I (388) heap_init: At 4FF3AFC0 len 00004BF0 (18 KiB): RAM
I (393) heap_init: At 4FF40000 len 00060000 (384 KiB): RAM
I (399) heap_init: At 50108080 len 00007F80 (31 KiB): RTCRAM
I (404) heap_init: At 30100088 len 00001F78 (7 KiB): SPM
I (409) esp_psram: Adding pool of 31808K of PSRAM memory to heap allocator
I (416) esp_psram: Adding pool of 44K of PSRAM memory gap generated due to end address alignment of irom to the heap allocator
I (427) esp_psram: Adding pool of 44K of PSRAM memory gap generated due to end address alignment of drom to the heap allocator
I (438) spi_flash: detected chip: gd
I (441) spi_flash: flash io: qio
I (444) host_init: ESP Hosted : Host chip_ip[18]
I (449) H_API: ESP-Hosted starting. Hosted_Tasks: prio:23, stack: 5120 RPC_task_stack: 5120
I (457) H_API: ** add_esp_wifi_remote_channels **
I (462) sleep_gpio: Configure to isolate all GPIO pins in sleep state
I (467) sleep_gpio: Enable automatic switching of GPIO sleep configuration
I (475) H_SDIO_DRV: sdio_data_to_rx_buf_task started
I (478) main_task: Started on CPU0
I (481) esp_psram: Reserving pool of 64K of internal memory for DMA/internal allocations
I (490) main_task: Calling app_main()

PV-UVC-SPIKE inicio (F2B) degraus=5
PV-UVC-MEM etapa=boot psram_livre=32634868 psram_maior_bloco=32505856 interna_livre=418575
I (2370) main_task: Returned from app_main()
PV-UVC-VBUS estado=off (host instalado sem energia no root port; 1000 ms)
PV-UVC-VBUS estado=on err=0x0 apos_ms=0
D (3400) uvc: USB UVC handling start
PV-UVC-INIT result=OK usb_host=on uvc_dev_num=1

PV-UVC-CICLO 1 inicio
PV-UVC-ENUM aguardando enumeracao USB em /dev/video40 (ate 10000 ms)
I (3408) usb_uvc_device: Waiting for UVC device to be enumerated...
E (13414) usb_uvc_device: uvc_video_init(266): Failed to take UVC device ready semaphore
PV-UVC-ENUM result=FAIL reason=open errno=19(No such device)
PV-UVC-CICLO 1 sem device (replug a camera p/ nova escada; retry 15 s)

PV-UVC-CICLO 2 inicio
PV-UVC-ENUM aguardando enumeracao USB em /dev/video40 (ate 10000 ms)
I (28422) usb_uvc_device: Waiting for UVC device to be enumerated...
E (38425) usb_uvc_device: uvc_video_init(266): Failed to take UVC device ready semaphore
PV-UVC-ENUM result=FAIL reason=open errno=19(No such device)
PV-UVC-CICLO 2 sem device (replug a camera p/ nova escada; retry 15 s)

PV-UVC-CICLO 3 inicio
PV-UVC-ENUM aguardando enumeracao USB em /dev/video40 (ate 10000 ms)
I (53433) usb_uvc_device: Waiting for UVC device to be enumerated...
E (63436) usb_uvc_device: uvc_video_init(266): Failed to take UVC device ready semaphore
PV-UVC-ENUM result=FAIL reason=open errno=19(No such device)
PV-UVC-CICLO 3 sem device (replug a camera p/ nova escada; retry 15 s)

PV-UVC-CICLO 4 inicio
PV-UVC-ENUM aguardando enumeracao USB em /dev/video40 (ate 10000 ms)
I (78444) usb_uvc_device: Waiting for UVC device to be enumerated...
E (88447) usb_uvc_device: uvc_video_init(266): Failed to take UVC device ready semaphore
PV-UVC-ENUM result=FAIL reason=open errno=19(No such device)
PV-UVC-CICLO 4 sem device (replug a camera p/ nova escada; retry 15 s)

PV-UVC-CICLO 5 inicio
PV-UVC-ENUM aguardando enumeracao USB em /dev/video40 (ate 10000 ms)
I (103455) usb_uvc_device: Waiting for UVC device to be enumerated...
E (113458) usb_uvc_device: uvc_video_init(266): Failed to take UVC device ready semaphore
PV-UVC-ENUM result=FAIL reason=open errno=19(No such device)
PV-UVC-CICLO 5 sem device (replug a camera p/ nova escada; retry 15 s)

PV-UVC-CICLO 6 inicio
PV-UVC-ENUM aguardando enumeracao USB em /dev/video40 (ate 10000 ms)
I (128466) usb_uvc_device: Waiting for UVC device to be enumerated...
E (138469) usb_uvc_device: uvc_video_init(266): Failed to take UVC device ready semaphore
PV-UVC-ENUM result=FAIL reason=open errno=19(No such device)
PV-UVC-CICLO 6 sem device (replug a camera p/ nova escada; retry 15 s)

PV-UVC-CICLO 7 inicio
PV-UVC-ENUM aguardando enumeracao USB em /dev/video40 (ate 10000 ms)
I (153477) usb_uvc_device: Waiting for UVC device to be enumerated...
E (163480) usb_uvc_device: uvc_video_init(266): Failed to take UVC device ready semaphore
PV-UVC-ENUM result=FAIL reason=open errno=19(No such device)
PV-UVC-CICLO 7 sem device (replug a camera p/ nova escada; retry 15 s)

PV-UVC-CICLO 8 inicio
PV-UVC-ENUM aguardando enumeracao USB em /dev/video40 (ate 10000 ms)
I (178488) usb_uvc_device: Waiting for UVC device to be enumerated...
E (188491) usb_uvc_device: uvc_video_init(266): Failed to take UVC device ready semaphore
PV-UVC-ENUM result=FAIL reason=open errno=19(No such device)
PV-UVC-CICLO 8 sem device (replug a camera p/ nova escada; retry 15 s)

PV-UVC-CICLO 9 inicio
PV-UVC-ENUM aguardando enumeracao USB em /dev/video40 (ate 10000 ms)
I (203499) usb_uvc_device: Waiting for UVC device to be enumerated...
E (213502) usb_uvc_device: uvc_video_init(266): Failed to take UVC device ready semaphore
PV-UVC-ENUM result=FAIL reason=open errno=19(No such device)
PV-UVC-CICLO 9 sem device (replug a camera p/ nova escada; retry 15 s)

PV-UVC-CICLO 10 inicio
PV-UVC-ENUM aguardando enumeracao USB em /dev/video40 (ate 10000 ms)
I (228510) usb_uvc_device: Waiting for UVC device to be enumerated...
E (238513) usb_uvc_device: uvc_video_init(266): Failed to take UVC device ready semaphore
PV-UVC-ENUM result=FAIL reason=open errno=19(No such device)
PV-UVC-CICLO 10 sem device (replug a camera p/ nova escada; retry 15 s)

PV-UVC-CICLO 11 inicio
PV-UVC-ENUM aguardando enumeracao USB em /dev/video40 (ate 10000 ms)
I (253521) usb_uvc_device: Waiting for UVC device to be enumerated...
E (263524) usb_uvc_device: uvc_video_init(266): Failed to take UVC device ready semaphore
PV-UVC-ENUM result=FAIL reason=open errno=19(No such device)
PV-UVC-CICLO 11 sem device (replug a camera p/ nova escada; retry 15 s)

PV-UVC-CICLO 12 inicio
PV-UVC-ENUM aguardando enumeracao USB em /dev/video40 (ate 10000 ms)
I (278532) usb_uvc_device: Waiting for UVC device to be enumerated...
E (288535) usb_uvc_device: uvc_video_init(266): Failed to take UVC device ready semaphore
PV-UVC-ENUM result=FAIL reason=open errno=19(No such device)
PV-UVC-CICLO 12 sem device (replug a camera p/ nova escada; retry 15 s)

PV-UVC-CICLO 13 inicio
PV-UVC-ENUM aguardando enumeracao USB em /dev/video40 (ate 10000 ms)
I (303543) usb_uvc_device: Waiting for UVC device to be enumerated...
E (313546) usb_uvc_device: uvc_video_init(266): Failed to take UVC device ready semaphore
PV-UVC-ENUM result=FAIL reason=open errno=19(No such device)
PV-UVC-CICLO 13 sem device (replug a camera p/ nova escada; retry 15 s)

PV-UVC-CICLO 14 inicio
PV-UVC-ENUM aguardando enumeracao USB em /dev/video40 (ate 10000 ms)
I (328554) usb_uvc_device: Waiting for UVC device to be enumerated...
E (338557) usb_uvc_device: uvc_video_init(266): Failed to take UVC device ready semaphore
PV-UVC-ENUM result=FAIL reason=open errno=19(No such device)
PV-UVC-CICLO 14 sem device (replug a camera p/ nova escada; retry 15 s)

PV-UVC-CICLO 15 inicio
PV-UVC-ENUM aguardando enumeracao USB em /dev/video40 (ate 10000 ms)
I (353565) usb_uvc_device: Waiting for UVC device to be enumerated...
E (363568) usb_uvc_device: uvc_video_init(266): Failed to take UVC device ready semaphore
PV-UVC-ENUM result=FAIL reason=open errno=19(No such device)
PV-UVC-CICLO 15 sem device (replug a camera p/ nova escada; retry 15 s)

PV-UVC-CICLO 16 inicio
PV-UVC-ENUM aguardando enumeracao USB em /dev/video40 (ate 10000 ms)
I (378576) usb_uvc_device: Waiting for UVC device to be enumerated...
E (388579) usb_uvc_device: uvc_video_init(266): Failed to take UVC device ready semaphore
PV-UVC-ENUM result=FAIL reason=open errno=19(No such device)
PV-UVC-CICLO 16 sem device (replug a camera p/ nova escada; retry 15 s)

PV-UVC-CICLO 17 inicio
PV-UVC-ENUM aguardando enumeracao USB em /dev/video40 (ate 10000 ms)
I (403587) usb_uvc_device: Waiting for UVC device to be enumerated...
E (413590) usb_uvc_device: uvc_video_init(266): Failed to take UVC device ready semaphore
PV-UVC-ENUM result=FAIL reason=open errno=19(No such device)
PV-UVC-CICLO 17 sem device (replug a camera p/ nova escada; retry 15 s)

PV-UVC-CICLO 18 inicio
PV-UVC-ENUM aguardando enumeracao USB em /dev/video40 (ate 10000 ms)
I (428598) usb_uvc_device: Waiting for UVC device to be enumerated...
E (438601) usb_uvc_device: uvc_video_init(266): Failed to take UVC device ready semaphore
PV-UVC-ENUM result=FAIL reason=open errno=19(No such device)
PV-UVC-CICLO 18 sem device (replug a camera p/ nova escada; retry 15 s)

PV-UVC-CICLO 19 inicio
PV-UVC-ENUM aguardando enumeracao USB em /dev/video40 (ate 10000 ms)
I (453609) usb_uvc_device: Waiting for UVC device to be enumerated...
E (463612) usb_uvc_device: uvc_video_init(266): Failed to take UVC device ready semaphore
PV-UVC-ENUM result=FAIL reason=open errno=19(No such device)
PV-UVC-CICLO 19 sem device (replug a camera p/ nova escada; retry 15 s)

PV-UVC-CICLO 20 inicio
PV-UVC-ENUM aguardando enumeracao USB em /dev/video40 (ate 10000 ms)
I (478620) usb_uvc_device: Waiting for UVC device to be enumerated...
E (488623) usb_uvc_device: uvc_video_init(266): Failed to take UVC device ready semaphore
PV-UVC-ENUM result=FAIL reason=open errno=19(No such device)
PV-UVC-CICLO 20 sem device (replug a camera p/ nova escada; retry 15 s)

PV-UVC-CICLO 21 inicio
PV-UVC-ENUM aguardando enumeracao USB em /dev/video40 (ate 10000 ms)
I (503631) usb_uvc_device: Waiting for UVC device to be enumerated...
E (513634) usb_uvc_device: uvc_video_init(266): Failed to take UVC device ready semaphore
PV-UVC-ENUM result=FAIL reason=open errno=19(No such device)
PV-UVC-CICLO 21 sem device (replug a camera p/ nova escada; retry 15 s)

PV-UVC-CICLO 22 inicio
PV-UVC-ENUM aguardando enumeracao USB em /dev/video40 (ate 10000 ms)
I (528642) usb_uvc_device: Waiting for UVC device to be enumerated...
E (538645) usb_uvc_device: uvc_video_init(266): Failed to take UVC device ready semaphore
PV-UVC-ENUM result=FAIL reason=open errno=19(No such device)
PV-UVC-CICLO 22 sem device (replug a camera p/ nova escada; retry 15 s)

PV-UVC-CICLO 23 inicio
PV-UVC-ENUM aguardando enumeracao USB em /dev/video40 (ate 10000 ms)
I (553653) usb_uvc_device: Waiting for UVC device to be enumerated...
E (563656) usb_uvc_device: uvc_video_init(266): Failed to take UVC device ready semaphore
PV-UVC-ENUM result=FAIL reason=open errno=19(No such device)
PV-UVC-CICLO 23 sem device (replug a camera p/ nova escada; retry 15 s)

PV-UVC-CICLO 24 inicio
PV-UVC-ENUM aguardando enumeracao USB em /dev/video40 (ate 10000 ms)
I (578664) usb_uvc_device: Waiting for UVC device to be enumerated...
E (588667) usb_uvc_device: uvc_video_init(266): Failed to take UVC device ready semaphore
PV-UVC-ENUM result=FAIL reason=open errno=19(No such device)
PV-UVC-CICLO 24 sem device (replug a camera p/ nova escada; retry 15 s)

PV-UVC-CICLO 25 inicio
PV-UVC-ENUM aguardando enumeracao USB em /dev/video40 (ate 10000 ms)
I (603675) usb_uvc_device: Waiting for UVC device to be enumerated...
E (613678) usb_uvc_device: uvc_video_init(266): Failed to take UVC device ready semaphore
PV-UVC-ENUM result=FAIL reason=open errno=19(No such device)
PV-UVC-CICLO 25 sem device (replug a camera p/ nova escada; retry 15 s)

PV-UVC-CICLO 26 inicio
PV-UVC-ENUM aguardando enumeracao USB em /dev/video40 (ate 10000 ms)
I (628686) usb_uvc_device: Waiting for UVC device to be enumerated...
E (638689) usb_uvc_device: uvc_video_init(266): Failed to take UVC device ready semaphore
PV-UVC-ENUM result=FAIL reason=open errno=19(No such device)
PV-UVC-CICLO 26 sem device (replug a camera p/ nova escada; retry 15 s)

PV-UVC-CICLO 27 inicio
PV-UVC-ENUM aguardando enumeracao USB em /dev/video40 (ate 10000 ms)
I (653697) usb_uvc_device: Waiting for UVC device to be enumerated...
E (663700) usb_uvc_device: uvc_video_init(266): Failed to take UVC device ready semaphore
PV-UVC-ENUM result=FAIL reason=open errno=19(No such device)
PV-UVC-CICLO 27 sem device (replug a camera p/ nova escada; retry 15 s)

PV-UVC-CICLO 28 inicio
PV-UVC-ENUM aguardando enumeracao USB em /dev/video40 (ate 10000 ms)
I (678708) usb_uvc_device: Waiting for UVC device to be enumerated...
E (688711) usb_uvc_device: uvc_video_init(266): Failed to take UVC device ready semaphore
PV-UVC-ENUM result=FAIL reason=open errno=19(No such device)
PV-UVC-CICLO 28 sem device (replug a camera p/ nova escada; retry 15 s)

PV-UVC-CICLO 29 inicio
PV-UVC-ENUM aguardando enumeracao USB em /dev/video40 (ate 10000 ms)
I (703719) usb_uvc_device: Waiting for UVC device to be enumerated...
E (713722) usb_uvc_device: uvc_video_init(266): Failed to take UVC device ready semaphore
PV-UVC-ENUM result=FAIL reason=open errno=19(No such device)
PV-UVC-CICLO 29 sem device (replug a camera p/ nova escada; retry 15 s)

PV-UVC-CICLO 30 inicio
PV-UVC-ENUM aguardando enumeracao USB em /dev/video40 (ate 10000 ms)
I (728730) usb_uvc_device: Waiting for UVC device to be enumerated...
E (738733) usb_uvc_device: uvc_video_init(266): Failed to take UVC device ready semaphore
PV-UVC-ENUM result=FAIL reason=open errno=19(No such device)
PV-UVC-CICLO 30 sem device (replug a camera p/ nova escada; retry 15 s)

PV-UVC-CICLO 31 inicio
PV-UVC-ENUM aguardando enumeracao USB em /dev/video40 (ate 10000 ms)
I (753741) usb_uvc_device: Waiting for UVC device to be enumerated...
E (763744) usb_uvc_device: uvc_video_init(266): Failed to take UVC device ready semaphore
PV-UVC-ENUM result=FAIL reason=open errno=19(No such device)
PV-UVC-CICLO 31 sem device (replug a camera p/ nova escada; retry 15 s)

PV-UVC-CICLO 32 inicio
PV-UVC-ENUM aguardando enumeracao USB em /dev/video40 (ate 10000 ms)
I (778752) usb_uvc_device: Waiting for UVC device to be enumerated...
E (788755) usb_uvc_device: uvc_video_init(266): Failed to take UVC device ready semaphore
PV-UVC-ENUM result=FAIL reason=open errno=19(No such device)
PV-UVC-CICLO 32 sem device (replug a camera p/ nova escada; retry 15 s)

PV-UVC-CICLO 33 inicio
PV-UVC-ENUM aguardando enumeracao USB em /dev/video40 (ate 10000 ms)
I (803763) usb_uvc_device: Waiting for UVC device to be enumerated...
E (813766) usb_uvc_device: uvc_video_init(266): Failed to take UVC device ready semaphore
PV-UVC-ENUM result=FAIL reason=open errno=19(No such device)
PV-UVC-CICLO 33 sem device (replug a camera p/ nova escada; retry 15 s)

PV-UVC-CICLO 34 inicio
PV-UVC-ENUM aguardando enumeracao USB em /dev/video40 (ate 10000 ms)
I (828774) usb_uvc_device: Waiting for UVC device to be enumerated...
E (838777) usb_uvc_device: uvc_video_init(266): Failed to take UVC device ready semaphore
PV-UVC-ENUM result=FAIL reason=open errno=19(No such device)
PV-UVC-CICLO 34 sem device (replug a camera p/ nova escada; retry 15 s)

PV-UVC-CICLO 35 inicio
PV-UVC-ENUM aguardando enumeracao USB em /dev/video40 (ate 10000 ms)
I (853785) usb_uvc_device: Waiting for UVC device to be enumerated...
E (863788) usb_uvc_device: uvc_video_init(266): Failed to take UVC device ready semaphore
PV-UVC-ENUM result=FAIL reason=open errno=19(No such device)
PV-UVC-CICLO 35 sem device (replug a camera p/ nova escada; retry 15 s)

PV-UVC-CICLO 36 inicio
PV-UVC-ENUM aguardando enumeracao USB em /dev/video40 (ate 10000 ms)
I (878796) usb_uvc_device: Waiting for UVC device to be enumerated...
E (888799) usb_uvc_device: uvc_video_init(266): Failed to take UVC device ready semaphore
PV-UVC-ENUM result=FAIL reason=open errno=19(No such device)
PV-UVC-CICLO 36 sem device (replug a camera p/ nova escada; retry 15 s)

PV-UVC-CICLO 37 inicio
PV-UVC-ENUM aguardando enumeracao USB em /dev/video40 (ate 10000 ms)
I (903807) usb_uvc_device: Waiting for UVC device to be enumerated...
E (913810) usb_uvc_device: uvc_video_init(266): Failed to take UVC device ready semaphore
PV-UVC-ENUM result=FAIL reason=open errno=19(No such device)
PV-UVC-CICLO 37 sem device (replug a camera p/ nova escada; retry 15 s)

PV-UVC-CICLO 38 inicio
PV-UVC-ENUM aguardando enumeracao USB em /dev/video40 (ate 10000 ms)
I (928818) usb_uvc_device: Waiting for UVC device to be enumerated...
E (938821) usb_uvc_device: uvc_video_init(266): Failed to take UVC device ready semaphore
PV-UVC-ENUM result=FAIL reason=open errno=19(No such device)
PV-UVC-CICLO 38 sem device (replug a camera p/ nova escada; retry 15 s)

PV-UVC-CICLO 39 inicio
PV-UVC-ENUM aguardando enumeracao USB em /dev/video40 (ate 10000 ms)
I (953829) usb_uvc_device: Waiting for UVC device to be enumerated...
E (963832) usb_uvc_device: uvc_video_init(266): Failed to take UVC device ready semaphore
PV-UVC-ENUM result=FAIL reason=open errno=19(No such device)
PV-UVC-CICLO 39 sem device (replug a camera p/ nova escada; retry 15 s)

PV-UVC-CICLO 40 inicio
PV-UVC-ENUM aguardando enumeracao USB em /dev/video40 (ate 10000 ms)
I (978840) usb_uvc_device: Waiting for UVC device to be enumerated...
E (988843) usb_uvc_device: uvc_video_init(266): Failed to take UVC device ready semaphore
PV-UVC-ENUM result=FAIL reason=open errno=19(No such device)
PV-UVC-CICLO 40 sem device (replug a camera p/ nova escada; retry 15 s)

PV-UVC-CICLO 41 inicio
PV-UVC-ENUM aguardando enumeracao USB em /dev/video40 (ate 10000 ms)
I (1003851) usb_uvc_device: Waiting for UVC device to be enumerated...
E (1013854) usb_uvc_device: uvc_video_init(266): Failed to take UVC device ready semaphore
PV-UVC-ENUM result=FAIL reason=open errno=19(No such device)
PV-UVC-CICLO 41 sem device (replug a camera p/ nova escada; retry 15 s)

PV-UVC-CICLO 42 inicio
PV-UVC-ENUM aguardando enumeracao USB em /dev/video40 (ate 10000 ms)
I (1028862) usb_uvc_device: Waiting for UVC device to be enumerated...
E (1038865) usb_uvc_device: uvc_video_init(266): Failed to take UVC device ready semaphore
PV-UVC-ENUM result=FAIL reason=open errno=19(No such device)
PV-UVC-CICLO 42 sem device (replug a camera p/ nova escada; retry 15 s)

PV-UVC-CICLO 43 inicio
PV-UVC-ENUM aguardando enumeracao USB em /dev/video40 (ate 10000 ms)
I (1053873) usb_uvc_device: Waiting for UVC device to be enumerated...
E (1063876) usb_uvc_device: uvc_video_init(266): Failed to take UVC device ready semaphore
PV-UVC-ENUM result=FAIL reason=open errno=19(No such device)
PV-UVC-CICLO 43 sem device (replug a camera p/ nova escada; retry 15 s)

PV-UVC-CICLO 44 inicio
PV-UVC-ENUM aguardando enumeracao USB em /dev/video40 (ate 10000 ms)
I (1078884) usb_uvc_device: Waiting for UVC device to be enumerated...
E (1088887) usb_uvc_device: uvc_video_init(266): Failed to take UVC device ready semaphore
PV-UVC-ENUM result=FAIL reason=open errno=19(No such device)
PV-UVC-CICLO 44 sem device (replug a camera p/ nova escada; retry 15 s)

PV-UVC-CICLO 45 inicio
PV-UVC-ENUM aguardando enumeracao USB em /dev/video40 (ate 10000 ms)
I (1103895) usb_uvc_device: Waiting for UVC device to be enumerated...
E (1113898) usb_uvc_device: uvc_video_init(266): Failed to take UVC device ready semaphore
PV-UVC-ENUM result=FAIL reason=open errno=19(No such device)
PV-UVC-CICLO 45 sem device (replug a camera p/ nova escada; retry 15 s)

PV-UVC-CICLO 46 inicio
PV-UVC-ENUM aguardando enumeracao USB em /dev/video40 (ate 10000 ms)
I (1128906) usb_uvc_device: Waiting for UVC device to be enumerated...
E (1138909) usb_uvc_device: uvc_video_init(266): Failed to take UVC device ready semaphore
PV-UVC-ENUM result=FAIL reason=open errno=19(No such device)
PV-UVC-CICLO 46 sem device (replug a camera p/ nova escada; retry 15 s)

PV-UVC-CICLO 47 inicio
PV-UVC-ENUM aguardando enumeracao USB em /dev/video40 (ate 10000 ms)
I (1153917) usb_uvc_device: Waiting for UVC device to be enumerated...
E (1163920) usb_uvc_device: uvc_video_init(266): Failed to take UVC device ready semaphore
PV-UVC-ENUM result=FAIL reason=open errno=19(No such device)
PV-UVC-CICLO 47 sem device (replug a camera p/ nova escada; retry 15 s)

PV-UVC-CICLO 48 inicio
PV-UVC-ENUM aguardando enumeracao USB em /dev/video40 (ate 10000 ms)
I (1178928) usb_uvc_device: Waiting for UVC device to be enumerated...
E (1188931) usb_uvc_device: uvc_video_init(266): Failed to take UVC device ready semaphore
PV-UVC-ENUM result=FAIL reason=open errno=19(No such device)
PV-UVC-CICLO 48 sem device (replug a camera p/ nova escada; retry 15 s)

PV-UVC-CICLO 49 inicio
PV-UVC-ENUM aguardando enumeracao USB em /dev/video40 (ate 10000 ms)
I (1203939) usb_uvc_device: Waiting for UVC device to be enumerated...
E (1213942) usb_uvc_device: uvc_video_init(266): Failed to take UVC device ready semaphore
PV-UVC-ENUM result=FAIL reason=open errno=19(No such device)
PV-UVC-CICLO 49 sem device (replug a camera p/ nova escada; retry 15 s)

PV-UVC-CICLO 50 inicio
PV-UVC-ENUM aguardando enumeracao USB em /dev/video40 (ate 10000 ms)
I (1228950) usb_uvc_device: Waiting for UVC device to be enumerated...
E (1238953) usb_uvc_device: uvc_video_init(266): Failed to take UVC device ready semaphore
PV-UVC-ENUM result=FAIL reason=open errno=19(No such device)
PV-UVC-CICLO 50 sem device (replug a camera p/ nova escada; retry 15 s)

PV-UVC-CICLO 51 inicio
PV-UVC-ENUM aguardando enumeracao USB em /dev/video40 (ate 10000 ms)
I (1253961) usb_uvc_device: Waiting for UVC device to be enumerated...
E (1263964) usb_uvc_device: uvc_video_init(266): Failed to take UVC device ready semaphore
PV-UVC-ENUM result=FAIL reason=open errno=19(No such device)
PV-UVC-CICLO 51 sem device (replug a camera p/ nova escada; retry 15 s)

PV-UVC-CICLO 52 inicio
PV-UVC-ENUM aguardando enumeracao USB em /dev/video40 (ate 10000 ms)
I (1278972) usb_uvc_device: Waiting for UVC device to be enumerated...
E (1288975) usb_uvc_device: uvc_video_init(266): Failed to take UVC device ready semaphore
PV-UVC-ENUM result=FAIL reason=open errno=19(No such device)
PV-UVC-CICLO 52 sem device (replug a camera p/ nova escada; retry 15 s)

PV-UVC-CICLO 53 inicio
PV-UVC-ENUM aguardando enumeracao USB em /dev/video40 (ate 10000 ms)
I (1303983) usb_uvc_device: Waiting for UVC device to be enumerated...
E (1313986) usb_uvc_device: uvc_video_init(266): Failed to take UVC device ready semaphore
PV-UVC-ENUM result=FAIL reason=open errno=19(No such device)
PV-UVC-CICLO 53 sem device (replug a camera p/ nova escada; retry 15 s)

PV-UVC-CICLO 54 inicio
PV-UVC-ENUM aguardando enumeracao USB em /dev/video40 (ate 10000 ms)
I (1328994) usb_uvc_device: Waiting for UVC device to be enumerated...
E (1338997) usb_uvc_device: uvc_video_init(266): Failed to take UVC device ready semaphore
PV-UVC-ENUM result=FAIL reason=open errno=19(No such device)
PV-UVC-CICLO 54 sem device (replug a camera p/ nova escada; retry 15 s)

PV-UVC-CICLO 55 inicio
PV-UVC-ENUM aguardando enumeracao USB em /dev/video40 (ate 10000 ms)
I (1354005) usb_uvc_device: Waiting for UVC device to be enumerated...
E (1364008) usb_uvc_device: uvc_video_init(266): Failed to take UVC device ready semaphore
PV-UVC-ENUM result=FAIL reason=open errno=19(No such device)
PV-UVC-CICLO 55 sem device (replug a camera p/ nova escada; retry 15 s)

PV-UVC-CICLO 56 inicio
PV-UVC-ENUM aguardando enumeracao USB em /dev/video40 (ate 10000 ms)
I (1379016) usb_uvc_device: Waiting for UVC device to be enumerated...
E (1389019) usb_uvc_device: uvc_video_init(266): Failed to take UVC device ready semaphore
PV-UVC-ENUM result=FAIL reason=open errno=19(No such device)
PV-UVC-CICLO 56 sem device (replug a camera p/ nova escada; retry 15 s)

PV-UVC-CICLO 57 inicio
PV-UVC-ENUM aguardando enumeracao USB em /dev/video40 (ate 10000 ms)
I (1404027) usb_uvc_device: Waiting for UVC device to be enumerated...
E (1414030) usb_uvc_device: uvc_video_init(266): Failed to take UVC device ready semaphore
PV-UVC-ENUM result=FAIL reason=open errno=19(No such device)
PV-UVC-CICLO 57 sem device (replug a camera p/ nova escada; retry 15 s)

PV-UVC-CICLO 58 inicio
PV-UVC-ENUM aguardando enumeracao USB em /dev/video40 (ate 10000 ms)
I (1429038) usb_uvc_device: Waiting for UVC device to be enumerated...
E (1439041) usb_uvc_device: uvc_video_init(266): Failed to take UVC device ready semaphore
PV-UVC-ENUM result=FAIL reason=open errno=19(No such device)
PV-UVC-CICLO 58 sem device (replug a camera p/ nova escada; retry 15 s)

PV-UVC-CICLO 59 inicio
PV-UVC-ENUM aguardando enumeracao USB em /dev/video40 (ate 10000 ms)
I (1454049) usb_uvc_device: Waiting for UVC device to be enumerated...
E (1464052) usb_uvc_device: uvc_video_init(266): Failed to take UVC device ready semaphore
PV-UVC-ENUM result=FAIL reason=open errno=19(No such device)
PV-UVC-CICLO 59 sem device (replug a camera p/ nova escada; retry 15 s)

PV-UVC-CICLO 60 inicio
PV-UVC-ENUM aguardando enumeracao USB em /dev/video40 (ate 10000 ms)
I (1479060) usb_uvc_device: Waiting for UVC device to be enumerated...
E (1489063) usb_uvc_device: uvc_video_init(266): Failed to take UVC device ready semaphore
PV-UVC-ENUM result=FAIL reason=open errno=19(No such device)
PV-UVC-CICLO 60 sem device (replug a camera p/ nova escada; retry 15 s)

PV-UVC-CICLO 61 inicio
PV-UVC-ENUM aguardando enumeracao USB em /dev/video40 (ate 10000 ms)
I (1504071) usb_uvc_device: Waiting for UVC device to be enumerated...
E (1514074) usb_uvc_device: uvc_video_init(266): Failed to take UVC device ready semaphore
PV-UVC-ENUM result=FAIL reason=open errno=19(No such device)
PV-UVC-CICLO 61 sem device (replug a camera p/ nova escada; retry 15 s)

PV-UVC-CICLO 62 inicio
PV-UVC-ENUM aguardando enumeracao USB em /dev/video40 (ate 10000 ms)
I (1529082) usb_uvc_device: Waiting for UVC device to be enumerated...
E (1539085) usb_uvc_device: uvc_video_init(266): Failed to take UVC device ready semaphore
PV-UVC-ENUM result=FAIL reason=open errno=19(No such device)
PV-UVC-CICLO 62 sem device (replug a camera p/ nova escada; retry 15 s)

PV-UVC-CICLO 63 inicio
PV-UVC-ENUM aguardando enumeracao USB em /dev/video40 (ate 10000 ms)
I (1554093) usb_uvc_device: Waiting for UVC device to be enumerated...
E (1564096) usb_uvc_device: uvc_video_init(266): Failed to take UVC device ready semaphore
PV-UVC-ENUM result=FAIL reason=open errno=19(No such device)
PV-UVC-CICLO 63 sem device (replug a camera p/ nova escada; retry 15 s)

PV-UVC-CICLO 64 inicio
PV-UVC-ENUM aguardando enumeracao USB em /dev/video40 (ate 10000 ms)
I (1579104) usb_uvc_device: Waiting for UVC device to be enumerated...
E (1589107) usb_uvc_device: uvc_video_init(266): Failed to take UVC device ready semaphore
PV-UVC-ENUM result=FAIL reason=open errno=19(No such device)
PV-UVC-CICLO 64 sem device (replug a camera p/ nova escada; retry 15 s)

PV-UVC-CICLO 65 inicio
PV-UVC-ENUM aguardando enumeracao USB em /dev/video40 (ate 10000 ms)
I (1604115) usb_uvc_device: Waiting for UVC device to be enumerated...
E (1614118) usb_uvc_device: uvc_video_init(266): Failed to take UVC device ready semaphore
PV-UVC-ENUM result=FAIL reason=open errno=19(No such device)
PV-UVC-CICLO 65 sem device (replug a camera p/ nova escada; retry 15 s)

PV-UVC-CICLO 66 inicio
PV-UVC-ENUM aguardando enumeracao USB em /dev/video40 (ate 10000 ms)
I (1629126) usb_uvc_device: Waiting for UVC device to be enumerated...
E (1639129) usb_uvc_device: uvc_video_init(266): Failed to take UVC device ready semaphore
PV-UVC-ENUM result=FAIL reason=open errno=19(No such device)
PV-UVC-CICLO 66 sem device (replug a camera p/ nova escada; retry 15 s)

PV-UVC-CICLO 67 inicio
PV-UVC-ENUM aguardando enumeracao USB em /dev/video40 (ate 10000 ms)
I (1654137) usb_uvc_device: Waiting for UVC device to be enumerated...
E (1664140) usb_uvc_device: uvc_video_init(266): Failed to take UVC device ready semaphore
PV-UVC-ENUM result=FAIL reason=open errno=19(No such device)
PV-UVC-CICLO 67 sem device (replug a camera p/ nova escada; retry 15 s)

PV-UVC-CICLO 68 inicio
PV-UVC-ENUM aguardando enumeracao USB em /dev/video40 (ate 10000 ms)
I (1679148) usb_uvc_device: Waiting for UVC device to be enumerated...
E (1689151) usb_uvc_device: uvc_video_init(266): Failed to take UVC device ready semaphore
PV-UVC-ENUM result=FAIL reason=open errno=19(No such device)
PV-UVC-CICLO 68 sem device (replug a camera p/ nova escada; retry 15 s)

PV-UVC-CICLO 69 inicio
PV-UVC-ENUM aguardando enumeracao USB em /dev/video40 (ate 10000 ms)
I (1704159) usb_uvc_device: Waiting for UVC device to be enumerated...
E (1714162) usb_uvc_device: uvc_video_init(266): Failed to take UVC device ready semaphore
PV-UVC-ENUM result=FAIL reason=open errno=19(No such device)
PV-UVC-CICLO 69 sem device (replug a camera p/ nova escada; retry 15 s)

PV-UVC-CICLO 70 inicio
PV-UVC-ENUM aguardando enumeracao USB em /dev/video40 (ate 10000 ms)
I (1729170) usb_uvc_device: Waiting for UVC device to be enumerated...
E (1739173) usb_uvc_device: uvc_video_init(266): Failed to take UVC device ready semaphore
PV-UVC-ENUM result=FAIL reason=open errno=19(No such device)
PV-UVC-CICLO 70 sem device (replug a camera p/ nova escada; retry 15 s)

PV-UVC-CICLO 71 inicio
PV-UVC-ENUM aguardando enumeracao USB em /dev/video40 (ate 10000 ms)
I (1754181) usb_uvc_device: Waiting for UVC device to be enumerated...
E (1764184) usb_uvc_device: uvc_video_init(266): Failed to take UVC device ready semaphore
PV-UVC-ENUM result=FAIL reason=open errno=19(No such device)
PV-UVC-CICLO 71 sem device (replug a camera p/ nova escada; retry 15 s)

PV-UVC-CICLO 72 inicio
PV-UVC-ENUM aguardando enumeracao USB em /dev/video40 (ate 10000 ms)
I (1779192) usb_uvc_device: Waiting for UVC device to be enumerated...
E (1789195) usb_uvc_device: uvc_video_init(266): Failed to take UVC device ready semaphore
PV-UVC-ENUM result=FAIL reason=open errno=19(No such device)
PV-UVC-CICLO 72 sem device (replug a camera p/ nova escada; retry 15 s)

PV-UVC-CICLO 73 inicio
PV-UVC-ENUM aguardando enumeracao USB em /dev/video40 (ate 10000 ms)
I (1804203) usb_uvc_device: Waiting for UVC device to be enumerated...
E (1814206) usb_uvc_device: uvc_video_init(266): Failed to take UVC device ready semaphore
PV-UVC-ENUM result=FAIL reason=open errno=19(No such device)
PV-UVC-CICLO 73 sem device (replug a camera p/ nova escada; retry 15 s)

PV-UVC-CICLO 74 inicio
PV-UVC-ENUM aguardando enumeracao USB em /dev/video40 (ate 10000 ms)
I (1829214) usb_uvc_device: Waiting for UVC device to be enumerated...
E (1839217) usb_uvc_device: uvc_video_init(266): Failed to take UVC device ready semaphore
PV-UVC-ENUM result=FAIL reason=open errno=19(No such device)
PV-UVC-CICLO 74 sem device (replug a camera p/ nova escada; retry 15 s)

PV-UVC-CICLO 75 inicio
PV-UVC-ENUM aguardando enumeracao USB em /dev/video40 (ate 10000 ms)
I (1854225) usb_uvc_device: Waiting for UVC device to be enumerated...
E (1864228) usb_uvc_device: uvc_video_init(266): Failed to take UVC device ready semaphore
PV-UVC-ENUM result=FAIL reason=open errno=19(No such device)
PV-UVC-CICLO 75 sem device (replug a camera p/ nova escada; retry 15 s)

PV-UVC-CICLO 76 inicio
PV-UVC-ENUM aguardando enumeracao USB em /dev/video40 (ate 10000 ms)
I (1879236) usb_uvc_device: Waiting for UVC device to be enumerated...
E (1889239) usb_uvc_device: uvc_video_init(266): Failed to take UVC device ready semaphore
PV-UVC-ENUM result=FAIL reason=open errno=19(No such device)
PV-UVC-CICLO 76 sem device (replug a camera p/ nova escada; retry 15 s)

PV-UVC-CICLO 77 inicio
PV-UVC-ENUM aguardando enumeracao USB em /dev/video40 (ate 10000 ms)
I (1904247) usb_uvc_device: Waiting for UVC device to be enumerated...
E (1914250) usb_uvc_device: uvc_video_init(266): Failed to take UVC device ready semaphore
PV-UVC-ENUM result=FAIL reason=open errno=19(No such device)
PV-UVC-CICLO 77 sem device (replug a camera p/ nova escada; retry 15 s)

PV-UVC-CICLO 78 inicio
PV-UVC-ENUM aguardando enumeracao USB em /dev/video40 (ate 10000 ms)
I (1929258) usb_uvc_device: Waiting for UVC device to be enumerated...
E (1939261) usb_uvc_device: uvc_video_init(266): Failed to take UVC device ready semaphore
PV-UVC-ENUM result=FAIL reason=open errno=19(No such device)
PV-UVC-CICLO 78 sem device (replug a camera p/ nova escada; retry 15 s)
ESP-ROM:esp32p4-eco2-20240710
Build:Jul 10 2024
rst:0x1 (POWERON),boot:0xf (SPI_FAST_FLASH_BOOT)
SPI mode:DIO, clock div:1
load:0x4ff33ce0,len:0x5d0
load:0x4ff28ed0,len:0xdf8
load:0x4ff2bbd0,len:0x34b8
entry 0x4ff28ed0
I (42) hex_psram: vendor id    : 0x0d (AP)
I (43) hex_psram: Latency      : 0x01 (Fixed)
I (43) hex_psram: DriveStr.    : 0x00 (25 Ohm)
I (43) hex_psram: dev id       : 0x03 (generation 4)
I (48) hex_psram: density      : 0x07 (256 Mbit)
I (52) hex_psram: good-die     : 0x06 (Pass)
I (56) hex_psram: SRF          : 0x02 (Slow Refresh)
I (61) hex_psram: BurstType    : 0x00 ( Wrap)
I (65) hex_psram: BurstLen     : 0x03 (2048 Byte)
I (69) hex_psram: BitMode      : 0x01 (X16 Mode)
I (74) hex_psram: Readlatency  : 0x04 (14 cycles@Fixed)
I (79) hex_psram: DriveStrength: 0x00 (1/1)
I (83) MSPI Timing: Enter psram timing tuning
I esp_psram: Found 32MB PSRAM device
I esp_psram: Speed: 200MHz
I (280) mmu_psram: .rodata xip on psram
I (313) mmu_psram: .text xip on psram
I (315) hex_psram: psram CS IO is dedicated
I (315) cpu_start: Multicore app
I (324) cpu_start: GPIO 38 and 37 are used as console UART I/O pins
I (325) cpu_start: Pro cpu start user code
I (325) cpu_start: cpu freq: 360000000 Hz
I (327) app_init: Application information:
I (330) app_init: Project name:     xiaozhi
I (334) app_init: App version:      2.4.0
I (338) app_init: Compile time:     Aug 12 2026 06:58:15
I (343) app_init: ELF file SHA256:  1eb1b5131...
I (347) app_init: ESP-IDF:          v6.0.2
I (351) efuse_init: Min chip rev:     v1.0
I (355) efuse_init: Max chip rev:     v1.99 
I (359) efuse_init: Chip rev:         v1.3
I (363) heap_init: Initializing. RAM available for dynamic allocation:
I (369) heap_init: At 4FF1B1D0 len 0001FDF0 (127 KiB): RETENT_RAM
I (375) heap_init: At 4FF3AFC0 len 00004BF0 (18 KiB): RAM
I (380) heap_init: At 4FF40000 len 00060000 (384 KiB): RAM
I (385) heap_init: At 50108080 len 00007F80 (31 KiB): RTCRAM
I (391) heap_init: At 30100088 len 00001F78 (7 KiB): SPM
I (396) esp_psram: Adding pool of 31808K of PSRAM memory to heap allocator
I (402) esp_psram: Adding pool of 44K of PSRAM memory gap generated due to end address alignment of irom to the heap allocator
I (413) esp_psram: Adding pool of 44K of PSRAM memory gap generated due to end address alignment of drom to the heap allocator
I (425) spi_flash: detected chip: gd
I (428) spi_flash: flash io: qio
I (431) host_init: ESP Hosted : Host chip_ip[18]
I (435) H_API: ESP-Hosted starting. Hosted_Tasks: prio:23, stack: 5120 RPC_task_stack: 5120
I (443) H_API: ** add_esp_wifi_remote_channels **
I (449) sleep_gpio: Configure to isolate all GPIO pins in sleep state
I (454) sleep_gpio: Enable automatic switching of GPIO sleep configuration
I (462) H_SDIO_DRV: sdio_data_to_rx_buf_task started
I (465) main_task: Started on CPU0
I (468) esp_psram: Reserving pool of 64K of internal memory for DMA/internal allocations
I (477) main_task: Calling app_main()

PV-UVC-SPIKE inicio (F2B) degraus=5
PV-UVC-MEM etapa=boot psram_livre=32634868 psram_maior_bloco=32505856 interna_livre=418575
I (2357) main_task: Returned from app_main()
PV-UVC-VBUS estado=off (host instalado sem energia no root port; 1000 ms)
PV-UVC-VBUS estado=on err=0x0 apos_ms=0
D (3387) uvc: USB UVC handling start
PV-UVC-INIT result=OK usb_host=on uvc_dev_num=1

PV-UVC-CICLO 1 inicio
PV-UVC-ENUM aguardando enumeracao USB em /dev/video40 (ate 10000 ms)
I (3395) usb_uvc_device: Waiting for UVC device to be enumerated...
E (13401) usb_uvc_device: uvc_video_init(266): Failed to take UVC device ready semaphore
PV-UVC-ENUM result=FAIL reason=open errno=19(No such device)
PV-UVC-CICLO 1 sem device (replug a camera p/ nova escada; retry 15 s)

PV-UVC-CICLO 2 inicio
PV-UVC-ENUM aguardando enumeracao USB em /dev/video40 (ate 10000 ms)
I (28409) usb_uvc_device: Waiting for UVC device to be enumerated...
E (38412) usb_uvc_device: uvc_video_init(266): Failed to take UVC device ready semaphore
PV-UVC-ENUM result=FAIL reason=open errno=19(No such device)
PV-UVC-CICLO 2 sem device (replug a camera p/ nova escada; retry 15 s)

PV-UVC-CICLO 3 inicio
PV-UVC-ENUM aguardando enumeracao USB em /dev/video40 (ate 10000 ms)
I (53420) usb_uvc_device: Waiting for UVC device to be enumerated...
E (63423) usb_uvc_device: uvc_video_init(266): Failed to take UVC device ready semaphore
PV-UVC-ENUM result=FAIL reason=open errno=19(No such device)
PV-UVC-CICLO 3 sem device (replug a camera p/ nova escada; retry 15 s)

PV-UVC-CICLO 4 inicio
PV-UVC-ENUM aguardando enumeracao USB em /dev/video40 (ate 10000 ms)
I (78431) usb_uvc_device: Waiting for UVC device to be enumerated...
E (88434) usb_uvc_device: uvc_video_init(266): Failed to take UVC device ready semaphore
PV-UVC-ENUM result=FAIL reason=open errno=19(No such device)
PV-UVC-CICLO 4 sem device (replug a camera p/ nova escada; retry 15 s)

PV-UVC-CICLO 5 inicio
PV-UVC-ENUM aguardando enumeracao USB em /dev/video40 (ate 10000 ms)
I (103442) usb_uvc_device: Waiting for UVC device to be enumerated...
E (113445) usb_uvc_device: uvc_video_init(266): Failed to take UVC device ready semaphore
PV-UVC-ENUM result=FAIL reason=open errno=19(No such device)
PV-UVC-CICLO 5 sem device (replug a camera p/ nova escada; retry 15 s)

PV-UVC-CICLO 6 inicio
PV-UVC-ENUM aguardando enumeracao USB em /dev/video40 (ate 10000 ms)
I (128453) usb_uvc_device: Waiting for UVC device to be enumerated...
E (138456) usb_uvc_device: uvc_video_init(266): Failed to take UVC device ready semaphore
PV-UVC-ENUM result=FAIL reason=open errno=19(No such device)
PV-UVC-CICLO 6 sem device (replug a camera p/ nova escada; retry 15 s)

PV-UVC-CICLO 7 inicio
PV-UVC-ENUM aguardando enumeracao USB em /dev/video40 (ate 10000 ms)
I (153464) usb_uvc_device: Waiting for UVC device to be enumerated...
E (163467) usb_uvc_device: uvc_video_init(266): Failed to take UVC device ready semaphore
PV-UVC-ENUM result=FAIL reason=open errno=19(No such device)
PV-UVC-CICLO 7 sem device (replug a camera p/ nova escada; retry 15 s)

PV-UVC-CICLO 8 inicio
PV-UVC-ENUM aguardando enumeracao USB em /dev/video40 (ate 10000 ms)
I (178475) usb_uvc_device: Waiting for UVC device to be enumerated...
E (188478) usb_uvc_device: uvc_video_init(266): Failed to take UVC device ready semaphore
PV-UVC-ENUM result=FAIL reason=open errno=19(No such device)
PV-UVC-CICLO 8 sem device (replug a camera p/ nova escada; retry 15 s)

PV-UVC-CICLO 9 inicio
PV-UVC-ENUM aguardando enumeracao USB em /dev/video40 (ate 10000 ms)
I (203486) usb_uvc_device: Waiting for UVC device to be enumerated...
E (213489) usb_uvc_device: uvc_video_init(266): Failed to take UVC device ready semaphore
PV-UVC-ENUM result=FAIL reason=open errno=19(No such device)
PV-UVC-CICLO 9 sem device (replug a camera p/ nova escada; retry 15 s)

PV-UVC-CICLO 10 inicio
PV-UVC-ENUM aguardando enumeracao USB em /dev/video40 (ate 10000 ms)
I (228497) usb_uvc_device: Waiting for UVC device to be enumerated...
E (238500) usb_uvc_device: uvc_video_init(266): Failed to take UVC device ready semaphore
PV-UVC-ENUM result=FAIL reason=open errno=19(No such device)
PV-UVC-CICLO 10 sem device (replug a camera p/ nova escada; retry 15 s)

PV-UVC-CICLO 11 inicio
PV-UVC-ENUM aguardando enumeracao USB em /dev/video40 (ate 10000 ms)
I (253508) usb_uvc_device: Waiting for UVC device to be enumerated...
E (263511) usb_uvc_device: uvc_video_init(266): Failed to take UVC device ready semaphore
PV-UVC-ENUM result=FAIL reason=open errno=19(No such device)
PV-UVC-CICLO 11 sem device (replug a camera p/ nova escada; retry 15 s)

PV-UVC-CICLO 12 inicio
PV-UVC-ENUM aguardando enumeracao USB em /dev/video40 (ate 10000 ms)
I (278519) usb_uvc_device: Waiting for UVC device to be enumerated...
E (288522) usb_uvc_device: uvc_video_init(266): Failed to take UVC device ready semaphore
PV-UVC-ENUM result=FAIL reason=open errno=19(No such device)
PV-UVC-CICLO 12 sem device (replug a camera p/ nova escada; retry 15 s)

PV-UVC-CICLO 13 inicio
PV-UVC-ENUM aguardando enumeracao USB em /dev/video40 (ate 10000 ms)
I (303530) usb_uvc_device: Waiting for UVC device to be enumerated...
E (313533) usb_uvc_device: uvc_video_init(266): Failed to take UVC device ready semaphore
PV-UVC-ENUM result=FAIL reason=open errno=19(No such device)
PV-UVC-CICLO 13 sem device (replug a camera p/ nova escada; retry 15 s)

PV-UVC-CICLO 14 inicio
PV-UVC-ENUM aguardando enumeracao USB em /dev/video40 (ate 10000 ms)
I (328541) usb_uvc_device: Waiting for UVC device to be enumerated...
E (338544) usb_uvc_device: uvc_video_init(266): Failed to take UVC device ready semaphore
PV-UVC-ENUM result=FAIL reason=open errno=19(No such device)
PV-UVC-CICLO 14 sem device (replug a camera p/ nova escada; retry 15 s)

PV-UVC-CICLO 15 inicio
PV-UVC-ENUM aguardando enumeracao USB em /dev/video40 (ate 10000 ms)
I (353552) usb_uvc_device: Waiting for UVC device to be enumerated...
E (363555) usb_uvc_device: uvc_video_init(266): Failed to take UVC device ready semaphore
PV-UVC-ENUM result=FAIL reason=open errno=19(No such device)
PV-UVC-CICLO 15 sem device (replug a camera p/ nova escada; retry 15 s)

PV-UVC-CICLO 16 inicio
PV-UVC-ENUM aguardando enumeracao USB em /dev/video40 (ate 10000 ms)
I (378563) usb_uvc_device: Waiting for UVC device to be enumerated...
E (388566) usb_uvc_device: uvc_video_init(266): Failed to take UVC device ready semaphore
PV-UVC-ENUM result=FAIL reason=open errno=19(No such device)
PV-UVC-CICLO 16 sem device (replug a camera p/ nova escada; retry 15 s)
ESP-ROM:esp32p4-eco2-20240710
Build:Jul 10 2024
rst:0x1 (POWERON),boot:0xf (SPI_FAST_FLASH_BOOT)
SPI mode:DIO, clock div:1
load:0x4ff33ce0,len:0x5d0
load:0x4ff28ed0,len:0xdf8
load:0x4ff2bbd0,len:0x34b8
entry 0x4ff28ed0
I (42) hex_psram: vendor id    : 0x0d (AP)
I (43) hex_psram: Latency      : 0x01 (Fixed)
I (43) hex_psram: DriveStr.    : 0x00 (25 Ohm)
I (43) hex_psram: dev id       : 0x03 (generation 4)
I (48) hex_psram: density      : 0x07 (256 Mbit)
I (52) hex_psram: good-die     : 0x06 (Pass)
I (56) hex_psram: SRF          : 0x02 (Slow Refresh)
I (61) hex_psram: BurstType    : 0x00 ( Wrap)
I (65) hex_psram: BurstLen     : 0x03 (2048 Byte)
I (69) hex_psram: BitMode      : 0x01 (X16 Mode)
I (74) hex_psram: Readlatency  : 0x04 (14 cycles@Fixed)
I (79) hex_psram: DriveStrength: 0x00 (1/1)
I (83) MSPI Timing: Enter psram timing tuning
I esp_psram: Found 32MB PSRAM device
I esp_psram: Speed: 200MHz
I (280) mmu_psram: .rodata xip on psram
I (314) mmu_psram: .text xip on psram
I (315) hex_psram: psram CS IO is dedicated
I (315) cpu_start: Multicore app
I (324) cpu_start: GPIO 38 and 37 are used as console UART I/O pins
I (325) cpu_start: Pro cpu start user code
I (325) cpu_start: cpu freq: 360000000 Hz
I (327) app_init: Application information:
I (330) app_init: Project name:     xiaozhi
I (334) app_init: App version:      2.4.0
I (338) app_init: Compile time:     Aug 12 2026 06:58:15
I (343) app_init: ELF file SHA256:  1eb1b5131...
I (347) app_init: ESP-IDF:          v6.0.2
I (351) efuse_init: Min chip rev:     v1.0
I (355) efuse_init: Max chip rev:     v1.99 
I (359) efuse_init: Chip rev:         v1.3
I (363) heap_init: Initializing. RAM available for dynamic allocation:
I (369) heap_init: At 4FF1B1D0 len 0001FDF0 (127 KiB): RETENT_RAM
I (375) heap_init: At 4FF3AFC0 len 00004BF0 (18 KiB): RAM
I (380) heap_init: At 4FF40000 len 00060000 (384 KiB): RAM
I (385) heap_init: At 50108080 len 00007F80 (31 KiB): RTCRAM
I (391) heap_init: At 30100088 len 00001F78 (7 KiB): SPM
I (396) esp_psram: Adding pool of 31808K of PSRAM memory to heap allocator
I (402) esp_psram: Adding pool of 44K of PSRAM memory gap generated due to end address alignment of irom to the heap allocator
I (413) esp_psram: Adding pool of 44K of PSRAM memory gap generated due to end address alignment of drom to the heap allocator
I (425) spi_flash: detected chip: gd
I (428) spi_flash: flash io: qio
I (431) host_init: ESP Hosted : Host chip_ip[18]
I (435) H_API: ESP-Hosted starting. Hosted_Tasks: prio:23, stack: 5120 RPC_task_stack: 5120
I (443) H_API: ** add_esp_wifi_remote_channels **
I (449) sleep_gpio: Configure to isolate all GPIO pins in sleep state
I (454) sleep_gpio: Enable automatic switching of GPIO sleep configuration
I (462) H_SDIO_DRV: sdio_data_to_rx_buf_task started
I (465) main_task: Started on CPU0
I (468) esp_psram: Reserving pool of 64K of internal memory for DMA/internal allocations
I (477) main_task: Calling app_main()

PV-UVC-SPIKE inicio (F2B) degraus=5
PV-UVC-MEM etapa=boot psram_livre=32634868 psram_maior_bloco=32505856 interna_livre=418575
I (2354) main_task: Returned from app_main()
PV-UVC-VBUS estado=off (host instalado sem energia no root port; 1000 ms)
PV-UVC-VBUS estado=on err=0x0 apos_ms=0
D (3384) uvc: USB UVC handling start
PV-UVC-INIT result=OK usb_host=on uvc_dev_num=1

PV-UVC-CICLO 1 inicio
PV-UVC-ENUM aguardando enumeracao USB em /dev/video40 (ate 10000 ms)
I (3392) usb_uvc_device: Waiting for UVC device to be enumerated...
E (13398) usb_uvc_device: uvc_video_init(266): Failed to take UVC device ready semaphore
PV-UVC-ENUM result=FAIL reason=open errno=19(No such device)
PV-UVC-CICLO 1 sem device (replug a camera p/ nova escada; retry 15 s)

PV-UVC-CICLO 2 inicio
PV-UVC-ENUM aguardando enumeracao USB em /dev/video40 (ate 10000 ms)
I (28406) usb_uvc_device: Waiting for UVC device to be enumerated...
E (38409) usb_uvc_device: uvc_video_init(266): Failed to take UVC device ready semaphore
PV-UVC-ENUM result=FAIL reason=open errno=19(No such device)
PV-UVC-CICLO 2 sem device (replug a camera p/ nova escada; retry 15 s)

PV-UVC-CICLO 3 inicio
PV-UVC-ENUM aguardando enumeracao USB em /dev/video40 (ate 10000 ms)
I (53417) usb_uvc_device: Waiting for UVC device to be enumerated...
E (63420) usb_uvc_device: uvc_video_init(266): Failed to take UVC device ready semaphore
PV-UVC-ENUM result=FAIL reason=open errno=19(No such device)
PV-UVC-CICLO 3 sem device (replug a camera p/ nova escada; retry 15 s)

PV-UVC-CICLO 4 inicio
PV-UVC-ENUM aguardando enumeracao USB em /dev/video40 (ate 10000 ms)
I (78428) usb_uvc_device: Waiting for UVC device to be enumerated...
E (88431) usb_uvc_device: uvc_video_init(266): Failed to take UVC device ready semaphore
PV-UVC-ENUM result=FAIL reason=open errno=19(No such device)
PV-UVC-CICLO 4 sem device (replug a camera p/ nova escada; retry 15 s)

PV-UVC-CICLO 5 inicio
PV-UVC-ENUM aguardando enumeracao USB em /dev/video40 (ate 10000 ms)
I (103439) usb_uvc_device: Waiting for UVC device to be enumerated...
E (113442) usb_uvc_device: uvc_video_init(266): Failed to take UVC device ready semaphore
PV-UVC-ENUM result=FAIL reason=open errno=19(No such device)
PV-UVC-CICLO 5 sem device (replug a camera p/ nova escada; retry 15 s)

PV-UVC-CICLO 6 inicio
PV-UVC-ENUM aguardando enumeracao USB em /dev/video40 (ate 10000 ms)
I (128450) usb_uvc_device: Waiting for UVC device to be enumerated...
E (138453) usb_uvc_device: uvc_video_init(266): Failed to take UVC device ready semaphore
PV-UVC-ENUM result=FAIL reason=open errno=19(No such device)
PV-UVC-CICLO 6 sem device (replug a camera p/ nova escada; retry 15 s)

PV-UVC-CICLO 7 inicio
PV-UVC-ENUM aguardando enumeracao USB em /dev/video40 (ate 10000 ms)
I (153461) usb_uvc_device: Waiting for UVC device to be enumerated...
E (163464) usb_uvc_device: uvc_video_init(266): Failed to take UVC device ready semaphore
PV-UVC-ENUM result=FAIL reason=open errno=19(No such device)
PV-UVC-CICLO 7 sem device (replug a camera p/ nova escada; retry 15 s)

PV-UVC-CICLO 8 inicio
PV-UVC-ENUM aguardando enumeracao USB em /dev/video40 (ate 10000 ms)
I (178472) usb_uvc_device: Waiting for UVC device to be enumerated...
E (188475) usb_uvc_device: uvc_video_init(266): Failed to take UVC device ready semaphore
PV-UVC-ENUM result=FAIL reason=open errno=19(No such device)
PV-UVC-CICLO 8 sem device (replug a camera p/ nova escada; retry 15 s)

PV-UVC-CICLO 9 inicio
PV-UVC-ENUM aguardando enumeracao USB em /dev/video40 (ate 10000 ms)
I (203483) usb_uvc_device: Waiting for UVC device to be enumerated...
E (209658) ENUM: LANGID 0x409 not found
D (209660) uvc: New device connected
*** Configuration descriptor ***
bLength 9
bDescriptorType 2
wTotalLength 1463
bNumInterfaces 5
bConfigurationValue 1
iConfiguration 0
bmAttributes 0x80
bMaxPower 500mA
*** Interface Association Descriptor ***
bLength 8
bDescriptorType 11
bFirstInterface 0
bInterfaceCount 2
bFunctionClass 0xe
bFunctionSubClass 0x3
bFunctionProtocol 0x0
iFunction 4
	*** Interface descriptor ***
	bLength 9
	bDescriptorType 4
	bInterfaceNumber 0
	bAlternateSetting 0
	bNumEndpoints 1
	bInterfaceClass 0xe
	bInterfaceSubClass 0x1
	bInterfaceProtocol 0x0
	iInterface 0
	*** Class-specific VC Interface Descriptor ***
	bLength 13
	bDescriptorType 0x24
	bDescriptorSubType 0x01
	bcdUVC 0100
	wTotalLength 80
	dwClockFrequency 24000000
	bInCollection 1
	baInterfaceNr[0] 1
	*** Input Terminal Descriptor (Camera) ***
	bLength 18
	bDescriptorType 0x24
	bDescriptorSubType 0x02
	bTerminalID 0x1
	wTerminalType 0x201
	bAssocTerminal 0
	iTerminal 0
	wObjectiveFocalLengthMin 0
	wObjectiveFocalLengthMax 0
	wOcularFocalLength 0
	bControlSize 3
	bmControls 0x7A 0x2A 0x2
	*** Extension Unit Descriptor unsupported, skipping... ***
	*** Processing Unit Descriptor ***
	bLength 11
	bDescriptorType 0x24
	bDescriptorSubType 0x05
	bUnitID 3
	bSourceID 2
	wMaxMultiplier 16384
	bControlSize 2
	bmControls 0x7F 0x17 0x0
	iProcessing 9
	bmVideoStandards 0x24
	*** Output Terminal Descriptor ***
	bLength 9
	bDescriptorType 0x24
	bDescriptorSubType 0x03
	bTerminalID 4
	wTerminalType 0x101
	bAssocTerminal 0
	bSourceID 3
	iTerminal 0
		*** Endpoint descriptor ***
		bLength 7
		bDescriptorType 5
		bEndpointAddress 0x81	EP 1 IN
		bmAttributes 0x3	INT
		wMaxPacketSize 16
		bInterval 8
		*** Class-specific Interrupt Endpoint Descriptor ***
		bLength 5
		bDescriptorType 0x25
		bDescriptorSubType 3
		wMaxTransferSize 16
	*** Interface descriptor ***
	bLength 9
	bDescriptorType 4
	bInterfaceNumber 1
	bAlternateSetting 0
	bNumEndpoints 0
	bInterfaceClass 0xe
	bInterfaceSubClass 0x2
	bInterfaceProtocol 0x0
	iInterface 0
	*** Class-specific VC Interface Descriptor ***
	bLength 15
	bDescriptorType 0x24
	bDescriptorSubType 0x01
	bcdUVC fc02
	wTotalLength 33283
	dwClockFrequency 16909312
	bInCollection 1
	baInterfaceNr[0] 1
	*** Extension Unit Descriptor unsupported, skipping... ***
	*** VS Frame Descriptor ***
	bLength 38
	bDescriptorType 0x24
	bDescriptorSubType 0x07
	bFrameIndex 1
	bmCapabilities 0x0
	wWidth 1920
	wHeight 1080
	dwMinBitRate 20736000
	dwMaxBitRate 62208000
	dwMaxVideoFrameBufSize 2073600
	dwDefaultFrameInterval 333333
	bFrameIntervalType 3
	FrameInterval[0] 333333
	FrameInterval[1] 666666
	FrameInterval[2] 1000000
	*** VS Frame Descriptor ***
	bLength 38
	bDescriptorType 0x24
	bDescriptorSubType 0x07
	bFrameIndex 2
	bmCapabilities 0x0
	wWidth 640
	wHeight 320
	dwMinBitRate 2048000
	dwMaxBitRate 6144000
	dwMaxVideoFrameBufSize 204800
	dwDefaultFrameInterval 333333
	bFrameIntervalType 3
	FrameInterval[0] 333333
	FrameInterval[1] 666666
	FrameInterval[2] 1000000
	*** VS Frame Descriptor ***
	bLength 38
	bDescriptorType 0x24
	bDescriptorSubType 0x07
	bFrameIndex 3
	bmCapabilities 0x0
	wWidth 640
	wHeight 480
	dwMinBitRate 3072000
	dwMaxBitRate 9216000
	dwMaxVideoFrameBufSize 307200
	dwDefaultFrameInterval 333333
	bFrameIntervalType 3
	FrameInterval[0] 333333
	FrameInterval[1] 666666
	FrameInterval[2] 1000000
	*** VS Frame Descriptor ***
	bLength 38
	bDescriptorType 0x24
	bDescriptorSubType 0x07
	bFrameIndex 4
	bmCapabilities 0x0
	wWidth 800
	wHeight 600
	dwMinBitRate 4800000
	dwMaxBitRate 14400000
	dwMaxVideoFrameBufSize 480000
	dwDefaultFrameInterval 333333
	bFrameIntervalType 3
	FrameInterval[0] 333333
	FrameInterval[1] 666666
	FrameInterval[2] 1000000
	*** VS Frame Descriptor ***
	bLength 38
	bDescriptorType 0x24
	bDescriptorSubType 0x07
	bFrameIndex 5
	bmCapabilities 0x0
	wWidth 1024
	wHeight 768
	dwMinBitRate 7864320
	dwMaxBitRate 23592960
	dwMaxVideoFrameBufSize 786432
	dwDefaultFrameInterval 333333
	bFrameIntervalType 3
	FrameInterval[0] 333333
	FrameInterval[1] 666666
	FrameInterval[2] 1000000
	*** VS Frame Descriptor ***
	bLength 38
	bDescriptorType 0x24
	bDescriptorSubType 0x07
	bFrameIndex 6
	bmCapabilities 0x0
	wWidth 1280
	wHeight 720
	dwMinBitRate 9216000
	dwMaxBitRate 27648000
	dwMaxVideoFrameBufSize 921600
	dwDefaultFrameInterval 333333
	bFrameIntervalType 3
	FrameInterval[0] 333333
	FrameInterval[1] 666666
	FrameInterval[2] 1000000
	*** VS Frame Descriptor ***
	bLength 38
	bDescriptorType 0x24
	bDescriptorSubType 0x07
	bFrameIndex 7
	bmCapabilities 0x0
	wWidth 1280
	wHeight 960
	dwMinBitRate 12288000
	dwMaxBitRate 36864000
	dwMaxVideoFrameBufSize 1228800
	dwDefaultFrameInterval 333333
	bFrameIntervalType 3
	FrameInterval[0] 333333
	FrameInterval[1] 666666
	FrameInterval[2] 1000000
	*** VS Frame Descriptor ***
	bLength 38
	bDescriptorType 0x24
	bDescriptorSubType 0x07
	bFrameIndex 8
	bmCapabilities 0x0
	wWidth 1600
	wHeight 1200
	dwMinBitRate 19200000
	dwMaxBitRate 57600000
	dwMaxVideoFrameBufSize 1920000
	dwDefaultFrameInterval 333333
	bFrameIntervalType 3
	FrameInterval[0] 333333
	FrameInterval[1] 666666
	FrameInterval[2] 1000000
	*** VS Frame Descriptor ***
	bLength 38
	bDescriptorType 0x24
	bDescriptorSubType 0x07
	bFrameIndex 9
	bmCapabilities 0x0
	wWidth 2048
	wHeight 1536
	dwMinBitRate 31457280
	dwMaxBitRate 94371840
	dwMaxVideoFrameBufSize 3145728
	dwDefaultFrameInterval 333333
	bFrameIntervalType 3
	FrameInterval[0] 333333
	FrameInterval[1] 666666
	FrameInterval[2] 1000000
	*** VS Frame Descriptor ***
	bLength 38
	bDescriptorType 0x24
	bDescriptorSubType 0x07
	bFrameIndex 10
	bmCapabilities 0x0
	wWidth 2592
	wHeight 1944
	dwMinBitRate 50388480
	dwMaxBitRate 151165440
	dwMaxVideoFrameBufSize 5038848
	dwDefaultFrameInterval 333333
	bFrameIntervalType 3
	FrameInterval[0] 333333
	FrameInterval[1] 666666
	FrameInterval[2] 1000000
	*** VS Frame Descriptor ***
	bLength 38
	bDescriptorType 0x24
	bDescriptorSubType 0x07
	bFrameIndex 11
	bmCapabilities 0x0
	wWidth 3264
	wHeight 2448
	dwMinBitRate 79902720
	dwMaxBitRate 239708160
	dwMaxVideoFrameBufSize 7990272
	dwDefaultFrameInterval 333333
	bFrameIntervalType 3
	FrameInterval[0] 333333
	FrameInterval[1] 666666
	FrameInterval[2] 1000000
	*** VS Frame Descriptor ***
	bLength 38
	bDescriptorType 0x24
	bDescriptorSubType 0x07
	bFrameIndex 12
	bmCapabilities 0x0
	wWidth 3840
	wHeight 2160
	dwMinBitRate 82944000
	dwMaxBitRate 248832000
	dwMaxVideoFrameBufSize 8294400
	dwDefaultFrameInterval 333333
	bFrameIntervalType 3
	FrameInterval[0] 333333
	FrameInterval[1] 666666
	FrameInterval[2] 1000000
	*** VS Frame Descriptor ***
	bLength 34
	bDescriptorType 0x24
	bDescriptorSubType 0x07
	bFrameIndex 13
	bmCapabilities 0x0
	wWidth 4000
	wHeight 3000
	dwMinBitRate 120000000
	dwMaxBitRate 180000000
	dwMaxVideoFrameBufSize 12000000
	dwDefaultFrameInterval 666666
	bFrameIntervalType 2
	FrameInterval[0] 666666
	FrameInterval[1] 1000000
	*** VS Frame Descriptor ***
	bLength 34
	bDescriptorType 0x24
	bDescriptorSubType 0x07
	bFrameIndex 14
	bmCapabilities 0x0
	wWidth 320
	wHeight 240
	dwMinBitRate 1152000
	dwMaxBitRate 2304000
	dwMaxVideoFrameBufSize 76800
	dwDefaultFrameInterval 333333
	bFrameIntervalType 2
	FrameInterval[0] 333333
	FrameInterval[1] 666666
	*** Output Terminal Descriptor ***
	bLength 63
	bDescriptorType 0x24
	bDescriptorSubType 0x03
	bTerminalID 0
	wTerminalType 0x800E
	bAssocTerminal 7
	bSourceID 56
	iTerminal 4
	*** VS Color Format Descriptor ***
	bLength 6
	bDescriptorType 0x24
	bDescriptorSubType 0x0D
	bColorPrimaries 0x1
	bTransferCharacteristics 1
	bMatrixCoefficients 0x4
	*** Selector Unit Descriptor ***
	bLength 27
	bDescriptorType 0x24
	bDescriptorSubType 0x04
	bUnitID 2
	bNrInPins 12
	baSourceID1 89
	baSourceID2 85
	iSelector 89
	*** Processing Unit Descriptor ***
	bLength 34
	bDescriptorType 0x24
	bDescriptorSubType 0x05
	bUnitID 1
	bSourceID 0
	wMaxMultiplier 320
	bControlSize 240
	bmControls 0x0 0x0 0x70
	iProcessing 23
	bmVideoStandards 0x0
	*** Processing Unit Descriptor ***
	bLength 34
	bDescriptorType 0x24
	bDescriptorSubType 0x05
	bUnitID 2
	bSourceID 0
	wMaxMultiplier 640
	bControlSize 104
	bmControls 0x1 0x0 0x50
	iProcessing 70
	bmVideoStandards 0x0
	*** Processing Unit Descriptor ***
	bLength 30
	bDescriptorType 0x24
	bDescriptorSubType 0x05
	bUnitID 3
	bSourceID 0
	wMaxMultiplier 640
	bControlSize 224
	bmControls 0x1 0x0 0xC0
	iProcessing 93
	bmVideoStandards 0x0
	*** Processing Unit Descriptor ***
	bLength 30
	bDescriptorType 0x24
	bDescriptorSubType 0x05
	bUnitID 4
	bSourceID 0
	wMaxMultiplier 800
	bControlSize 88
	bmControls 0x2 0x0 0x7C
	iProcessing 146
	bmVideoStandards 0x0
	*** Processing Unit Descriptor ***
	bLength 30
	bDescriptorType 0x24
	bDescriptorSubType 0x05
	bUnitID 5
	bSourceID 0
	wMaxMultiplier 1024
	bControlSize 208
	bmControls 0x2 0x0 0x0
	iProcessing 225
	bmVideoStandards 0x0
	*** Processing Unit Descriptor ***
	bLength 30
	bDescriptorType 0x24
	bDescriptorSubType 0x05
	bUnitID 6
	bSourceID 0
	wMaxMultiplier 1280
	bControlSize 172
	bmControls 0x3 0x0 0x30
	iProcessing 111
	bmVideoStandards 0x1
	*** Processing Unit Descriptor ***
	bLength 30
	bDescriptorType 0x24
	bDescriptorSubType 0x05
	bUnitID 7
	bSourceID 0
	wMaxMultiplier 1280
	bControlSize 0
	bmControls 0x4 0x0 0x0
	iProcessing 144
	bmVideoStandards 0x1
	*** Processing Unit Descriptor ***
	bLength 30
	bDescriptorType 0x24
	bDescriptorSubType 0x05
	bUnitID 8
	bSourceID 0
	wMaxMultiplier 1600
	bControlSize 176
	bmControls 0x4 0x0 0xF8
	iProcessing 36
	bmVideoStandards 0x1
	*** Processing Unit Descriptor ***
	bLength 30
	bDescriptorType 0x24
	bDescriptorSubType 0x05
	bUnitID 9
	bSourceID 0
	wMaxMultiplier 1920
	bControlSize 56
	bmControls 0x4 0x0 0x68
	iProcessing 60
	bmVideoStandards 0x1
	*** Processing Unit Descriptor ***
	bLength 30
	bDescriptorType 0x24
	bDescriptorSubType 0x05
	bUnitID 10
	bSourceID 0
	wMaxMultiplier 2048
	bControlSize 0
	bmControls 0x6 0x0 0x0
	iProcessing 224
	bmVideoStandards 0x1
	*** Processing Unit Descriptor ***
	bLength 30
	bDescriptorType 0x24
	bDescriptorSubType 0x05
	bUnitID 11
	bSourceID 0
	wMaxMultiplier 2560
	bControlSize 160
	bmControls 0x5 0x0 0x80
	iProcessing 50
	bmVideoStandards 0x2
	*** Processing Unit Descriptor ***
	bLength 30
	bDescriptorType 0x24
	bDescriptorSubType 0x05
	bUnitID 12
	bSourceID 0
	wMaxMultiplier 2592
	bControlSize 152
	bmControls 0x7 0x0 0xDE
	iProcessing 0
	bmVideoStandards 0x3
	*** VS Color Format Descriptor ***
	bLength 6
	bDescriptorType 0x24
	bDescriptorSubType 0x0D
	bColorPrimaries 0x1
	bTransferCharacteristics 1
	bMatrixCoefficients 0x4
	*** Interface descriptor ***
	bLength 9
	bDescriptorType 4
	bInterfaceNumber 1
	bAlternateSetting 1
	bNumEndpoints 1
	bInterfaceClass 0xe
	bInterfaceSubClass 0x2
	bInterfaceProtocol 0x0
	iInterface 0
		*** Endpoint descriptor ***
		bLength 7
		bDescriptorType 5
		bEndpointAddress 0x82	EP 2 IN
		bmAttributes 0x5	ISOC
		wMaxPacketSize 192
		bInterval 1
	*** Interface descriptor ***
	bLength 9
	bDescriptorType 4
	bInterfaceNumber 1
	bAlternateSetting 2
	bNumEndpoints 1
	bInterfaceClass 0xe
	bInterfaceSubClass 0x2
	bInterfaceProtocol 0x0
	iInterface 0
		*** Endpoint descriptor ***
		bLength 7
		bDescriptorType 5
		bEndpointAddress 0x82	EP 2 IN
		bmAttributes 0x5	ISOC
		wMaxPacketSize 384
		bInterval 1
	*** Interface descriptor ***
	bLength 9
	bDescriptorType 4
	bInterfaceNumber 1
	bAlternateSetting 3
	bNumEndpoints 1
	bInterfaceClass 0xe
	bInterfaceSubClass 0x2
	bInterfaceProtocol 0x0
	iInterface 0
		*** Endpoint descriptor ***
		bLength 7
		bDescriptorType 5
		bEndpointAddress 0x82	EP 2 IN
		bmAttributes 0x5	ISOC
		wMaxPacketSize 512
		bInterval 1
	*** Interface descriptor ***
	bLength 9
	bDescriptorType 4
	bInterfaceNumber 1
	bAlternateSetting 4
	bNumEndpoints 1
	bInterfaceClass 0xe
	bInterfaceSubClass 0x2
	bInterfaceProtocol 0x0
	iInterface 0
		*** Endpoint descriptor ***
		bLength 7
		bDescriptorType 5
		bEndpointAddress 0x82	EP 2 IN
		bmAttributes 0x5	ISOC
		wMaxPacketSize 640
		bInterval 1
	*** Interface descriptor ***
	bLength 9
	bDescriptorType 4
	bInterfaceNumber 1
	bAlternateSetting 5
	bNumEndpoints 1
	bInterfaceClass 0xe
	bInterfaceSubClass 0x2
	bInterfaceProtocol 0x0
	iInterface 0
		*** Endpoint descriptor ***
		bLength 7
		bDescriptorType 5
		bEndpointAddress 0x82	EP 2 IN
		bmAttributes 0x5	ISOC
		wMaxPacketSize 800
		bInterval 1
	*** Interface descriptor ***
	bLength 9
	bDescriptorType 4
	bInterfaceNumber 1
	bAlternateSetting 6
	bNumEndpoints 1
	bInterfaceClass 0xe
	bInterfaceSubClass 0x2
	bInterfaceProtocol 0x0
	iInterface 0
		*** Endpoint descriptor ***
		bLength 7
		bDescriptorType 5
		bEndpointAddress 0x82	EP 2 IN
		bmAttributes 0x5	ISOC
		wMaxPacketSize 944
		bInterval 1
	*** Interface descriptor ***
	bLength 9
	bDescriptorType 4
	bInterfaceNumber 1
	bAlternateSetting 7
	bNumEndpoints 1
	bInterfaceClass 0xe
	bInterfaceSubClass 0x2
	bInterfaceProtocol 0x0
	iInterface 0
		*** Endpoint descriptor ***
		bLength 7
		bDescriptorType 5
		bEndpointAddress 0x82	EP 2 IN
		bmAttributes 0x5	ISOC
		wMaxPacketSize 640
		wMaxPacketSize (with additional transactions in microframe) 1280
		bInterval 1
	*** Interface descriptor ***
	bLength 9
	bDescriptorType 4
	bInterfaceNumber 1
	bAlternateSetting 8
	bNumEndpoints 1
	bInterfaceClass 0xe
	bInterfaceSubClass 0x2
	bInterfaceProtocol 0x0
	iInterface 0
		*** Endpoint descriptor ***
		bLength 7
		bDescriptorType 5
		bEndpointAddress 0x82	EP 2 IN
		bmAttributes 0x5	ISOC
		wMaxPacketSize 800
		wMaxPacketSize (with additional transactions in microframe) 1600
		bInterval 1
	*** Interface descriptor ***
	bLength 9
	bDescriptorType 4
	bInterfaceNumber 1
	bAlternateSetting 9
	bNumEndpoints 1
	bInterfaceClass 0xe
	bInterfaceSubClass 0x2
	bInterfaceProtocol 0x0
	iInterface 0
		*** Endpoint descriptor ***
		bLength 7
		bDescriptorType 5
		bEndpointAddress 0x82	EP 2 IN
		bmAttributes 0x5	ISOC
		wMaxPacketSize 992
		wMaxPacketSize (with additional transactions in microframe) 1984
		bInterval 1
	*** Interface descriptor ***
	bLength 9
	bDescriptorType 4
	bInterfaceNumber 1
	bAlternateSetting 10
	bNumEndpoints 1
	bInterfaceClass 0xe
	bInterfaceSubClass 0x2
	bInterfaceProtocol 0x0
	iInterface 0
		*** Endpoint descriptor ***
		bLength 7
		bDescriptorType 5
		bEndpointAddress 0x82	EP 2 IN
		bmAttributes 0x5	ISOC
		wMaxPacketSize 896
		wMaxPacketSize (with additional transactions in microframe) 2688
		bInterval 1
	*** Interface descriptor ***
	bLength 9
	bDescriptorType 4
	bInterfaceNumber 1
	bAlternateSetting 11
	bNumEndpoints 1
	bInterfaceClass 0xe
	bInterfaceSubClass 0x2
	bInterfaceProtocol 0x0
	iInterface 0
		*** Endpoint descriptor ***
		bLength 7
		bDescriptorType 5
		bEndpointAddress 0x82	EP 2 IN
		bmAttributes 0x5	ISOC
		wMaxPacketSize 1024
		wMaxPacketSize (with additional transactions in microframe) 3072
		bInterval 1
*** Interface Association Descriptor ***
bLength 8
bDescriptorType 11
bFirstInterface 2
bInterfaceCount 2
bFunctionClass 0x1
bFunctionSubClass 0x0
bFunctionProtocol 0x0
iFunction 5
	*** Interface descriptor ***
	bLength 9
	bDescriptorType 4
	bInterfaceNumber 2
	bAlternateSetting 0
	bNumEndpoints 0
	bInterfaceClass 0x1
	bInterfaceSubClass 0x1
	bInterfaceProtocol 0x0
	iInterface 0
	*** Class-specific VC Interface Descriptor ***
	bLength 9
	bDescriptorType 0x24
	bDescriptorSubType 0x01
	bcdUVC 0100
	wTotalLength 39
	dwClockFrequency 604766977
	bInCollection 2
	baInterfaceNr[0] 1
	baInterfaceNr[1] 1
	*** Input Terminal Descriptor (Camera) ***
	bLength 12
	bDescriptorType 0x24
	bDescriptorSubType 0x02
	bTerminalID 0x1
	wTerminalType 0x201
	bAssocTerminal 0
	iTerminal 1
	wObjectiveFocalLengthMin 3
	wObjectiveFocalLengthMax 0
	wOcularFocalLength 9225
	bControlSize 6
	bmControls 0x2 0x1 0x2
	*** Extension Unit Descriptor unsupported, skipping... ***
	*** Output Terminal Descriptor ***
	bLength 9
	bDescriptorType 0x24
	bDescriptorSubType 0x03
	bTerminalID 3
	wTerminalType 0x101
	bAssocTerminal 0
	bSourceID 2
	iTerminal 0
	*** Interface descriptor ***
	bLength 9
	bDescriptorType 4
	bInterfaceNumber 3
	bAlternateSetting 0
	bNumEndpoints 0
	bInterfaceClass 0x1
	bInterfaceSubClass 0x2
	bInterfaceProtocol 0x0
	iInterface 0
	*** Interface descriptor ***
	bLength 9
	bDescriptorType 4
	bInterfaceNumber 3
	bAlternateSetting 1
	bNumEndpoints 1
	bInterfaceClass 0x1
	bInterfaceSubClass 0x2
	bInterfaceProtocol 0x0
	iInterface 0
	*** Class-specific VC Interface Descriptor ***
	bLength 7
	bDescriptorType 0x24
	bDescriptorSubType 0x01
	bcdUVC 0003
	wTotalLength 1
	dwClockFrequency 16917515
	bInCollection 2
	baInterfaceNr[0] 2
	baInterfaceNr[1] 16
	*** Input Terminal Descriptor (Media) ***
	bLength 11
	bDescriptorType 0x24
	bDescriptorSubType 0x02
	bTerminalID 0x1
	wTerminalType 0x202
	bAssocTerminal 16
	iTerminal 1
	bControlSize 128
	bmControls 0xBB
	bTransportModeSize 0
	bmTransportModes 0x9 0x5 0x83 0x1 0xC0
		*** Endpoint descriptor ***
		bLength 9
		bDescriptorType 5
		bEndpointAddress 0x83	EP 3 IN
		bmAttributes 0x1	ISOC
		wMaxPacketSize 192
		bInterval 4
		*** Class-specific Interrupt Endpoint Descriptor ***
		bLength 7
		bDescriptorType 0x25
		bDescriptorSubType 1
		wMaxTransferSize 1
	*** Interface descriptor ***
	bLength 9
	bDescriptorType 4
	bInterfaceNumber 4
	bAlternateSetting 0
	bNumEndpoints 2
	bInterfaceClass 0x3
	bInterfaceSubClass 0x0
	bInterfaceProtocol 0x0
	iInterface 0
 *** Unknown Descriptor Length: 9 Type: 33 ***
		*** Endpoint descriptor ***
		bLength 7
		bDescriptorType 5
		bEndpointAddress 0x84	EP 4 IN
		bmAttributes 0x3	INT
		wMaxPacketSize 64
		bInterval 4
		*** Endpoint descriptor ***
		bLength 7
		bDescriptorType 5
		bEndpointAddress 0x1	EP 1 OUT
		bmAttributes 0x3	INT
		wMaxPacketSize 64
		bInterval 4
D (211251) usb_uvc_device: Device connected
D (211255) usb_uvc_device: UVC device found, dev_addr = 1, stream_index = 0
PV-UVC-ENUM device aberto em 7772 ms
PV-UVC-ENUM cap driver=USB-UVC0 card=USB-UVC0 bus=esp32p4:USB-UVC0 caps=0x84201001 device_caps=0x04201001
PV-UVC-ENUM fmt index=0 fourcc=JPEG flags=0x0 desc="JPEG"
PV-UVC-ENUM size fourcc=JPEG index=0 1920x1080
PV-UVC-ENUM interval fourcc=JPEG 1920x1080 index=0 tipo=discrete num=333333 den=10000000 fps_x1000=30000
PV-UVC-ENUM interval fourcc=JPEG 1920x1080 index=1 tipo=discrete num=666666 den=10000000 fps_x1000=15000
PV-UVC-ENUM interval fourcc=JPEG 1920x1080 index=2 tipo=discrete num=1000000 den=10000000 fps_x1000=10000
PV-UVC-ENUM size fourcc=JPEG index=1 640x320
PV-UVC-ENUM interval fourcc=JPEG 640x320 index=0 tipo=discrete num=333333 den=10000000 fps_x1000=30000
PV-UVC-ENUM interval fourcc=JPEG 640x320 index=1 tipo=discrete num=666666 den=10000000 fps_x1000=15000
PV-UVC-ENUM interval fourcc=JPEG 640x320 index=2 tipo=discrete num=1000000 den=10000000 fps_x1000=10000
PV-UVC-ENUM size fourcc=JPEG index=2 640x480
PV-UVC-ENUM interval fourcc=JPEG 640x480 index=0 tipo=discrete num=333333 den=10000000 fps_x1000=30000
PV-UVC-ENUM interval fourcc=JPEG 640x480 index=1 tipo=discrete num=666666 den=10000000 fps_x1000=15000
PV-UVC-ENUM interval fourcc=JPEG 640x480 index=2 tipo=discrete num=1000000 den=10000000 fps_x1000=10000
PV-UVC-ENUM size fourcc=JPEG index=3 800x600
PV-UVC-ENUM interval fourcc=JPEG 800x600 index=0 tipo=discrete num=333333 den=10000000 fps_x1000=30000
PV-UVC-ENUM interval fourcc=JPEG 800x600 index=1 tipo=discrete num=666666 den=10000000 fps_x1000=15000
PV-UVC-ENUM interval fourcc=JPEG 800x600 index=2 tipo=discrete num=1000000 den=10000000 fps_x1000=10000
PV-UVC-ENUM size fourcc=JPEG index=4 1024x768
PV-UVC-ENUM interval fourcc=JPEG 1024x768 index=0 tipo=discrete num=333333 den=10000000 fps_x1000=30000
PV-UVC-ENUM interval fourcc=JPEG 1024x768 index=1 tipo=discrete num=666666 den=10000000 fps_x1000=15000
PV-UVC-ENUM interval fourcc=JPEG 1024x768 index=2 tipo=discrete num=1000000 den=10000000 fps_x1000=10000
PV-UVC-ENUM size fourcc=JPEG index=5 1280x720
PV-UVC-ENUM interval fourcc=JPEG 1280x720 index=0 tipo=discrete num=333333 den=10000000 fps_x1000=30000
PV-UVC-ENUM interval fourcc=JPEG 1280x720 index=1 tipo=discrete num=666666 den=10000000 fps_x1000=15000
PV-UVC-ENUM interval fourcc=JPEG 1280x720 index=2 tipo=discrete num=1000000 den=10000000 fps_x1000=10000
PV-UVC-ENUM size fourcc=JPEG index=6 1280x960
PV-UVC-ENUM interval fourcc=JPEG 1280x960 index=0 tipo=discrete num=333333 den=10000000 fps_x1000=30000
PV-UVC-ENUM interval fourcc=JPEG 1280x960 index=1 tipo=discrete num=666666 den=10000000 fps_x1000=15000
PV-UVC-ENUM interval fourcc=JPEG 1280x960 index=2 tipo=discrete num=1000000 den=10000000 fps_x1000=10000
PV-UVC-ENUM size fourcc=JPEG index=7 1600x1200
PV-UVC-ENUM interval fourcc=JPEG 1600x1200 index=0 tipo=discrete num=333333 den=10000000 fps_x1000=30000
PV-UVC-ENUM interval fourcc=JPEG 1600x1200 index=1 tipo=discrete num=666666 den=10000000 fps_x1000=15000
PV-UVC-ENUM interval fourcc=JPEG 1600x1200 index=2 tipo=discrete num=1000000 den=10000000 fps_x1000=10000
PV-UVC-ENUM size fourcc=JPEG index=8 2048x1536
PV-UVC-ENUM interval fourcc=JPEG 2048x1536 index=0 tipo=discrete num=333333 den=10000000 fps_x1000=30000
PV-UVC-ENUM interval fourcc=JPEG 2048x1536 index=1 tipo=discrete num=666666 den=10000000 fps_x1000=15000
PV-UVC-ENUM interval fourcc=JPEG 2048x1536 index=2 tipo=discrete num=1000000 den=10000000 fps_x1000=10000
PV-UVC-ENUM size fourcc=JPEG index=9 2592x1944
PV-UVC-ENUM interval fourcc=JPEG 2592x1944 index=0 tipo=discrete num=333333 den=10000000 fps_x1000=30000
PV-UVC-ENUM interval fourcc=JPEG 2592x1944 index=1 tipo=discrete num=666666 den=10000000 fps_x1000=15000
PV-UVC-ENUM interval fourcc=JPEG 2592x1944 index=2 tipo=discrete num=1000000 den=10000000 fps_x1000=10000
PV-UVC-ENUM size fourcc=JPEG index=10 3264x2448
PV-UVC-ENUM interval fourcc=JPEG 3264x2448 index=0 tipo=discrete num=333333 den=10000000 fps_x1000=30000
PV-UVC-ENUM interval fourcc=JPEG 3264x2448 index=1 tipo=discrete num=666666 den=10000000 fps_x1000=15000
PV-UVC-ENUM interval fourcc=JPEG 3264x2448 index=2 tipo=discrete num=1000000 den=10000000 fps_x1000=10000
PV-UVC-ENUM size fourcc=JPEG index=11 3840x2160
PV-UVC-ENUM interval fourcc=JPEG 3840x2160 index=0 tipo=discrete num=333333 den=10000000 fps_x1000=30000
PV-UVC-ENUM interval fourcc=JPEG 3840x2160 index=1 tipo=discrete num=666666 den=10000000 fps_x1000=15000
PV-UVC-ENUM interval fourcc=JPEG 3840x2160 index=2 tipo=discrete num=1000000 den=10000000 fps_x1000=10000
PV-UVC-ENUM size fourcc=JPEG index=12 4000x3000
PV-UVC-ENUM interval fourcc=JPEG 4000x3000 index=0 tipo=discrete num=666666 den=10000000 fps_x1000=15000
PV-UVC-ENUM interval fourcc=JPEG 4000x3000 index=1 tipo=discrete num=1000000 den=10000000 fps_x1000=10000
PV-UVC-ENUM size fourcc=JPEG index=13 320x240
PV-UVC-ENUM interval fourcc=JPEG 320x240 index=0 tipo=discrete num=333333 den=10000000 fps_x1000=30000
PV-UVC-ENUM interval fourcc=JPEG 320x240 index=1 tipo=discrete num=666666 den=10000000 fps_x1000=15000
PV-UVC-ENUM fmt index=1 fourcc=YUYV flags=0x0 desc="YUV 4:2:2 YUYV"
PV-UVC-ENUM size fourcc=YUYV index=0 320x240
PV-UVC-ENUM interval fourcc=YUYV 320x240 index=0 tipo=discrete num=500000 den=10000000 fps_x1000=20000
PV-UVC-ENUM interval fourcc=YUYV 320x240 index=1 tipo=discrete num=1000000 den=10000000 fps_x1000=10000
PV-UVC-ENUM size fourcc=YUYV index=1 640x360
PV-UVC-ENUM interval fourcc=YUYV 640x360 index=0 tipo=discrete num=500000 den=10000000 fps_x1000=20000
PV-UVC-ENUM interval fourcc=YUYV 640x360 index=1 tipo=discrete num=1000000 den=10000000 fps_x1000=10000
PV-UVC-ENUM size fourcc=YUYV index=2 640x480
PV-UVC-ENUM interval fourcc=YUYV 640x480 index=0 tipo=discrete num=1000000 den=10000000 fps_x1000=10000
PV-UVC-ENUM size fourcc=YUYV index=3 800x600
PV-UVC-ENUM interval fourcc=YUYV 800x600 index=0 tipo=discrete num=1000000 den=10000000 fps_x1000=10000
PV-UVC-ENUM size fourcc=YUYV index=4 1024x720
PV-UVC-ENUM interval fourcc=YUYV 1024x720 index=0 tipo=discrete num=1000000 den=10000000 fps_x1000=10000
PV-UVC-ENUM size fourcc=YUYV index=5 1280x940
PV-UVC-ENUM interval fourcc=YUYV 1280x940 index=0 tipo=discrete num=1000000 den=10000000 fps_x1000=10000
PV-UVC-ENUM size fourcc=YUYV index=6 1280x1024
PV-UVC-ENUM interval fourcc=YUYV 1280x1024 index=0 tipo=discrete num=1000000 den=10000000 fps_x1000=10000
PV-UVC-ENUM size fourcc=YUYV index=7 1600x1200
PV-UVC-ENUM interval fourcc=YUYV 1600x1200 index=0 tipo=discrete num=2000000 den=10000000 fps_x1000=5000
PV-UVC-ENUM size fourcc=YUYV index=8 1920x1080
PV-UVC-ENUM interval fourcc=YUYV 1920x1080 index=0 tipo=discrete num=2000000 den=10000000 fps_x1000=5000
PV-UVC-ENUM size fourcc=YUYV index=9 2048x1536
PV-UVC-ENUM interval fourcc=YUYV 2048x1536 index=0 tipo=discrete num=2000000 den=10000000 fps_x1000=5000
PV-UVC-ENUM size fourcc=YUYV index=10 2560x1440
PV-UVC-ENUM interval fourcc=YUYV 2560x1440 index=0 tipo=discrete num=2000000 den=10000000 fps_x1000=5000
PV-UVC-ENUM size fourcc=YUYV index=11 2592x1944
PV-UVC-ENUM interval fourcc=YUYV 2592x1944 index=0 tipo=discrete num=2000000 den=10000000 fps_x1000=5000
PV-UVC-ENUM result=OK tamanhos_jpeg=14
PV-UVC-FMT requested=800x600 applied=800x600 fourcc=JPEG sizeimage=1048576
PV-UVC-REQBUFS pedido=4 obtido=4 sizeimage=1048576
D (211902) uvc: Checking list of opened USB devices
D (211906) uvc: Checking list of connected USB devices
D (211911) uvc: Claimed interface index 1 with MPS 1024
D (211918) uvc: ctrl xfer cb
D (211920) uvc: ctrl xfer cb
D (211922) uvc: ctrl xfer cb
D (211925) uvc: ctrl xfer cb
I (211927) uvc: Allocating 4 USB transfers for ISOC. Each: 3072 bytes, 1 ISOC packets, 3072 MPS
D (211937) uvc: ctrl xfer cb
D (211939) uvc: ctrl xfer cb
D (211942) uvc: ctrl xfer cb
D (211944) uvc: ctrl xfer cb
D (211946) uvc: ctrl xfer cb
D (211949) uvc: ctrl xfer cb
D (211953) uvc: ctrl xfer cb
D (211955) uvc: ctrl xfer cb
D (211957) uvc: ctrl xfer cb
D (211960) uvc: ctrl xfer cb
D (211962) uvc: ctrl xfer cb
D (211974) uvc: ctrl xfer cb
W (214973) PvUvcSpike: DQBUF de descarte 0 falhou: errno=1(Not owner)
PV-UVC-WARMUP requested=800x600 descartados=0
W (219973) PvUvcSpike: DQBUF tentativa 1/6 falhou: errno=1(Not owner)
W (224973) PvUvcSpike: DQBUF tentativa 2/6 falhou: errno=1(Not owner)
W (229973) PvUvcSpike: DQBUF tentativa 3/6 falhou: errno=1(Not owner)
W (234973) PvUvcSpike: DQBUF tentativa 4/6 falhou: errno=1(Not owner)
W (239973) PvUvcSpike: DQBUF tentativa 5/6 falhou: errno=1(Not owner)
W (244973) PvUvcSpike: DQBUF tentativa 6/6 falhou: errno=1(Not owner)
D (245075) uvc: ctrl xfer cb
PV-UVC-RUNG requested=800x600 applied=800x600 fourcc=JPEG bytesused=0 result=FAIL reason=dqbuf
PV-UVC-MEM etapa=pos-degrau psram_livre=28436732 psram_maior_bloco=28311552 interna_livre=412607
PV-UVC-FMT requested=1920x1080 applied=1920x1080 fourcc=JPEG sizeimage=1048576
PV-UVC-REQBUFS pedido=4 obtido=4 sizeimage=1048576
D (245492) uvc: Checking list of opened USB devices
D (245496) uvc: Checking list of connected USB devices
D (245501) uvc: Claimed interface index 1 with MPS 1024
D (245506) uvc: ctrl xfer cb
D (245511) uvc: ctrl xfer cb
D (245513) uvc: ctrl xfer cb
D (245515) uvc: ctrl xfer cb
I (245517) uvc: Allocating 4 USB transfers for ISOC. Each: 3072 bytes, 1 ISOC packets, 3072 MPS
D (245527) uvc: ctrl xfer cb
D (245529) uvc: ctrl xfer cb
D (245532) uvc: ctrl xfer cb
D (245535) uvc: ctrl xfer cb
D (245537) uvc: ctrl xfer cb
D (245539) uvc: ctrl xfer cb
D (245542) uvc: ctrl xfer cb
D (245544) uvc: ctrl xfer cb
D (245546) uvc: ctrl xfer cb
D (245551) uvc: ctrl xfer cb
D (245553) uvc: ctrl xfer cb
D (245565) uvc: ctrl xfer cb
W (248565) PvUvcSpike: DQBUF de descarte 0 falhou: errno=1(Not owner)
PV-UVC-WARMUP requested=1920x1080 descartados=0
W (253565) PvUvcSpike: DQBUF tentativa 1/6 falhou: errno=1(Not owner)
W (258565) PvUvcSpike: DQBUF tentativa 2/6 falhou: errno=1(Not owner)
W (263565) PvUvcSpike: DQBUF tentativa 3/6 falhou: errno=1(Not owner)
W (268565) PvUvcSpike: DQBUF tentativa 4/6 falhou: errno=1(Not owner)
W (273565) PvUvcSpike: DQBUF tentativa 5/6 falhou: errno=1(Not owner)
W (278565) PvUvcSpike: DQBUF tentativa 6/6 falhou: errno=1(Not owner)
D (278665) uvc: ctrl xfer cb
PV-UVC-RUNG requested=1920x1080 applied=1920x1080 fourcc=JPEG bytesused=0 result=FAIL reason=dqbuf
PV-UVC-MEM etapa=pos-degrau psram_livre=28436732 psram_maior_bloco=28311552 interna_livre=412607
PV-UVC-FMT requested=2592x1944 applied=2592x1944 fourcc=JPEG sizeimage=2519424
PV-UVC-REQBUFS pedido=4 obtido=4 sizeimage=2519424
D (279083) uvc: Checking list of opened USB devices
D (279088) uvc: Checking list of connected USB devices
D (279093) uvc: Claimed interface index 1 with MPS 1024
D (279099) uvc: ctrl xfer cb
D (279102) uvc: ctrl xfer cb
D (279104) uvc: ctrl xfer cb
D (279106) uvc: ctrl xfer cb
I (279108) uvc: Allocating 4 USB transfers for ISOC. Each: 3072 bytes, 1 ISOC packets, 3072 MPS
D (279118) uvc: ctrl xfer cb
D (279120) uvc: ctrl xfer cb
D (279123) uvc: ctrl xfer cb
D (279126) uvc: ctrl xfer cb
D (279128) uvc: ctrl xfer cb
D (279130) uvc: ctrl xfer cb
D (279133) uvc: ctrl xfer cb
D (279137) uvc: ctrl xfer cb
D (279139) uvc: ctrl xfer cb
D (279142) uvc: ctrl xfer cb
D (279144) uvc: ctrl xfer cb
D (279156) uvc: ctrl xfer cb
W (282155) PvUvcSpike: DQBUF de descarte 0 falhou: errno=1(Not owner)
PV-UVC-WARMUP requested=2592x1944 descartados=0
W (287155) PvUvcSpike: DQBUF tentativa 1/6 falhou: errno=1(Not owner)
W (292155) PvUvcSpike: DQBUF tentativa 2/6 falhou: errno=1(Not owner)
W (297155) PvUvcSpike: DQBUF tentativa 3/6 falhou: errno=1(Not owner)
W (302155) PvUvcSpike: DQBUF tentativa 4/6 falhou: errno=1(Not owner)
W (307155) PvUvcSpike: DQBUF tentativa 5/6 falhou: errno=1(Not owner)
W (312155) PvUvcSpike: DQBUF tentativa 6/6 falhou: errno=1(Not owner)
D (312256) uvc: ctrl xfer cb
PV-UVC-RUNG requested=2592x1944 applied=2592x1944 fourcc=JPEG bytesused=0 result=FAIL reason=dqbuf
PV-UVC-MEM etapa=pos-degrau psram_livre=22553340 psram_maior_bloco=22020096 interna_livre=412607
PV-UVC-FMT requested=3264x2448 applied=3264x2448 fourcc=JPEG sizeimage=3995136
PV-UVC-REQBUFS pedido=4 obtido=4 sizeimage=3995136
D (312673) uvc: Checking list of opened USB devices
D (312678) uvc: Checking list of connected USB devices
D (312683) uvc: Claimed interface index 1 with MPS 1024
D (312688) uvc: ctrl xfer cb
D (312692) uvc: ctrl xfer cb
D (312694) uvc: ctrl xfer cb
D (312697) uvc: ctrl xfer cb
I (312698) uvc: Allocating 4 USB transfers for ISOC. Each: 3072 bytes, 1 ISOC packets, 3072 MPS
D (312707) uvc: ctrl xfer cb
D (312709) uvc: ctrl xfer cb
D (312714) uvc: ctrl xfer cb
D (312716) uvc: ctrl xfer cb
D (312718) uvc: ctrl xfer cb
D (312721) uvc: ctrl xfer cb
D (312723) uvc: ctrl xfer cb
D (312726) uvc: ctrl xfer cb
D (312728) uvc: ctrl xfer cb
D (312730) uvc: ctrl xfer cb
D (312734) uvc: ctrl xfer cb
D (312746) uvc: ctrl xfer cb
W (315745) PvUvcSpike: DQBUF de descarte 0 falhou: errno=1(Not owner)
PV-UVC-WARMUP requested=3264x2448 descartados=0
W (320745) PvUvcSpike: DQBUF tentativa 1/6 falhou: errno=1(Not owner)
W (325745) PvUvcSpike: DQBUF tentativa 2/6 falhou: errno=1(Not owner)
W (330745) PvUvcSpike: DQBUF tentativa 3/6 falhou: errno=1(Not owner)
W (335745) PvUvcSpike: DQBUF tentativa 4/6 falhou: errno=1(Not owner)
W (340745) PvUvcSpike: DQBUF tentativa 5/6 falhou: errno=1(Not owner)
W (345745) PvUvcSpike: DQBUF tentativa 6/6 falhou: errno=1(Not owner)
D (345846) uvc: ctrl xfer cb
PV-UVC-RUNG requested=3264x2448 applied=3264x2448 fourcc=JPEG bytesused=0 result=FAIL reason=dqbuf
PV-UVC-MEM etapa=pos-degrau psram_livre=16650492 psram_maior_bloco=16515072 interna_livre=412607
PV-UVC-FMT requested=4000x3000 applied=4000x3000 fourcc=JPEG sizeimage=6000000
PV-UVC-REQBUFS pedido=4 obtido=4 sizeimage=6000000
D (346263) uvc: Checking list of opened USB devices
D (346268) uvc: Checking list of connected USB devices
D (346273) uvc: Claimed interface index 1 with MPS 1024
D (346279) uvc: ctrl xfer cb
D (346282) uvc: ctrl xfer cb
D (346284) uvc: ctrl xfer cb
D (346287) uvc: ctrl xfer cb
I (346288) uvc: Allocating 4 USB transfers for ISOC. Each: 3072 bytes, 1 ISOC packets, 3072 MPS
D (346299) uvc: ctrl xfer cb
D (346301) uvc: ctrl xfer cb
D (346304) uvc: ctrl xfer cb
D (346306) uvc: ctrl xfer cb
D (346308) uvc: ctrl xfer cb
D (346311) uvc: ctrl xfer cb
D (346313) uvc: ctrl xfer cb
D (346315) uvc: ctrl xfer cb
D (346317) uvc: ctrl xfer cb
D (346322) uvc: ctrl xfer cb
D (346324) uvc: ctrl xfer cb
D (346336) uvc: ctrl xfer cb
W (349335) PvUvcSpike: DQBUF de descarte 0 falhou: errno=1(Not owner)
PV-UVC-WARMUP requested=4000x3000 descartados=0
W (354335) PvUvcSpike: DQBUF tentativa 1/6 falhou: errno=1(Not owner)
W (359335) PvUvcSpike: DQBUF tentativa 2/6 falhou: errno=1(Not owner)
W (364335) PvUvcSpike: DQBUF tentativa 3/6 falhou: errno=1(Not owner)
W (369335) PvUvcSpike: DQBUF tentativa 4/6 falhou: errno=1(Not owner)
W (374335) PvUvcSpike: DQBUF tentativa 5/6 falhou: errno=1(Not owner)
W (379335) PvUvcSpike: DQBUF tentativa 6/6 falhou: errno=1(Not owner)
D (379436) uvc: ctrl xfer cb
PV-UVC-RUNG requested=4000x3000 applied=4000x3000 fourcc=JPEG bytesused=0 result=FAIL reason=dqbuf
PV-UVC-MEM etapa=pos-degrau psram_livre=8631036 psram_maior_bloco=8388608 interna_livre=412607
PV-UVC-SUMARIO inicio
PV-UVC-SUMARIO degrau=1 requested=800x600 applied=800x600 fourcc=JPEG bytesused=0 result=FAIL reason=dqbuf obrigatorio=sim
PV-UVC-SUMARIO degrau=2 requested=1920x1080 applied=1920x1080 fourcc=JPEG bytesused=0 result=FAIL reason=dqbuf obrigatorio=sim
PV-UVC-SUMARIO degrau=3 requested=2592x1944 applied=2592x1944 fourcc=JPEG bytesused=0 result=FAIL reason=dqbuf obrigatorio=sim
PV-UVC-SUMARIO degrau=4 requested=3264x2448 applied=3264x2448 fourcc=JPEG bytesused=0 result=FAIL reason=dqbuf obrigatorio=sim
PV-UVC-SUMARIO degrau=5 requested=4000x3000 applied=4000x3000 fourcc=JPEG bytesused=0 result=FAIL reason=dqbuf obrigatorio=nao
PV-UVC-SUMARIO fim pass=0 fail=5 total=5 fail_obrigatorios=4
PV-UVC-CICLO 9 fim — REPLUG a camera para disparar nova escada (retry 15 s)

PV-UVC-CICLO 10 inicio
PV-UVC-ENUM aguardando enumeracao USB em /dev/video40 (ate 10000 ms)
I (394911) usb_uvc_device: All UVC devices already enumerated
PV-UVC-ENUM device aberto em 2 ms
PV-UVC-ENUM cap driver=USB-UVC0 card=USB-UVC0 bus=esp32p4:USB-UVC0 caps=0x84201001 device_caps=0x04201001
PV-UVC-ENUM fmt index=0 fourcc=JPEG flags=0x0 desc="JPEG"
PV-UVC-ENUM size fourcc=JPEG index=0 1920x1080
PV-UVC-ENUM interval fourcc=JPEG 1920x1080 index=0 tipo=discrete num=333333 den=10000000 fps_x1000=30000
PV-UVC-ENUM interval fourcc=JPEG 1920x1080 index=1 tipo=discrete num=666666 den=10000000 fps_x1000=15000
PV-UVC-ENUM interval fourcc=JPEG 1920x1080 index=2 tipo=discrete num=1000000 den=10000000 fps_x1000=10000
PV-UVC-ENUM size fourcc=JPEG index=1 640x320
PV-UVC-ENUM interval fourcc=JPEG 640x320 index=0 tipo=discrete num=333333 den=10000000 fps_x1000=30000
PV-UVC-ENUM interval fourcc=JPEG 640x320 index=1 tipo=discrete num=666666 den=10000000 fps_x1000=15000
PV-UVC-ENUM interval fourcc=JPEG 640x320 index=2 tipo=discrete num=1000000 den=10000000 fps_x1000=10000
PV-UVC-ENUM size fourcc=JPEG index=2 640x480
PV-UVC-ENUM interval fourcc=JPEG 640x480 index=0 tipo=discrete num=333333 den=10000000 fps_x1000=30000
PV-UVC-ENUM interval fourcc=JPEG 640x480 index=1 tipo=discrete num=666666 den=10000000 fps_x1000=15000
PV-UVC-ENUM interval fourcc=JPEG 640x480 index=2 tipo=discrete num=1000000 den=10000000 fps_x1000=10000
PV-UVC-ENUM size fourcc=JPEG index=3 800x600
PV-UVC-ENUM interval fourcc=JPEG 800x600 index=0 tipo=discrete num=333333 den=10000000 fps_x1000=30000
PV-UVC-ENUM interval fourcc=JPEG 800x600 index=1 tipo=discrete num=666666 den=10000000 fps_x1000=15000
PV-UVC-ENUM interval fourcc=JPEG 800x600 index=2 tipo=discrete num=1000000 den=10000000 fps_x1000=10000
PV-UVC-ENUM size fourcc=JPEG index=4 1024x768
PV-UVC-ENUM interval fourcc=JPEG 1024x768 index=0 tipo=discrete num=333333 den=10000000 fps_x1000=30000
PV-UVC-ENUM interval fourcc=JPEG 1024x768 index=1 tipo=discrete num=666666 den=10000000 fps_x1000=15000
PV-UVC-ENUM interval fourcc=JPEG 1024x768 index=2 tipo=discrete num=1000000 den=10000000 fps_x1000=10000
PV-UVC-ENUM size fourcc=JPEG index=5 1280x720
PV-UVC-ENUM interval fourcc=JPEG 1280x720 index=0 tipo=discrete num=333333 den=10000000 fps_x1000=30000
PV-UVC-ENUM interval fourcc=JPEG 1280x720 index=1 tipo=discrete num=666666 den=10000000 fps_x1000=15000
PV-UVC-ENUM interval fourcc=JPEG 1280x720 index=2 tipo=discrete num=1000000 den=10000000 fps_x1000=10000
PV-UVC-ENUM size fourcc=JPEG index=6 1280x960
PV-UVC-ENUM interval fourcc=JPEG 1280x960 index=0 tipo=discrete num=333333 den=10000000 fps_x1000=30000
PV-UVC-ENUM interval fourcc=JPEG 1280x960 index=1 tipo=discrete num=666666 den=10000000 fps_x1000=15000
PV-UVC-ENUM interval fourcc=JPEG 1280x960 index=2 tipo=discrete num=1000000 den=10000000 fps_x1000=10000
PV-UVC-ENUM size fourcc=JPEG index=7 1600x1200
PV-UVC-ENUM interval fourcc=JPEG 1600x1200 index=0 tipo=discrete num=333333 den=10000000 fps_x1000=30000
PV-UVC-ENUM interval fourcc=JPEG 1600x1200 index=1 tipo=discrete num=666666 den=10000000 fps_x1000=15000
PV-UVC-ENUM interval fourcc=JPEG 1600x1200 index=2 tipo=discrete num=1000000 den=10000000 fps_x1000=10000
PV-UVC-ENUM size fourcc=JPEG index=8 2048x1536
PV-UVC-ENUM interval fourcc=JPEG 2048x1536 index=0 tipo=discrete num=333333 den=10000000 fps_x1000=30000
PV-UVC-ENUM interval fourcc=JPEG 2048x1536 index=1 tipo=discrete num=666666 den=10000000 fps_x1000=15000
PV-UVC-ENUM interval fourcc=JPEG 2048x1536 index=2 tipo=discrete num=1000000 den=10000000 fps_x1000=10000
PV-UVC-ENUM size fourcc=JPEG index=9 2592x1944
PV-UVC-ENUM interval fourcc=JPEG 2592x1944 index=0 tipo=discrete num=333333 den=10000000 fps_x1000=30000
PV-UVC-ENUM interval fourcc=JPEG 2592x1944 index=1 tipo=discrete num=666666 den=10000000 fps_x1000=15000
PV-UVC-ENUM interval fourcc=JPEG 2592x1944 index=2 tipo=discrete num=1000000 den=10000000 fps_x1000=10000
PV-UVC-ENUM size fourcc=JPEG index=10 3264x2448
PV-UVC-ENUM interval fourcc=JPEG 3264x2448 index=0 tipo=discrete num=333333 den=10000000 fps_x1000=30000
PV-UVC-ENUM interval fourcc=JPEG 3264x2448 index=1 tipo=discrete num=666666 den=10000000 fps_x1000=15000
PV-UVC-ENUM interval fourcc=JPEG 3264x2448 index=2 tipo=discrete num=1000000 den=10000000 fps_x1000=10000
PV-UVC-ENUM size fourcc=JPEG index=11 3840x2160
PV-UVC-ENUM interval fourcc=JPEG 3840x2160 index=0 tipo=discrete num=333333 den=10000000 fps_x1000=30000
PV-UVC-ENUM interval fourcc=JPEG 3840x2160 index=1 tipo=discrete num=666666 den=10000000 fps_x1000=15000
PV-UVC-ENUM interval fourcc=JPEG 3840x2160 index=2 tipo=discrete num=1000000 den=10000000 fps_x1000=10000
PV-UVC-ENUM size fourcc=JPEG index=12 4000x3000
PV-UVC-ENUM interval fourcc=JPEG 4000x3000 index=0 tipo=discrete num=666666 den=10000000 fps_x1000=15000
PV-UVC-ENUM interval fourcc=JPEG 4000x3000 index=1 tipo=discrete num=1000000 den=10000000 fps_x1000=10000
PV-UVC-ENUM size fourcc=JPEG index=13 320x240
PV-UVC-ENUM interval fourcc=JPEG 320x240 index=0 tipo=discrete num=333333 den=10000000 fps_x1000=30000
PV-UVC-ENUM interval fourcc=JPEG 320x240 index=1 tipo=discrete num=666666 den=10000000 fps_x1000=15000
PV-UVC-ENUM fmt index=1 fourcc=YUYV flags=0x0 desc="YUV 4:2:2 YUYV"
PV-UVC-ENUM size fourcc=YUYV index=0 320x240
PV-UVC-ENUM interval fourcc=YUYV 320x240 index=0 tipo=discrete num=500000 den=10000000 fps_x1000=20000
PV-UVC-ENUM interval fourcc=YUYV 320x240 index=1 tipo=discrete num=1000000 den=10000000 fps_x1000=10000
PV-UVC-ENUM size fourcc=YUYV index=1 640x360
PV-UVC-ENUM interval fourcc=YUYV 640x360 index=0 tipo=discrete num=500000 den=10000000 fps_x1000=20000
PV-UVC-ENUM interval fourcc=YUYV 640x360 index=1 tipo=discrete num=1000000 den=10000000 fps_x1000=10000
PV-UVC-ENUM size fourcc=YUYV index=2 640x480
PV-UVC-ENUM interval fourcc=YUYV 640x480 index=0 tipo=discrete num=1000000 den=10000000 fps_x1000=10000
PV-UVC-ENUM size fourcc=YUYV index=3 800x600
PV-UVC-ENUM interval fourcc=YUYV 800x600 index=0 tipo=discrete num=1000000 den=10000000 fps_x1000=10000
PV-UVC-ENUM size fourcc=YUYV index=4 1024x720
PV-UVC-ENUM interval fourcc=YUYV 1024x720 index=0 tipo=discrete num=1000000 den=10000000 fps_x1000=10000
PV-UVC-ENUM size fourcc=YUYV index=5 1280x940
PV-UVC-ENUM interval fourcc=YUYV 1280x940 index=0 tipo=discrete num=1000000 den=10000000 fps_x1000=10000
PV-UVC-ENUM size fourcc=YUYV index=6 1280x1024
PV-UVC-ENUM interval fourcc=YUYV 1280x1024 index=0 tipo=discrete num=1000000 den=10000000 fps_x1000=10000
PV-UVC-ENUM size fourcc=YUYV index=7 1600x1200
PV-UVC-ENUM interval fourcc=YUYV 1600x1200 index=0 tipo=discrete num=2000000 den=10000000 fps_x1000=5000
PV-UVC-ENUM size fourcc=YUYV index=8 1920x1080
PV-UVC-ENUM interval fourcc=YUYV 1920x1080 index=0 tipo=discrete num=2000000 den=10000000 fps_x1000=5000
PV-UVC-ENUM size fourcc=YUYV index=9 2048x1536
PV-UVC-ENUM interval fourcc=YUYV 2048x1536 index=0 tipo=discrete num=2000000 den=10000000 fps_x1000=5000
PV-UVC-ENUM size fourcc=YUYV index=10 2560x1440
PV-UVC-ENUM interval fourcc=YUYV 2560x1440 index=0 tipo=discrete num=2000000 den=10000000 fps_x1000=5000
PV-UVC-ENUM size fourcc=YUYV index=11 2592x1944
PV-UVC-ENUM interval fourcc=YUYV 2592x1944 index=0 tipo=discrete num=2000000 den=10000000 fps_x1000=5000
PV-UVC-ENUM result=OK tamanhos_jpeg=14
PV-UVC-FMT requested=800x600 applied=800x600 fourcc=JPEG sizeimage=1048576
PV-UVC-REQBUFS pedido=4 obtido=4 sizeimage=1048576
D (395553) uvc: Checking list of opened USB devices
D (395557) uvc: Checking list of connected USB devices
D (395562) uvc: Claimed interface index 1 with MPS 1024
D (395569) uvc: ctrl xfer cb
D (395572) uvc: ctrl xfer cb
D (395574) uvc: ctrl xfer cb
D (395576) uvc: ctrl xfer cb
I (395578) uvc: Allocating 4 USB transfers for ISOC. Each: 3072 bytes, 1 ISOC packets, 3072 MPS
D (395589) uvc: ctrl xfer cb
D (395591) uvc: ctrl xfer cb
D (395593) uvc: ctrl xfer cb
D (395595) uvc: ctrl xfer cb
D (395598) uvc: ctrl xfer cb
D (395600) uvc: ctrl xfer cb
D (395602) uvc: ctrl xfer cb
D (395607) uvc: ctrl xfer cb
D (395609) uvc: ctrl xfer cb
D (395611) uvc: ctrl xfer cb
D (395613) uvc: ctrl xfer cb
D (395625) uvc: ctrl xfer cb
W (398625) PvUvcSpike: DQBUF de descarte 0 falhou: errno=1(Not owner)
PV-UVC-WARMUP requested=800x600 descartados=0
W (403625) PvUvcSpike: DQBUF tentativa 1/6 falhou: errno=1(Not owner)
W (408625) PvUvcSpike: DQBUF tentativa 2/6 falhou: errno=1(Not owner)
W (413625) PvUvcSpike: DQBUF tentativa 3/6 falhou: errno=1(Not owner)
W (418625) PvUvcSpike: DQBUF tentativa 4/6 falhou: errno=1(Not owner)
W (423625) PvUvcSpike: DQBUF tentativa 5/6 falhou: errno=1(Not owner)
W (428625) PvUvcSpike: DQBUF tentativa 6/6 falhou: errno=1(Not owner)
D (428725) uvc: ctrl xfer cb
PV-UVC-RUNG requested=800x600 applied=800x600 fourcc=JPEG bytesused=0 result=FAIL reason=dqbuf
PV-UVC-MEM etapa=pos-degrau psram_livre=28436732 psram_maior_bloco=28311552 interna_livre=412607
PV-UVC-FMT requested=1920x1080 applied=1920x1080 fourcc=JPEG sizeimage=1048576
PV-UVC-REQBUFS pedido=4 obtido=4 sizeimage=1048576
D (429142) uvc: Checking list of opened USB devices
D (429146) uvc: Checking list of connected USB devices
D (429151) uvc: Claimed interface index 1 with MPS 1024
D (429157) uvc: ctrl xfer cb
D (429161) uvc: ctrl xfer cb
D (429163) uvc: ctrl xfer cb
D (429166) uvc: ctrl xfer cb
I (429167) uvc: Allocating 4 USB transfers for ISOC. Each: 3072 bytes, 1 ISOC packets, 3072 MPS
D (429176) uvc: ctrl xfer cb
D (429178) uvc: ctrl xfer cb
D (429183) uvc: ctrl xfer cb
D (429185) uvc: ctrl xfer cb
D (429187) uvc: ctrl xfer cb
D (429190) uvc: ctrl xfer cb
D (429192) uvc: ctrl xfer cb
D (429194) uvc: ctrl xfer cb
D (429196) uvc: ctrl xfer cb
D (429199) uvc: ctrl xfer cb
D (429203) uvc: ctrl xfer cb
D (429215) uvc: ctrl xfer cb
W (432215) PvUvcSpike: DQBUF de descarte 0 falhou: errno=1(Not owner)
PV-UVC-WARMUP requested=1920x1080 descartados=0
W (437215) PvUvcSpike: DQBUF tentativa 1/6 falhou: errno=1(Not owner)
W (442215) PvUvcSpike: DQBUF tentativa 2/6 falhou: errno=1(Not owner)
W (447215) PvUvcSpike: DQBUF tentativa 3/6 falhou: errno=1(Not owner)
W (452215) PvUvcSpike: DQBUF tentativa 4/6 falhou: errno=1(Not owner)
W (457215) PvUvcSpike: DQBUF tentativa 5/6 falhou: errno=1(Not owner)
W (462215) PvUvcSpike: DQBUF tentativa 6/6 falhou: errno=1(Not owner)
D (462316) uvc: ctrl xfer cb
PV-UVC-RUNG requested=1920x1080 applied=1920x1080 fourcc=JPEG bytesused=0 result=FAIL reason=dqbuf
PV-UVC-MEM etapa=pos-degrau psram_livre=28436732 psram_maior_bloco=28311552 interna_livre=412607
PV-UVC-FMT requested=2592x1944 applied=2592x1944 fourcc=JPEG sizeimage=2519424
PV-UVC-REQBUFS pedido=4 obtido=4 sizeimage=2519424
D (462733) uvc: Checking list of opened USB devices
D (462738) uvc: Checking list of connected USB devices
D (462743) uvc: Claimed interface index 1 with MPS 1024
D (462748) uvc: ctrl xfer cb
D (462752) uvc: ctrl xfer cb
D (462754) uvc: ctrl xfer cb
D (462757) uvc: ctrl xfer cb
I (462758) uvc: Allocating 4 USB transfers for ISOC. Each: 3072 bytes, 1 ISOC packets, 3072 MPS
D (462767) uvc: ctrl xfer cb
D (462771) uvc: ctrl xfer cb
D (462774) uvc: ctrl xfer cb
D (462776) uvc: ctrl xfer cb
D (462778) uvc: ctrl xfer cb
D (462781) uvc: ctrl xfer cb
D (462783) uvc: ctrl xfer cb
D (462786) uvc: ctrl xfer cb
D (462788) uvc: ctrl xfer cb
D (462790) uvc: ctrl xfer cb
D (462794) uvc: ctrl xfer cb
D (462806) uvc: ctrl xfer cb
W (465805) PvUvcSpike: DQBUF de descarte 0 falhou: errno=1(Not owner)
PV-UVC-WARMUP requested=2592x1944 descartados=0
W (470805) PvUvcSpike: DQBUF tentativa 1/6 falhou: errno=1(Not owner)
W (475805) PvUvcSpike: DQBUF tentativa 2/6 falhou: errno=1(Not owner)
W (480805) PvUvcSpike: DQBUF tentativa 3/6 falhou: errno=1(Not owner)
W (485805) PvUvcSpike: DQBUF tentativa 4/6 falhou: errno=1(Not owner)
W (490805) PvUvcSpike: DQBUF tentativa 5/6 falhou: errno=1(Not owner)
W (495805) PvUvcSpike: DQBUF tentativa 6/6 falhou: errno=1(Not owner)
D (495905) uvc: ctrl xfer cb
PV-UVC-RUNG requested=2592x1944 applied=2592x1944 fourcc=JPEG bytesused=0 result=FAIL reason=dqbuf
PV-UVC-MEM etapa=pos-degrau psram_livre=22553340 psram_maior_bloco=22020096 interna_livre=412607
PV-UVC-FMT requested=3264x2448 applied=3264x2448 fourcc=JPEG sizeimage=3995136
PV-UVC-REQBUFS pedido=4 obtido=4 sizeimage=3995136
D (496322) uvc: Checking list of opened USB devices
D (496327) uvc: Checking list of connected USB devices
D (496332) uvc: Claimed interface index 1 with MPS 1024
D (496338) uvc: ctrl xfer cb
D (496341) uvc: ctrl xfer cb
D (496343) uvc: ctrl xfer cb
D (496346) uvc: ctrl xfer cb
I (496347) uvc: Allocating 4 USB transfers for ISOC. Each: 3072 bytes, 1 ISOC packets, 3072 MPS
D (496358) uvc: ctrl xfer cb
D (496360) uvc: ctrl xfer cb
D (496362) uvc: ctrl xfer cb
D (496365) uvc: ctrl xfer cb
D (496367) uvc: ctrl xfer cb
D (496369) uvc: ctrl xfer cb
D (496372) uvc: ctrl xfer cb
D (496374) uvc: ctrl xfer cb
D (496378) uvc: ctrl xfer cb
D (496381) uvc: ctrl xfer cb
D (496385) uvc: ctrl xfer cb
D (496395) uvc: ctrl xfer cb
W (499394) PvUvcSpike: DQBUF de descarte 0 falhou: errno=1(Not owner)
PV-UVC-WARMUP requested=3264x2448 descartados=0
W (504394) PvUvcSpike: DQBUF tentativa 1/6 falhou: errno=1(Not owner)
W (509394) PvUvcSpike: DQBUF tentativa 2/6 falhou: errno=1(Not owner)
W (514394) PvUvcSpike: DQBUF tentativa 3/6 falhou: errno=1(Not owner)
W (519394) PvUvcSpike: DQBUF tentativa 4/6 falhou: errno=1(Not owner)
W (524394) PvUvcSpike: DQBUF tentativa 5/6 falhou: errno=1(Not owner)
W (529394) PvUvcSpike: DQBUF tentativa 6/6 falhou: errno=1(Not owner)
D (529494) uvc: ctrl xfer cb
PV-UVC-RUNG requested=3264x2448 applied=3264x2448 fourcc=JPEG bytesused=0 result=FAIL reason=dqbuf
PV-UVC-MEM etapa=pos-degrau psram_livre=16650492 psram_maior_bloco=16515072 interna_livre=412607
PV-UVC-FMT requested=4000x3000 applied=4000x3000 fourcc=JPEG sizeimage=6000000
PV-UVC-REQBUFS pedido=4 obtido=4 sizeimage=6000000
D (529911) uvc: Checking list of opened USB devices
D (529916) uvc: Checking list of connected USB devices
D (529921) uvc: Claimed interface index 1 with MPS 1024
D (529927) uvc: ctrl xfer cb
D (529930) uvc: ctrl xfer cb
D (529932) uvc: ctrl xfer cb
D (529935) uvc: ctrl xfer cb
I (529936) uvc: Allocating 4 USB transfers for ISOC. Each: 3072 bytes, 1 ISOC packets, 3072 MPS
D (529947) uvc: ctrl xfer cb
D (529949) uvc: ctrl xfer cb
D (529951) uvc: ctrl xfer cb
D (529954) uvc: ctrl xfer cb
D (529956) uvc: ctrl xfer cb
D (529959) uvc: ctrl xfer cb
D (529961) uvc: ctrl xfer cb
D (529963) uvc: ctrl xfer cb
D (529967) uvc: ctrl xfer cb
D (529970) uvc: ctrl xfer cb
D (529972) uvc: ctrl xfer cb
D (529984) uvc: ctrl xfer cb
W (532983) PvUvcSpike: DQBUF de descarte 0 falhou: errno=1(Not owner)
PV-UVC-WARMUP requested=4000x3000 descartados=0
W (537983) PvUvcSpike: DQBUF tentativa 1/6 falhou: errno=1(Not owner)
W (542983) PvUvcSpike: DQBUF tentativa 2/6 falhou: errno=1(Not owner)
W (547983) PvUvcSpike: DQBUF tentativa 3/6 falhou: errno=1(Not owner)
W (552983) PvUvcSpike: DQBUF tentativa 4/6 falhou: errno=1(Not owner)
W (557983) PvUvcSpike: DQBUF tentativa 5/6 falhou: errno=1(Not owner)
W (562983) PvUvcSpike: DQBUF tentativa 6/6 falhou: errno=1(Not owner)
D (563084) uvc: ctrl xfer cb
PV-UVC-RUNG requested=4000x3000 applied=4000x3000 fourcc=JPEG bytesused=0 result=FAIL reason=dqbuf
PV-UVC-MEM etapa=pos-degrau psram_livre=8631036 psram_maior_bloco=8388608 interna_livre=412607
PV-UVC-SUMARIO inicio
PV-UVC-SUMARIO degrau=1 requested=800x600 applied=800x600 fourcc=JPEG bytesused=0 result=FAIL reason=dqbuf obrigatorio=sim
PV-UVC-SUMARIO degrau=2 requested=1920x1080 applied=1920x1080 fourcc=JPEG bytesused=0 result=FAIL reason=dqbuf obrigatorio=sim
PV-UVC-SUMARIO degrau=3 requested=2592x1944 applied=2592x1944 fourcc=JPEG bytesused=0 result=FAIL reason=dqbuf obrigatorio=sim
PV-UVC-SUMARIO degrau=4 requested=3264x2448 applied=3264x2448 fourcc=JPEG bytesused=0 result=FAIL reason=dqbuf obrigatorio=sim
PV-UVC-SUMARIO degrau=5 requested=4000x3000 applied=4000x3000 fourcc=JPEG bytesused=0 result=FAIL reason=dqbuf obrigatorio=nao
PV-UVC-SUMARIO fim pass=0 fail=5 total=5 fail_obrigatorios=4
PV-UVC-CICLO 10 fim — REPLUG a camera para disparar nova escada (retry 15 s)

PV-UVC-CICLO 11 inicio
PV-UVC-ENUM aguardando enumeracao USB em /dev/video40 (ate 10000 ms)
I (578559) usb_uvc_device: All UVC devices already enumerated
PV-UVC-ENUM device aberto em 2 ms
PV-UVC-ENUM cap driver=USB-UVC0 card=USB-UVC0 bus=esp32p4:USB-UVC0 caps=0x84201001 device_caps=0x04201001
PV-UVC-ENUM fmt index=0 fourcc=JPEG flags=0x0 desc="JPEG"
PV-UVC-ENUM size fourcc=JPEG index=0 1920x1080
PV-UVC-ENUM interval fourcc=JPEG 1920x1080 index=0 tipo=discrete num=333333 den=10000000 fps_x1000=30000
PV-UVC-ENUM interval fourcc=JPEG 1920x1080 index=1 tipo=discrete num=666666 den=10000000 fps_x1000=15000
PV-UVC-ENUM interval fourcc=JPEG 1920x1080 index=2 tipo=discrete num=1000000 den=10000000 fps_x1000=10000
PV-UVC-ENUM size fourcc=JPEG index=1 640x320
PV-UVC-ENUM interval fourcc=JPEG 640x320 index=0 tipo=discrete num=333333 den=10000000 fps_x1000=30000
PV-UVC-ENUM interval fourcc=JPEG 640x320 index=1 tipo=discrete num=666666 den=10000000 fps_x1000=15000
PV-UVC-ENUM interval fourcc=JPEG 640x320 index=2 tipo=discrete num=1000000 den=10000000 fps_x1000=10000
PV-UVC-ENUM size fourcc=JPEG index=2 640x480
PV-UVC-ENUM interval fourcc=JPEG 640x480 index=0 tipo=discrete num=333333 den=10000000 fps_x1000=30000
PV-UVC-ENUM interval fourcc=JPEG 640x480 index=1 tipo=discrete num=666666 den=10000000 fps_x1000=15000
PV-UVC-ENUM interval fourcc=JPEG 640x480 index=2 tipo=discrete num=1000000 den=10000000 fps_x1000=10000
PV-UVC-ENUM size fourcc=JPEG index=3 800x600
PV-UVC-ENUM interval fourcc=JPEG 800x600 index=0 tipo=discrete num=333333 den=10000000 fps_x1000=30000
PV-UVC-ENUM interval fourcc=JPEG 800x600 index=1 tipo=discrete num=666666 den=10000000 fps_x1000=15000
PV-UVC-ENUM interval fourcc=JPEG 800x600 index=2 tipo=discrete num=1000000 den=10000000 fps_x1000=10000
PV-UVC-ENUM size fourcc=JPEG index=4 1024x768
PV-UVC-ENUM interval fourcc=JPEG 1024x768 index=0 tipo=discrete num=333333 den=10000000 fps_x1000=30000
PV-UVC-ENUM interval fourcc=JPEG 1024x768 index=1 tipo=discrete num=666666 den=10000000 fps_x1000=15000
PV-UVC-ENUM interval fourcc=JPEG 1024x768 index=2 tipo=discrete num=1000000 den=10000000 fps_x1000=10000
PV-UVC-ENUM size fourcc=JPEG index=5 1280x720
PV-UVC-ENUM interval fourcc=JPEG 1280x720 index=0 tipo=discrete num=333333 den=10000000 fps_x1000=30000
PV-UVC-ENUM interval fourcc=JPEG 1280x720 index=1 tipo=discrete num=666666 den=10000000 fps_x1000=15000
PV-UVC-ENUM interval fourcc=JPEG 1280x720 index=2 tipo=discrete num=1000000 den=10000000 fps_x1000=10000
PV-UVC-ENUM size fourcc=JPEG index=6 1280x960
PV-UVC-ENUM interval fourcc=JPEG 1280x960 index=0 tipo=discrete num=333333 den=10000000 fps_x1000=30000
PV-UVC-ENUM interval fourcc=JPEG 1280x960 index=1 tipo=discrete num=666666 den=10000000 fps_x1000=15000
PV-UVC-ENUM interval fourcc=JPEG 1280x960 index=2 tipo=discrete num=1000000 den=10000000 fps_x1000=10000
PV-UVC-ENUM size fourcc=JPEG index=7 1600x1200
PV-UVC-ENUM interval fourcc=JPEG 1600x1200 index=0 tipo=discrete num=333333 den=10000000 fps_x1000=30000
PV-UVC-ENUM interval fourcc=JPEG 1600x1200 index=1 tipo=discrete num=666666 den=10000000 fps_x1000=15000
PV-UVC-ENUM interval fourcc=JPEG 1600x1200 index=2 tipo=discrete num=1000000 den=10000000 fps_x1000=10000
PV-UVC-ENUM size fourcc=JPEG index=8 2048x1536
PV-UVC-ENUM interval fourcc=JPEG 2048x1536 index=0 tipo=discrete num=333333 den=10000000 fps_x1000=30000
PV-UVC-ENUM interval fourcc=JPEG 2048x1536 index=1 tipo=discrete num=666666 den=10000000 fps_x1000=15000
PV-UVC-ENUM interval fourcc=JPEG 2048x1536 index=2 tipo=discrete num=1000000 den=10000000 fps_x1000=10000
PV-UVC-ENUM size fourcc=JPEG index=9 2592x1944
PV-UVC-ENUM interval fourcc=JPEG 2592x1944 index=0 tipo=discrete num=333333 den=10000000 fps_x1000=30000
PV-UVC-ENUM interval fourcc=JPEG 2592x1944 index=1 tipo=discrete num=666666 den=10000000 fps_x1000=15000
PV-UVC-ENUM interval fourcc=JPEG 2592x1944 index=2 tipo=discrete num=1000000 den=10000000 fps_x1000=10000
PV-UVC-ENUM size fourcc=JPEG index=10 3264x2448
PV-UVC-ENUM interval fourcc=JPEG 3264x2448 index=0 tipo=discrete num=333333 den=10000000 fps_x1000=30000
PV-UVC-ENUM interval fourcc=JPEG 3264x2448 index=1 tipo=discrete num=666666 den=10000000 fps_x1000=15000
PV-UVC-ENUM interval fourcc=JPEG 3264x2448 index=2 tipo=discrete num=1000000 den=10000000 fps_x1000=10000
PV-UVC-ENUM size fourcc=JPEG index=11 3840x2160
PV-UVC-ENUM interval fourcc=JPEG 3840x2160 index=0 tipo=discrete num=333333 den=10000000 fps_x1000=30000
PV-UVC-ENUM interval fourcc=JPEG 3840x2160 index=1 tipo=discrete num=666666 den=10000000 fps_x1000=15000
PV-UVC-ENUM interval fourcc=JPEG 3840x2160 index=2 tipo=discrete num=1000000 den=10000000 fps_x1000=10000
PV-UVC-ENUM size fourcc=JPEG index=12 4000x3000
PV-UVC-ENUM interval fourcc=JPEG 4000x3000 index=0 tipo=discrete num=666666 den=10000000 fps_x1000=15000
PV-UVC-ENUM interval fourcc=JPEG 4000x3000 index=1 tipo=discrete num=1000000 den=10000000 fps_x1000=10000
PV-UVC-ENUM size fourcc=JPEG index=13 320x240
PV-UVC-ENUM interval fourcc=JPEG 320x240 index=0 tipo=discrete num=333333 den=10000000 fps_x1000=30000
PV-UVC-ENUM interval fourcc=JPEG 320x240 index=1 tipo=discrete num=666666 den=10000000 fps_x1000=15000
PV-UVC-ENUM fmt index=1 fourcc=YUYV flags=0x0 desc="YUV 4:2:2 YUYV"
PV-UVC-ENUM size fourcc=YUYV index=0 320x240
PV-UVC-ENUM interval fourcc=YUYV 320x240 index=0 tipo=discrete num=500000 den=10000000 fps_x1000=20000
PV-UVC-ENUM interval fourcc=YUYV 320x240 index=1 tipo=discrete num=1000000 den=10000000 fps_x1000=10000
PV-UVC-ENUM size fourcc=YUYV index=1 640x360
PV-UVC-ENUM interval fourcc=YUYV 640x360 index=0 tipo=discrete num=500000 den=10000000 fps_x1000=20000
PV-UVC-ENUM interval fourcc=YUYV 640x360 index=1 tipo=discrete num=1000000 den=10000000 fps_x1000=10000
PV-UVC-ENUM size fourcc=YUYV index=2 640x480
PV-UVC-ENUM interval fourcc=YUYV 640x480 index=0 tipo=discrete num=1000000 den=10000000 fps_x1000=10000
PV-UVC-ENUM size fourcc=YUYV index=3 800x600
PV-UVC-ENUM interval fourcc=YUYV 800x600 index=0 tipo=discrete num=1000000 den=10000000 fps_x1000=10000
PV-UVC-ENUM size fourcc=YUYV index=4 1024x720
PV-UVC-ENUM interval fourcc=YUYV 1024x720 index=0 tipo=discrete num=1000000 den=10000000 fps_x1000=10000
PV-UVC-ENUM size fourcc=YUYV index=5 1280x940
PV-UVC-ENUM interval fourcc=YUYV 1280x940 index=0 tipo=discrete num=1000000 den=10000000 fps_x1000=10000
PV-UVC-ENUM size fourcc=YUYV index=6 1280x1024
PV-UVC-ENUM interval fourcc=YUYV 1280x1024 index=0 tipo=discrete num=1000000 den=10000000 fps_x1000=10000
PV-UVC-ENUM size fourcc=YUYV index=7 1600x1200
PV-UVC-ENUM interval fourcc=YUYV 1600x1200 index=0 tipo=discrete num=2000000 den=10000000 fps_x1000=5000
PV-UVC-ENUM size fourcc=YUYV index=8 1920x1080
PV-UVC-ENUM interval fourcc=YUYV 1920x1080 index=0 tipo=discrete num=2000000 den=10000000 fps_x1000=5000
PV-UVC-ENUM size fourcc=YUYV index=9 2048x1536
PV-UVC-ENUM interval fourcc=YUYV 2048x1536 index=0 tipo=discrete num=2000000 den=10000000 fps_x1000=5000
PV-UVC-ENUM size fourcc=YUYV index=10 2560x1440
PV-UVC-ENUM interval fourcc=YUYV 2560x1440 index=0 tipo=discrete num=2000000 den=10000000 fps_x1000=5000
PV-UVC-ENUM size fourcc=YUYV index=11 2592x1944
PV-UVC-ENUM interval fourcc=YUYV 2592x1944 index=0 tipo=discrete num=2000000 den=10000000 fps_x1000=5000
PV-UVC-ENUM result=OK tamanhos_jpeg=14
PV-UVC-FMT requested=800x600 applied=800x600 fourcc=JPEG sizeimage=1048576
PV-UVC-REQBUFS pedido=4 obtido=4 sizeimage=1048576
D (579201) uvc: Checking list of opened USB devices
D (579205) uvc: Checking list of connected USB devices
E (579260) usb_uvc_device: uvc_video_start(396): Failed to open UVC stream
E (579260) esp_video: video->ops->start=105
E (579260) PvUvcSpike: VIDIOC_STREAMON falhou: errno=19(No such device)
PV-UVC-RUNG requested=800x600 applied=800x600 fourcc=JPEG bytesused=0 result=FAIL reason=streamon
PV-UVC-MEM etapa=pos-degrau psram_livre=28438636 psram_maior_bloco=28311552 interna_livre=417855
PV-UVC-FMT requested=1920x1080 applied=1920x1080 fourcc=JPEG sizeimage=1048576
PV-UVC-REQBUFS pedido=4 obtido=4 sizeimage=1048576
D (579294) uvc: Checking list of opened USB devices
D (579298) uvc: Checking list of connected USB devices
E (579353) usb_uvc_device: uvc_video_start(396): Failed to open UVC stream
E (579353) esp_video: video->ops->start=105
E (579353) PvUvcSpike: VIDIOC_STREAMON falhou: errno=19(No such device)
PV-UVC-RUNG requested=1920x1080 applied=1920x1080 fourcc=JPEG bytesused=0 result=FAIL reason=streamon
PV-UVC-MEM etapa=pos-degrau psram_livre=28438636 psram_maior_bloco=28311552 interna_livre=417855
PV-UVC-FMT requested=2592x1944 applied=2592x1944 fourcc=JPEG sizeimage=2519424
PV-UVC-REQBUFS pedido=4 obtido=4 sizeimage=2519424
D (579387) uvc: Checking list of opened USB devices
D (579392) uvc: Checking list of connected USB devices
E (579447) usb_uvc_device: uvc_video_start(396): Failed to open UVC stream
E (579447) esp_video: video->ops->start=105
E (579447) PvUvcSpike: VIDIOC_STREAMON falhou: errno=19(No such device)
PV-UVC-RUNG requested=2592x1944 applied=2592x1944 fourcc=JPEG bytesused=0 result=FAIL reason=streamon
PV-UVC-MEM etapa=pos-degrau psram_livre=22555244 psram_maior_bloco=22020096 interna_livre=417855
PV-UVC-FMT requested=3264x2448 applied=3264x2448 fourcc=JPEG sizeimage=3995136
PV-UVC-REQBUFS pedido=4 obtido=4 sizeimage=3995136
D (579481) uvc: Checking list of opened USB devices
D (579486) uvc: Checking list of connected USB devices
E (579541) usb_uvc_device: uvc_video_start(396): Failed to open UVC stream
E (579541) esp_video: video->ops->start=105
E (579541) PvUvcSpike: VIDIOC_STREAMON falhou: errno=19(No such device)
PV-UVC-RUNG requested=3264x2448 applied=3264x2448 fourcc=JPEG bytesused=0 result=FAIL reason=streamon
PV-UVC-MEM etapa=pos-degrau psram_livre=16652396 psram_maior_bloco=16515072 interna_livre=417855
PV-UVC-FMT requested=4000x3000 applied=4000x3000 fourcc=JPEG sizeimage=6000000
PV-UVC-REQBUFS pedido=4 obtido=4 sizeimage=6000000
D (579575) uvc: Checking list of opened USB devices
D (579580) uvc: Checking list of connected USB devices
E (579635) usb_uvc_device: uvc_video_start(396): Failed to open UVC stream
E (579635) esp_video: video->ops->start=105
E (579635) PvUvcSpike: VIDIOC_STREAMON falhou: errno=19(No such device)
PV-UVC-RUNG requested=4000x3000 applied=4000x3000 fourcc=JPEG bytesused=0 result=FAIL reason=streamon
PV-UVC-MEM etapa=pos-degrau psram_livre=8632940 psram_maior_bloco=8388608 interna_livre=417855
PV-UVC-SUMARIO inicio
PV-UVC-SUMARIO degrau=1 requested=800x600 applied=800x600 fourcc=JPEG bytesused=0 result=FAIL reason=streamon obrigatorio=sim
PV-UVC-SUMARIO degrau=2 requested=1920x1080 applied=1920x1080 fourcc=JPEG bytesused=0 result=FAIL reason=streamon obrigatorio=sim
PV-UVC-SUMARIO degrau=3 requested=2592x1944 applied=2592x1944 fourcc=JPEG bytesused=0 result=FAIL reason=streamon obrigatorio=sim
PV-UVC-SUMARIO degrau=4 requested=3264x2448 applied=3264x2448 fourcc=JPEG bytesused=0 result=FAIL reason=streamon obrigatorio=sim
PV-UVC-SUMARIO degrau=5 requested=4000x3000 applied=4000x3000 fourcc=JPEG bytesused=0 result=FAIL reason=streamon obrigatorio=nao
PV-UVC-SUMARIO fim pass=0 fail=5 total=5 fail_obrigatorios=4
PV-UVC-CICLO 11 fim — REPLUG a camera para disparar nova escada (retry 15 s)

PV-UVC-CICLO 12 inicio
PV-UVC-ENUM aguardando enumeracao USB em /dev/video40 (ate 10000 ms)
I (594728) usb_uvc_device: Waiting for UVC device to be enumerated...
E (594731) USB HOST: usbh_devs_open error: ESP_ERR_NOT_FOUND
E (594736) usb_uvc_device: uvc_video_init(279): Failed to get frame info
E (594743) esp_video: video->ops->init=102
PV-UVC-ENUM result=FAIL reason=open errno=22(Invalid argument)
PV-UVC-CICLO 12 sem device (replug a camera p/ nova escada; retry 15 s)

PV-UVC-CICLO 13 inicio
PV-UVC-ENUM aguardando enumeracao USB em /dev/video40 (ate 10000 ms)
I (609758) usb_uvc_device: Waiting for UVC device to be enumerated...
E (609761) USB HOST: usbh_devs_open error: ESP_ERR_NOT_FOUND
E (609766) usb_uvc_device: uvc_video_init(279): Failed to get frame info
E (609773) esp_video: video->ops->init=102
PV-UVC-ENUM result=FAIL reason=open errno=22(Invalid argument)
PV-UVC-CICLO 13 sem device (replug a camera p/ nova escada; retry 15 s)

PV-UVC-CICLO 14 inicio
PV-UVC-ENUM aguardando enumeracao USB em /dev/video40 (ate 10000 ms)
I (624788) usb_uvc_device: Waiting for UVC device to be enumerated...
E (624791) USB HOST: usbh_devs_open error: ESP_ERR_NOT_FOUND
E (624796) usb_uvc_device: uvc_video_init(279): Failed to get frame info
E (624803) esp_video: video->ops->init=102
PV-UVC-ENUM result=FAIL reason=open errno=22(Invalid argument)
PV-UVC-CICLO 14 sem device (replug a camera p/ nova escada; retry 15 s)

PV-UVC-CICLO 15 inicio
PV-UVC-ENUM aguardando enumeracao USB em /dev/video40 (ate 10000 ms)
I (639818) usb_uvc_device: Waiting for UVC device to be enumerated...
E (639821) USB HOST: usbh_devs_open error: ESP_ERR_NOT_FOUND
E (639826) usb_uvc_device: uvc_video_init(279): Failed to get frame info
E (639833) esp_video: video->ops->init=102
PV-UVC-ENUM result=FAIL reason=open errno=22(Invalid argument)
PV-UVC-CICLO 15 sem device (replug a camera p/ nova escada; retry 15 s)

PV-UVC-CICLO 16 inicio
PV-UVC-ENUM aguardando enumeracao USB em /dev/video40 (ate 10000 ms)
I (654848) usb_uvc_device: Waiting for UVC device to be enumerated...
E (654851) USB HOST: usbh_devs_open error: ESP_ERR_NOT_FOUND
E (654856) usb_uvc_device: uvc_video_init(279): Failed to get frame info
E (654863) esp_video: video->ops->init=102
PV-UVC-ENUM result=FAIL reason=open errno=22(Invalid argument)
PV-UVC-CICLO 16 sem device (replug a camera p/ nova escada; retry 15 s)

PV-UVC-CICLO 17 inicio
PV-UVC-ENUM aguardando enumeracao USB em /dev/video40 (ate 10000 ms)
I (669878) usb_uvc_device: Waiting for UVC device to be enumerated...
E (669881) USB HOST: usbh_devs_open error: ESP_ERR_NOT_FOUND
E (669886) usb_uvc_device: uvc_video_init(279): Failed to get frame info
E (669893) esp_video: video->ops->init=102
PV-UVC-ENUM result=FAIL reason=open errno=22(Invalid argument)
PV-UVC-CICLO 17 sem device (replug a camera p/ nova escada; retry 15 s)
ESP-ROM:esp32p4-eco2-20240710
Build:Jul 10 2024
rst:0x1 (POWERON),boot:0xf (SPI_FAST_FLASH_BOOT)
SPI mode:DIO, clock div:1
load:0x4ff33ce0,len:0x5d0
load:0x4ff28ed0,len:0xdf8
load:0x4ff2bbd0,len:0x34b8
entry 0x4ff28ed0
I (42) hex_psram: vendor id    : 0x0d (AP)
I (43) hex_psram: Latency      : 0x01 (Fixed)
I (43) hex_psram: DriveStr.    : 0x00 (25 Ohm)
I (43) hex_psram: dev id       : 0x03 (generation 4)
I (48) hex_psram: density      : 0x07 (256 Mbit)
I (52) hex_psram: good-die     : 0x06 (Pass)
I (56) hex_psram: SRF          : 0x02 (Slow Refresh)
I (61) hex_psram: BurstType    : 0x00 ( Wrap)
I (65) hex_psram: BurstLen     : 0x03 (2048 Byte)
I (69) hex_psram: BitMode      : 0x01 (X16 Mode)
I (74) hex_psram: Readlatency  : 0x04 (14 cycles@Fixed)
I (79) hex_psram: DriveStrength: 0x00 (1/1)
I (83) MSPI Timing: Enter psram timing tuning
I esp_psram: Found 32MB PSRAM device
I esp_psram: Speed: 200MHz
I (280) mmu_psram: .rodata xip on psram
I (313) mmu_psram: .text xip on psram
I (315) hex_psram: psram CS IO is dedicated
I (315) cpu_start: Multicore app
I (324) cpu_start: GPIO 38 and 37 are used as console UART I/O pins
I (325) cpu_start: Pro cpu start user code
I (325) cpu_start: cpu freq: 360000000 Hz
I (327) app_init: Application information:
I (330) app_init: Project name:     xiaozhi
I (334) app_init: App version:      2.4.0
I (338) app_init: Compile time:     Aug 12 2026 06:58:15
I (343) app_init: ELF file SHA256:  1eb1b5131...
I (347) app_init: ESP-IDF:          v6.0.2
I (351) efuse_init: Min chip rev:     v1.0
I (355) efuse_init: Max chip rev:     v1.99 
I (359) efuse_init: Chip rev:         v1.3
I (363) heap_init: Initializing. RAM available for dynamic allocation:
I (369) heap_init: At 4FF1B1D0 len 0001FDF0 (127 KiB): RETENT_RAM
I (375) heap_init: At 4FF3AFC0 len 00004BF0 (18 KiB): RAM
I (380) heap_init: At 4FF40000 len 00060000 (384 KiB): RAM
I (385) heap_init: At 50108080 len 00007F80 (31 KiB): RTCRAM
I (391) heap_init: At 30100088 len 00001F78 (7 KiB): SPM
I (396) esp_psram: Adding pool of 31808K of PSRAM memory to heap allocator
I (402) esp_psram: Adding pool of 44K of PSRAM memory gap generated due to end address alignment of irom to the heap allocator
I (413) esp_psram: Adding pool of 44K of PSRAM memory gap generated due to end address alignment of drom to the heap allocator
I (425) spi_flash: detected chip: gd
I (428) spi_flash: flash io: qio
I (431) host_init: ESP Hosted : Host chip_ip[18]
I (435) H_API: ESP-Hosted starting. Hosted_Tasks: prio:23, stack: 5120 RPC_task_stack: 5120
I (443) H_API: ** add_esp_wifi_remote_channels **
I (449) sleep_gpio: Configure to isolate all GPIO pins in sleep state
I (454) sleep_gpio: Enable automatic switching of GPIO sleep configuration
I (462) H_SDIO_DRV: sdio_data_to_rx_buf_task started
I (465) main_task: Started on CPU0
I (468) esp_psram: Reserving pool of 64K of internal memory for DMA/internal allocations
I (477) main_task: Calling app_main()

PV-UVC-SPIKE inicio (F2B) degraus=5
PV-UVC-MEM etapa=boot psram_livre=32634868 psram_maior_bloco=32505856 interna_livre=418575
I (2357) main_task: Returned from app_main()
PV-UVC-VBUS estado=off (host instalado sem energia no root port; 1000 ms)
PV-UVC-VBUS estado=on err=0x0 apos_ms=0
D (3387) uvc: USB UVC handling start
PV-UVC-INIT result=OK usb_host=on uvc_dev_num=1

PV-UVC-CICLO 1 inicio
PV-UVC-ENUM aguardando enumeracao USB em /dev/video40 (ate 10000 ms)
I (3395) usb_uvc_device: Waiting for UVC device to be enumerated...
E (13401) usb_uvc_device: uvc_video_init(266): Failed to take UVC device ready semaphore
PV-UVC-ENUM result=FAIL reason=open errno=19(No such device)
PV-UVC-CICLO 1 sem device (replug a camera p/ nova escada; retry 15 s)
E (16794) ENUM: LANGID 0x409 not found
D (16796) uvc: New device connected
*** Configuration descriptor ***
bLength 9
bDescriptorType 2
wTotalLength 1463
bNumInterfaces 5
bConfigurationValue 1
iConfiguration 0
bmAttributes 0x80
bMaxPower 500mA
*** Interface Association Descriptor ***
bLength 8
bDescriptorType 11
bFirstInterface 0
bInterfaceCount 2
bFunctionClass 0xe
bFunctionSubClass 0x3
bFunctionProtocol 0x0
iFunction 4
	*** Interface descriptor ***
	bLength 9
	bDescriptorType 4
	bInterfaceNumber 0
	bAlternateSetting 0
	bNumEndpoints 1
	bInterfaceClass 0xe
	bInterfaceSubClass 0x1
	bInterfaceProtocol 0x0
	iInterface 0
	*** Class-specific VC Interface Descriptor ***
	bLength 13
	bDescriptorType 0x24
	bDescriptorSubType 0x01
	bcdUVC 0100
	wTotalLength 80
	dwClockFrequency 24000000
	bInCollection 1
	baInterfaceNr[0] 1
	*** Input Terminal Descriptor (Camera) ***
	bLength 18
	bDescriptorType 0x24
	bDescriptorSubType 0x02
	bTerminalID 0x1
	wTerminalType 0x201
	bAssocTerminal 0
	iTerminal 0
	wObjectiveFocalLengthMin 0
	wObjectiveFocalLengthMax 0
	wOcularFocalLength 0
	bControlSize 3
	bmControls 0x7A 0x2A 0x2
	*** Extension Unit Descriptor unsupported, skipping... ***
	*** Processing Unit Descriptor ***
	bLength 11
	bDescriptorType 0x24
	bDescriptorSubType 0x05
	bUnitID 3
	bSourceID 2
	wMaxMultiplier 16384
	bControlSize 2
	bmControls 0x7F 0x17 0x0
	iProcessing 9
	bmVideoStandards 0x24
	*** Output Terminal Descriptor ***
	bLength 9
	bDescriptorType 0x24
	bDescriptorSubType 0x03
	bTerminalID 4
	wTerminalType 0x101
	bAssocTerminal 0
	bSourceID 3
	iTerminal 0
		*** Endpoint descriptor ***
		bLength 7
		bDescriptorType 5
		bEndpointAddress 0x81	EP 1 IN
		bmAttributes 0x3	INT
		wMaxPacketSize 16
		bInterval 8
		*** Class-specific Interrupt Endpoint Descriptor ***
		bLength 5
		bDescriptorType 0x25
		bDescriptorSubType 3
		wMaxTransferSize 16
	*** Interface descriptor ***
	bLength 9
	bDescriptorType 4
	bInterfaceNumber 1
	bAlternateSetting 0
	bNumEndpoints 0
	bInterfaceClass 0xe
	bInterfaceSubClass 0x2
	bInterfaceProtocol 0x0
	iInterface 0
	*** Class-specific VC Interface Descriptor ***
	bLength 15
	bDescriptorType 0x24
	bDescriptorSubType 0x01
	bcdUVC fc02
	wTotalLength 33283
	dwClockFrequency 16909312
	bInCollection 1
	baInterfaceNr[0] 1
	*** Extension Unit Descriptor unsupported, skipping... ***
	*** VS Frame Descriptor ***
	bLength 38
	bDescriptorType 0x24
	bDescriptorSubType 0x07
	bFrameIndex 1
	bmCapabilities 0x0
	wWidth 1920
	wHeight 1080
	dwMinBitRate 20736000
	dwMaxBitRate 62208000
	dwMaxVideoFrameBufSize 2073600
	dwDefaultFrameInterval 333333
	bFrameIntervalType 3
	FrameInterval[0] 333333
	FrameInterval[1] 666666
	FrameInterval[2] 1000000
	*** VS Frame Descriptor ***
	bLength 38
	bDescriptorType 0x24
	bDescriptorSubType 0x07
	bFrameIndex 2
	bmCapabilities 0x0
	wWidth 640
	wHeight 320
	dwMinBitRate 2048000
	dwMaxBitRate 6144000
	dwMaxVideoFrameBufSize 204800
	dwDefaultFrameInterval 333333
	bFrameIntervalType 3
	FrameInterval[0] 333333
	FrameInterval[1] 666666
	FrameInterval[2] 1000000
	*** VS Frame Descriptor ***
	bLength 38
	bDescriptorType 0x24
	bDescriptorSubType 0x07
	bFrameIndex 3
	bmCapabilities 0x0
	wWidth 640
	wHeight 480
	dwMinBitRate 3072000
	dwMaxBitRate 9216000
	dwMaxVideoFrameBufSize 307200
	dwDefaultFrameInterval 333333
	bFrameIntervalType 3
	FrameInterval[0] 333333
	FrameInterval[1] 666666
	FrameInterval[2] 1000000
	*** VS Frame Descriptor ***
	bLength 38
	bDescriptorType 0x24
	bDescriptorSubType 0x07
	bFrameIndex 4
	bmCapabilities 0x0
	wWidth 800
	wHeight 600
	dwMinBitRate 4800000
	dwMaxBitRate 14400000
	dwMaxVideoFrameBufSize 480000
	dwDefaultFrameInterval 333333
	bFrameIntervalType 3
	FrameInterval[0] 333333
	FrameInterval[1] 666666
	FrameInterval[2] 1000000
	*** VS Frame Descriptor ***
	bLength 38
	bDescriptorType 0x24
	bDescriptorSubType 0x07
	bFrameIndex 5
	bmCapabilities 0x0
	wWidth 1024
	wHeight 768
	dwMinBitRate 7864320
	dwMaxBitRate 23592960
	dwMaxVideoFrameBufSize 786432
	dwDefaultFrameInterval 333333
	bFrameIntervalType 3
	FrameInterval[0] 333333
	FrameInterval[1] 666666
	FrameInterval[2] 1000000
	*** VS Frame Descriptor ***
	bLength 38
	bDescriptorType 0x24
	bDescriptorSubType 0x07
	bFrameIndex 6
	bmCapabilities 0x0
	wWidth 1280
	wHeight 720
	dwMinBitRate 9216000
	dwMaxBitRate 27648000
	dwMaxVideoFrameBufSize 921600
	dwDefaultFrameInterval 333333
	bFrameIntervalType 3
	FrameInterval[0] 333333
	FrameInterval[1] 666666
	FrameInterval[2] 1000000
	*** VS Frame Descriptor ***
	bLength 38
	bDescriptorType 0x24
	bDescriptorSubType 0x07
	bFrameIndex 7
	bmCapabilities 0x0
	wWidth 1280
	wHeight 960
	dwMinBitRate 12288000
	dwMaxBitRate 36864000
	dwMaxVideoFrameBufSize 1228800
	dwDefaultFrameInterval 333333
	bFrameIntervalType 3
	FrameInterval[0] 333333
	FrameInterval[1] 666666
	FrameInterval[2] 1000000
	*** VS Frame Descriptor ***
	bLength 38
	bDescriptorType 0x24
	bDescriptorSubType 0x07
	bFrameIndex 8
	bmCapabilities 0x0
	wWidth 1600
	wHeight 1200
	dwMinBitRate 19200000
	dwMaxBitRate 57600000
	dwMaxVideoFrameBufSize 1920000
	dwDefaultFrameInterval 333333
	bFrameIntervalType 3
	FrameInterval[0] 333333
	FrameInterval[1] 666666
	FrameInterval[2] 1000000
	*** VS Frame Descriptor ***
	bLength 38
	bDescriptorType 0x24
	bDescriptorSubType 0x07
	bFrameIndex 9
	bmCapabilities 0x0
	wWidth 2048
	wHeight 1536
	dwMinBitRate 31457280
	dwMaxBitRate 94371840
	dwMaxVideoFrameBufSize 3145728
	dwDefaultFrameInterval 333333
	bFrameIntervalType 3
	FrameInterval[0] 333333
	FrameInterval[1] 666666
	FrameInterval[2] 1000000
	*** VS Frame Descriptor ***
	bLength 38
	bDescriptorType 0x24
	bDescriptorSubType 0x07
	bFrameIndex 10
	bmCapabilities 0x0
	wWidth 2592
	wHeight 1944
	dwMinBitRate 50388480
	dwMaxBitRate 151165440
	dwMaxVideoFrameBufSize 5038848
	dwDefaultFrameInterval 333333
	bFrameIntervalType 3
	FrameInterval[0] 333333
	FrameInterval[1] 666666
	FrameInterval[2] 1000000
	*** VS Frame Descriptor ***
	bLength 38
	bDescriptorType 0x24
	bDescriptorSubType 0x07
	bFrameIndex 11
	bmCapabilities 0x0
	wWidth 3264
	wHeight 2448
	dwMinBitRate 79902720
	dwMaxBitRate 239708160
	dwMaxVideoFrameBufSize 7990272
	dwDefaultFrameInterval 333333
	bFrameIntervalType 3
	FrameInterval[0] 333333
	FrameInterval[1] 666666
	FrameInterval[2] 1000000
	*** VS Frame Descriptor ***
	bLength 38
	bDescriptorType 0x24
	bDescriptorSubType 0x07
	bFrameIndex 12
	bmCapabilities 0x0
	wWidth 3840
	wHeight 2160
	dwMinBitRate 82944000
	dwMaxBitRate 248832000
	dwMaxVideoFrameBufSize 8294400
	dwDefaultFrameInterval 333333
	bFrameIntervalType 3
	FrameInterval[0] 333333
	FrameInterval[1] 666666
	FrameInterval[2] 1000000
	*** VS Frame Descriptor ***
	bLength 34
	bDescriptorType 0x24
	bDescriptorSubType 0x07
	bFrameIndex 13
	bmCapabilities 0x0
	wWidth 4000
	wHeight 3000
	dwMinBitRate 120000000
	dwMaxBitRate 180000000
	dwMaxVideoFrameBufSize 12000000
	dwDefaultFrameInterval 666666
	bFrameIntervalType 2
	FrameInterval[0] 666666
	FrameInterval[1] 1000000
	*** VS Frame Descriptor ***
	bLength 34
	bDescriptorType 0x24
	bDescriptorSubType 0x07
	bFrameIndex 14
	bmCapabilities 0x0
	wWidth 320
	wHeight 240
	dwMinBitRate 1152000
	dwMaxBitRate 2304000
	dwMaxVideoFrameBufSize 76800
	dwDefaultFrameInterval 333333
	bFrameIntervalType 2
	FrameInterval[0] 333333
	FrameInterval[1] 666666
	*** Output Terminal Descriptor ***
	bLength 63
	bDescriptorType 0x24
	bDescriptorSubType 0x03
	bTerminalID 0
	wTerminalType 0x800E
	bAssocTerminal 7
	bSourceID 56
	iTerminal 4
	*** VS Color Format Descriptor ***
	bLength 6
	bDescriptorType 0x24
	bDescriptorSubType 0x0D
	bColorPrimaries 0x1
	bTransferCharacteristics 1
	bMatrixCoefficients 0x4
	*** Selector Unit Descriptor ***
	bLength 27
	bDescriptorType 0x24
	bDescriptorSubType 0x04
	bUnitID 2
	bNrInPins 12
	baSourceID1 89
	baSourceID2 85
	iSelector 89
	*** Processing Unit Descriptor ***
	bLength 34
	bDescriptorType 0x24
	bDescriptorSubType 0x05
	bUnitID 1
	bSourceID 0
	wMaxMultiplier 320
	bControlSize 240
	bmControls 0x0 0x0 0x70
	iProcessing 23
	bmVideoStandards 0x0
	*** Processing Unit Descriptor ***
	bLength 34
	bDescriptorType 0x24
	bDescriptorSubType 0x05
	bUnitID 2
	bSourceID 0
	wMaxMultiplier 640
	bControlSize 104
	bmControls 0x1 0x0 0x50
	iProcessing 70
	bmVideoStandards 0x0
	*** Processing Unit Descriptor ***
	bLength 30
	bDescriptorType 0x24
	bDescriptorSubType 0x05
	bUnitID 3
	bSourceID 0
	wMaxMultiplier 640
	bControlSize 224
	bmControls 0x1 0x0 0xC0
	iProcessing 93
	bmVideoStandards 0x0
	*** Processing Unit Descriptor ***
	bLength 30
	bDescriptorType 0x24
	bDescriptorSubType 0x05
	bUnitID 4
	bSourceID 0
	wMaxMultiplier 800
	bControlSize 88
	bmControls 0x2 0x0 0x7C
	iProcessing 146
	bmVideoStandards 0x0
	*** Processing Unit Descriptor ***
	bLength 30
	bDescriptorType 0x24
	bDescriptorSubType 0x05
	bUnitID 5
	bSourceID 0
	wMaxMultiplier 1024
	bControlSize 208
	bmControls 0x2 0x0 0x0
	iProcessing 225
	bmVideoStandards 0x0
	*** Processing Unit Descriptor ***
	bLength 30
	bDescriptorType 0x24
	bDescriptorSubType 0x05
	bUnitID 6
	bSourceID 0
	wMaxMultiplier 1280
	bControlSize 172
	bmControls 0x3 0x0 0x30
	iProcessing 111
	bmVideoStandards 0x1
	*** Processing Unit Descriptor ***
	bLength 30
	bDescriptorType 0x24
	bDescriptorSubType 0x05
	bUnitID 7
	bSourceID 0
	wMaxMultiplier 1280
	bControlSize 0
	bmControls 0x4 0x0 0x0
	iProcessing 144
	bmVideoStandards 0x1
	*** Processing Unit Descriptor ***
	bLength 30
	bDescriptorType 0x24
	bDescriptorSubType 0x05
	bUnitID 8
	bSourceID 0
	wMaxMultiplier 1600
	bControlSize 176
	bmControls 0x4 0x0 0xF8
	iProcessing 36
	bmVideoStandards 0x1
	*** Processing Unit Descriptor ***
	bLength 30
	bDescriptorType 0x24
	bDescriptorSubType 0x05
	bUnitID 9
	bSourceID 0
	wMaxMultiplier 1920
	bControlSize 56
	bmControls 0x4 0x0 0x68
	iProcessing 60
	bmVideoStandards 0x1
	*** Processing Unit Descriptor ***
	bLength 30
	bDescriptorType 0x24
	bDescriptorSubType 0x05
	bUnitID 10
	bSourceID 0
	wMaxMultiplier 2048
	bControlSize 0
	bmControls 0x6 0x0 0x0
	iProcessing 224
	bmVideoStandards 0x1
	*** Processing Unit Descriptor ***
	bLength 30
	bDescriptorType 0x24
	bDescriptorSubType 0x05
	bUnitID 11
	bSourceID 0
	wMaxMultiplier 2560
	bControlSize 160
	bmControls 0x5 0x0 0x80
	iProcessing 50
	bmVideoStandards 0x2
	*** Processing Unit Descriptor ***
	bLength 30
	bDescriptorType 0x24
	bDescriptorSubType 0x05
	bUnitID 12
	bSourceID 0
	wMaxMultiplier 2592
	bControlSize 152
	bmControls 0x7 0x0 0xDE
	iProcessing 0
	bmVideoStandards 0x3
	*** VS Color Format Descriptor ***
	bLength 6
	bDescriptorType 0x24
	bDescriptorSubType 0x0D
	bColorPrimaries 0x1
	bTransferCharacteristics 1
	bMatrixCoefficients 0x4
	*** Interface descriptor ***
	bLength 9
	bDescriptorType 4
	bInterfaceNumber 1
	bAlternateSetting 1
	bNumEndpoints 1
	bInterfaceClass 0xe
	bInterfaceSubClass 0x2
	bInterfaceProtocol 0x0
	iInterface 0
		*** Endpoint descriptor ***
		bLength 7
		bDescriptorType 5
		bEndpointAddress 0x82	EP 2 IN
		bmAttributes 0x5	ISOC
		wMaxPacketSize 192
		bInterval 1
	*** Interface descriptor ***
	bLength 9
	bDescriptorType 4
	bInterfaceNumber 1
	bAlternateSetting 2
	bNumEndpoints 1
	bInterfaceClass 0xe
	bInterfaceSubClass 0x2
	bInterfaceProtocol 0x0
	iInterface 0
		*** Endpoint descriptor ***
		bLength 7
		bDescriptorType 5
		bEndpointAddress 0x82	EP 2 IN
		bmAttributes 0x5	ISOC
		wMaxPacketSize 384
		bInterval 1
	*** Interface descriptor ***
	bLength 9
	bDescriptorType 4
	bInterfaceNumber 1
	bAlternateSetting 3
	bNumEndpoints 1
	bInterfaceClass 0xe
	bInterfaceSubClass 0x2
	bInterfaceProtocol 0x0
	iInterface 0
		*** Endpoint descriptor ***
		bLength 7
		bDescriptorType 5
		bEndpointAddress 0x82	EP 2 IN
		bmAttributes 0x5	ISOC
		wMaxPacketSize 512
		bInterval 1
	*** Interface descriptor ***
	bLength 9
	bDescriptorType 4
	bInterfaceNumber 1
	bAlternateSetting 4
	bNumEndpoints 1
	bInterfaceClass 0xe
	bInterfaceSubClass 0x2
	bInterfaceProtocol 0x0
	iInterface 0
		*** Endpoint descriptor ***
		bLength 7
		bDescriptorType 5
		bEndpointAddress 0x82	EP 2 IN
		bmAttributes 0x5	ISOC
		wMaxPacketSize 640
		bInterval 1
	*** Interface descriptor ***
	bLength 9
	bDescriptorType 4
	bInterfaceNumber 1
	bAlternateSetting 5
	bNumEndpoints 1
	bInterfaceClass 0xe
	bInterfaceSubClass 0x2
	bInterfaceProtocol 0x0
	iInterface 0
		*** Endpoint descriptor ***
		bLength 7
		bDescriptorType 5
		bEndpointAddress 0x82	EP 2 IN
		bmAttributes 0x5	ISOC
		wMaxPacketSize 800
		bInterval 1
	*** Interface descriptor ***
	bLength 9
	bDescriptorType 4
	bInterfaceNumber 1
	bAlternateSetting 6
	bNumEndpoints 1
	bInterfaceClass 0xe
	bInterfaceSubClass 0x2
	bInterfaceProtocol 0x0
	iInterface 0
		*** Endpoint descriptor ***
		bLength 7
		bDescriptorType 5
		bEndpointAddress 0x82	EP 2 IN
		bmAttributes 0x5	ISOC
		wMaxPacketSize 944
		bInterval 1
	*** Interface descriptor ***
	bLength 9
	bDescriptorType 4
	bInterfaceNumber 1
	bAlternateSetting 7
	bNumEndpoints 1
	bInterfaceClass 0xe
	bInterfaceSubClass 0x2
	bInterfaceProtocol 0x0
	iInterface 0
		*** Endpoint descriptor ***
		bLength 7
		bDescriptorType 5
		bEndpointAddress 0x82	EP 2 IN
		bmAttributes 0x5	ISOC
		wMaxPacketSize 640
		wMaxPacketSize (with additional transactions in microframe) 1280
		bInterval 1
	*** Interface descriptor ***
	bLength 9
	bDescriptorType 4
	bInterfaceNumber 1
	bAlternateSetting 8
	bNumEndpoints 1
	bInterfaceClass 0xe
	bInterfaceSubClass 0x2
	bInterfaceProtocol 0x0
	iInterface 0
		*** Endpoint descriptor ***
		bLength 7
		bDescriptorType 5
		bEndpointAddress 0x82	EP 2 IN
		bmAttributes 0x5	ISOC
		wMaxPacketSize 800
		wMaxPacketSize (with additional transactions in microframe) 1600
		bInterval 1
	*** Interface descriptor ***
	bLength 9
	bDescriptorType 4
	bInterfaceNumber 1
	bAlternateSetting 9
	bNumEndpoints 1
	bInterfaceClass 0xe
	bInterfaceSubClass 0x2
	bInterfaceProtocol 0x0
	iInterface 0
		*** Endpoint descriptor ***
		bLength 7
		bDescriptorType 5
		bEndpointAddress 0x82	EP 2 IN
		bmAttributes 0x5	ISOC
		wMaxPacketSize 992
		wMaxPacketSize (with additional transactions in microframe) 1984
		bInterval 1
	*** Interface descriptor ***
	bLength 9
	bDescriptorType 4
	bInterfaceNumber 1
	bAlternateSetting 10
	bNumEndpoints 1
	bInterfaceClass 0xe
	bInterfaceSubClass 0x2
	bInterfaceProtocol 0x0
	iInterface 0
		*** Endpoint descriptor ***
		bLength 7
		bDescriptorType 5
		bEndpointAddress 0x82	EP 2 IN
		bmAttributes 0x5	ISOC
		wMaxPacketSize 896
		wMaxPacketSize (with additional transactions in microframe) 2688
		bInterval 1
	*** Interface descriptor ***
	bLength 9
	bDescriptorType 4
	bInterfaceNumber 1
	bAlternateSetting 11
	bNumEndpoints 1
	bInterfaceClass 0xe
	bInterfaceSubClass 0x2
	bInterfaceProtocol 0x0
	iInterface 0
		*** Endpoint descriptor ***
		bLength 7
		bDescriptorType 5
		bEndpointAddress 0x82	EP 2 IN
		bmAttributes 0x5	ISOC
		wMaxPacketSize 1024
		wMaxPacketSize (with additional transactions in microframe) 3072
		bInterval 1
*** Interface Association Descriptor ***
bLength 8
bDescriptorType 11
bFirstInterface 2
bInterfaceCount 2
bFunctionClass 0x1
bFunctionSubClass 0x0
bFunctionProtocol 0x0
iFunction 5
	*** Interface descriptor ***
	bLength 9
	bDescriptorType 4
	bInterfaceNumber 2
	bAlternateSetting 0
	bNumEndpoints 0
	bInterfaceClass 0x1
	bInterfaceSubClass 0x1
	bInterfaceProtocol 0x0
	iInterface 0
	*** Class-specific VC Interface Descriptor ***
	bLength 9
	bDescriptorType 0x24
	bDescriptorSubType 0x01
	bcdUVC 0100
	wTotalLength 39
	dwClockFrequency 604766977
	bInCollection 2
	baInterfaceNr[0] 1
	baInterfaceNr[1] 1
	*** Input Terminal Descriptor (Camera) ***
	bLength 12
	bDescriptorType 0x24
	bDescriptorSubType 0x02
	bTerminalID 0x1
	wTerminalType 0x201
	bAssocTerminal 0
	iTerminal 1
	wObjectiveFocalLengthMin 3
	wObjectiveFocalLengthMax 0
	wOcularFocalLength 9225
	bControlSize 6
	bmControls 0x2 0x1 0x2
	*** Extension Unit Descriptor unsupported, skipping... ***
	*** Output Terminal Descriptor ***
	bLength 9
	bDescriptorType 0x24
	bDescriptorSubType 0x03
	bTerminalID 3
	wTerminalType 0x101
	bAssocTerminal 0
	bSourceID 2
	iTerminal 0
	*** Interface descriptor ***
	bLength 9
	bDescriptorType 4
	bInterfaceNumber 3
	bAlternateSetting 0
	bNumEndpoints 0
	bInterfaceClass 0x1
	bInterfaceSubClass 0x2
	bInterfaceProtocol 0x0
	iInterface 0
	*** Interface descriptor ***
	bLength 9
	bDescriptorType 4
	bInterfaceNumber 3
	bAlternateSetting 1
	bNumEndpoints 1
	bInterfaceClass 0x1
	bInterfaceSubClass 0x2
	bInterfaceProtocol 0x0
	iInterface 0
	*** Class-specific VC Interface Descriptor ***
	bLength 7
	bDescriptorType 0x24
	bDescriptorSubType 0x01
	bcdUVC 0003
	wTotalLength 1
	dwClockFrequency 16917515
	bInCollection 2
	baInterfaceNr[0] 2
	baInterfaceNr[1] 16
	*** Input Terminal Descriptor (Media) ***
	bLength 11
	bDescriptorType 0x24
	bDescriptorSubType 0x02
	bTerminalID 0x1
	wTerminalType 0x202
	bAssocTerminal 16
	iTerminal 1
	bControlSize 128
	bmControls 0xBB
	bTransportModeSize 0
	bmTransportModes 0x9 0x5 0x83 0x1 0xC0
		*** Endpoint descriptor ***
		bLength 9
		bDescriptorType 5
		bEndpointAddress 0x83	EP 3 IN
		bmAttributes 0x1	ISOC
		wMaxPacketSize 192
		bInterval 4
		*** Class-specific Interrupt Endpoint Descriptor ***
		bLength 7
		bDescriptorType 0x25
		bDescriptorSubType 1
		wMaxTransferSize 1
	*** Interface descriptor ***
	bLength 9
	bDescriptorType 4
	bInterfaceNumber 4
	bAlternateSetting 0
	bNumEndpoints 2
	bInterfaceClass 0x3
	bInterfaceSubClass 0x0
	bInterfaceProtocol 0x0
	iInterface 0
 *** Unknown Descriptor Length: 9 Type: 33 ***
		*** Endpoint descriptor ***
		bLength 7
		bDescriptorType 5
		bEndpointAddress 0x84	EP 4 IN
		bmAttributes 0x3	INT
		wMaxPacketSize 64
		bInterval 4
		*** Endpoint descriptor ***
		bLength 7
		bDescriptorType 5
		bEndpointAddress 0x1	EP 1 OUT
		bmAttributes 0x3	INT
		wMaxPacketSize 64
		bInterval 4
D (18387) usb_uvc_device: Device connected
D (18391) usb_uvc_device: UVC device found, dev_addr = 1, stream_index = 0

PV-UVC-CICLO 2 inicio
PV-UVC-ENUM aguardando enumeracao USB em /dev/video40 (ate 10000 ms)
I (28409) usb_uvc_device: All UVC devices already enumerated
PV-UVC-ENUM device aberto em 2 ms
PV-UVC-ENUM cap driver=USB-UVC0 card=USB-UVC0 bus=esp32p4:USB-UVC0 caps=0x84201001 device_caps=0x04201001
PV-UVC-ENUM fmt index=0 fourcc=JPEG flags=0x0 desc="JPEG"
PV-UVC-ENUM size fourcc=JPEG index=0 1920x1080
PV-UVC-ENUM interval fourcc=JPEG 1920x1080 index=0 tipo=discrete num=333333 den=10000000 fps_x1000=30000
PV-UVC-ENUM interval fourcc=JPEG 1920x1080 index=1 tipo=discrete num=666666 den=10000000 fps_x1000=15000
PV-UVC-ENUM interval fourcc=JPEG 1920x1080 index=2 tipo=discrete num=1000000 den=10000000 fps_x1000=10000
PV-UVC-ENUM size fourcc=JPEG index=1 640x320
PV-UVC-ENUM interval fourcc=JPEG 640x320 index=0 tipo=discrete num=333333 den=10000000 fps_x1000=30000
PV-UVC-ENUM interval fourcc=JPEG 640x320 index=1 tipo=discrete num=666666 den=10000000 fps_x1000=15000
PV-UVC-ENUM interval fourcc=JPEG 640x320 index=2 tipo=discrete num=1000000 den=10000000 fps_x1000=10000
PV-UVC-ENUM size fourcc=JPEG index=2 640x480
PV-UVC-ENUM interval fourcc=JPEG 640x480 index=0 tipo=discrete num=333333 den=10000000 fps_x1000=30000
PV-UVC-ENUM interval fourcc=JPEG 640x480 index=1 tipo=discrete num=666666 den=10000000 fps_x1000=15000
PV-UVC-ENUM interval fourcc=JPEG 640x480 index=2 tipo=discrete num=1000000 den=10000000 fps_x1000=10000
PV-UVC-ENUM size fourcc=JPEG index=3 800x600
PV-UVC-ENUM interval fourcc=JPEG 800x600 index=0 tipo=discrete num=333333 den=10000000 fps_x1000=30000
PV-UVC-ENUM interval fourcc=JPEG 800x600 index=1 tipo=discrete num=666666 den=10000000 fps_x1000=15000
PV-UVC-ENUM interval fourcc=JPEG 800x600 index=2 tipo=discrete num=1000000 den=10000000 fps_x1000=10000
PV-UVC-ENUM size fourcc=JPEG index=4 1024x768
PV-UVC-ENUM interval fourcc=JPEG 1024x768 index=0 tipo=discrete num=333333 den=10000000 fps_x1000=30000
PV-UVC-ENUM interval fourcc=JPEG 1024x768 index=1 tipo=discrete num=666666 den=10000000 fps_x1000=15000
PV-UVC-ENUM interval fourcc=JPEG 1024x768 index=2 tipo=discrete num=1000000 den=10000000 fps_x1000=10000
PV-UVC-ENUM size fourcc=JPEG index=5 1280x720
PV-UVC-ENUM interval fourcc=JPEG 1280x720 index=0 tipo=discrete num=333333 den=10000000 fps_x1000=30000
PV-UVC-ENUM interval fourcc=JPEG 1280x720 index=1 tipo=discrete num=666666 den=10000000 fps_x1000=15000
PV-UVC-ENUM interval fourcc=JPEG 1280x720 index=2 tipo=discrete num=1000000 den=10000000 fps_x1000=10000
PV-UVC-ENUM size fourcc=JPEG index=6 1280x960
PV-UVC-ENUM interval fourcc=JPEG 1280x960 index=0 tipo=discrete num=333333 den=10000000 fps_x1000=30000
PV-UVC-ENUM interval fourcc=JPEG 1280x960 index=1 tipo=discrete num=666666 den=10000000 fps_x1000=15000
PV-UVC-ENUM interval fourcc=JPEG 1280x960 index=2 tipo=discrete num=1000000 den=10000000 fps_x1000=10000
PV-UVC-ENUM size fourcc=JPEG index=7 1600x1200
PV-UVC-ENUM interval fourcc=JPEG 1600x1200 index=0 tipo=discrete num=333333 den=10000000 fps_x1000=30000
PV-UVC-ENUM interval fourcc=JPEG 1600x1200 index=1 tipo=discrete num=666666 den=10000000 fps_x1000=15000
PV-UVC-ENUM interval fourcc=JPEG 1600x1200 index=2 tipo=discrete num=1000000 den=10000000 fps_x1000=10000
PV-UVC-ENUM size fourcc=JPEG index=8 2048x1536
PV-UVC-ENUM interval fourcc=JPEG 2048x1536 index=0 tipo=discrete num=333333 den=10000000 fps_x1000=30000
PV-UVC-ENUM interval fourcc=JPEG 2048x1536 index=1 tipo=discrete num=666666 den=10000000 fps_x1000=15000
PV-UVC-ENUM interval fourcc=JPEG 2048x1536 index=2 tipo=discrete num=1000000 den=10000000 fps_x1000=10000
PV-UVC-ENUM size fourcc=JPEG index=9 2592x1944
PV-UVC-ENUM interval fourcc=JPEG 2592x1944 index=0 tipo=discrete num=333333 den=10000000 fps_x1000=30000
PV-UVC-ENUM interval fourcc=JPEG 2592x1944 index=1 tipo=discrete num=666666 den=10000000 fps_x1000=15000
PV-UVC-ENUM interval fourcc=JPEG 2592x1944 index=2 tipo=discrete num=1000000 den=10000000 fps_x1000=10000
PV-UVC-ENUM size fourcc=JPEG index=10 3264x2448
PV-UVC-ENUM interval fourcc=JPEG 3264x2448 index=0 tipo=discrete num=333333 den=10000000 fps_x1000=30000
PV-UVC-ENUM interval fourcc=JPEG 3264x2448 index=1 tipo=discrete num=666666 den=10000000 fps_x1000=15000
PV-UVC-ENUM interval fourcc=JPEG 3264x2448 index=2 tipo=discrete num=1000000 den=10000000 fps_x1000=10000
PV-UVC-ENUM size fourcc=JPEG index=11 3840x2160
PV-UVC-ENUM interval fourcc=JPEG 3840x2160 index=0 tipo=discrete num=333333 den=10000000 fps_x1000=30000
PV-UVC-ENUM interval fourcc=JPEG 3840x2160 index=1 tipo=discrete num=666666 den=10000000 fps_x1000=15000
PV-UVC-ENUM interval fourcc=JPEG 3840x2160 index=2 tipo=discrete num=1000000 den=10000000 fps_x1000=10000
PV-UVC-ENUM size fourcc=JPEG index=12 4000x3000
PV-UVC-ENUM interval fourcc=JPEG 4000x3000 index=0 tipo=discrete num=666666 den=10000000 fps_x1000=15000
PV-UVC-ENUM interval fourcc=JPEG 4000x3000 index=1 tipo=discrete num=1000000 den=10000000 fps_x1000=10000
PV-UVC-ENUM size fourcc=JPEG index=13 320x240
PV-UVC-ENUM interval fourcc=JPEG 320x240 index=0 tipo=discrete num=333333 den=10000000 fps_x1000=30000
PV-UVC-ENUM interval fourcc=JPEG 320x240 index=1 tipo=discrete num=666666 den=10000000 fps_x1000=15000
PV-UVC-ENUM fmt index=1 fourcc=YUYV flags=0x0 desc="YUV 4:2:2 YUYV"
PV-UVC-ENUM size fourcc=YUYV index=0 320x240
PV-UVC-ENUM interval fourcc=YUYV 320x240 index=0 tipo=discrete num=500000 den=10000000 fps_x1000=20000
PV-UVC-ENUM interval fourcc=YUYV 320x240 index=1 tipo=discrete num=1000000 den=10000000 fps_x1000=10000
PV-UVC-ENUM size fourcc=YUYV index=1 640x360
PV-UVC-ENUM interval fourcc=YUYV 640x360 index=0 tipo=discrete num=500000 den=10000000 fps_x1000=20000
PV-UVC-ENUM interval fourcc=YUYV 640x360 index=1 tipo=discrete num=1000000 den=10000000 fps_x1000=10000
PV-UVC-ENUM size fourcc=YUYV index=2 640x480
PV-UVC-ENUM interval fourcc=YUYV 640x480 index=0 tipo=discrete num=1000000 den=10000000 fps_x1000=10000
PV-UVC-ENUM size fourcc=YUYV index=3 800x600
PV-UVC-ENUM interval fourcc=YUYV 800x600 index=0 tipo=discrete num=1000000 den=10000000 fps_x1000=10000
PV-UVC-ENUM size fourcc=YUYV index=4 1024x720
PV-UVC-ENUM interval fourcc=YUYV 1024x720 index=0 tipo=discrete num=1000000 den=10000000 fps_x1000=10000
PV-UVC-ENUM size fourcc=YUYV index=5 1280x940
PV-UVC-ENUM interval fourcc=YUYV 1280x940 index=0 tipo=discrete num=1000000 den=10000000 fps_x1000=10000
PV-UVC-ENUM size fourcc=YUYV index=6 1280x1024
PV-UVC-ENUM interval fourcc=YUYV 1280x1024 index=0 tipo=discrete num=1000000 den=10000000 fps_x1000=10000
PV-UVC-ENUM size fourcc=YUYV index=7 1600x1200
PV-UVC-ENUM interval fourcc=YUYV 1600x1200 index=0 tipo=discrete num=2000000 den=10000000 fps_x1000=5000
PV-UVC-ENUM size fourcc=YUYV index=8 1920x1080
PV-UVC-ENUM interval fourcc=YUYV 1920x1080 index=0 tipo=discrete num=2000000 den=10000000 fps_x1000=5000
PV-UVC-ENUM size fourcc=YUYV index=9 2048x1536
PV-UVC-ENUM interval fourcc=YUYV 2048x1536 index=0 tipo=discrete num=2000000 den=10000000 fps_x1000=5000
PV-UVC-ENUM size fourcc=YUYV index=10 2560x1440
PV-UVC-ENUM interval fourcc=YUYV 2560x1440 index=0 tipo=discrete num=2000000 den=10000000 fps_x1000=5000
PV-UVC-ENUM size fourcc=YUYV index=11 2592x1944
PV-UVC-ENUM interval fourcc=YUYV 2592x1944 index=0 tipo=discrete num=2000000 den=10000000 fps_x1000=5000
PV-UVC-ENUM result=OK tamanhos_jpeg=14
PV-UVC-FMT requested=800x600 applied=800x600 fourcc=JPEG sizeimage=1048576
PV-UVC-REQBUFS pedido=4 obtido=4 sizeimage=1048576
D (29051) uvc: Checking list of opened USB devices
D (29055) uvc: Checking list of connected USB devices
D (29060) uvc: Claimed interface index 1 with MPS 1024
D (29066) uvc: ctrl xfer cb
D (29068) uvc: ctrl xfer cb
D (29070) uvc: ctrl xfer cb
D (29073) uvc: ctrl xfer cb
I (29075) uvc: Allocating 4 USB transfers for ISOC. Each: 3072 bytes, 1 ISOC packets, 3072 MPS
D (29085) uvc: ctrl xfer cb
D (29087) uvc: ctrl xfer cb
D (29090) uvc: ctrl xfer cb
D (29092) uvc: ctrl xfer cb
D (29094) uvc: ctrl xfer cb
D (29097) uvc: ctrl xfer cb
D (29099) uvc: ctrl xfer cb
D (29103) uvc: ctrl xfer cb
D (29105) uvc: ctrl xfer cb
D (29108) uvc: ctrl xfer cb
D (29110) uvc: ctrl xfer cb
D (29122) uvc: ctrl xfer cb
W (32121) PvUvcSpike: DQBUF de descarte 0 falhou: errno=1(Not owner)
PV-UVC-WARMUP requested=800x600 descartados=0
W (37121) PvUvcSpike: DQBUF tentativa 1/6 falhou: errno=1(Not owner)
W (42121) PvUvcSpike: DQBUF tentativa 2/6 falhou: errno=1(Not owner)
W (47121) PvUvcSpike: DQBUF tentativa 3/6 falhou: errno=1(Not owner)
W (52121) PvUvcSpike: DQBUF tentativa 4/6 falhou: errno=1(Not owner)
W (57121) PvUvcSpike: DQBUF tentativa 5/6 falhou: errno=1(Not owner)
W (62121) PvUvcSpike: DQBUF tentativa 6/6 falhou: errno=1(Not owner)
D (62222) uvc: ctrl xfer cb
PV-UVC-RUNG requested=800x600 applied=800x600 fourcc=JPEG bytesused=0 result=FAIL reason=dqbuf
PV-UVC-MEM etapa=pos-degrau psram_livre=28436732 psram_maior_bloco=28311552 interna_livre=412607
PV-UVC-FMT requested=1920x1080 applied=1920x1080 fourcc=JPEG sizeimage=1048576
PV-UVC-REQBUFS pedido=4 obtido=4 sizeimage=1048576
D (62640) uvc: Checking list of opened USB devices
D (62644) uvc: Checking list of connected USB devices
D (62649) uvc: Claimed interface index 1 with MPS 1024
D (62654) uvc: ctrl xfer cb
D (62659) uvc: ctrl xfer cb
D (62661) uvc: ctrl xfer cb
D (62663) uvc: ctrl xfer cb
I (62664) uvc: Allocating 4 USB transfers for ISOC. Each: 3072 bytes, 1 ISOC packets, 3072 MPS
D (62673) uvc: ctrl xfer cb
D (62675) uvc: ctrl xfer cb
D (62678) uvc: ctrl xfer cb
D (62681) uvc: ctrl xfer cb
D (62683) uvc: ctrl xfer cb
D (62687) uvc: ctrl xfer cb
D (62690) uvc: ctrl xfer cb
D (62692) uvc: ctrl xfer cb
D (62694) uvc: ctrl xfer cb
D (62697) uvc: ctrl xfer cb
D (62699) uvc: ctrl xfer cb
D (62711) uvc: ctrl xfer cb
W (65711) PvUvcSpike: DQBUF de descarte 0 falhou: errno=1(Not owner)
PV-UVC-WARMUP requested=1920x1080 descartados=0
W (70711) PvUvcSpike: DQBUF tentativa 1/6 falhou: errno=1(Not owner)
W (75711) PvUvcSpike: DQBUF tentativa 2/6 falhou: errno=1(Not owner)
W (80711) PvUvcSpike: DQBUF tentativa 3/6 falhou: errno=1(Not owner)
W (85711) PvUvcSpike: DQBUF tentativa 4/6 falhou: errno=1(Not owner)
W (90711) PvUvcSpike: DQBUF tentativa 5/6 falhou: errno=1(Not owner)
W (95711) PvUvcSpike: DQBUF tentativa 6/6 falhou: errno=1(Not owner)
D (95811) uvc: ctrl xfer cb
PV-UVC-RUNG requested=1920x1080 applied=1920x1080 fourcc=JPEG bytesused=0 result=FAIL reason=dqbuf
PV-UVC-MEM etapa=pos-degrau psram_livre=28436732 psram_maior_bloco=28311552 interna_livre=412607
PV-UVC-FMT requested=2592x1944 applied=2592x1944 fourcc=JPEG sizeimage=2519424
PV-UVC-REQBUFS pedido=4 obtido=4 sizeimage=2519424
D (96229) uvc: Checking list of opened USB devices
D (96234) uvc: Checking list of connected USB devices
D (96238) uvc: Claimed interface index 1 with MPS 1024
D (96245) uvc: ctrl xfer cb
D (96248) uvc: ctrl xfer cb
D (96250) uvc: ctrl xfer cb
D (96252) uvc: ctrl xfer cb
I (96253) uvc: Allocating 4 USB transfers for ISOC. Each: 3072 bytes, 1 ISOC packets, 3072 MPS
D (96262) uvc: ctrl xfer cb
D (96264) uvc: ctrl xfer cb
D (96267) uvc: ctrl xfer cb
D (96271) uvc: ctrl xfer cb
D (96273) uvc: ctrl xfer cb
D (96276) uvc: ctrl xfer cb
D (96279) uvc: ctrl xfer cb
D (96281) uvc: ctrl xfer cb
D (96283) uvc: ctrl xfer cb
D (96286) uvc: ctrl xfer cb
D (96288) uvc: ctrl xfer cb
D (96300) uvc: ctrl xfer cb
W (99299) PvUvcSpike: DQBUF de descarte 0 falhou: errno=1(Not owner)
PV-UVC-WARMUP requested=2592x1944 descartados=0
W (104299) PvUvcSpike: DQBUF tentativa 1/6 falhou: errno=1(Not owner)
W (107037) uvc-isoc: usb err 1
W (107038) uvc-isoc: usb err 1
E (107038) USB HOST: Enqueue URB error: ESP_ERR_INVALID_STATE
D (107038) uvc: Device suddenly disconnected
D (107041) usb_uvc_device: Device disconnected, dev_addr = 1, stream_index = 0
W (109299) PvUvcSpike: DQBUF tentativa 2/6 falhou: errno=1(Not owner)
W (114299) PvUvcSpike: DQBUF tentativa 3/6 falhou: errno=1(Not owner)
W (119299) PvUvcSpike: DQBUF tentativa 4/6 falhou: errno=1(Not owner)
W (124299) PvUvcSpike: DQBUF tentativa 5/6 falhou: errno=1(Not owner)
W (129299) PvUvcSpike: DQBUF tentativa 6/6 falhou: errno=1(Not owner)
E (129299) usb_uvc_device: uvc_video_stop(421): UVC device=0x4ff3faf4 is not connected
E (129301) esp_video: video->ops->stop=105
W (129305) PvUvcSpike: STREAMOFF falhou: errno=19(No such device)
PV-UVC-RUNG requested=2592x1944 applied=2592x1944 fourcc=JPEG bytesused=0 result=FAIL reason=dqbuf
PV-UVC-MEM etapa=pos-degrau psram_livre=22552504 psram_maior_bloco=22020096 interna_livre=399159
E (129717) usb_uvc_device: uvc_video_set_format(479): UVC device=0x4ff3faf4 is not connected
E (129725) esp_video: video->ops->set_format=105
E (129729) PvUvcSpike: VIDIOC_S_FMT falhou: errno=19(No such device)
PV-UVC-RUNG requested=3264x2448 applied=0x0 fourcc=---- bytesused=0 result=FAIL reason=s-fmt
PV-UVC-MEM etapa=pos-degrau psram_livre=22552504 psram_maior_bloco=22020096 interna_livre=399159
E (129752) usb_uvc_device: uvc_video_set_format(479): UVC device=0x4ff3faf4 is not connected
E (129760) esp_video: video->ops->set_format=105
E (129764) PvUvcSpike: VIDIOC_S_FMT falhou: errno=19(No such device)
PV-UVC-RUNG requested=4000x3000 applied=0x0 fourcc=---- bytesused=0 result=FAIL reason=s-fmt
PV-UVC-MEM etapa=pos-degrau psram_livre=22552504 psram_maior_bloco=22020096 interna_livre=399159
E (129787) usb_uvc_device: uvc_video_deinit(441): UVC device=0x4ff3faf4 is not connected
E (129795) esp_video: video->ops->deinit=105
PV-UVC-SUMARIO inicio
PV-UVC-SUMARIO degrau=1 requested=800x600 applied=800x600 fourcc=JPEG bytesused=0 result=FAIL reason=dqbuf obrigatorio=sim
PV-UVC-SUMARIO degrau=2 requested=1920x1080 applied=1920x1080 fourcc=JPEG bytesused=0 result=FAIL reason=dqbuf obrigatorio=sim
PV-UVC-SUMARIO degrau=3 requested=2592x1944 applied=2592x1944 fourcc=JPEG bytesused=0 result=FAIL reason=dqbuf obrigatorio=sim
PV-UVC-SUMARIO degrau=4 requested=3264x2448 applied=0x0 fourcc=---- bytesused=0 result=FAIL reason=s-fmt obrigatorio=sim
PV-UVC-SUMARIO degrau=5 requested=4000x3000 applied=0x0 fourcc=---- bytesused=0 result=FAIL reason=s-fmt obrigatorio=nao
PV-UVC-SUMARIO fim pass=0 fail=5 total=5 fail_obrigatorios=4
PV-UVC-CICLO 2 fim — REPLUG a camera para disparar nova escada (retry 15 s)
ESP-ROM:esp32p4-eco2-20240710
Build:Jul 10 2024
rst:0x1 (POWERON),boot:0xf (SPI_FAST_FLASH_BOOT)
SPI mode:DIO, clock div:1
load:0x4ff33ce0,len:0x5d0
load:0x4ff28ed0,len:0xdf8
load:0x4ff2bbd0,len:0x34b8
entry 0x4ff28ed0
I (42) hex_psram: vendor id    : 0x0d (AP)
I (43) hex_psram: Latency      : 0x01 (Fixed)
I (43) hex_psram: DriveStr.    : 0x00 (25 Ohm)
I (43) hex_psram: dev id       : 0x03 (generation 4)
I (48) hex_psram: density      : 0x07 (256 Mbit)
I (52) hex_psram: good-die     : 0x06 (Pass)
I (56) hex_psram: SRF          : 0x02 (Slow Refresh)
I (61) hex_psram: BurstType    : 0x00 ( Wrap)
I (65) hex_psram: BurstLen     : 0x03 (2048 Byte)
I (69) hex_psram: BitMode      : 0x01 (X16 Mode)
I (74) hex_psram: Readlatency  : 0x04 (14 cycles@Fixed)
I (79) hex_psram: DriveStrength: 0x00 (1/1)
I (83) MSPI Timing: Enter psram timing tuning
I esp_psram: Found 32MB PSRAM device
I esp_psram: Speed: 200MHz
I (280) mmu_psram: .rodata xip on psram
I (313) mmu_psram: .text xip on psram
I (315) hex_psram: psram CS IO is dedicated
I (315) cpu_start: Multicore app
I (324) cpu_start: GPIO 38 and 37 are used as console UART I/O pins
I (325) cpu_start: Pro cpu start user code
I (325) cpu_start: cpu freq: 360000000 Hz
I (327) app_init: Application information:
I (330) app_init: Project name:     xiaozhi
I (334) app_init: App version:      2.4.0
I (338) app_init: Compile time:     Aug 12 2026 06:58:15
I (343) app_init: ELF file SHA256:  1eb1b5131...
I (347) app_init: ESP-IDF:          v6.0.2
I (351) efuse_init: Min chip rev:     v1.0
I (355) efuse_init: Max chip rev:     v1.99 
I (359) efuse_init: Chip rev:         v1.3
I (363) heap_init: Initializing. RAM available for dynamic allocation:
I (369) heap_init: At 4FF1B1D0 len 0001FDF0 (127 KiB): RETENT_RAM
I (375) heap_init: At 4FF3AFC0 len 00004BF0 (18 KiB): RAM
I (380) heap_init: At 4FF40000 len 00060000 (384 KiB): RAM
I (385) heap_init: At 50108080 len 00007F80 (31 KiB): RTCRAM
I (391) heap_init: At 30100088 len 00001F78 (7 KiB): SPM
I (396) esp_psram: Adding pool of 31808K of PSRAM memory to heap allocator
I (402) esp_psram: Adding pool of 44K of PSRAM memory gap generated due to end address alignment of irom to the heap allocator
I (413) esp_psram: Adding pool of 44K of PSRAM memory gap generated due to end address alignment of drom to the heap allocator
I (425) spi_flash: detected chip: gd
I (428) spi_flash: flash io: qio
I (431) host_init: ESP Hosted : Host chip_ip[18]
I (435) H_API: ESP-Hosted starting. Hosted_Tasks: prio:23, stack: 5120 RPC_task_stack: 5120
I (443) H_API: ** add_esp_wifi_remote_channels **
I (449) sleep_gpio: Configure to isolate all GPIO pins in sleep state
I (454) sleep_gpio: Enable automatic switching of GPIO sleep configuration
I (462) H_SDIO_DRV: sdio_data_to_rx_buf_task started
I (465) main_task: Started on CPU0
I (468) esp_psram: Reserving pool of 64K of internal memory for DMA/internal allocations
I (477) main_task: Calling app_main()

PV-UVC-SPIKE inicio (F2B) degraus=5
PV-UVC-MEM etapa=boot psram_livre=32634868 psram_maior_bloco=32505856 interna_livre=418575
I (2357) main_task: Returned from app_main()
PV-UVC-VBUS estado=off (host instalado sem energia no root port; 1000 ms)
PV-UVC-VBUS estado=on err=0x0 apos_ms=0
D (3387) uvc: USB UVC handling start
PV-UVC-INIT result=OK usb_host=on uvc_dev_num=1

PV-UVC-CICLO 1 inicio
PV-UVC-ENUM aguardando enumeracao USB em /dev/video40 (ate 10000 ms)
I (3395) usb_uvc_device: Waiting for UVC device to be enumerated...
E (13401) usb_uvc_device: uvc_video_init(266): Failed to take UVC device ready semaphore
PV-UVC-ENUM result=FAIL reason=open errno=19(No such device)
PV-UVC-CICLO 1 sem device (replug a camera p/ nova escada; retry 15 s)
E (21403) ENUM: LANGID 0x409 not found
D (21405) uvc: New device connected
*** Configuration descriptor ***
bLength 9
bDescriptorType 2
wTotalLength 1463
bNumInterfaces 5
bConfigurationValue 1
iConfiguration 0
bmAttributes 0x80
bMaxPower 500mA
*** Interface Association Descriptor ***
bLength 8
bDescriptorType 11
bFirstInterface 0
bInterfaceCount 2
bFunctionClass 0xe
bFunctionSubClass 0x3
bFunctionProtocol 0x0
iFunction 4
	*** Interface descriptor ***
	bLength 9
	bDescriptorType 4
	bInterfaceNumber 0
	bAlternateSetting 0
	bNumEndpoints 1
	bInterfaceClass 0xe
	bInterfaceSubClass 0x1
	bInterfaceProtocol 0x0
	iInterface 0
	*** Class-specific VC Interface Descriptor ***
	bLength 13
	bDescriptorType 0x24
	bDescriptorSubType 0x01
	bcdUVC 0100
	wTotalLength 80
	dwClockFrequency 24000000
	bInCollection 1
	baInterfaceNr[0] 1
	*** Input Terminal Descriptor (Camera) ***
	bLength 18
	bDescriptorType 0x24
	bDescriptorSubType 0x02
	bTerminalID 0x1
	wTerminalType 0x201
	bAssocTerminal 0
	iTerminal 0
	wObjectiveFocalLengthMin 0
	wObjectiveFocalLengthMax 0
	wOcularFocalLength 0
	bControlSize 3
	bmControls 0x7A 0x2A 0x2
	*** Extension Unit Descriptor unsupported, skipping... ***
	*** Processing Unit Descriptor ***
	bLength 11
	bDescriptorType 0x24
	bDescriptorSubType 0x05
	bUnitID 3
	bSourceID 2
	wMaxMultiplier 16384
	bControlSize 2
	bmControls 0x7F 0x17 0x0
	iProcessing 9
	bmVideoStandards 0x24
	*** Output Terminal Descriptor ***
	bLength 9
	bDescriptorType 0x24
	bDescriptorSubType 0x03
	bTerminalID 4
	wTerminalType 0x101
	bAssocTerminal 0
	bSourceID 3
	iTerminal 0
		*** Endpoint descriptor ***
		bLength 7
		bDescriptorType 5
		bEndpointAddress 0x81	EP 1 IN
		bmAttributes 0x3	INT
		wMaxPacketSize 16
		bInterval 8
		*** Class-specific Interrupt Endpoint Descriptor ***
		bLength 5
		bDescriptorType 0x25
		bDescriptorSubType 3
		wMaxTransferSize 16
	*** Interface descriptor ***
	bLength 9
	bDescriptorType 4
	bInterfaceNumber 1
	bAlternateSetting 0
	bNumEndpoints 0
	bInterfaceClass 0xe
	bInterfaceSubClass 0x2
	bInterfaceProtocol 0x0
	iInterface 0
	*** Class-specific VC Interface Descriptor ***
	bLength 15
	bDescriptorType 0x24
	bDescriptorSubType 0x01
	bcdUVC fc02
	wTotalLength 33283
	dwClockFrequency 16909312
	bInCollection 1
	baInterfaceNr[0] 1
	*** Extension Unit Descriptor unsupported, skipping... ***
	*** VS Frame Descriptor ***
	bLength 38
	bDescriptorType 0x24
	bDescriptorSubType 0x07
	bFrameIndex 1
	bmCapabilities 0x0
	wWidth 1920
	wHeight 1080
	dwMinBitRate 20736000
	dwMaxBitRate 62208000
	dwMaxVideoFrameBufSize 2073600
	dwDefaultFrameInterval 333333
	bFrameIntervalType 3
	FrameInterval[0] 333333
	FrameInterval[1] 666666
	FrameInterval[2] 1000000
	*** VS Frame Descriptor ***
	bLength 38
	bDescriptorType 0x24
	bDescriptorSubType 0x07
	bFrameIndex 2
	bmCapabilities 0x0
	wWidth 640
	wHeight 320
	dwMinBitRate 2048000
	dwMaxBitRate 6144000
	dwMaxVideoFrameBufSize 204800
	dwDefaultFrameInterval 333333
	bFrameIntervalType 3
	FrameInterval[0] 333333
	FrameInterval[1] 666666
	FrameInterval[2] 1000000
	*** VS Frame Descriptor ***
	bLength 38
	bDescriptorType 0x24
	bDescriptorSubType 0x07
	bFrameIndex 3
	bmCapabilities 0x0
	wWidth 640
	wHeight 480
	dwMinBitRate 3072000
	dwMaxBitRate 9216000
	dwMaxVideoFrameBufSize 307200
	dwDefaultFrameInterval 333333
	bFrameIntervalType 3
	FrameInterval[0] 333333
	FrameInterval[1] 666666
	FrameInterval[2] 1000000
	*** VS Frame Descriptor ***
	bLength 38
	bDescriptorType 0x24
	bDescriptorSubType 0x07
	bFrameIndex 4
	bmCapabilities 0x0
	wWidth 800
	wHeight 600
	dwMinBitRate 4800000
	dwMaxBitRate 14400000
	dwMaxVideoFrameBufSize 480000
	dwDefaultFrameInterval 333333
	bFrameIntervalType 3
	FrameInterval[0] 333333
	FrameInterval[1] 666666
	FrameInterval[2] 1000000
	*** VS Frame Descriptor ***
	bLength 38
	bDescriptorType 0x24
	bDescriptorSubType 0x07
	bFrameIndex 5
	bmCapabilities 0x0
	wWidth 1024
	wHeight 768
	dwMinBitRate 7864320
	dwMaxBitRate 23592960
	dwMaxVideoFrameBufSize 786432
	dwDefaultFrameInterval 333333
	bFrameIntervalType 3
	FrameInterval[0] 333333
	FrameInterval[1] 666666
	FrameInterval[2] 1000000
	*** VS Frame Descriptor ***
	bLength 38
	bDescriptorType 0x24
	bDescriptorSubType 0x07
	bFrameIndex 6
	bmCapabilities 0x0
	wWidth 1280
	wHeight 720
	dwMinBitRate 9216000
	dwMaxBitRate 27648000
	dwMaxVideoFrameBufSize 921600
	dwDefaultFrameInterval 333333
	bFrameIntervalType 3
	FrameInterval[0] 333333
	FrameInterval[1] 666666
	FrameInterval[2] 1000000
	*** VS Frame Descriptor ***
	bLength 38
	bDescriptorType 0x24
	bDescriptorSubType 0x07
	bFrameIndex 7
	bmCapabilities 0x0
	wWidth 1280
	wHeight 960
	dwMinBitRate 12288000
	dwMaxBitRate 36864000
	dwMaxVideoFrameBufSize 1228800
	dwDefaultFrameInterval 333333
	bFrameIntervalType 3
	FrameInterval[0] 333333
	FrameInterval[1] 666666
	FrameInterval[2] 1000000
	*** VS Frame Descriptor ***
	bLength 38
	bDescriptorType 0x24
	bDescriptorSubType 0x07
	bFrameIndex 8
	bmCapabilities 0x0
	wWidth 1600
	wHeight 1200
	dwMinBitRate 19200000
	dwMaxBitRate 57600000
	dwMaxVideoFrameBufSize 1920000
	dwDefaultFrameInterval 333333
	bFrameIntervalType 3
	FrameInterval[0] 333333
	FrameInterval[1] 666666
	FrameInterval[2] 1000000
	*** VS Frame Descriptor ***
	bLength 38
	bDescriptorType 0x24
	bDescriptorSubType 0x07
	bFrameIndex 9
	bmCapabilities 0x0
	wWidth 2048
	wHeight 1536
	dwMinBitRate 31457280
	dwMaxBitRate 94371840
	dwMaxVideoFrameBufSize 3145728
	dwDefaultFrameInterval 333333
	bFrameIntervalType 3
	FrameInterval[0] 333333
	FrameInterval[1] 666666
	FrameInterval[2] 1000000
	*** VS Frame Descriptor ***
	bLength 38
	bDescriptorType 0x24
	bDescriptorSubType 0x07
	bFrameIndex 10
	bmCapabilities 0x0
	wWidth 2592
	wHeight 1944
	dwMinBitRate 50388480
	dwMaxBitRate 151165440
	dwMaxVideoFrameBufSize 5038848
	dwDefaultFrameInterval 333333
	bFrameIntervalType 3
	FrameInterval[0] 333333
	FrameInterval[1] 666666
	FrameInterval[2] 1000000
	*** VS Frame Descriptor ***
	bLength 38
	bDescriptorType 0x24
	bDescriptorSubType 0x07
	bFrameIndex 11
	bmCapabilities 0x0
	wWidth 3264
	wHeight 2448
	dwMinBitRate 79902720
	dwMaxBitRate 239708160
	dwMaxVideoFrameBufSize 7990272
	dwDefaultFrameInterval 333333
	bFrameIntervalType 3
	FrameInterval[0] 333333
	FrameInterval[1] 666666
	FrameInterval[2] 1000000
	*** VS Frame Descriptor ***
	bLength 38
	bDescriptorType 0x24
	bDescriptorSubType 0x07
	bFrameIndex 12
	bmCapabilities 0x0
	wWidth 3840
	wHeight 2160
	dwMinBitRate 82944000
	dwMaxBitRate 248832000
	dwMaxVideoFrameBufSize 8294400
	dwDefaultFrameInterval 333333
	bFrameIntervalType 3
	FrameInterval[0] 333333
	FrameInterval[1] 666666
	FrameInterval[2] 1000000
	*** VS Frame Descriptor ***
	bLength 34
	bDescriptorType 0x24
	bDescriptorSubType 0x07
	bFrameIndex 13
	bmCapabilities 0x0
	wWidth 4000
	wHeight 3000
	dwMinBitRate 120000000
	dwMaxBitRate 180000000
	dwMaxVideoFrameBufSize 12000000
	dwDefaultFrameInterval 666666
	bFrameIntervalType 2
	FrameInterval[0] 666666
	FrameInterval[1] 1000000
	*** VS Frame Descriptor ***
	bLength 34
	bDescriptorType 0x24
	bDescriptorSubType 0x07
	bFrameIndex 14
	bmCapabilities 0x0
	wWidth 320
	wHeight 240
	dwMinBitRate 1152000
	dwMaxBitRate 2304000
	dwMaxVideoFrameBufSize 76800
	dwDefaultFrameInterval 333333
	bFrameIntervalType 2
	FrameInterval[0] 333333
	FrameInterval[1] 666666
	*** Output Terminal Descriptor ***
	bLength 63
	bDescriptorType 0x24
	bDescriptorSubType 0x03
	bTerminalID 0
	wTerminalType 0x800E
	bAssocTerminal 7
	bSourceID 56
	iTerminal 4
	*** VS Color Format Descriptor ***
	bLength 6
	bDescriptorType 0x24
	bDescriptorSubType 0x0D
	bColorPrimaries 0x1
	bTransferCharacteristics 1
	bMatrixCoefficients 0x4
	*** Selector Unit Descriptor ***
	bLength 27
	bDescriptorType 0x24
	bDescriptorSubType 0x04
	bUnitID 2
	bNrInPins 12
	baSourceID1 89
	baSourceID2 85
	iSelector 89
	*** Processing Unit Descriptor ***
	bLength 34
	bDescriptorType 0x24
	bDescriptorSubType 0x05
	bUnitID 1
	bSourceID 0
	wMaxMultiplier 320
	bControlSize 240
	bmControls 0x0 0x0 0x70
	iProcessing 23
	bmVideoStandards 0x0
	*** Processing Unit Descriptor ***
	bLength 34
	bDescriptorType 0x24
	bDescriptorSubType 0x05
	bUnitID 2
	bSourceID 0
	wMaxMultiplier 640
	bControlSize 104
	bmControls 0x1 0x0 0x50
	iProcessing 70
	bmVideoStandards 0x0
	*** Processing Unit Descriptor ***
	bLength 30
	bDescriptorType 0x24
	bDescriptorSubType 0x05
	bUnitID 3
	bSourceID 0
	wMaxMultiplier 640
	bControlSize 224
	bmControls 0x1 0x0 0xC0
	iProcessing 93
	bmVideoStandards 0x0
	*** Processing Unit Descriptor ***
	bLength 30
	bDescriptorType 0x24
	bDescriptorSubType 0x05
	bUnitID 4
	bSourceID 0
	wMaxMultiplier 800
	bControlSize 88
	bmControls 0x2 0x0 0x7C
	iProcessing 146
	bmVideoStandards 0x0
	*** Processing Unit Descriptor ***
	bLength 30
	bDescriptorType 0x24
	bDescriptorSubType 0x05
	bUnitID 5
	bSourceID 0
	wMaxMultiplier 1024
	bControlSize 208
	bmControls 0x2 0x0 0x0
	iProcessing 225
	bmVideoStandards 0x0
	*** Processing Unit Descriptor ***
	bLength 30
	bDescriptorType 0x24
	bDescriptorSubType 0x05
	bUnitID 6
	bSourceID 0
	wMaxMultiplier 1280
	bControlSize 172
	bmControls 0x3 0x0 0x30
	iProcessing 111
	bmVideoStandards 0x1
	*** Processing Unit Descriptor ***
	bLength 30
	bDescriptorType 0x24
	bDescriptorSubType 0x05
	bUnitID 7
	bSourceID 0
	wMaxMultiplier 1280
	bControlSize 0
	bmControls 0x4 0x0 0x0
	iProcessing 144
	bmVideoStandards 0x1
	*** Processing Unit Descriptor ***
	bLength 30
	bDescriptorType 0x24
	bDescriptorSubType 0x05
	bUnitID 8
	bSourceID 0
	wMaxMultiplier 1600
	bControlSize 176
	bmControls 0x4 0x0 0xF8
	iProcessing 36
	bmVideoStandards 0x1
	*** Processing Unit Descriptor ***
	bLength 30
	bDescriptorType 0x24
	bDescriptorSubType 0x05
	bUnitID 9
	bSourceID 0
	wMaxMultiplier 1920
	bControlSize 56
	bmControls 0x4 0x0 0x68
	iProcessing 60
	bmVideoStandards 0x1
	*** Processing Unit Descriptor ***
	bLength 30
	bDescriptorType 0x24
	bDescriptorSubType 0x05
	bUnitID 10
	bSourceID 0
	wMaxMultiplier 2048
	bControlSize 0
	bmControls 0x6 0x0 0x0
	iProcessing 224
	bmVideoStandards 0x1
	*** Processing Unit Descriptor ***
	bLength 30
	bDescriptorType 0x24
	bDescriptorSubType 0x05
	bUnitID 11
	bSourceID 0
	wMaxMultiplier 2560
	bControlSize 160
	bmControls 0x5 0x0 0x80
	iProcessing 50
	bmVideoStandards 0x2
	*** Processing Unit Descriptor ***
	bLength 30
	bDescriptorType 0x24
	bDescriptorSubType 0x05
	bUnitID 12
	bSourceID 0
	wMaxMultiplier 2592
	bControlSize 152
	bmControls 0x7 0x0 0xDE
	iProcessing 0
	bmVideoStandards 0x3
	*** VS Color Format Descriptor ***
	bLength 6
	bDescriptorType 0x24
	bDescriptorSubType 0x0D
	bColorPrimaries 0x1
	bTransferCharacteristics 1
	bMatrixCoefficients 0x4
	*** Interface descriptor ***
	bLength 9
	bDescriptorType 4
	bInterfaceNumber 1
	bAlternateSetting 1
	bNumEndpoints 1
	bInterfaceClass 0xe
	bInterfaceSubClass 0x2
	bInterfaceProtocol 0x0
	iInterface 0
		*** Endpoint descriptor ***
		bLength 7
		bDescriptorType 5
		bEndpointAddress 0x82	EP 2 IN
		bmAttributes 0x5	ISOC
		wMaxPacketSize 192
		bInterval 1
	*** Interface descriptor ***
	bLength 9
	bDescriptorType 4
	bInterfaceNumber 1
	bAlternateSetting 2
	bNumEndpoints 1
	bInterfaceClass 0xe
	bInterfaceSubClass 0x2
	bInterfaceProtocol 0x0
	iInterface 0
		*** Endpoint descriptor ***
		bLength 7
		bDescriptorType 5
		bEndpointAddress 0x82	EP 2 IN
		bmAttributes 0x5	ISOC
		wMaxPacketSize 384
		bInterval 1
	*** Interface descriptor ***
	bLength 9
	bDescriptorType 4
	bInterfaceNumber 1
	bAlternateSetting 3
	bNumEndpoints 1
	bInterfaceClass 0xe
	bInterfaceSubClass 0x2
	bInterfaceProtocol 0x0
	iInterface 0
		*** Endpoint descriptor ***
		bLength 7
		bDescriptorType 5
		bEndpointAddress 0x82	EP 2 IN
		bmAttributes 0x5	ISOC
		wMaxPacketSize 512
		bInterval 1
	*** Interface descriptor ***
	bLength 9
	bDescriptorType 4
	bInterfaceNumber 1
	bAlternateSetting 4
	bNumEndpoints 1
	bInterfaceClass 0xe
	bInterfaceSubClass 0x2
	bInterfaceProtocol 0x0
	iInterface 0
		*** Endpoint descriptor ***
		bLength 7
		bDescriptorType 5
		bEndpointAddress 0x82	EP 2 IN
		bmAttributes 0x5	ISOC
		wMaxPacketSize 640
		bInterval 1
	*** Interface descriptor ***
	bLength 9
	bDescriptorType 4
	bInterfaceNumber 1
	bAlternateSetting 5
	bNumEndpoints 1
	bInterfaceClass 0xe
	bInterfaceSubClass 0x2
	bInterfaceProtocol 0x0
	iInterface 0
		*** Endpoint descriptor ***
		bLength 7
		bDescriptorType 5
		bEndpointAddress 0x82	EP 2 IN
		bmAttributes 0x5	ISOC
		wMaxPacketSize 800
		bInterval 1
	*** Interface descriptor ***
	bLength 9
	bDescriptorType 4
	bInterfaceNumber 1
	bAlternateSetting 6
	bNumEndpoints 1
	bInterfaceClass 0xe
	bInterfaceSubClass 0x2
	bInterfaceProtocol 0x0
	iInterface 0
		*** Endpoint descriptor ***
		bLength 7
		bDescriptorType 5
		bEndpointAddress 0x82	EP 2 IN
		bmAttributes 0x5	ISOC
		wMaxPacketSize 944
		bInterval 1
	*** Interface descriptor ***
	bLength 9
	bDescriptorType 4
	bInterfaceNumber 1
	bAlternateSetting 7
	bNumEndpoints 1
	bInterfaceClass 0xe
	bInterfaceSubClass 0x2
	bInterfaceProtocol 0x0
	iInterface 0
		*** Endpoint descriptor ***
		bLength 7
		bDescriptorType 5
		bEndpointAddress 0x82	EP 2 IN
		bmAttributes 0x5	ISOC
		wMaxPacketSize 640
		wMaxPacketSize (with additional transactions in microframe) 1280
		bInterval 1
	*** Interface descriptor ***
	bLength 9
	bDescriptorType 4
	bInterfaceNumber 1
	bAlternateSetting 8
	bNumEndpoints 1
	bInterfaceClass 0xe
	bInterfaceSubClass 0x2
	bInterfaceProtocol 0x0
	iInterface 0
		*** Endpoint descriptor ***
		bLength 7
		bDescriptorType 5
		bEndpointAddress 0x82	EP 2 IN
		bmAttributes 0x5	ISOC
		wMaxPacketSize 800
		wMaxPacketSize (with additional transactions in microframe) 1600
		bInterval 1
	*** Interface descriptor ***
	bLength 9
	bDescriptorType 4
	bInterfaceNumber 1
	bAlternateSetting 9
	bNumEndpoints 1
	bInterfaceClass 0xe
	bInterfaceSubClass 0x2
	bInterfaceProtocol 0x0
	iInterface 0
		*** Endpoint descriptor ***
		bLength 7
		bDescriptorType 5
		bEndpointAddress 0x82	EP 2 IN
		bmAttributes 0x5	ISOC
		wMaxPacketSize 992
		wMaxPacketSize (with additional transactions in microframe) 1984
		bInterval 1
	*** Interface descriptor ***
	bLength 9
	bDescriptorType 4
	bInterfaceNumber 1
	bAlternateSetting 10
	bNumEndpoints 1
	bInterfaceClass 0xe
	bInterfaceSubClass 0x2
	bInterfaceProtocol 0x0
	iInterface 0
		*** Endpoint descriptor ***
		bLength 7
		bDescriptorType 5
		bEndpointAddress 0x82	EP 2 IN
		bmAttributes 0x5	ISOC
		wMaxPacketSize 896
		wMaxPacketSize (with additional transactions in microframe) 2688
		bInterval 1
	*** Interface descriptor ***
	bLength 9
	bDescriptorType 4
	bInterfaceNumber 1
	bAlternateSetting 11
	bNumEndpoints 1
	bInterfaceClass 0xe
	bInterfaceSubClass 0x2
	bInterfaceProtocol 0x0
	iInterface 0
		*** Endpoint descriptor ***
		bLength 7
		bDescriptorType 5
		bEndpointAddress 0x82	EP 2 IN
		bmAttributes 0x5	ISOC
		wMaxPacketSize 1024
		wMaxPacketSize (with additional transactions in microframe) 3072
		bInterval 1
*** Interface Association Descriptor ***
bLength 8
bDescriptorType 11
bFirstInterface 2
bInterfaceCount 2
bFunctionClass 0x1
bFunctionSubClass 0x0
bFunctionProtocol 0x0
iFunction 5
	*** Interface descriptor ***
	bLength 9
	bDescriptorType 4
	bInterfaceNumber 2
	bAlternateSetting 0
	bNumEndpoints 0
	bInterfaceClass 0x1
	bInterfaceSubClass 0x1
	bInterfaceProtocol 0x0
	iInterface 0
	*** Class-specific VC Interface Descriptor ***
	bLength 9
	bDescriptorType 0x24
	bDescriptorSubType 0x01
	bcdUVC 0100
	wTotalLength 39
	dwClockFrequency 604766977
	bInCollection 2
	baInterfaceNr[0] 1
	baInterfaceNr[1] 1
	*** Input Terminal Descriptor (Camera) ***
	bLength 12
	bDescriptorType 0x24
	bDescriptorSubType 0x02
	bTerminalID 0x1
	wTerminalType 0x201
	bAssocTerminal 0
	iTerminal 1
	wObjectiveFocalLengthMin 3
	wObjectiveFocalLengthMax 0
	wOcularFocalLength 9225
	bControlSize 6
	bmControls 0x2 0x1 0x2
	*** Extension Unit Descriptor unsupported, skipping... ***
	*** Output Terminal Descriptor ***
	bLength 9
	bDescriptorType 0x24
	bDescriptorSubType 0x03
	bTerminalID 3
	wTerminalType 0x101
	bAssocTerminal 0
	bSourceID 2
	iTerminal 0
	*** Interface descriptor ***
	bLength 9
	bDescriptorType 4
	bInterfaceNumber 3
	bAlternateSetting 0
	bNumEndpoints 0
	bInterfaceClass 0x1
	bInterfaceSubClass 0x2
	bInterfaceProtocol 0x0
	iInterface 0
	*** Interface descriptor ***
	bLength 9
	bDescriptorType 4
	bInterfaceNumber 3
	bAlternateSetting 1
	bNumEndpoints 1
	bInterfaceClass 0x1
	bInterfaceSubClass 0x2
	bInterfaceProtocol 0x0
	iInterface 0
	*** Class-specific VC Interface Descriptor ***
	bLength 7
	bDescriptorType 0x24
	bDescriptorSubType 0x01
	bcdUVC 0003
	wTotalLength 1
	dwClockFrequency 16917515
	bInCollection 2
	baInterfaceNr[0] 2
	baInterfaceNr[1] 16
	*** Input Terminal Descriptor (Media) ***
	bLength 11
	bDescriptorType 0x24
	bDescriptorSubType 0x02
	bTerminalID 0x1
	wTerminalType 0x202
	bAssocTerminal 16
	iTerminal 1
	bControlSize 128
	bmControls 0xBB
	bTransportModeSize 0
	bmTransportModes 0x9 0x5 0x83 0x1 0xC0
		*** Endpoint descriptor ***
		bLength 9
		bDescriptorType 5
		bEndpointAddress 0x83	EP 3 IN
		bmAttributes 0x1	ISOC
		wMaxPacketSize 192
		bInterval 4
		*** Class-specific Interrupt Endpoint Descriptor ***
		bLength 7
		bDescriptorType 0x25
		bDescriptorSubType 1
		wMaxTransferSize 1
	*** Interface descriptor ***
	bLength 9
	bDescriptorType 4
	bInterfaceNumber 4
	bAlternateSetting 0
	bNumEndpoints 2
	bInterfaceClass 0x3
	bInterfaceSubClass 0x0
	bInterfaceProtocol 0x0
	iInterface 0
 *** Unknown Descriptor Length: 9 Type: 33 ***
		*** Endpoint descriptor ***
		bLength 7
		bDescriptorType 5
		bEndpointAddress 0x84	EP 4 IN
		bmAttributes 0x3	INT
		wMaxPacketSize 64
		bInterval 4
		*** Endpoint descriptor ***
		bLength 7
		bDescriptorType 5
		bEndpointAddress 0x1	EP 1 OUT
		bmAttributes 0x3	INT
		wMaxPacketSize 64
		bInterval 4
D (22996) usb_uvc_device: Device connected
D (23000) usb_uvc_device: UVC device found, dev_addr = 1, stream_index = 0

PV-UVC-CICLO 2 inicio
PV-UVC-ENUM aguardando enumeracao USB em /dev/video40 (ate 10000 ms)
I (28409) usb_uvc_device: All UVC devices already enumerated
PV-UVC-ENUM device aberto em 2 ms
PV-UVC-ENUM cap driver=USB-UVC0 card=USB-UVC0 bus=esp32p4:USB-UVC0 caps=0x84201001 device_caps=0x04201001
PV-UVC-ENUM fmt index=0 fourcc=JPEG flags=0x0 desc="JPEG"
PV-UVC-ENUM size fourcc=JPEG index=0 1920x1080
PV-UVC-ENUM interval fourcc=JPEG 1920x1080 index=0 tipo=discrete num=333333 den=10000000 fps_x1000=30000
PV-UVC-ENUM interval fourcc=JPEG 1920x1080 index=1 tipo=discrete num=666666 den=10000000 fps_x1000=15000
PV-UVC-ENUM interval fourcc=JPEG 1920x1080 index=2 tipo=discrete num=1000000 den=10000000 fps_x1000=10000
PV-UVC-ENUM size fourcc=JPEG index=1 640x320
PV-UVC-ENUM interval fourcc=JPEG 640x320 index=0 tipo=discrete num=333333 den=10000000 fps_x1000=30000
PV-UVC-ENUM interval fourcc=JPEG 640x320 index=1 tipo=discrete num=666666 den=10000000 fps_x1000=15000
PV-UVC-ENUM interval fourcc=JPEG 640x320 index=2 tipo=discrete num=1000000 den=10000000 fps_x1000=10000
PV-UVC-ENUM size fourcc=JPEG index=2 640x480
PV-UVC-ENUM interval fourcc=JPEG 640x480 index=0 tipo=discrete num=333333 den=10000000 fps_x1000=30000
PV-UVC-ENUM interval fourcc=JPEG 640x480 index=1 tipo=discrete num=666666 den=10000000 fps_x1000=15000
PV-UVC-ENUM interval fourcc=JPEG 640x480 index=2 tipo=discrete num=1000000 den=10000000 fps_x1000=10000
PV-UVC-ENUM size fourcc=JPEG index=3 800x600
PV-UVC-ENUM interval fourcc=JPEG 800x600 index=0 tipo=discrete num=333333 den=10000000 fps_x1000=30000
PV-UVC-ENUM interval fourcc=JPEG 800x600 index=1 tipo=discrete num=666666 den=10000000 fps_x1000=15000
PV-UVC-ENUM interval fourcc=JPEG 800x600 index=2 tipo=discrete num=1000000 den=10000000 fps_x1000=10000
PV-UVC-ENUM size fourcc=JPEG index=4 1024x768
PV-UVC-ENUM interval fourcc=JPEG 1024x768 index=0 tipo=discrete num=333333 den=10000000 fps_x1000=30000
PV-UVC-ENUM interval fourcc=JPEG 1024x768 index=1 tipo=discrete num=666666 den=10000000 fps_x1000=15000
PV-UVC-ENUM interval fourcc=JPEG 1024x768 index=2 tipo=discrete num=1000000 den=10000000 fps_x1000=10000
PV-UVC-ENUM size fourcc=JPEG index=5 1280x720
PV-UVC-ENUM interval fourcc=JPEG 1280x720 index=0 tipo=discrete num=333333 den=10000000 fps_x1000=30000
PV-UVC-ENUM interval fourcc=JPEG 1280x720 index=1 tipo=discrete num=666666 den=10000000 fps_x1000=15000
PV-UVC-ENUM interval fourcc=JPEG 1280x720 index=2 tipo=discrete num=1000000 den=10000000 fps_x1000=10000
PV-UVC-ENUM size fourcc=JPEG index=6 1280x960
PV-UVC-ENUM interval fourcc=JPEG 1280x960 index=0 tipo=discrete num=333333 den=10000000 fps_x1000=30000
PV-UVC-ENUM interval fourcc=JPEG 1280x960 index=1 tipo=discrete num=666666 den=10000000 fps_x1000=15000
PV-UVC-ENUM interval fourcc=JPEG 1280x960 index=2 tipo=discrete num=1000000 den=10000000 fps_x1000=10000
PV-UVC-ENUM size fourcc=JPEG index=7 1600x1200
PV-UVC-ENUM interval fourcc=JPEG 1600x1200 index=0 tipo=discrete num=333333 den=10000000 fps_x1000=30000
PV-UVC-ENUM interval fourcc=JPEG 1600x1200 index=1 tipo=discrete num=666666 den=10000000 fps_x1000=15000
PV-UVC-ENUM interval fourcc=JPEG 1600x1200 index=2 tipo=discrete num=1000000 den=10000000 fps_x1000=10000
PV-UVC-ENUM size fourcc=JPEG index=8 2048x1536
PV-UVC-ENUM interval fourcc=JPEG 2048x1536 index=0 tipo=discrete num=333333 den=10000000 fps_x1000=30000
PV-UVC-ENUM interval fourcc=JPEG 2048x1536 index=1 tipo=discrete num=666666 den=10000000 fps_x1000=15000
PV-UVC-ENUM interval fourcc=JPEG 2048x1536 index=2 tipo=discrete num=1000000 den=10000000 fps_x1000=10000
PV-UVC-ENUM size fourcc=JPEG index=9 2592x1944
PV-UVC-ENUM interval fourcc=JPEG 2592x1944 index=0 tipo=discrete num=333333 den=10000000 fps_x1000=30000
PV-UVC-ENUM interval fourcc=JPEG 2592x1944 index=1 tipo=discrete num=666666 den=10000000 fps_x1000=15000
PV-UVC-ENUM interval fourcc=JPEG 2592x1944 index=2 tipo=discrete num=1000000 den=10000000 fps_x1000=10000
PV-UVC-ENUM size fourcc=JPEG index=10 3264x2448
PV-UVC-ENUM interval fourcc=JPEG 3264x2448 index=0 tipo=discrete num=333333 den=10000000 fps_x1000=30000
PV-UVC-ENUM interval fourcc=JPEG 3264x2448 index=1 tipo=discrete num=666666 den=10000000 fps_x1000=15000
PV-UVC-ENUM interval fourcc=JPEG 3264x2448 index=2 tipo=discrete num=1000000 den=10000000 fps_x1000=10000
PV-UVC-ENUM size fourcc=JPEG index=11 3840x2160
PV-UVC-ENUM interval fourcc=JPEG 3840x2160 index=0 tipo=discrete num=333333 den=10000000 fps_x1000=30000
PV-UVC-ENUM interval fourcc=JPEG 3840x2160 index=1 tipo=discrete num=666666 den=10000000 fps_x1000=15000
PV-UVC-ENUM interval fourcc=JPEG 3840x2160 index=2 tipo=discrete num=1000000 den=10000000 fps_x1000=10000
PV-UVC-ENUM size fourcc=JPEG index=12 4000x3000
PV-UVC-ENUM interval fourcc=JPEG 4000x3000 index=0 tipo=discrete num=666666 den=10000000 fps_x1000=15000
PV-UVC-ENUM interval fourcc=JPEG 4000x3000 index=1 tipo=discrete num=1000000 den=10000000 fps_x1000=10000
PV-UVC-ENUM size fourcc=JPEG index=13 320x240
PV-UVC-ENUM interval fourcc=JPEG 320x240 index=0 tipo=discrete num=333333 den=10000000 fps_x1000=30000
PV-UVC-ENUM interval fourcc=JPEG 320x240 index=1 tipo=discrete num=666666 den=10000000 fps_x1000=15000
PV-UVC-ENUM fmt index=1 fourcc=YUYV flags=0x0 desc="YUV 4:2:2 YUYV"
PV-UVC-ENUM size fourcc=YUYV index=0 320x240
PV-UVC-ENUM interval fourcc=YUYV 320x240 index=0 tipo=discrete num=500000 den=10000000 fps_x1000=20000
PV-UVC-ENUM interval fourcc=YUYV 320x240 index=1 tipo=discrete num=1000000 den=10000000 fps_x1000=10000
PV-UVC-ENUM size fourcc=YUYV index=1 640x360
PV-UVC-ENUM interval fourcc=YUYV 640x360 index=0 tipo=discrete num=500000 den=10000000 fps_x1000=20000
PV-UVC-ENUM interval fourcc=YUYV 640x360 index=1 tipo=discrete num=1000000 den=10000000 fps_x1000=10000
PV-UVC-ENUM size fourcc=YUYV index=2 640x480
PV-UVC-ENUM interval fourcc=YUYV 640x480 index=0 tipo=discrete num=1000000 den=10000000 fps_x1000=10000
PV-UVC-ENUM size fourcc=YUYV index=3 800x600
PV-UVC-ENUM interval fourcc=YUYV 800x600 index=0 tipo=discrete num=1000000 den=10000000 fps_x1000=10000
PV-UVC-ENUM size fourcc=YUYV index=4 1024x720
PV-UVC-ENUM interval fourcc=YUYV 1024x720 index=0 tipo=discrete num=1000000 den=10000000 fps_x1000=10000
PV-UVC-ENUM size fourcc=YUYV index=5 1280x940
PV-UVC-ENUM interval fourcc=YUYV 1280x940 index=0 tipo=discrete num=1000000 den=10000000 fps_x1000=10000
PV-UVC-ENUM size fourcc=YUYV index=6 1280x1024
PV-UVC-ENUM interval fourcc=YUYV 1280x1024 index=0 tipo=discrete num=1000000 den=10000000 fps_x1000=10000
PV-UVC-ENUM size fourcc=YUYV index=7 1600x1200
PV-UVC-ENUM interval fourcc=YUYV 1600x1200 index=0 tipo=discrete num=2000000 den=10000000 fps_x1000=5000
PV-UVC-ENUM size fourcc=YUYV index=8 1920x1080
PV-UVC-ENUM interval fourcc=YUYV 1920x1080 index=0 tipo=discrete num=2000000 den=10000000 fps_x1000=5000
PV-UVC-ENUM size fourcc=YUYV index=9 2048x1536
PV-UVC-ENUM interval fourcc=YUYV 2048x1536 index=0 tipo=discrete num=2000000 den=10000000 fps_x1000=5000
PV-UVC-ENUM size fourcc=YUYV index=10 2560x1440
PV-UVC-ENUM interval fourcc=YUYV 2560x1440 index=0 tipo=discrete num=2000000 den=10000000 fps_x1000=5000
PV-UVC-ENUM size fourcc=YUYV index=11 2592x1944
PV-UVC-ENUM interval fourcc=YUYV 2592x1944 index=0 tipo=discrete num=2000000 den=10000000 fps_x1000=5000
PV-UVC-ENUM result=OK tamanhos_jpeg=14
PV-UVC-FMT requested=800x600 applied=800x600 fourcc=JPEG sizeimage=1048576
PV-UVC-REQBUFS pedido=4 obtido=4 sizeimage=1048576
D (29051) uvc: Checking list of opened USB devices
D (29055) uvc: Checking list of connected USB devices
D (29060) uvc: Claimed interface index 1 with MPS 1024
D (29066) uvc: ctrl xfer cb
D (29069) uvc: ctrl xfer cb
D (29071) uvc: ctrl xfer cb
D (29074) uvc: ctrl xfer cb
I (29075) uvc: Allocating 4 USB transfers for ISOC. Each: 3072 bytes, 1 ISOC packets, 3072 MPS
D (29086) uvc: ctrl xfer cb
D (29088) uvc: ctrl xfer cb
D (29090) uvc: ctrl xfer cb
D (29093) uvc: ctrl xfer cb
D (29095) uvc: ctrl xfer cb
D (29097) uvc: ctrl xfer cb
D (29100) uvc: ctrl xfer cb
D (29102) uvc: ctrl xfer cb
D (29104) uvc: ctrl xfer cb
D (29107) uvc: ctrl xfer cb
D (29109) uvc: ctrl xfer cb
D (29121) uvc: ctrl xfer cb
W (32120) PvUvcSpike: DQBUF de descarte 0 falhou: errno=1(Not owner)
PV-UVC-WARMUP requested=800x600 descartados=0
W (37120) PvUvcSpike: DQBUF tentativa 1/6 falhou: errno=1(Not owner)
W (42120) PvUvcSpike: DQBUF tentativa 2/6 falhou: errno=1(Not owner)
W (47120) PvUvcSpike: DQBUF tentativa 3/6 falhou: errno=1(Not owner)
W (52120) PvUvcSpike: DQBUF tentativa 4/6 falhou: errno=1(Not owner)
W (57120) PvUvcSpike: DQBUF tentativa 5/6 falhou: errno=1(Not owner)
W (62120) PvUvcSpike: DQBUF tentativa 6/6 falhou: errno=1(Not owner)
D (62220) uvc: ctrl xfer cb
PV-UVC-RUNG requested=800x600 applied=800x600 fourcc=JPEG bytesused=0 result=FAIL reason=dqbuf
PV-UVC-MEM etapa=pos-degrau psram_livre=28436732 psram_maior_bloco=28311552 interna_livre=412607
PV-UVC-FMT requested=1920x1080 applied=1920x1080 fourcc=JPEG sizeimage=1048576
PV-UVC-REQBUFS pedido=4 obtido=4 sizeimage=1048576
D (62638) uvc: Checking list of opened USB devices
D (62642) uvc: Checking list of connected USB devices
D (62647) uvc: Claimed interface index 1 with MPS 1024
D (62652) uvc: ctrl xfer cb
D (62657) uvc: ctrl xfer cb
D (62659) uvc: ctrl xfer cb
D (62661) uvc: ctrl xfer cb
I (62662) uvc: Allocating 4 USB transfers for ISOC. Each: 3072 bytes, 1 ISOC packets, 3072 MPS
D (62671) uvc: ctrl xfer cb
D (62673) uvc: ctrl xfer cb
D (62676) uvc: ctrl xfer cb
D (62679) uvc: ctrl xfer cb
D (62682) uvc: ctrl xfer cb
D (62685) uvc: ctrl xfer cb
D (62688) uvc: ctrl xfer cb
D (62690) uvc: ctrl xfer cb
D (62692) uvc: ctrl xfer cb
D (62695) uvc: ctrl xfer cb
D (62697) uvc: ctrl xfer cb
D (62709) uvc: ctrl xfer cb
W (65709) PvUvcSpike: DQBUF de descarte 0 falhou: errno=1(Not owner)
PV-UVC-WARMUP requested=1920x1080 descartados=0
W (70709) PvUvcSpike: DQBUF tentativa 1/6 falhou: errno=1(Not owner)
W (75709) PvUvcSpike: DQBUF tentativa 2/6 falhou: errno=1(Not owner)
W (80709) PvUvcSpike: DQBUF tentativa 3/6 falhou: errno=1(Not owner)
W (85709) PvUvcSpike: DQBUF tentativa 4/6 falhou: errno=1(Not owner)
W (90709) PvUvcSpike: DQBUF tentativa 5/6 falhou: errno=1(Not owner)
W (95709) PvUvcSpike: DQBUF tentativa 6/6 falhou: errno=1(Not owner)
D (95810) uvc: ctrl xfer cb
PV-UVC-RUNG requested=1920x1080 applied=1920x1080 fourcc=JPEG bytesused=0 result=FAIL reason=dqbuf
PV-UVC-MEM etapa=pos-degrau psram_livre=28436732 psram_maior_bloco=28311552 interna_livre=412607
PV-UVC-FMT requested=2592x1944 applied=2592x1944 fourcc=JPEG sizeimage=2519424
PV-UVC-REQBUFS pedido=4 obtido=4 sizeimage=2519424
D (96227) uvc: Checking list of opened USB devices
D (96232) uvc: Checking list of connected USB devices
D (96236) uvc: Claimed interface index 1 with MPS 1024
D (96242) uvc: ctrl xfer cb
D (96246) uvc: ctrl xfer cb
D (96248) uvc: ctrl xfer cb
D (96251) uvc: ctrl xfer cb
I (96251) uvc: Allocating 4 USB transfers for ISOC. Each: 3072 bytes, 1 ISOC packets, 3072 MPS
D (96261) uvc: ctrl xfer cb
D (96263) uvc: ctrl xfer cb
D (96266) uvc: ctrl xfer cb
D (96268) uvc: ctrl xfer cb
D (96270) uvc: ctrl xfer cb
D (96273) uvc: ctrl xfer cb
D (96277) uvc: ctrl xfer cb
D (96279) uvc: ctrl xfer cb
D (96281) uvc: ctrl xfer cb
D (96284) uvc: ctrl xfer cb
D (96286) uvc: ctrl xfer cb
D (96298) uvc: ctrl xfer cb
W (99297) PvUvcSpike: DQBUF de descarte 0 falhou: errno=1(Not owner)
PV-UVC-WARMUP requested=2592x1944 descartados=0
W (104297) PvUvcSpike: DQBUF tentativa 1/6 falhou: errno=1(Not owner)
W (109297) PvUvcSpike: DQBUF tentativa 2/6 falhou: errno=1(Not owner)
W (114297) PvUvcSpike: DQBUF tentativa 3/6 falhou: errno=1(Not owner)
W (119297) PvUvcSpike: DQBUF tentativa 4/6 falhou: errno=1(Not owner)
W (124297) PvUvcSpike: DQBUF tentativa 5/6 falhou: errno=1(Not owner)
W (129297) PvUvcSpike: DQBUF tentativa 6/6 falhou: errno=1(Not owner)
D (129398) uvc: ctrl xfer cb
PV-UVC-RUNG requested=2592x1944 applied=2592x1944 fourcc=JPEG bytesused=0 result=FAIL reason=dqbuf
PV-UVC-MEM etapa=pos-degrau psram_livre=22553340 psram_maior_bloco=22020096 interna_livre=412607
PV-UVC-FMT requested=3264x2448 applied=3264x2448 fourcc=JPEG sizeimage=3995136
PV-UVC-REQBUFS pedido=4 obtido=4 sizeimage=3995136
D (129815) uvc: Checking list of opened USB devices
D (129820) uvc: Checking list of connected USB devices
D (129825) uvc: Claimed interface index 1 with MPS 1024
D (129831) uvc: ctrl xfer cb
D (129834) uvc: ctrl xfer cb
D (129838) uvc: ctrl xfer cb
D (129841) uvc: ctrl xfer cb
I (129841) uvc: Allocating 4 USB transfers for ISOC. Each: 3072 bytes, 1 ISOC packets, 3072 MPS
D (129851) uvc: ctrl xfer cb
D (129853) uvc: ctrl xfer cb
D (129855) uvc: ctrl xfer cb
D (129858) uvc: ctrl xfer cb
D (129860) uvc: ctrl xfer cb
D (129862) uvc: ctrl xfer cb
D (129865) uvc: ctrl xfer cb
D (129867) uvc: ctrl xfer cb
D (129871) uvc: ctrl xfer cb
D (129874) uvc: ctrl xfer cb
D (129876) uvc: ctrl xfer cb
D (129888) uvc: ctrl xfer cb
W (132887) PvUvcSpike: DQBUF de descarte 0 falhou: errno=1(Not owner)
PV-UVC-WARMUP requested=3264x2448 descartados=0
W (137887) PvUvcSpike: DQBUF tentativa 1/6 falhou: errno=1(Not owner)
W (142887) PvUvcSpike: DQBUF tentativa 2/6 falhou: errno=1(Not owner)
W (147887) PvUvcSpike: DQBUF tentativa 3/6 falhou: errno=1(Not owner)
W (152887) PvUvcSpike: DQBUF tentativa 4/6 falhou: errno=1(Not owner)
W (157887) PvUvcSpike: DQBUF tentativa 5/6 falhou: errno=1(Not owner)
W (162887) PvUvcSpike: DQBUF tentativa 6/6 falhou: errno=1(Not owner)
D (162988) uvc: ctrl xfer cb
PV-UVC-RUNG requested=3264x2448 applied=3264x2448 fourcc=JPEG bytesused=0 result=FAIL reason=dqbuf
PV-UVC-MEM etapa=pos-degrau psram_livre=16650492 psram_maior_bloco=16515072 interna_livre=412607
PV-UVC-FMT requested=4000x3000 applied=4000x3000 fourcc=JPEG sizeimage=6000000
PV-UVC-REQBUFS pedido=4 obtido=4 sizeimage=6000000
D (163405) uvc: Checking list of opened USB devices
D (163410) uvc: Checking list of connected USB devices
D (163415) uvc: Claimed interface index 1 with MPS 1024
D (163421) uvc: ctrl xfer cb
D (163424) uvc: ctrl xfer cb
D (163426) uvc: ctrl xfer cb
D (163429) uvc: ctrl xfer cb
I (163430) uvc: Allocating 4 USB transfers for ISOC. Each: 3072 bytes, 1 ISOC packets, 3072 MPS
D (163441) uvc: ctrl xfer cb
D (163443) uvc: ctrl xfer cb
D (163445) uvc: ctrl xfer cb
D (163448) uvc: ctrl xfer cb
D (163450) uvc: ctrl xfer cb
D (163453) uvc: ctrl xfer cb
D (163455) uvc: ctrl xfer cb
D (163457) uvc: ctrl xfer cb
D (163459) uvc: ctrl xfer cb
D (163464) uvc: ctrl xfer cb
D (163466) uvc: ctrl xfer cb
D (163478) uvc: ctrl xfer cb
W (166477) PvUvcSpike: DQBUF de descarte 0 falhou: errno=1(Not owner)
PV-UVC-WARMUP requested=4000x3000 descartados=0
W (171477) PvUvcSpike: DQBUF tentativa 1/6 falhou: errno=1(Not owner)
W (176477) PvUvcSpike: DQBUF tentativa 2/6 falhou: errno=1(Not owner)
W (181477) PvUvcSpike: DQBUF tentativa 3/6 falhou: errno=1(Not owner)
W (186477) PvUvcSpike: DQBUF tentativa 4/6 falhou: errno=1(Not owner)
W (191477) PvUvcSpike: DQBUF tentativa 5/6 falhou: errno=1(Not owner)
W (196477) PvUvcSpike: DQBUF tentativa 6/6 falhou: errno=1(Not owner)
D (196578) uvc: ctrl xfer cb
PV-UVC-RUNG requested=4000x3000 applied=4000x3000 fourcc=JPEG bytesused=0 result=FAIL reason=dqbuf
PV-UVC-MEM etapa=pos-degrau psram_livre=8631036 psram_maior_bloco=8388608 interna_livre=412607
PV-UVC-SUMARIO inicio
PV-UVC-SUMARIO degrau=1 requested=800x600 applied=800x600 fourcc=JPEG bytesused=0 result=FAIL reason=dqbuf obrigatorio=sim
PV-UVC-SUMARIO degrau=2 requested=1920x1080 applied=1920x1080 fourcc=JPEG bytesused=0 result=FAIL reason=dqbuf obrigatorio=sim
PV-UVC-SUMARIO degrau=3 requested=2592x1944 applied=2592x1944 fourcc=JPEG bytesused=0 result=FAIL reason=dqbuf obrigatorio=sim
PV-UVC-SUMARIO degrau=4 requested=3264x2448 applied=3264x2448 fourcc=JPEG bytesused=0 result=FAIL reason=dqbuf obrigatorio=sim
PV-UVC-SUMARIO degrau=5 requested=4000x3000 applied=4000x3000 fourcc=JPEG bytesused=0 result=FAIL reason=dqbuf obrigatorio=nao
PV-UVC-SUMARIO fim pass=0 fail=5 total=5 fail_obrigatorios=4
PV-UVC-CICLO 2 fim — REPLUG a camera para disparar nova escada (retry 15 s)

PV-UVC-CICLO 3 inicio
PV-UVC-ENUM aguardando enumeracao USB em /dev/video40 (ate 10000 ms)
I (212054) usb_uvc_device: All UVC devices already enumerated
PV-UVC-ENUM device aberto em 2 ms
PV-UVC-ENUM cap driver=USB-UVC0 card=USB-UVC0 bus=esp32p4:USB-UVC0 caps=0x84201001 device_caps=0x04201001
PV-UVC-ENUM fmt index=0 fourcc=JPEG flags=0x0 desc="JPEG"
PV-UVC-ENUM size fourcc=JPEG index=0 1920x1080
PV-UVC-ENUM interval fourcc=JPEG 1920x1080 index=0 tipo=discrete num=333333 den=10000000 fps_x1000=30000
PV-UVC-ENUM interval fourcc=JPEG 1920x1080 index=1 tipo=discrete num=666666 den=10000000 fps_x1000=15000
PV-UVC-ENUM interval fourcc=JPEG 1920x1080 index=2 tipo=discrete num=1000000 den=10000000 fps_x1000=10000
PV-UVC-ENUM size fourcc=JPEG index=1 640x320
PV-UVC-ENUM interval fourcc=JPEG 640x320 index=0 tipo=discrete num=333333 den=10000000 fps_x1000=30000
PV-UVC-ENUM interval fourcc=JPEG 640x320 index=1 tipo=discrete num=666666 den=10000000 fps_x1000=15000
PV-UVC-ENUM interval fourcc=JPEG 640x320 index=2 tipo=discrete num=1000000 den=10000000 fps_x1000=10000
PV-UVC-ENUM size fourcc=JPEG index=2 640x480
PV-UVC-ENUM interval fourcc=JPEG 640x480 index=0 tipo=discrete num=333333 den=10000000 fps_x1000=30000
PV-UVC-ENUM interval fourcc=JPEG 640x480 index=1 tipo=discrete num=666666 den=10000000 fps_x1000=15000
PV-UVC-ENUM interval fourcc=JPEG 640x480 index=2 tipo=discrete num=1000000 den=10000000 fps_x1000=10000
PV-UVC-ENUM size fourcc=JPEG index=3 800x600
PV-UVC-ENUM interval fourcc=JPEG 800x600 index=0 tipo=discrete num=333333 den=10000000 fps_x1000=30000
PV-UVC-ENUM interval fourcc=JPEG 800x600 index=1 tipo=discrete num=666666 den=10000000 fps_x1000=15000
PV-UVC-ENUM interval fourcc=JPEG 800x600 index=2 tipo=discrete num=1000000 den=10000000 fps_x1000=10000
PV-UVC-ENUM size fourcc=JPEG index=4 1024x768
PV-UVC-ENUM interval fourcc=JPEG 1024x768 index=0 tipo=discrete num=333333 den=10000000 fps_x1000=30000
PV-UVC-ENUM interval fourcc=JPEG 1024x768 index=1 tipo=discrete num=666666 den=10000000 fps_x1000=15000
PV-UVC-ENUM interval fourcc=JPEG 1024x768 index=2 tipo=discrete num=1000000 den=10000000 fps_x1000=10000
PV-UVC-ENUM size fourcc=JPEG index=5 1280x720
PV-UVC-ENUM interval fourcc=JPEG 1280x720 index=0 tipo=discrete num=333333 den=10000000 fps_x1000=30000
PV-UVC-ENUM interval fourcc=JPEG 1280x720 index=1 tipo=discrete num=666666 den=10000000 fps_x1000=15000
PV-UVC-ENUM interval fourcc=JPEG 1280x720 index=2 tipo=discrete num=1000000 den=10000000 fps_x1000=10000
PV-UVC-ENUM size fourcc=JPEG index=6 1280x960
PV-UVC-ENUM interval fourcc=JPEG 1280x960 index=0 tipo=discrete num=333333 den=10000000 fps_x1000=30000
PV-UVC-ENUM interval fourcc=JPEG 1280x960 index=1 tipo=discrete num=666666 den=10000000 fps_x1000=15000
PV-UVC-ENUM interval fourcc=JPEG 1280x960 index=2 tipo=discrete num=1000000 den=10000000 fps_x1000=10000
PV-UVC-ENUM size fourcc=JPEG index=7 1600x1200
PV-UVC-ENUM interval fourcc=JPEG 1600x1200 index=0 tipo=discrete num=333333 den=10000000 fps_x1000=30000
PV-UVC-ENUM interval fourcc=JPEG 1600x1200 index=1 tipo=discrete num=666666 den=10000000 fps_x1000=15000
PV-UVC-ENUM interval fourcc=JPEG 1600x1200 index=2 tipo=discrete num=1000000 den=10000000 fps_x1000=10000
PV-UVC-ENUM size fourcc=JPEG index=8 2048x1536
PV-UVC-ENUM interval fourcc=JPEG 2048x1536 index=0 tipo=discrete num=333333 den=10000000 fps_x1000=30000
PV-UVC-ENUM interval fourcc=JPEG 2048x1536 index=1 tipo=discrete num=666666 den=10000000 fps_x1000=15000
PV-UVC-ENUM interval fourcc=JPEG 2048x1536 index=2 tipo=discrete num=1000000 den=10000000 fps_x1000=10000
PV-UVC-ENUM size fourcc=JPEG index=9 2592x1944
PV-UVC-ENUM interval fourcc=JPEG 2592x1944 index=0 tipo=discrete num=333333 den=10000000 fps_x1000=30000
PV-UVC-ENUM interval fourcc=JPEG 2592x1944 index=1 tipo=discrete num=666666 den=10000000 fps_x1000=15000
PV-UVC-ENUM interval fourcc=JPEG 2592x1944 index=2 tipo=discrete num=1000000 den=10000000 fps_x1000=10000
PV-UVC-ENUM size fourcc=JPEG index=10 3264x2448
PV-UVC-ENUM interval fourcc=JPEG 3264x2448 index=0 tipo=discrete num=333333 den=10000000 fps_x1000=30000
PV-UVC-ENUM interval fourcc=JPEG 3264x2448 index=1 tipo=discrete num=666666 den=10000000 fps_x1000=15000
PV-UVC-ENUM interval fourcc=JPEG 3264x2448 index=2 tipo=discrete num=1000000 den=10000000 fps_x1000=10000
PV-UVC-ENUM size fourcc=JPEG index=11 3840x2160
PV-UVC-ENUM interval fourcc=JPEG 3840x2160 index=0 tipo=discrete num=333333 den=10000000 fps_x1000=30000
PV-UVC-ENUM interval fourcc=JPEG 3840x2160 index=1 tipo=discrete num=666666 den=10000000 fps_x1000=15000
PV-UVC-ENUM interval fourcc=JPEG 3840x2160 index=2 tipo=discrete num=1000000 den=10000000 fps_x1000=10000
PV-UVC-ENUM size fourcc=JPEG index=12 4000x3000
PV-UVC-ENUM interval fourcc=JPEG 4000x3000 index=0 tipo=discrete num=666666 den=10000000 fps_x1000=15000
PV-UVC-ENUM interval fourcc=JPEG 4000x3000 index=1 tipo=discrete num=1000000 den=10000000 fps_x1000=10000
PV-UVC-ENUM size fourcc=JPEG index=13 320x240
PV-UVC-ENUM interval fourcc=JPEG 320x240 index=0 tipo=discrete num=333333 den=10000000 fps_x1000=30000
PV-UVC-ENUM interval fourcc=JPEG 320x240 index=1 tipo=discrete num=666666 den=10000000 fps_x1000=15000
PV-UVC-ENUM fmt index=1 fourcc=YUYV flags=0x0 desc="YUV 4:2:2 YUYV"
PV-UVC-ENUM size fourcc=YUYV index=0 320x240
PV-UVC-ENUM interval fourcc=YUYV 320x240 index=0 tipo=discrete num=500000 den=10000000 fps_x1000=20000
PV-UVC-ENUM interval fourcc=YUYV 320x240 index=1 tipo=discrete num=1000000 den=10000000 fps_x1000=10000
PV-UVC-ENUM size fourcc=YUYV index=1 640x360
PV-UVC-ENUM interval fourcc=YUYV 640x360 index=0 tipo=discrete num=500000 den=10000000 fps_x1000=20000
PV-UVC-ENUM interval fourcc=YUYV 640x360 index=1 tipo=discrete num=1000000 den=10000000 fps_x1000=10000
PV-UVC-ENUM size fourcc=YUYV index=2 640x480
PV-UVC-ENUM interval fourcc=YUYV 640x480 index=0 tipo=discrete num=1000000 den=10000000 fps_x1000=10000
PV-UVC-ENUM size fourcc=YUYV index=3 800x600
PV-UVC-ENUM interval fourcc=YUYV 800x600 index=0 tipo=discrete num=1000000 den=10000000 fps_x1000=10000
PV-UVC-ENUM size fourcc=YUYV index=4 1024x720
PV-UVC-ENUM interval fourcc=YUYV 1024x720 index=0 tipo=discrete num=1000000 den=10000000 fps_x1000=10000
PV-UVC-ENUM size fourcc=YUYV index=5 1280x940
PV-UVC-ENUM interval fourcc=YUYV 1280x940 index=0 tipo=discrete num=1000000 den=10000000 fps_x1000=10000
PV-UVC-ENUM size fourcc=YUYV index=6 1280x1024
PV-UVC-ENUM interval fourcc=YUYV 1280x1024 index=0 tipo=discrete num=1000000 den=10000000 fps_x1000=10000
PV-UVC-ENUM size fourcc=YUYV index=7 1600x1200
PV-UVC-ENUM interval fourcc=YUYV 1600x1200 index=0 tipo=discrete num=2000000 den=10000000 fps_x1000=5000
PV-UVC-ENUM size fourcc=YUYV index=8 1920x1080
PV-UVC-ENUM interval fourcc=YUYV 1920x1080 index=0 tipo=discrete num=2000000 den=10000000 fps_x1000=5000
PV-UVC-ENUM size fourcc=YUYV index=9 2048x1536
PV-UVC-ENUM interval fourcc=YUYV 2048x1536 index=0 tipo=discrete num=2000000 den=10000000 fps_x1000=5000
PV-UVC-ENUM size fourcc=YUYV index=10 2560x1440
PV-UVC-ENUM interval fourcc=YUYV 2560x1440 index=0 tipo=discrete num=2000000 den=10000000 fps_x1000=5000
PV-UVC-ENUM size fourcc=YUYV index=11 2592x1944
PV-UVC-ENUM interval fourcc=YUYV 2592x1944 index=0 tipo=discrete num=2000000 den=10000000 fps_x1000=5000
PV-UVC-ENUM result=OK tamanhos_jpeg=14
PV-UVC-FMT requested=800x600 applied=800x600 fourcc=JPEG sizeimage=1048576
PV-UVC-REQBUFS pedido=4 obtido=4 sizeimage=1048576
D (212696) uvc: Checking list of opened USB devices
D (212700) uvc: Checking list of connected USB devices
D (212705) uvc: Claimed interface index 1 with MPS 1024
D (212711) uvc: ctrl xfer cb
D (212714) uvc: ctrl xfer cb
D (212716) uvc: ctrl xfer cb
D (212719) uvc: ctrl xfer cb
I (212721) uvc: Allocating 4 USB transfers for ISOC. Each: 3072 bytes, 1 ISOC packets, 3072 MPS
D (212731) uvc: ctrl xfer cb
D (212733) uvc: ctrl xfer cb
D (212735) uvc: ctrl xfer cb
D (212738) uvc: ctrl xfer cb
D (212740) uvc: ctrl xfer cb
D (212744) uvc: ctrl xfer cb
D (212747) uvc: ctrl xfer cb
D (212749) uvc: ctrl xfer cb
D (212751) uvc: ctrl xfer cb
D (212754) uvc: ctrl xfer cb
D (212756) uvc: ctrl xfer cb
D (212768) uvc: ctrl xfer cb
W (215767) PvUvcSpike: DQBUF de descarte 0 falhou: errno=1(Not owner)
PV-UVC-WARMUP requested=800x600 descartados=0
W (220767) PvUvcSpike: DQBUF tentativa 1/6 falhou: errno=1(Not owner)
W (225767) PvUvcSpike: DQBUF tentativa 2/6 falhou: errno=1(Not owner)
W (230767) PvUvcSpike: DQBUF tentativa 3/6 falhou: errno=1(Not owner)
W (232716) uvc-isoc: usb err 1
W (232717) uvc-isoc: usb err 1
W (232717) uvc-isoc: usb err 1
W (232717) uvc-isoc: usb err 1
W (232717) uvc-isoc: usb err 1
E (232719) USB HOST: Enqueue URB error: ESP_ERR_INVALID_STATE
W (232725) uvc-isoc: usb err 1
E (232727) USB HOST: Enqueue URB error: ESP_ERR_INVALID_STATE
D (232733) uvc: Device suddenly disconnected
D (232737) usb_uvc_device: Device disconnected, dev_addr = 1, stream_index = 0
W (235767) PvUvcSpike: DQBUF tentativa 4/6 falhou: errno=1(Not owner)
ESP-ROM:esp32p4-eco2-20240710
Build:Jul 10 2024
rst:0x1 (POWERON),boot:0xf (SPI_FAST_FLASH_BOOT)
SPI mode:DIO, clock div:1
load:0x4ff33ce0,len:0x5d0
load:0x4ff28ed0,len:0xdf8
load:0x4ff2bbd0,len:0x34b8
entry 0x4ff28ed0
I (42) hex_psram: vendor id    : 0x0d (AP)
I (43) hex_psram: Latency      : 0x01 (Fixed)
I (43) hex_psram: DriveStr.    : 0x00 (25 Ohm)
I (43) hex_psram: dev id       : 0x03 (generation 4)
I (48) hex_psram: density      : 0x07 (256 Mbit)
I (52) hex_psram: good-die     : 0x06 (Pass)
I (56) hex_psram: SRF          : 0x02 (Slow Refresh)
I (61) hex_psram: BurstType    : 0x00 ( Wrap)
I (65) hex_psram: BurstLen     : 0x03 (2048 Byte)
I (69) hex_psram: BitMode      : 0x01 (X16 Mode)
I (74) hex_psram: Readlatency  : 0x04 (14 cycles@Fixed)
I (79) hex_psram: DriveStrength: 0x00 (1/1)
I (83) MSPI Timing: Enter psram timing tuning
I esp_psram: Found 32MB PSRAM device
I esp_psram: Speed: 200MHz
I (280) mmu_psram: .rodata xip on psram
I (313) mmu_psram: .text xip on psram
I (315) hex_psram: psram CS IO is dedicated
I (315) cpu_start: Multicore app
I (324) cpu_start: GPIO 38 and 37 are used as console UART I/O pins
I (325) cpu_start: Pro cpu start user code
I (325) cpu_start: cpu freq: 360000000 Hz
I (327) app_init: Application information:
I (330) app_init: Project name:     xiaozhi
I (334) app_init: App version:      2.4.0
I (338) app_init: Compile time:     Aug 12 2026 06:58:15
I (343) app_init: ELF file SHA256:  1eb1b5131...
I (347) app_init: ESP-IDF:          v6.0.2
I (351) efuse_init: Min chip rev:     v1.0
I (355) efuse_init: Max chip rev:     v1.99 
I (359) efuse_init: Chip rev:         v1.3
I (363) heap_init: Initializing. RAM available for dynamic allocation:
I (369) heap_init: At 4FF1B1D0 len 0001FDF0 (127 KiB): RETENT_RAM
I (375) heap_init: At 4FF3AFC0 len 00004BF0 (18 KiB): RAM
I (380) heap_init: At 4FF40000 len 00060000 (384 KiB): RAM
I (385) heap_init: At 50108080 len 00007F80 (31 KiB): RTCRAM
I (391) heap_init: At 30100088 len 00001F78 (7 KiB): SPM
I (396) esp_psram: Adding pool of 31808K of PSRAM memory to heap allocator
I (402) esp_psram: Adding pool of 44K of PSRAM memory gap generated due to end address alignment of irom to the heap allocator
I (413) esp_psram: Adding pool of 44K of PSRAM memory gap generated due to end address alignment of drom to the heap allocator
I (425) spi_flash: detected chip: gd
I (428) spi_flash: flash io: qio
I (431) host_init: ESP Hosted : Host chip_ip[18]
I (435) H_API: ESP-Hosted starting. Hosted_Tasks: prio:23, stack: 5120 RPC_task_stack: 5120
I (443) H_API: ** add_esp_wifi_remote_channels **
I (449) sleep_gpio: Configure to isolate all GPIO pins in sleep state
I (454) sleep_gpio: Enable automatic switching of GPIO sleep configuration
I (462) H_SDIO_DRV: sdio_data_to_rx_buf_task started
I (465) main_task: Started on CPU0
I (468) esp_psram: Reserving pool of 64K of internal memory for DMA/internal allocations
I (477) main_task: Calling app_main()

PV-UVC-SPIKE inicio (F2B) degraus=5
PV-UVC-MEM etapa=boot psram_livre=32634868 psram_maior_bloco=32505856 interna_livre=418575
I (2357) main_task: Returned from app_main()
PV-UVC-VBUS estado=off (host instalado sem energia no root port; 1000 ms)
PV-UVC-VBUS estado=on err=0x0 apos_ms=0
D (3387) uvc: USB UVC handling start
PV-UVC-INIT result=OK usb_host=on uvc_dev_num=1

PV-UVC-CICLO 1 inicio
PV-UVC-ENUM aguardando enumeracao USB em /dev/video40 (ate 10000 ms)
I (3395) usb_uvc_device: Waiting for UVC device to be enumerated...
E (13401) usb_uvc_device: uvc_video_init(266): Failed to take UVC device ready semaphore
PV-UVC-ENUM result=FAIL reason=open errno=19(No such device)
PV-UVC-CICLO 1 sem device (replug a camera p/ nova escada; retry 15 s)

PV-UVC-CICLO 2 inicio
PV-UVC-ENUM aguardando enumeracao USB em /dev/video40 (ate 10000 ms)
I (28409) usb_uvc_device: Waiting for UVC device to be enumerated...
E (38412) usb_uvc_device: uvc_video_init(266): Failed to take UVC device ready semaphore
PV-UVC-ENUM result=FAIL reason=open errno=19(No such device)
PV-UVC-CICLO 2 sem device (replug a camera p/ nova escada; retry 15 s)

PV-UVC-CICLO 3 inicio
PV-UVC-ENUM aguardando enumeracao USB em /dev/video40 (ate 10000 ms)
I (53420) usb_uvc_device: Waiting for UVC device to be enumerated...
E (63423) usb_uvc_device: uvc_video_init(266): Failed to take UVC device ready semaphore
PV-UVC-ENUM result=FAIL reason=open errno=19(No such device)
PV-UVC-CICLO 3 sem device (replug a camera p/ nova escada; retry 15 s)

PV-UVC-CICLO 4 inicio
PV-UVC-ENUM aguardando enumeracao USB em /dev/video40 (ate 10000 ms)
I (78431) usb_uvc_device: Waiting for UVC device to be enumerated...
E (88434) usb_uvc_device: uvc_video_init(266): Failed to take UVC device ready semaphore
PV-UVC-ENUM result=FAIL reason=open errno=19(No such device)
PV-UVC-CICLO 4 sem device (replug a camera p/ nova escada; retry 15 s)

PV-UVC-CICLO 5 inicio
PV-UVC-ENUM aguardando enumeracao USB em /dev/video40 (ate 10000 ms)
I (103442) usb_uvc_device: Waiting for UVC device to be enumerated...
E (113445) usb_uvc_device: uvc_video_init(266): Failed to take UVC device ready semaphore
PV-UVC-ENUM result=FAIL reason=open errno=19(No such device)
PV-UVC-CICLO 5 sem device (replug a camera p/ nova escada; retry 15 s)

PV-UVC-CICLO 6 inicio
PV-UVC-ENUM aguardando enumeracao USB em /dev/video40 (ate 10000 ms)
I (128453) usb_uvc_device: Waiting for UVC device to be enumerated...
E (138456) usb_uvc_device: uvc_video_init(266): Failed to take UVC device ready semaphore
PV-UVC-ENUM result=FAIL reason=open errno=19(No such device)
PV-UVC-CICLO 6 sem device (replug a camera p/ nova escada; retry 15 s)

PV-UVC-CICLO 7 inicio
PV-UVC-ENUM aguardando enumeracao USB em /dev/video40 (ate 10000 ms)
I (153464) usb_uvc_device: Waiting for UVC device to be enumerated...
E (163467) usb_uvc_device: uvc_video_init(266): Failed to take UVC device ready semaphore
PV-UVC-ENUM result=FAIL reason=open errno=19(No such device)
PV-UVC-CICLO 7 sem device (replug a camera p/ nova escada; retry 15 s)

PV-UVC-CICLO 8 inicio
PV-UVC-ENUM aguardando enumeracao USB em /dev/video40 (ate 10000 ms)
I (178475) usb_uvc_device: Waiting for UVC device to be enumerated...
E (188478) usb_uvc_device: uvc_video_init(266): Failed to take UVC device ready semaphore
PV-UVC-ENUM result=FAIL reason=open errno=19(No such device)
PV-UVC-CICLO 8 sem device (replug a camera p/ nova escada; retry 15 s)

PV-UVC-CICLO 9 inicio
PV-UVC-ENUM aguardando enumeracao USB em /dev/video40 (ate 10000 ms)
I (203486) usb_uvc_device: Waiting for UVC device to be enumerated...
E (213489) usb_uvc_device: uvc_video_init(266): Failed to take UVC device ready semaphore
PV-UVC-ENUM result=FAIL reason=open errno=19(No such device)
PV-UVC-CICLO 9 sem device (replug a camera p/ nova escada; retry 15 s)

PV-UVC-CICLO 10 inicio
PV-UVC-ENUM aguardando enumeracao USB em /dev/video40 (ate 10000 ms)
I (228497) usb_uvc_device: Waiting for UVC device to be enumerated...
E (238500) usb_uvc_device: uvc_video_init(266): Failed to take UVC device ready semaphore
PV-UVC-ENUM result=FAIL reason=open errno=19(No such device)
PV-UVC-CICLO 10 sem device (replug a camera p/ nova escada; retry 15 s)

PV-UVC-CICLO 11 inicio
PV-UVC-ENUM aguardando enumeracao USB em /dev/video40 (ate 10000 ms)
I (253508) usb_uvc_device: Waiting for UVC device to be enumerated...
E (263511) usb_uvc_device: uvc_video_init(266): Failed to take UVC device ready semaphore
PV-UVC-ENUM result=FAIL reason=open errno=19(No such device)
PV-UVC-CICLO 11 sem device (replug a camera p/ nova escada; retry 15 s)

PV-UVC-CICLO 12 inicio
PV-UVC-ENUM aguardando enumeracao USB em /dev/video40 (ate 10000 ms)
I (278519) usb_uvc_device: Waiting for UVC device to be enumerated...
E (288522) usb_uvc_device: uvc_video_init(266): Failed to take UVC device ready semaphore
PV-UVC-ENUM result=FAIL reason=open errno=19(No such device)
PV-UVC-CICLO 12 sem device (replug a camera p/ nova escada; retry 15 s)

PV-UVC-CICLO 13 inicio
PV-UVC-ENUM aguardando enumeracao USB em /dev/video40 (ate 10000 ms)
I (303530) usb_uvc_device: Waiting for UVC device to be enumerated...
E (313533) usb_uvc_device: uvc_video_init(266): Failed to take UVC device ready semaphore
PV-UVC-ENUM result=FAIL reason=open errno=19(No such device)
PV-UVC-CICLO 13 sem device (replug a camera p/ nova escada; retry 15 s)

PV-UVC-CICLO 14 inicio
PV-UVC-ENUM aguardando enumeracao USB em /dev/video40 (ate 10000 ms)
I (328541) usb_uvc_device: Waiting for UVC device to be enumerated...
E (338544) usb_uvc_device: uvc_video_init(266): Failed to take UVC device ready semaphore
PV-UVC-ENUM result=FAIL reason=open errno=19(No such device)
PV-UVC-CICLO 14 sem device (replug a camera p/ nova escada; retry 15 s)

PV-UVC-CICLO 15 inicio
PV-UVC-ENUM aguardando enumeracao USB em /dev/video40 (ate 10000 ms)
I (353552) usb_uvc_device: Waiting for UVC device to be enumerated...
E (363555) usb_uvc_device: uvc_video_init(266): Failed to take UVC device ready semaphore
PV-UVC-ENUM result=FAIL reason=open errno=19(No such device)
PV-UVC-CICLO 15 sem device (replug a camera p/ nova escada; retry 15 s)

PV-UVC-CICLO 16 inicio
PV-UVC-ENUM aguardando enumeracao USB em /dev/video40 (ate 10000 ms)
I (378563) usb_uvc_device: Waiting for UVC device to be enumerated...
E (388566) usb_uvc_device: uvc_video_init(266): Failed to take UVC device ready semaphore
PV-UVC-ENUM result=FAIL reason=open errno=19(No such device)
PV-UVC-CICLO 16 sem device (replug a camera p/ nova escada; retry 15 s)

PV-UVC-CICLO 17 inicio
PV-UVC-ENUM aguardando enumeracao USB em /dev/video40 (ate 10000 ms)
I (403574) usb_uvc_device: Waiting for UVC device to be enumerated...
E (413577) usb_uvc_device: uvc_video_init(266): Failed to take UVC device ready semaphore
PV-UVC-ENUM result=FAIL reason=open errno=19(No such device)
PV-UVC-CICLO 17 sem device (replug a camera p/ nova escada; retry 15 s)

PV-UVC-CICLO 18 inicio
PV-UVC-ENUM aguardando enumeracao USB em /dev/video40 (ate 10000 ms)
I (428585) usb_uvc_device: Waiting for UVC device to be enumerated...
E (438588) usb_uvc_device: uvc_video_init(266): Failed to take UVC device ready semaphore
PV-UVC-ENUM result=FAIL reason=open errno=19(No such device)
PV-UVC-CICLO 18 sem device (replug a camera p/ nova escada; retry 15 s)

PV-UVC-CICLO 19 inicio
PV-UVC-ENUM aguardando enumeracao USB em /dev/video40 (ate 10000 ms)
I (453596) usb_uvc_device: Waiting for UVC device to be enumerated...
E (463599) usb_uvc_device: uvc_video_init(266): Failed to take UVC device ready semaphore
PV-UVC-ENUM result=FAIL reason=open errno=19(No such device)
PV-UVC-CICLO 19 sem device (replug a camera p/ nova escada; retry 15 s)

PV-UVC-CICLO 20 inicio
PV-UVC-ENUM aguardando enumeracao USB em /dev/video40 (ate 10000 ms)
I (478607) usb_uvc_device: Waiting for UVC device to be enumerated...
E (488610) usb_uvc_device: uvc_video_init(266): Failed to take UVC device ready semaphore
PV-UVC-ENUM result=FAIL reason=open errno=19(No such device)
PV-UVC-CICLO 20 sem device (replug a camera p/ nova escada; retry 15 s)

PV-UVC-CICLO 21 inicio
PV-UVC-ENUM aguardando enumeracao USB em /dev/video40 (ate 10000 ms)
I (503618) usb_uvc_device: Waiting for UVC device to be enumerated...
E (513621) usb_uvc_device: uvc_video_init(266): Failed to take UVC device ready semaphore
PV-UVC-ENUM result=FAIL reason=open errno=19(No such device)
PV-UVC-CICLO 21 sem device (replug a camera p/ nova escada; retry 15 s)

PV-UVC-CICLO 22 inicio
PV-UVC-ENUM aguardando enumeracao USB em /dev/video40 (ate 10000 ms)
I (528629) usb_uvc_device: Waiting for UVC device to be enumerated...
E (538632) usb_uvc_device: uvc_video_init(266): Failed to take UVC device ready semaphore
PV-UVC-ENUM result=FAIL reason=open errno=19(No such device)
PV-UVC-CICLO 22 sem device (replug a camera p/ nova escada; retry 15 s)

PV-UVC-CICLO 23 inicio
PV-UVC-ENUM aguardando enumeracao USB em /dev/video40 (ate 10000 ms)
I (553640) usb_uvc_device: Waiting for UVC device to be enumerated...
E (563643) usb_uvc_device: uvc_video_init(266): Failed to take UVC device ready semaphore
PV-UVC-ENUM result=FAIL reason=open errno=19(No such device)
PV-UVC-CICLO 23 sem device (replug a camera p/ nova escada; retry 15 s)

PV-UVC-CICLO 24 inicio
PV-UVC-ENUM aguardando enumeracao USB em /dev/video40 (ate 10000 ms)
I (578651) usb_uvc_device: Waiting for UVC device to be enumerated...
E (588654) usb_uvc_device: uvc_video_init(266): Failed to take UVC device ready semaphore
PV-UVC-ENUM result=FAIL reason=open errno=19(No such device)
PV-UVC-CICLO 24 sem device (replug a camera p/ nova escada; retry 15 s)

PV-UVC-CICLO 25 inicio
PV-UVC-ENUM aguardando enumeracao USB em /dev/video40 (ate 10000 ms)
I (603662) usb_uvc_device: Waiting for UVC device to be enumerated...
E (613665) usb_uvc_device: uvc_video_init(266): Failed to take UVC device ready semaphore
PV-UVC-ENUM result=FAIL reason=open errno=19(No such device)
PV-UVC-CICLO 25 sem device (replug a camera p/ nova escada; retry 15 s)

PV-UVC-CICLO 26 inicio
PV-UVC-ENUM aguardando enumeracao USB em /dev/video40 (ate 10000 ms)
I (628673) usb_uvc_device: Waiting for UVC device to be enumerated...
E (638676) usb_uvc_device: uvc_video_init(266): Failed to take UVC device ready semaphore
PV-UVC-ENUM result=FAIL reason=open errno=19(No such device)
PV-UVC-CICLO 26 sem device (replug a camera p/ nova escada; retry 15 s)

PV-UVC-CICLO 27 inicio
PV-UVC-ENUM aguardando enumeracao USB em /dev/video40 (ate 10000 ms)
I (653684) usb_uvc_device: Waiting for UVC device to be enumerated...
E (663687) usb_uvc_device: uvc_video_init(266): Failed to take UVC device ready semaphore
PV-UVC-ENUM result=FAIL reason=open errno=19(No such device)
PV-UVC-CICLO 27 sem device (replug a camera p/ nova escada; retry 15 s)

PV-UVC-CICLO 28 inicio
PV-UVC-ENUM aguardando enumeracao USB em /dev/video40 (ate 10000 ms)
I (678695) usb_uvc_device: Waiting for UVC device to be enumerated...
E (688698) usb_uvc_device: uvc_video_init(266): Failed to take UVC device ready semaphore
PV-UVC-ENUM result=FAIL reason=open errno=19(No such device)
PV-UVC-CICLO 28 sem device (replug a camera p/ nova escada; retry 15 s)

PV-UVC-CICLO 29 inicio
PV-UVC-ENUM aguardando enumeracao USB em /dev/video40 (ate 10000 ms)
I (703706) usb_uvc_device: Waiting for UVC device to be enumerated...
E (713709) usb_uvc_device: uvc_video_init(266): Failed to take UVC device ready semaphore
PV-UVC-ENUM result=FAIL reason=open errno=19(No such device)
PV-UVC-CICLO 29 sem device (replug a camera p/ nova escada; retry 15 s)

PV-UVC-CICLO 30 inicio
PV-UVC-ENUM aguardando enumeracao USB em /dev/video40 (ate 10000 ms)
I (728717) usb_uvc_device: Waiting for UVC device to be enumerated...
E (738720) usb_uvc_device: uvc_video_init(266): Failed to take UVC device ready semaphore
PV-UVC-ENUM result=FAIL reason=open errno=19(No such device)
PV-UVC-CICLO 30 sem device (replug a camera p/ nova escada; retry 15 s)

PV-UVC-CICLO 31 inicio
PV-UVC-ENUM aguardando enumeracao USB em /dev/video40 (ate 10000 ms)
I (753728) usb_uvc_device: Waiting for UVC device to be enumerated...
E (763731) usb_uvc_device: uvc_video_init(266): Failed to take UVC device ready semaphore
PV-UVC-ENUM result=FAIL reason=open errno=19(No such device)
PV-UVC-CICLO 31 sem device (replug a camera p/ nova escada; retry 15 s)

PV-UVC-CICLO 32 inicio
PV-UVC-ENUM aguardando enumeracao USB em /dev/video40 (ate 10000 ms)
I (778739) usb_uvc_device: Waiting for UVC device to be enumerated...
E (788742) usb_uvc_device: uvc_video_init(266): Failed to take UVC device ready semaphore
PV-UVC-ENUM result=FAIL reason=open errno=19(No such device)
PV-UVC-CICLO 32 sem device (replug a camera p/ nova escada; retry 15 s)

PV-UVC-CICLO 33 inicio
PV-UVC-ENUM aguardando enumeracao USB em /dev/video40 (ate 10000 ms)
I (803750) usb_uvc_device: Waiting for UVC device to be enumerated...
E (813753) usb_uvc_device: uvc_video_init(266): Failed to take UVC device ready semaphore
PV-UVC-ENUM result=FAIL reason=open errno=19(No such device)
PV-UVC-CICLO 33 sem device (replug a camera p/ nova escada; retry 15 s)

PV-UVC-CICLO 34 inicio
PV-UVC-ENUM aguardando enumeracao USB em /dev/video40 (ate 10000 ms)
I (828761) usb_uvc_device: Waiting for UVC device to be enumerated...
E (838764) usb_uvc_device: uvc_video_init(266): Failed to take UVC device ready semaphore
PV-UVC-ENUM result=FAIL reason=open errno=19(No such device)
PV-UVC-CICLO 34 sem device (replug a camera p/ nova escada; retry 15 s)

PV-UVC-CICLO 35 inicio
PV-UVC-ENUM aguardando enumeracao USB em /dev/video40 (ate 10000 ms)
I (853772) usb_uvc_device: Waiting for UVC device to be enumerated...
E (863775) usb_uvc_device: uvc_video_init(266): Failed to take UVC device ready semaphore
PV-UVC-ENUM result=FAIL reason=open errno=19(No such device)
PV-UVC-CICLO 35 sem device (replug a camera p/ nova escada; retry 15 s)

PV-UVC-CICLO 36 inicio
PV-UVC-ENUM aguardando enumeracao USB em /dev/video40 (ate 10000 ms)
I (878783) usb_uvc_device: Waiting for UVC device to be enumerated...
E (888786) usb_uvc_device: uvc_video_init(266): Failed to take UVC device ready semaphore
PV-UVC-ENUM result=FAIL reason=open errno=19(No such device)
PV-UVC-CICLO 36 sem device (replug a camera p/ nova escada; retry 15 s)

PV-UVC-CICLO 37 inicio
PV-UVC-ENUM aguardando enumeracao USB em /dev/video40 (ate 10000 ms)
I (903794) usb_uvc_device: Waiting for UVC device to be enumerated...
E (913797) usb_uvc_device: uvc_video_init(266): Failed to take UVC device ready semaphore
PV-UVC-ENUM result=FAIL reason=open errno=19(No such device)
PV-UVC-CICLO 37 sem device (replug a camera p/ nova escada; retry 15 s)

PV-UVC-CICLO 38 inicio
PV-UVC-ENUM aguardando enumeracao USB em /dev/video40 (ate 10000 ms)
I (928805) usb_uvc_device: Waiting for UVC device to be enumerated...
E (938808) usb_uvc_device: uvc_video_init(266): Failed to take UVC device ready semaphore
PV-UVC-ENUM result=FAIL reason=open errno=19(No such device)
PV-UVC-CICLO 38 sem device (replug a camera p/ nova escada; retry 15 s)

PV-UVC-CICLO 39 inicio
PV-UVC-ENUM aguardando enumeracao USB em /dev/video40 (ate 10000 ms)
I (953816) usb_uvc_device: Waiting for UVC device to be enumerated...
E (963819) usb_uvc_device: uvc_video_init(266): Failed to take UVC device ready semaphore
PV-UVC-ENUM result=FAIL reason=open errno=19(No such device)
PV-UVC-CICLO 39 sem device (replug a camera p/ nova escada; retry 15 s)

PV-UVC-CICLO 40 inicio
PV-UVC-ENUM aguardando enumeracao USB em /dev/video40 (ate 10000 ms)
I (978827) usb_uvc_device: Waiting for UVC device to be enumerated...
E (988830) usb_uvc_device: uvc_video_init(266): Failed to take UVC device ready semaphore
PV-UVC-ENUM result=FAIL reason=open errno=19(No such device)
PV-UVC-CICLO 40 sem device (replug a camera p/ nova escada; retry 15 s)

PV-UVC-CICLO 41 inicio
PV-UVC-ENUM aguardando enumeracao USB em /dev/video40 (ate 10000 ms)
I (1003838) usb_uvc_device: Waiting for UVC device to be enumerated...
E (1013841) usb_uvc_device: uvc_video_init(266): Failed to take UVC device ready semaphore
PV-UVC-ENUM result=FAIL reason=open errno=19(No such device)
PV-UVC-CICLO 41 sem device (replug a camera p/ nova escada; retry 15 s)

PV-UVC-CICLO 42 inicio
PV-UVC-ENUM aguardando enumeracao USB em /dev/video40 (ate 10000 ms)
I (1028849) usb_uvc_device: Waiting for UVC device to be enumerated...
E (1038852) usb_uvc_device: uvc_video_init(266): Failed to take UVC device ready semaphore
PV-UVC-ENUM result=FAIL reason=open errno=19(No such device)
PV-UVC-CICLO 42 sem device (replug a camera p/ nova escada; retry 15 s)

PV-UVC-CICLO 43 inicio
PV-UVC-ENUM aguardando enumeracao USB em /dev/video40 (ate 10000 ms)
I (1053860) usb_uvc_device: Waiting for UVC device to be enumerated...
E (1063863) usb_uvc_device: uvc_video_init(266): Failed to take UVC device ready semaphore
PV-UVC-ENUM result=FAIL reason=open errno=19(No such device)
PV-UVC-CICLO 43 sem device (replug a camera p/ nova escada; retry 15 s)

PV-UVC-CICLO 44 inicio
PV-UVC-ENUM aguardando enumeracao USB em /dev/video40 (ate 10000 ms)
I (1078871) usb_uvc_device: Waiting for UVC device to be enumerated...
E (1088874) usb_uvc_device: uvc_video_init(266): Failed to take UVC device ready semaphore
PV-UVC-ENUM result=FAIL reason=open errno=19(No such device)
PV-UVC-CICLO 44 sem device (replug a camera p/ nova escada; retry 15 s)

PV-UVC-CICLO 45 inicio
PV-UVC-ENUM aguardando enumeracao USB em /dev/video40 (ate 10000 ms)
I (1103882) usb_uvc_device: Waiting for UVC device to be enumerated...
E (1113885) usb_uvc_device: uvc_video_init(266): Failed to take UVC device ready semaphore
PV-UVC-ENUM result=FAIL reason=open errno=19(No such device)
PV-UVC-CICLO 45 sem device (replug a camera p/ nova escada; retry 15 s)

PV-UVC-CICLO 46 inicio
PV-UVC-ENUM aguardando enumeracao USB em /dev/video40 (ate 10000 ms)
I (1128893) usb_uvc_device: Waiting for UVC device to be enumerated...
E (1138896) usb_uvc_device: uvc_video_init(266): Failed to take UVC device ready semaphore
PV-UVC-ENUM result=FAIL reason=open errno=19(No such device)
PV-UVC-CICLO 46 sem device (replug a camera p/ nova escada; retry 15 s)

PV-UVC-CICLO 47 inicio
PV-UVC-ENUM aguardando enumeracao USB em /dev/video40 (ate 10000 ms)
I (1153904) usb_uvc_device: Waiting for UVC device to be enumerated...
E (1163907) usb_uvc_device: uvc_video_init(266): Failed to take UVC device ready semaphore
PV-UVC-ENUM result=FAIL reason=open errno=19(No such device)
PV-UVC-CICLO 47 sem device (replug a camera p/ nova escada; retry 15 s)

PV-UVC-CICLO 48 inicio
PV-UVC-ENUM aguardando enumeracao USB em /dev/video40 (ate 10000 ms)
I (1178915) usb_uvc_device: Waiting for UVC device to be enumerated...
E (1188918) usb_uvc_device: uvc_video_init(266): Failed to take UVC device ready semaphore
PV-UVC-ENUM result=FAIL reason=open errno=19(No such device)
PV-UVC-CICLO 48 sem device (replug a camera p/ nova escada; retry 15 s)

PV-UVC-CICLO 49 inicio
PV-UVC-ENUM aguardando enumeracao USB em /dev/video40 (ate 10000 ms)
I (1203926) usb_uvc_device: Waiting for UVC device to be enumerated...
E (1213929) usb_uvc_device: uvc_video_init(266): Failed to take UVC device ready semaphore
PV-UVC-ENUM result=FAIL reason=open errno=19(No such device)
PV-UVC-CICLO 49 sem device (replug a camera p/ nova escada; retry 15 s)

PV-UVC-CICLO 50 inicio
PV-UVC-ENUM aguardando enumeracao USB em /dev/video40 (ate 10000 ms)
I (1228937) usb_uvc_device: Waiting for UVC device to be enumerated...
E (1238940) usb_uvc_device: uvc_video_init(266): Failed to take UVC device ready semaphore
PV-UVC-ENUM result=FAIL reason=open errno=19(No such device)
PV-UVC-CICLO 50 sem device (replug a camera p/ nova escada; retry 15 s)

PV-UVC-CICLO 51 inicio
PV-UVC-ENUM aguardando enumeracao USB em /dev/video40 (ate 10000 ms)
I (1253948) usb_uvc_device: Waiting for UVC device to be enumerated...
E (1263951) usb_uvc_device: uvc_video_init(266): Failed to take UVC device ready semaphore
PV-UVC-ENUM result=FAIL reason=open errno=19(No such device)
PV-UVC-CICLO 51 sem device (replug a camera p/ nova escada; retry 15 s)

PV-UVC-CICLO 52 inicio
PV-UVC-ENUM aguardando enumeracao USB em /dev/video40 (ate 10000 ms)
I (1278959) usb_uvc_device: Waiting for UVC device to be enumerated...
E (1288962) usb_uvc_device: uvc_video_init(266): Failed to take UVC device ready semaphore
PV-UVC-ENUM result=FAIL reason=open errno=19(No such device)
PV-UVC-CICLO 52 sem device (replug a camera p/ nova escada; retry 15 s)

PV-UVC-CICLO 53 inicio
PV-UVC-ENUM aguardando enumeracao USB em /dev/video40 (ate 10000 ms)
I (1303970) usb_uvc_device: Waiting for UVC device to be enumerated...
E (1313973) usb_uvc_device: uvc_video_init(266): Failed to take UVC device ready semaphore
PV-UVC-ENUM result=FAIL reason=open errno=19(No such device)
PV-UVC-CICLO 53 sem device (replug a camera p/ nova escada; retry 15 s)

PV-UVC-CICLO 54 inicio
PV-UVC-ENUM aguardando enumeracao USB em /dev/video40 (ate 10000 ms)
I (1328981) usb_uvc_device: Waiting for UVC device to be enumerated...
E (1338984) usb_uvc_device: uvc_video_init(266): Failed to take UVC device ready semaphore
PV-UVC-ENUM result=FAIL reason=open errno=19(No such device)
PV-UVC-CICLO 54 sem device (replug a camera p/ nova escada; retry 15 s)

PV-UVC-CICLO 55 inicio
PV-UVC-ENUM aguardando enumeracao USB em /dev/video40 (ate 10000 ms)
I (1353992) usb_uvc_device: Waiting for UVC device to be enumerated...
E (1363995) usb_uvc_device: uvc_video_init(266): Failed to take UVC device ready semaphore
PV-UVC-ENUM result=FAIL reason=open errno=19(No such device)
PV-UVC-CICLO 55 sem device (replug a camera p/ nova escada; retry 15 s)

PV-UVC-CICLO 56 inicio
PV-UVC-ENUM aguardando enumeracao USB em /dev/video40 (ate 10000 ms)
I (1379003) usb_uvc_device: Waiting for UVC device to be enumerated...
E (1389006) usb_uvc_device: uvc_video_init(266): Failed to take UVC device ready semaphore
PV-UVC-ENUM result=FAIL reason=open errno=19(No such device)
PV-UVC-CICLO 56 sem device (replug a camera p/ nova escada; retry 15 s)

PV-UVC-CICLO 57 inicio
PV-UVC-ENUM aguardando enumeracao USB em /dev/video40 (ate 10000 ms)
I (1404014) usb_uvc_device: Waiting for UVC device to be enumerated...
E (1414017) usb_uvc_device: uvc_video_init(266): Failed to take UVC device ready semaphore
PV-UVC-ENUM result=FAIL reason=open errno=19(No such device)
PV-UVC-CICLO 57 sem device (replug a camera p/ nova escada; retry 15 s)

PV-UVC-CICLO 58 inicio
PV-UVC-ENUM aguardando enumeracao USB em /dev/video40 (ate 10000 ms)
I (1429025) usb_uvc_device: Waiting for UVC device to be enumerated...
E (1439028) usb_uvc_device: uvc_video_init(266): Failed to take UVC device ready semaphore
PV-UVC-ENUM result=FAIL reason=open errno=19(No such device)
PV-UVC-CICLO 58 sem device (replug a camera p/ nova escada; retry 15 s)

PV-UVC-CICLO 59 inicio
PV-UVC-ENUM aguardando enumeracao USB em /dev/video40 (ate 10000 ms)
I (1454036) usb_uvc_device: Waiting for UVC device to be enumerated...
E (1464039) usb_uvc_device: uvc_video_init(266): Failed to take UVC device ready semaphore
PV-UVC-ENUM result=FAIL reason=open errno=19(No such device)
PV-UVC-CICLO 59 sem device (replug a camera p/ nova escada; retry 15 s)

PV-UVC-CICLO 60 inicio
PV-UVC-ENUM aguardando enumeracao USB em /dev/video40 (ate 10000 ms)
I (1479047) usb_uvc_device: Waiting for UVC device to be enumerated...
E (1489050) usb_uvc_device: uvc_video_init(266): Failed to take UVC device ready semaphore
PV-UVC-ENUM result=FAIL reason=open errno=19(No such device)
PV-UVC-CICLO 60 sem device (replug a camera p/ nova escada; retry 15 s)

PV-UVC-CICLO 61 inicio
PV-UVC-ENUM aguardando enumeracao USB em /dev/video40 (ate 10000 ms)
I (1504058) usb_uvc_device: Waiting for UVC device to be enumerated...
E (1514061) usb_uvc_device: uvc_video_init(266): Failed to take UVC device ready semaphore
PV-UVC-ENUM result=FAIL reason=open errno=19(No such device)
PV-UVC-CICLO 61 sem device (replug a camera p/ nova escada; retry 15 s)

PV-UVC-CICLO 62 inicio
PV-UVC-ENUM aguardando enumeracao USB em /dev/video40 (ate 10000 ms)
I (1529069) usb_uvc_device: Waiting for UVC device to be enumerated...
E (1539072) usb_uvc_device: uvc_video_init(266): Failed to take UVC device ready semaphore
PV-UVC-ENUM result=FAIL reason=open errno=19(No such device)
PV-UVC-CICLO 62 sem device (replug a camera p/ nova escada; retry 15 s)

PV-UVC-CICLO 63 inicio
PV-UVC-ENUM aguardando enumeracao USB em /dev/video40 (ate 10000 ms)
I (1554080) usb_uvc_device: Waiting for UVC device to be enumerated...
E (1564083) usb_uvc_device: uvc_video_init(266): Failed to take UVC device ready semaphore
PV-UVC-ENUM result=FAIL reason=open errno=19(No such device)
PV-UVC-CICLO 63 sem device (replug a camera p/ nova escada; retry 15 s)

PV-UVC-CICLO 64 inicio
PV-UVC-ENUM aguardando enumeracao USB em /dev/video40 (ate 10000 ms)
I (1579091) usb_uvc_device: Waiting for UVC device to be enumerated...
E (1589094) usb_uvc_device: uvc_video_init(266): Failed to take UVC device ready semaphore
PV-UVC-ENUM result=FAIL reason=open errno=19(No such device)
PV-UVC-CICLO 64 sem device (replug a camera p/ nova escada; retry 15 s)

PV-UVC-CICLO 65 inicio
PV-UVC-ENUM aguardando enumeracao USB em /dev/video40 (ate 10000 ms)
I (1604102) usb_uvc_device: Waiting for UVC device to be enumerated...
E (1614105) usb_uvc_device: uvc_video_init(266): Failed to take UVC device ready semaphore
PV-UVC-ENUM result=FAIL reason=open errno=19(No such device)
PV-UVC-CICLO 65 sem device (replug a camera p/ nova escada; retry 15 s)

PV-UVC-CICLO 66 inicio
PV-UVC-ENUM aguardando enumeracao USB em /dev/video40 (ate 10000 ms)
I (1629113) usb_uvc_device: Waiting for UVC device to be enumerated...
