ESP-ROM:esp32p4-eco2-20240710
Build:Jul 10 2024
rst:0x1 (POWERON),boot:0xf (SPI_FAST_FLASH_BOOT)
SPI mode:DIO, clock div:1
load:0x4ff33ce0,len:0x5d0
load:0x4ff28ed0,len:0xdf8
load:0x4ff2bbd0,len:0x34b8
entry 0x4ff28ed0
I (56) hex_psram: vendor id    : 0x0d (AP)
I (56) hex_psram: Latency      : 0x01 (Fixed)
I (56) hex_psram: DriveStr.    : 0x00 (25 Ohm)
I (57) hex_psram: dev id       : 0x03 (generation 4)
I (61) hex_psram: density      : 0x07 (256 Mbit)
I (66) hex_psram: good-die     : 0x06 (Pass)
I (70) hex_psram: SRF          : 0x02 (Slow Refresh)
I (74) hex_psram: BurstType    : 0x00 ( Wrap)
I (79) hex_psram: BurstLen     : 0x03 (2048 Byte)
I (83) hex_psram: BitMode      : 0x01 (X16 Mode)
I (87) hex_psram: Readlatency  : 0x04 (14 cycles@Fixed)
I (92) hex_psram: DriveStrength: 0x00 (1/1)
I (96) MSPI Timing: Enter psram timing tuning
I esp_psram: Found 32MB PSRAM device
I esp_psram: Speed: 200MHz
I (290) mmu_psram: .rodata xip on psram
I (316) mmu_psram: .text xip on psram
I (317) hex_psram: psram CS IO is dedicated
I (318) cpu_start: Multicore app
I (327) cpu_start: GPIO 38 and 37 are used as console UART I/O pins
I (327) cpu_start: Pro cpu start user code
I (327) cpu_start: cpu freq: 360000000 Hz
I (329) app_init: Application information:
I (333) app_init: Project name:     xiaozhi
I (337) app_init: App version:      2.4.0
I (341) app_init: Compile time:     Aug 13 2026 17:18:47
I (346) app_init: ELF file SHA256:  ca9ecd22f...
I (350) app_init: ESP-IDF:          v6.0.2
I (354) efuse_init: Min chip rev:     v1.0
I (358) efuse_init: Max chip rev:     v1.99 
I (362) efuse_init: Chip rev:         v1.3
I (365) heap_init: Initializing. RAM available for dynamic allocation:
I (372) heap_init: At 4FF195F0 len 000219D0 (134 KiB): RETENT_RAM
I (377) heap_init: At 4FF3AFC0 len 00004BF0 (18 KiB): RAM
I (383) heap_init: At 4FF40000 len 00060000 (384 KiB): RAM
I (388) heap_init: At 50108080 len 00007F80 (31 KiB): RTCRAM
I (393) heap_init: At 30100088 len 00001F78 (7 KiB): SPM
I (398) esp_psram: Adding pool of 32000K of PSRAM memory to heap allocator
I (405) esp_psram: Adding pool of 33K of PSRAM memory gap generated due to end address alignment of irom to the heap allocator
I (416) esp_psram: Adding pool of 27K of PSRAM memory gap generated due to end address alignment of drom to the heap allocator
I (427) spi_flash: detected chip: gd
I (430) spi_flash: flash io: qio
I (433) host_init: ESP Hosted : Host chip_ip[18]
I (438) H_API: ESP-Hosted starting. Hosted_Tasks: prio:23, stack: 5120 RPC_task_stack: 5120
I (446) H_API: ** add_esp_wifi_remote_channels **
I (451) sleep_gpio: Configure to isolate all GPIO pins in sleep state
I (456) sleep_gpio: Enable automatic switching of GPIO sleep configuration
I (465) H_SDIO_DRV: sdio_data_to_rx_buf_task started
I (468) main_task: Started on CPU0
I (471) esp_psram: Reserving pool of 64K of internal memory for DMA/internal allocations
I (480) main_task: Calling app_main()

PV-UVC-DIRECT inicio (F2B rodada 16, usb_host_uvc sem esp_video) degraus=5
PV-UVC-MEM etapa=boot psram_livre=32802872 psram_maior_bloco=32505856 interna_livre=425659
I (2378) main_task: Returned from app_main()
PV-UVC-VBUS estado=on-no-boot (E2: sem ciclo; host energizado na instalacao)
D (2407) uvc: USB UVC handling start
PV-UVC-INIT result=OK driver=usb_host_uvc-direto urbs=4 urb_size=4xMPS fb=4 fb_bytes=6000000

PV-UVC-CICLO 1 inicio
E (2850) ENUM: LANGID 0x409 not found
D (2852) uvc: New device connected
*** Configuration descriptor ***
bLength 9
bDescriptorType 2
wTotalLength 1463
bNumInterfaces 5
bConfigurationValue 1
iConfiguration 0
bmAttributes 0x80
bMaxPower 500mA
*** Interface Association Descriptor ***
bLength 8
bDescriptorType 11
bFirstInterface 0
bInterfaceCount 2
bFunctionClass 0xe
bFunctionSubClass 0x3
bFunctionProtocol 0x0
iFunction 4
	*** Interface descriptor ***
	bLength 9
	bDescriptorType 4
	bInterfaceNumber 0
	bAlternateSetting 0
	bNumEndpoints 1
	bInterfaceClass 0xe
	bInterfaceSubClass 0x1
	bInterfaceProtocol 0x0
	iInterface 0
	*** Class-specific VC Interface Descriptor ***
	bLength 13
	bDescriptorType 0x24
	bDescriptorSubType 0x01
	bcdUVC 0100
	wTotalLength 80
	dwClockFrequency 24000000
	bInCollection 1
	baInterfaceNr[0] 1
	*** Input Terminal Descriptor (Camera) ***
	bLength 18
	bDescriptorType 0x24
	bDescriptorSubType 0x02
	bTerminalID 0x1
	wTerminalType 0x201
	bAssocTerminal 0
	iTerminal 0
	wObjectiveFocalLengthMin 0
	wObjectiveFocalLengthMax 0
	wOcularFocalLength 0
	bControlSize 3
	bmControls 0x7A 0x2A 0x2
	*** Extension Unit Descriptor unsupported, skipping... ***
	*** Processing Unit Descriptor ***
	bLength 11
	bDescriptorType 0x24
	bDescriptorSubType 0x05
	bUnitID 3
	bSourceID 2
	wMaxMultiplier 16384
	bControlSize 2
	bmControls 0x7F 0x17 0x0
	iProcessing 9
	bmVideoStandards 0x24
	*** Output Terminal Descriptor ***
	bLength 9
	bDescriptorType 0x24
	bDescriptorSubType 0x03
	bTerminalID 4
	wTerminalType 0x101
	bAssocTerminal 0
	bSourceID 3
	iTerminal 0
		*** Endpoint descriptor ***
		bLength 7
		bDescriptorType 5
		bEndpointAddress 0x81	EP 1 IN
		bmAttributes 0x3	INT
		wMaxPacketSize 16
		bInterval 8
		*** Class-specific Interrupt Endpoint Descriptor ***
		bLength 5
		bDescriptorType 0x25
		bDescriptorSubType 3
		wMaxTransferSize 16
	*** Interface descriptor ***
	bLength 9
	bDescriptorType 4
	bInterfaceNumber 1
	bAlternateSetting 0
	bNumEndpoints 0
	bInterfaceClass 0xe
	bInterfaceSubClass 0x2
	bInterfaceProtocol 0x0
	iInterface 0
	*** Class-specific VC Interface Descriptor ***
	bLength 15
	bDescriptorType 0x24
	bDescriptorSubType 0x01
	bcdUVC fc02
	wTotalLength 33283
	dwClockFrequency 16909312
	bInCollection 1
	baInterfaceNr[0] 1
	*** Extension Unit Descriptor unsupported, skipping... ***
	*** VS Frame Descriptor ***
	bLength 38
	bDescriptorType 0x24
	bDescriptorSubType 0x07
	bFrameIndex 1
	bmCapabilities 0x0
	wWidth 1920
	wHeight 1080
	dwMinBitRate 20736000
	dwMaxBitRate 62208000
	dwMaxVideoFrameBufSize 2073600
	dwDefaultFrameInterval 333333
	bFrameIntervalType 3
	FrameInterval[0] 333333
	FrameInterval[1] 666666
	FrameInterval[2] 1000000
	*** VS Frame Descriptor ***
	bLength 38
	bDescriptorType 0x24
	bDescriptorSubType 0x07
	bFrameIndex 2
	bmCapabilities 0x0
	wWidth 640
	wHeight 320
	dwMinBitRate 2048000
	dwMaxBitRate 6144000
	dwMaxVideoFrameBufSize 204800
	dwDefaultFrameInterval 333333
	bFrameIntervalType 3
	FrameInterval[0] 333333
	FrameInterval[1] 666666
	FrameInterval[2] 1000000
	*** VS Frame Descriptor ***
	bLength 38
	bDescriptorType 0x24
	bDescriptorSubType 0x07
	bFrameIndex 3
	bmCapabilities 0x0
	wWidth 640
	wHeight 480
	dwMinBitRate 3072000
	dwMaxBitRate 9216000
	dwMaxVideoFrameBufSize 307200
	dwDefaultFrameInterval 333333
	bFrameIntervalType 3
	FrameInterval[0] 333333
	FrameInterval[1] 666666
	FrameInterval[2] 1000000
	*** VS Frame Descriptor ***
	bLength 38
	bDescriptorType 0x24
	bDescriptorSubType 0x07
	bFrameIndex 4
	bmCapabilities 0x0
	wWidth 800
	wHeight 600
	dwMinBitRate 4800000
	dwMaxBitRate 14400000
	dwMaxVideoFrameBufSize 480000
	dwDefaultFrameInterval 333333
	bFrameIntervalType 3
	FrameInterval[0] 333333
	FrameInterval[1] 666666
	FrameInterval[2] 1000000
	*** VS Frame Descriptor ***
	bLength 38
	bDescriptorType 0x24
	bDescriptorSubType 0x07
	bFrameIndex 5
	bmCapabilities 0x0
	wWidth 1024
	wHeight 768
	dwMinBitRate 7864320
	dwMaxBitRate 23592960
	dwMaxVideoFrameBufSize 786432
	dwDefaultFrameInterval 333333
	bFrameIntervalType 3
	FrameInterval[0] 333333
	FrameInterval[1] 666666
	FrameInterval[2] 1000000
	*** VS Frame Descriptor ***
	bLength 38
	bDescriptorType 0x24
	bDescriptorSubType 0x07
	bFrameIndex 6
	bmCapabilities 0x0
	wWidth 1280
	wHeight 720
	dwMinBitRate 9216000
	dwMaxBitRate 27648000
	dwMaxVideoFrameBufSize 921600
	dwDefaultFrameInterval 333333
	bFrameIntervalType 3
	FrameInterval[0] 333333
	FrameInterval[1] 666666
	FrameInterval[2] 1000000
	*** VS Frame Descriptor ***
	bLength 38
	bDescriptorType 0x24
	bDescriptorSubType 0x07
	bFrameIndex 7
	bmCapabilities 0x0
	wWidth 1280
	wHeight 960
	dwMinBitRate 12288000
	dwMaxBitRate 36864000
	dwMaxVideoFrameBufSize 1228800
	dwDefaultFrameInterval 333333
	bFrameIntervalType 3
	FrameInterval[0] 333333
	FrameInterval[1] 666666
	FrameInterval[2] 1000000
	*** VS Frame Descriptor ***
	bLength 38
	bDescriptorType 0x24
	bDescriptorSubType 0x07
	bFrameIndex 8
	bmCapabilities 0x0
	wWidth 1600
	wHeight 1200
	dwMinBitRate 19200000
	dwMaxBitRate 57600000
	dwMaxVideoFrameBufSize 1920000
	dwDefaultFrameInterval 333333
	bFrameIntervalType 3
	FrameInterval[0] 333333
	FrameInterval[1] 666666
	FrameInterval[2] 1000000
	*** VS Frame Descriptor ***
	bLength 38
	bDescriptorType 0x24
	bDescriptorSubType 0x07
	bFrameIndex 9
	bmCapabilities 0x0
	wWidth 2048
	wHeight 1536
	dwMinBitRate 31457280
	dwMaxBitRate 94371840
	dwMaxVideoFrameBufSize 3145728
	dwDefaultFrameInterval 333333
	bFrameIntervalType 3
	FrameInterval[0] 333333
	FrameInterval[1] 666666
	FrameInterval[2] 1000000
	*** VS Frame Descriptor ***
	bLength 38
	bDescriptorType 0x24
	bDescriptorSubType 0x07
	bFrameIndex 10
	bmCapabilities 0x0
	wWidth 2592
	wHeight 1944
	dwMinBitRate 50388480
	dwMaxBitRate 151165440
	dwMaxVideoFrameBufSize 5038848
	dwDefaultFrameInterval 333333
	bFrameIntervalType 3
	FrameInterval[0] 333333
	FrameInterval[1] 666666
	FrameInterval[2] 1000000
	*** VS Frame Descriptor ***
	bLength 38
	bDescriptorType 0x24
	bDescriptorSubType 0x07
	bFrameIndex 11
	bmCapabilities 0x0
	wWidth 3264
	wHeight 2448
	dwMinBitRate 79902720
	dwMaxBitRate 239708160
	dwMaxVideoFrameBufSize 7990272
	dwDefaultFrameInterval 333333
	bFrameIntervalType 3
	FrameInterval[0] 333333
	FrameInterval[1] 666666
	FrameInterval[2] 1000000
	*** VS Frame Descriptor ***
	bLength 38
	bDescriptorType 0x24
	bDescriptorSubType 0x07
	bFrameIndex 12
	bmCapabilities 0x0
	wWidth 3840
	wHeight 2160
	dwMinBitRate 82944000
	dwMaxBitRate 248832000
	dwMaxVideoFrameBufSize 8294400
	dwDefaultFrameInterval 333333
	bFrameIntervalType 3
	FrameInterval[0] 333333
	FrameInterval[1] 666666
	FrameInterval[2] 1000000
	*** VS Frame Descriptor ***
	bLength 34
	bDescriptorType 0x24
	bDescriptorSubType 0x07
	bFrameIndex 13
	bmCapabilities 0x0
	wWidth 4000
	wHeight 3000
	dwMinBitRate 120000000
	dwMaxBitRate 180000000
	dwMaxVideoFrameBufSize 12000000
	dwDefaultFrameInterval 666666
	bFrameIntervalType 2
	FrameInterval[0] 666666
	FrameInterval[1] 1000000
	*** VS Frame Descriptor ***
	bLength 34
	bDescriptorType 0x24
	bDescriptorSubType 0x07
	bFrameIndex 14
	bmCapabilities 0x0
	wWidth 320
	wHeight 240
	dwMinBitRate 1152000
	dwMaxBitRate 2304000
	dwMaxVideoFrameBufSize 76800
	dwDefaultFrameInterval 333333
	bFrameIntervalType 2
	FrameInterval[0] 333333
	FrameInterval[1] 666666
	*** Output Terminal Descriptor ***
	bLength 63
	bDescriptorType 0x24
	bDescriptorSubType 0x03
	bTerminalID 0
	wTerminalType 0x800E
	bAssocTerminal 7
	bSourceID 56
	iTerminal 4
	*** VS Color Format Descriptor ***
	bLength 6
	bDescriptorType 0x24
	bDescriptorSubType 0x0D
	bColorPrimaries 0x1
	bTransferCharacteristics 1
	bMatrixCoefficients 0x4
	*** Selector Unit Descriptor ***
	bLength 27
	bDescriptorType 0x24
	bDescriptorSubType 0x04
	bUnitID 2
	bNrInPins 12
	baSourceID1 89
	baSourceID2 85
	iSelector 89
	*** Processing Unit Descriptor ***
	bLength 34
	bDescriptorType 0x24
	bDescriptorSubType 0x05
	bUnitID 1
	bSourceID 0
	wMaxMultiplier 320
	bControlSize 240
	bmControls 0x0 0x0 0x70
	iProcessing 23
	bmVideoStandards 0x0
	*** Processing Unit Descriptor ***
	bLength 34
	bDescriptorType 0x24
	bDescriptorSubType 0x05
	bUnitID 2
	bSourceID 0
	wMaxMultiplier 640
	bControlSize 104
	bmControls 0x1 0x0 0x50
	iProcessing 70
	bmVideoStandards 0x0
	*** Processing Unit Descriptor ***
	bLength 30
	bDescriptorType 0x24
	bDescriptorSubType 0x05
	bUnitID 3
	bSourceID 0
	wMaxMultiplier 640
	bControlSize 224
	bmControls 0x1 0x0 0xC0
	iProcessing 93
	bmVideoStandards 0x0
	*** Processing Unit Descriptor ***
	bLength 30
	bDescriptorType 0x24
	bDescriptorSubType 0x05
	bUnitID 4
	bSourceID 0
	wMaxMultiplier 800
	bControlSize 88
	bmControls 0x2 0x0 0x7C
	iProcessing 146
	bmVideoStandards 0x0
	*** Processing Unit Descriptor ***
	bLength 30
	bDescriptorType 0x24
	bDescriptorSubType 0x05
	bUnitID 5
	bSourceID 0
	wMaxMultiplier 1024
	bControlSize 208
	bmControls 0x2 0x0 0x0
	iProcessing 225
	bmVideoStandards 0x0
	*** Processing Unit Descriptor ***
	bLength 30
	bDescriptorType 0x24
	bDescriptorSubType 0x05
	bUnitID 6
	bSourceID 0
	wMaxMultiplier 1280
	bControlSize 172
	bmControls 0x3 0x0 0x30
	iProcessing 111
	bmVideoStandards 0x1
	*** Processing Unit Descriptor ***
	bLength 30
	bDescriptorType 0x24
	bDescriptorSubType 0x05
	bUnitID 7
	bSourceID 0
	wMaxMultiplier 1280
	bControlSize 0
	bmControls 0x4 0x0 0x0
	iProcessing 144
	bmVideoStandards 0x1
	*** Processing Unit Descriptor ***
	bLength 30
	bDescriptorType 0x24
	bDescriptorSubType 0x05
	bUnitID 8
	bSourceID 0
	wMaxMultiplier 1600
	bControlSize 176
	bmControls 0x4 0x0 0xF8
	iProcessing 36
	bmVideoStandards 0x1
	*** Processing Unit Descriptor ***
	bLength 30
	bDescriptorType 0x24
	bDescriptorSubType 0x05
	bUnitID 9
	bSourceID 0
	wMaxMultiplier 1920
	bControlSize 56
	bmControls 0x4 0x0 0x68
	iProcessing 60
	bmVideoStandards 0x1
	*** Processing Unit Descriptor ***
	bLength 30
	bDescriptorType 0x24
	bDescriptorSubType 0x05
	bUnitID 10
	bSourceID 0
	wMaxMultiplier 2048
	bControlSize 0
	bmControls 0x6 0x0 0x0
	iProcessing 224
	bmVideoStandards 0x1
	*** Processing Unit Descriptor ***
	bLength 30
	bDescriptorType 0x24
	bDescriptorSubType 0x05
	bUnitID 11
	bSourceID 0
	wMaxMultiplier 2560
	bControlSize 160
	bmControls 0x5 0x0 0x80
	iProcessing 50
	bmVideoStandards 0x2
	*** Processing Unit Descriptor ***
	bLength 30
	bDescriptorType 0x24
	bDescriptorSubType 0x05
	bUnitID 12
	bSourceID 0
	wMaxMultiplier 2592
	bControlSize 152
	bmControls 0x7 0x0 0xDE
	iProcessing 0
	bmVideoStandards 0x3
	*** VS Color Format Descriptor ***
	bLength 6
	bDescriptorType 0x24
	bDescriptorSubType 0x0D
	bColorPrimaries 0x1
	bTransferCharacteristics 1
	bMatrixCoefficients 0x4
	*** Interface descriptor ***
	bLength 9
	bDescriptorType 4
	bInterfaceNumber 1
	bAlternateSetting 1
	bNumEndpoints 1
	bInterfaceClass 0xe
	bInterfaceSubClass 0x2
	bInterfaceProtocol 0x0
	iInterface 0
		*** Endpoint descriptor ***
		bLength 7
		bDescriptorType 5
		bEndpointAddress 0x82	EP 2 IN
		bmAttributes 0x5	ISOC
		wMaxPacketSize 192
		bInterval 1
	*** Interface descriptor ***
	bLength 9
	bDescriptorType 4
	bInterfaceNumber 1
	bAlternateSetting 2
	bNumEndpoints 1
	bInterfaceClass 0xe
	bInterfaceSubClass 0x2
	bInterfaceProtocol 0x0
	iInterface 0
		*** Endpoint descriptor ***
		bLength 7
		bDescriptorType 5
		bEndpointAddress 0x82	EP 2 IN
		bmAttributes 0x5	ISOC
		wMaxPacketSize 384
		bInterval 1
	*** Interface descriptor ***
	bLength 9
	bDescriptorType 4
	bInterfaceNumber 1
	bAlternateSetting 3
	bNumEndpoints 1
	bInterfaceClass 0xe
	bInterfaceSubClass 0x2
	bInterfaceProtocol 0x0
	iInterface 0
		*** Endpoint descriptor ***
		bLength 7
		bDescriptorType 5
		bEndpointAddress 0x82	EP 2 IN
		bmAttributes 0x5	ISOC
		wMaxPacketSize 512
		bInterval 1
	*** Interface descriptor ***
	bLength 9
	bDescriptorType 4
	bInterfaceNumber 1
	bAlternateSetting 4
	bNumEndpoints 1
	bInterfaceClass 0xe
	bInterfaceSubClass 0x2
	bInterfaceProtocol 0x0
	iInterface 0
		*** Endpoint descriptor ***
		bLength 7
		bDescriptorType 5
		bEndpointAddress 0x82	EP 2 IN
		bmAttributes 0x5	ISOC
		wMaxPacketSize 640
		bInterval 1
	*** Interface descriptor ***
	bLength 9
	bDescriptorType 4
	bInterfaceNumber 1
	bAlternateSetting 5
	bNumEndpoints 1
	bInterfaceClass 0xe
	bInterfaceSubClass 0x2
	bInterfaceProtocol 0x0
	iInterface 0
		*** Endpoint descriptor ***
		bLength 7
		bDescriptorType 5
		bEndpointAddress 0x82	EP 2 IN
		bmAttributes 0x5	ISOC
		wMaxPacketSize 800
		bInterval 1
	*** Interface descriptor ***
	bLength 9
	bDescriptorType 4
	bInterfaceNumber 1
	bAlternateSetting 6
	bNumEndpoints 1
	bInterfaceClass 0xe
	bInterfaceSubClass 0x2
	bInterfaceProtocol 0x0
	iInterface 0
		*** Endpoint descriptor ***
		bLength 7
		bDescriptorType 5
		bEndpointAddress 0x82	EP 2 IN
		bmAttributes 0x5	ISOC
		wMaxPacketSize 944
		bInterval 1
	*** Interface descriptor ***
	bLength 9
	bDescriptorType 4
	bInterfaceNumber 1
	bAlternateSetting 7
	bNumEndpoints 1
	bInterfaceClass 0xe
	bInterfaceSubClass 0x2
	bInterfaceProtocol 0x0
	iInterface 0
		*** Endpoint descriptor ***
		bLength 7
		bDescriptorType 5
		bEndpointAddress 0x82	EP 2 IN
		bmAttributes 0x5	ISOC
		wMaxPacketSize 640
		wMaxPacketSize (with additional transactions in microframe) 1280
		bInterval 1
	*** Interface descriptor ***
	bLength 9
	bDescriptorType 4
	bInterfaceNumber 1
	bAlternateSetting 8
	bNumEndpoints 1
	bInterfaceClass 0xe
	bInterfaceSubClass 0x2
	bInterfaceProtocol 0x0
	iInterface 0
		*** Endpoint descriptor ***
		bLength 7
		bDescriptorType 5
		bEndpointAddress 0x82	EP 2 IN
		bmAttributes 0x5	ISOC
		wMaxPacketSize 800
		wMaxPacketSize (with additional transactions in microframe) 1600
		bInterval 1
	*** Interface descriptor ***
	bLength 9
	bDescriptorType 4
	bInterfaceNumber 1
	bAlternateSetting 9
	bNumEndpoints 1
	bInterfaceClass 0xe
	bInterfaceSubClass 0x2
	bInterfaceProtocol 0x0
	iInterface 0
		*** Endpoint descriptor ***
		bLength 7
		bDescriptorType 5
		bEndpointAddress 0x82	EP 2 IN
		bmAttributes 0x5	ISOC
		wMaxPacketSize 992
		wMaxPacketSize (with additional transactions in microframe) 1984
		bInterval 1
	*** Interface descriptor ***
	bLength 9
	bDescriptorType 4
	bInterfaceNumber 1
	bAlternateSetting 10
	bNumEndpoints 1
	bInterfaceClass 0xe
	bInterfaceSubClass 0x2
	bInterfaceProtocol 0x0
	iInterface 0
		*** Endpoint descriptor ***
		bLength 7
		bDescriptorType 5
		bEndpointAddress 0x82	EP 2 IN
		bmAttributes 0x5	ISOC
		wMaxPacketSize 896
		wMaxPacketSize (with additional transactions in microframe) 2688
		bInterval 1
	*** Interface descriptor ***
	bLength 9
	bDescriptorType 4
	bInterfaceNumber 1
	bAlternateSetting 11
	bNumEndpoints 1
	bInterfaceClass 0xe
	bInterfaceSubClass 0x2
	bInterfaceProtocol 0x0
	iInterface 0
		*** Endpoint descriptor ***
		bLength 7
		bDescriptorType 5
		bEndpointAddress 0x82	EP 2 IN
		bmAttributes 0x5	ISOC
		wMaxPacketSize 1024
		wMaxPacketSize (with additional transactions in microframe) 3072
		bInterval 1
*** Interface Association Descriptor ***
bLength 8
bDescriptorType 11
bFirstInterface 2
bInterfaceCount 2
bFunctionClass 0x1
bFunctionSubClass 0x0
bFunctionProtocol 0x0
iFunction 5
	*** Interface descriptor ***
	bLength 9
	bDescriptorType 4
	bInterfaceNumber 2
	bAlternateSetting 0
	bNumEndpoints 0
	bInterfaceClass 0x1
	bInterfaceSubClass 0x1
	bInterfaceProtocol 0x0
	iInterface 0
	*** Class-specific VC Interface Descriptor ***
	bLength 9
	bDescriptorType 0x24
	bDescriptorSubType 0x01
	bcdUVC 0100
	wTotalLength 39
	dwClockFrequency 604766977
	bInCollection 2
	baInterfaceNr[0] 1
	baInterfaceNr[1] 1
	*** Input Terminal Descriptor (Camera) ***
	bLength 12
	bDescriptorType 0x24
	bDescriptorSubType 0x02
	bTerminalID 0x1
	wTerminalType 0x201
	bAssocTerminal 0
	iTerminal 1
	wObjectiveFocalLengthMin 3
	wObjectiveFocalLengthMax 0
	wOcularFocalLength 9225
	bControlSize 6
	bmControls 0x2 0x1 0x2
	*** Extension Unit Descriptor unsupported, skipping... ***
	*** Output Terminal Descriptor ***
	bLength 9
	bDescriptorType 0x24
	bDescriptorSubType 0x03
	bTerminalID 3
	wTerminalType 0x101
	bAssocTerminal 0
	bSourceID 2
	iTerminal 0
	*** Interface descriptor ***
	bLength 9
	bDescriptorType 4
	bInterfaceNumber 3
	bAlternateSetting 0
	bNumEndpoints 0
	bInterfaceClass 0x1
	bInterfaceSubClass 0x2
	bInterfaceProtocol 0x0
	iInterface 0
	*** Interface descriptor ***
	bLength 9
	bDescriptorType 4
	bInterfaceNumber 3
	bAlternateSetting 1
	bNumEndpoints 1
	bInterfaceClass 0x1
	bInterfaceSubClass 0x2
	bInterfaceProtocol 0x0
	iInterface 0
	*** Class-specific VC Interface Descriptor ***
	bLength 7
	bDescriptorType 0x24
	bDescriptorSubType 0x01
	bcdUVC 0003
	wTotalLength 1
	dwClockFrequency 16917515
	bInCollection 2
	baInterfaceNr[0] 2
	baInterfaceNr[1] 16
	*** Input Terminal Descriptor (Media) ***
	bLength 11
	bDescriptorType 0x24
	bDescriptorSubType 0x02
	bTerminalID 0x1
	wTerminalType 0x202
	bAssocTerminal 16
	iTerminal 1
	bControlSize 128
	bmControls 0xBB
	bTransportModeSize 0
	bmTransportModes 0x9 0x5 0x83 0x1 0xC0
		*** Endpoint descriptor ***
		bLength 9
		bDescriptorType 5
		bEndpointAddress 0x83	EP 3 IN
		bmAttributes 0x1	ISOC
		wMaxPacketSize 192
		bInterval 4
		*** Class-specific Interrupt Endpoint Descriptor ***
		bLength 7
		bDescriptorType 0x25
		bDescriptorSubType 1
		wMaxTransferSize 1
	*** Interface descriptor ***
	bLength 9
	bDescriptorType 4
	bInterfaceNumber 4
	bAlternateSetting 0
	bNumEndpoints 2
	bInterfaceClass 0x3
	bInterfaceSubClass 0x0
	bInterfaceProtocol 0x0
	iInterface 0
 *** Unknown Descriptor Length: 9 Type: 33 ***
		*** Endpoint descriptor ***
		bLength 7
		bDescriptorType 5
		bEndpointAddress 0x84	EP 4 IN
		bmAttributes 0x3	INT
		wMaxPacketSize 64
		bInterval 4
		*** Endpoint descriptor ***
		bLength 7
		bDescriptorType 5
		bEndpointAddress 0x1	EP 1 OUT
		bmAttributes 0x3	INT
		wMaxPacketSize 64
		bInterval 4
PV-UVC-ENUM device dev_addr=1 stream_index=0 frames_anunciados=26
PV-UVC-ENUM frame index=0 format=MJPEG 1920x1080 default_interval=333333 tipos=3
PV-UVC-ENUM interval index=0 k=0 valor=333333 fps_x1000=30000
PV-UVC-ENUM interval index=0 k=1 valor=666666 fps_x1000=15000
PV-UVC-ENUM interval index=0 k=2 valor=1000000 fps_x1000=10000
PV-UVC-ENUM frame index=1 format=MJPEG 640x320 default_interval=333333 tipos=3
PV-UVC-ENUM interval index=1 k=0 valor=333333 fps_x1000=30000
PV-UVC-ENUM interval index=1 k=1 valor=666666 fps_x1000=15000
PV-UVC-ENUM interval index=1 k=2 valor=1000000 fps_x1000=10000
PV-UVC-ENUM frame index=2 format=MJPEG 640x480 default_interval=333333 tipos=3
PV-UVC-ENUM interval index=2 k=0 valor=333333 fps_x1000=30000
PV-UVC-ENUM interval index=2 k=1 valor=666666 fps_x1000=15000
PV-UVC-ENUM interval index=2 k=2 valor=1000000 fps_x1000=10000
PV-UVC-ENUM frame index=3 format=MJPEG 800x600 default_interval=333333 tipos=3
PV-UVC-ENUM interval index=3 k=0 valor=333333 fps_x1000=30000
PV-UVC-ENUM interval index=3 k=1 valor=666666 fps_x1000=15000
PV-UVC-ENUM interval index=3 k=2 valor=1000000 fps_x1000=10000
PV-UVC-ENUM frame index=4 format=MJPEG 1024x768 default_interval=333333 tipos=3
PV-UVC-ENUM interval index=4 k=0 valor=333333 fps_x1000=30000
PV-UVC-ENUM interval index=4 k=1 valor=666666 fps_x1000=15000
PV-UVC-ENUM interval index=4 k=2 valor=1000000 fps_x1000=10000
PV-UVC-ENUM frame index=5 format=MJPEG 1280x720 default_interval=333333 tipos=3
PV-UVC-ENUM interval index=5 k=0 valor=333333 fps_x1000=30000
PV-UVC-ENUM interval index=5 k=1 valor=666666 fps_x1000=15000
PV-UVC-ENUM interval index=5 k=2 valor=1000000 fps_x1000=10000
PV-UVC-ENUM frame index=6 format=MJPEG 1280x960 default_interval=333333 tipos=3
PV-UVC-ENUM interval index=6 k=0 valor=333333 fps_x1000=30000
PV-UVC-ENUM interval index=6 k=1 valor=666666 fps_x1000=15000
PV-UVC-ENUM interval index=6 k=2 valor=1000000 fps_x1000=10000
PV-UVC-ENUM frame index=7 format=MJPEG 1600x1200 default_interval=333333 tipos=3
PV-UVC-ENUM interval index=7 k=0 valor=333333 fps_x1000=30000
PV-UVC-ENUM interval index=7 k=1 valor=666666 fps_x1000=15000
PV-UVC-ENUM interval index=7 k=2 valor=1000000 fps_x1000=10000
PV-UVC-ENUM frame index=8 format=MJPEG 2048x1536 default_interval=333333 tipos=3
PV-UVC-ENUM interval index=8 k=0 valor=333333 fps_x1000=30000
PV-UVC-ENUM interval index=8 k=1 valor=666666 fps_x1000=15000
PV-UVC-ENUM interval index=8 k=2 valor=1000000 fps_x1000=10000
PV-UVC-ENUM frame index=9 format=MJPEG 2592x1944 default_interval=333333 tipos=3
PV-UVC-ENUM interval index=9 k=0 valor=333333 fps_x1000=30000
PV-UVC-ENUM interval index=9 k=1 valor=666666 fps_x1000=15000
PV-UVC-ENUM interval index=9 k=2 valor=1000000 fps_x1000=10000
PV-UVC-ENUM frame index=10 format=MJPEG 3264x2448 default_interval=333333 tipos=3
PV-UVC-ENUM interval index=10 k=0 valor=333333 fps_x1000=30000
PV-UVC-ENUM interval index=10 k=1 valor=666666 fps_x1000=15000
PV-UVC-ENUM interval index=10 k=2 valor=1000000 fps_x1000=10000
PV-UVC-ENUM frame index=11 format=MJPEG 3840x2160 default_interval=333333 tipos=3
PV-UVC-ENUM interval index=11 k=0 valor=333333 fps_x1000=30000
PV-UVC-ENUM interval index=11 k=1 valor=666666 fps_x1000=15000
PV-UVC-ENUM interval index=11 k=2 valor=1000000 fps_x1000=10000
PV-UVC-ENUM frame index=12 format=MJPEG 4000x3000 default_interval=666666 tipos=2
PV-UVC-ENUM interval index=12 k=0 valor=666666 fps_x1000=15000
PV-UVC-ENUM interval index=12 k=1 valor=1000000 fps_x1000=10000
PV-UVC-ENUM frame index=13 format=MJPEG 320x240 default_interval=333333 tipos=2
PV-UVC-ENUM interval index=13 k=0 valor=333333 fps_x1000=30000
PV-UVC-ENUM interval index=13 k=1 valor=666666 fps_x1000=15000
PV-UVC-ENUM frame index=14 format=YUY2 320x240 default_interval=500000 tipos=2
PV-UVC-ENUM interval index=14 k=0 valor=500000 fps_x1000=20000
PV-UVC-ENUM interval index=14 k=1 valor=1000000 fps_x1000=10000
PV-UVC-ENUM frame index=15 format=YUY2 640x360 default_interval=500000 tipos=2
PV-UVC-ENUM interval index=15 k=0 valor=500000 fps_x1000=20000
PV-UVC-ENUM interval index=15 k=1 valor=1000000 fps_x1000=10000
PV-UVC-ENUM frame index=16 format=YUY2 640x480 default_interval=1000000 tipos=1
PV-UVC-ENUM interval index=16 k=0 valor=1000000 fps_x1000=10000
PV-UVC-ENUM frame index=17 format=YUY2 800x600 default_interval=1000000 tipos=1
PV-UVC-ENUM interval index=17 k=0 valor=1000000 fps_x1000=10000
PV-UVC-ENUM frame index=18 format=YUY2 1024x720 default_interval=1000000 tipos=1
PV-UVC-ENUM interval index=18 k=0 valor=1000000 fps_x1000=10000
PV-UVC-ENUM frame index=19 format=YUY2 1280x940 default_interval=1000000 tipos=1
PV-UVC-ENUM interval index=19 k=0 valor=1000000 fps_x1000=10000
PV-UVC-ENUM frame index=20 format=YUY2 1280x1024 default_interval=1000000 tipos=1
PV-UVC-ENUM interval index=20 k=0 valor=1000000 fps_x1000=10000
PV-UVC-ENUM frame index=21 format=YUY2 1600x1200 default_interval=2000000 tipos=1
PV-UVC-ENUM interval index=21 k=0 valor=2000000 fps_x1000=5000
PV-UVC-ENUM frame index=22 format=YUY2 1920x1080 default_interval=2000000 tipos=1
PV-UVC-ENUM interval index=22 k=0 valor=2000000 fps_x1000=5000
PV-UVC-ENUM frame index=23 format=YUY2 2048x1536 default_interval=2000000 tipos=1
PV-UVC-ENUM interval index=23 k=0 valor=2000000 fps_x1000=5000
PV-UVC-ENUM frame index=24 format=YUY2 2560x1440 default_interval=2000000 tipos=1
PV-UVC-ENUM interval index=24 k=0 valor=2000000 fps_x1000=5000
PV-UVC-ENUM frame index=25 format=YUY2 2592x1944 default_interval=2000000 tipos=1
PV-UVC-ENUM interval index=25 k=0 valor=2000000 fps_x1000=5000
PV-UVC-ENUM result=OK entradas=26 tamanhos_mjpeg=14
D (4998) uvc: Checking list of opened USB devices
D (5003) uvc: Checking list of connected USB devices
D (5008) uvc: Claimed interface index 1 with MPS 1024
D (5014) uvc: ctrl xfer cb
D (5017) uvc: ctrl xfer cb
I (5017) uvc-control: Default format from camera: 1920x1080@15.0FPS, fmt=1, frame_size=2073600, payload=3072
D (5028) uvc: ctrl xfer cb
D (5031) uvc: ctrl xfer cb
I (5032) uvc: Allocating 4 USB transfers for ISOC. Each: 3072 bytes, 1 ISOC packets, 3072 MPS
PV-UVC-MEM etapa=pos-open psram_livre=8682004 psram_maior_bloco=8388608 interna_livre=406727
*** Device descriptor ***
bLength 18
bDescriptorType 1
bcdUSB 2.00
bDeviceClass 0xef
bDeviceSubClass 0x2
bDeviceProtocol 0x1
bMaxPacketSize0 64
idVendor 0xb024
idProduct 0x725
bcdDevice 1.00
iManufacturer 1
iProduct 2
iSerialNumber 3
bNumConfigurations 1
*** Configuration descriptor ***
bLength 9
bDescriptorType 2
wTotalLength 1463
bNumInterfaces 5
bConfigurationValue 1
iConfiguration 0
bmAttributes 0x80
bMaxPower 500mA
*** Interface Association Descriptor ***
bLength 8
bDescriptorType 11
bFirstInterface 0
bInterfaceCount 2
bFunctionClass 0xe
bFunctionSubClass 0x3
bFunctionProtocol 0x0
iFunction 4
	*** Interface descriptor ***
	bLength 9
	bDescriptorType 4
	bInterfaceNumber 0
	bAlternateSetting 0
	bNumEndpoints 1
	bInterfaceClass 0xe
	bInterfaceSubClass 0x1
	bInterfaceProtocol 0x0
	iInterface 0
	*** Class-specific VC Interface Descriptor ***
	bLength 13
	bDescriptorType 0x24
	bDescriptorSubType 0x01
	bcdUVC 0100
	wTotalLength 80
	dwClockFrequency 24000000
	bInCollection 1
	baInterfaceNr[0] 1
	*** Input Terminal Descriptor (Camera) ***
	bLength 18
	bDescriptorType 0x24
	bDescriptorSubType 0x02
	bTerminalID 0x1
	wTerminalType 0x201
	bAssocTerminal 0
	iTerminal 0
	wObjectiveFocalLengthMin 0
	wObjectiveFocalLengthMax 0
	wOcularFocalLength 0
	bControlSize 3
	bmControls 0x7A 0x2A 0x2
	*** Extension Unit Descriptor unsupported, skipping... ***
	*** Processing Unit Descriptor ***
	bLength 11
	bDescriptorType 0x24
	bDescriptorSubType 0x05
	bUnitID 3
	bSourceID 2
	wMaxMultiplier 16384
	bControlSize 2
	bmControls 0x7F 0x17 0x0
	iProcessing 9
	bmVideoStandards 0x24
	*** Output Terminal Descriptor ***
	bLength 9
	bDescriptorType 0x24
	bDescriptorSubType 0x03
	bTerminalID 4
	wTerminalType 0x101
	bAssocTerminal 0
	bSourceID 3
	iTerminal 0
		*** Endpoint descriptor ***
		bLength 7
		bDescriptorType 5
		bEndpointAddress 0x81	EP 1 IN
		bmAttributes 0x3	INT
		wMaxPacketSize 16
		bInterval 8
		*** Class-specific Interrupt Endpoint Descriptor ***
		bLength 5
		bDescriptorType 0x25
		bDescriptorSubType 3
		wMaxTransferSize 16
	*** Interface descriptor ***
	bLength 9
	bDescriptorType 4
	bInterfaceNumber 1
	bAlternateSetting 0
	bNumEndpoints 0
	bInterfaceClass 0xe
	bInterfaceSubClass 0x2
	bInterfaceProtocol 0x0
	iInterface 0
	*** Class-specific VC Interface Descriptor ***
	bLength 15
	bDescriptorType 0x24
	bDescriptorSubType 0x01
	bcdUVC fc02
	wTotalLength 33283
	dwClockFrequency 16909312
	bInCollection 1
	baInterfaceNr[0] 1
	*** Extension Unit Descriptor unsupported, skipping... ***
	*** VS Frame Descriptor ***
	bLength 38
	bDescriptorType 0x24
	bDescriptorSubType 0x07
	bFrameIndex 1
	bmCapabilities 0x0
	wWidth 1920
	wHeight 1080
	dwMinBitRate 20736000
	dwMaxBitRate 62208000
	dwMaxVideoFrameBufSize 2073600
	dwDefaultFrameInterval 333333
	bFrameIntervalType 3
	FrameInterval[0] 333333
	FrameInterval[1] 666666
	FrameInterval[2] 1000000
	*** VS Frame Descriptor ***
	bLength 38
	bDescriptorType 0x24
	bDescriptorSubType 0x07
	bFrameIndex 2
	bmCapabilities 0x0
	wWidth 640
	wHeight 320
	dwMinBitRate 2048000
	dwMaxBitRate 6144000
	dwMaxVideoFrameBufSize 204800
	dwDefaultFrameInterval 333333
	bFrameIntervalType 3
	FrameInterval[0] 333333
	FrameInterval[1] 666666
	FrameInterval[2] 1000000
	*** VS Frame Descriptor ***
	bLength 38
	bDescriptorType 0x24
	bDescriptorSubType 0x07
	bFrameIndex 3
	bmCapabilities 0x0
	wWidth 640
	wHeight 480
	dwMinBitRate 3072000
	dwMaxBitRate 9216000
	dwMaxVideoFrameBufSize 307200
	dwDefaultFrameInterval 333333
	bFrameIntervalType 3
	FrameInterval[0] 333333
	FrameInterval[1] 666666
	FrameInterval[2] 1000000
	*** VS Frame Descriptor ***
	bLength 38
	bDescriptorType 0x24
	bDescriptorSubType 0x07
	bFrameIndex 4
	bmCapabilities 0x0
	wWidth 800
	wHeight 600
	dwMinBitRate 4800000
	dwMaxBitRate 14400000
	dwMaxVideoFrameBufSize 480000
	dwDefaultFrameInterval 333333
	bFrameIntervalType 3
	FrameInterval[0] 333333
	FrameInterval[1] 666666
	FrameInterval[2] 1000000
	*** VS Frame Descriptor ***
	bLength 38
	bDescriptorType 0x24
	bDescriptorSubType 0x07
	bFrameIndex 5
	bmCapabilities 0x0
	wWidth 1024
	wHeight 768
	dwMinBitRate 7864320
	dwMaxBitRate 23592960
	dwMaxVideoFrameBufSize 786432
	dwDefaultFrameInterval 333333
	bFrameIntervalType 3
	FrameInterval[0] 333333
	FrameInterval[1] 666666
	FrameInterval[2] 1000000
	*** VS Frame Descriptor ***
	bLength 38
	bDescriptorType 0x24
	bDescriptorSubType 0x07
	bFrameIndex 6
	bmCapabilities 0x0
	wWidth 1280
	wHeight 720
	dwMinBitRate 9216000
	dwMaxBitRate 27648000
	dwMaxVideoFrameBufSize 921600
	dwDefaultFrameInterval 333333
	bFrameIntervalType 3
	FrameInterval[0] 333333
	FrameInterval[1] 666666
	FrameInterval[2] 1000000
	*** VS Frame Descriptor ***
	bLength 38
	bDescriptorType 0x24
	bDescriptorSubType 0x07
	bFrameIndex 7
	bmCapabilities 0x0
	wWidth 1280
	wHeight 960
	dwMinBitRate 12288000
	dwMaxBitRate 36864000
	dwMaxVideoFrameBufSize 1228800
	dwDefaultFrameInterval 333333
	bFrameIntervalType 3
	FrameInterval[0] 333333
	FrameInterval[1] 666666
	FrameInterval[2] 1000000
	*** VS Frame Descriptor ***
	bLength 38
	bDescriptorType 0x24
	bDescriptorSubType 0x07
	bFrameIndex 8
	bmCapabilities 0x0
	wWidth 1600
	wHeight 1200
	dwMinBitRate 19200000
	dwMaxBitRate 57600000
	dwMaxVideoFrameBufSize 1920000
	dwDefaultFrameInterval 333333
	bFrameIntervalType 3
	FrameInterval[0] 333333
	FrameInterval[1] 666666
	FrameInterval[2] 1000000
	*** VS Frame Descriptor ***
	bLength 38
	bDescriptorType 0x24
	bDescriptorSubType 0x07
	bFrameIndex 9
	bmCapabilities 0x0
	wWidth 2048
	wHeight 1536
	dwMinBitRate 31457280
	dwMaxBitRate 94371840
	dwMaxVideoFrameBufSize 3145728
	dwDefaultFrameInterval 333333
	bFrameIntervalType 3
	FrameInterval[0] 333333
	FrameInterval[1] 666666
	FrameInterval[2] 1000000
	*** VS Frame Descriptor ***
	bLength 38
	bDescriptorType 0x24
	bDescriptorSubType 0x07
	bFrameIndex 10
	bmCapabilities 0x0
	wWidth 2592
	wHeight 1944
	dwMinBitRate 50388480
	dwMaxBitRate 151165440
	dwMaxVideoFrameBufSize 5038848
	dwDefaultFrameInterval 333333
	bFrameIntervalType 3
	FrameInterval[0] 333333
	FrameInterval[1] 666666
	FrameInterval[2] 1000000
	*** VS Frame Descriptor ***
	bLength 38
	bDescriptorType 0x24
	bDescriptorSubType 0x07
	bFrameIndex 11
	bmCapabilities 0x0
	wWidth 3264
	wHeight 2448
	dwMinBitRate 79902720
	dwMaxBitRate 239708160
	dwMaxVideoFrameBufSize 7990272
	dwDefaultFrameInterval 333333
	bFrameIntervalType 3
	FrameInterval[0] 333333
	FrameInterval[1] 666666
	FrameInterval[2] 1000000
	*** VS Frame Descriptor ***
	bLength 38
	bDescriptorType 0x24
	bDescriptorSubType 0x07
	bFrameIndex 12
	bmCapabilities 0x0
	wWidth 3840
	wHeight 2160
	dwMinBitRate 82944000
	dwMaxBitRate 248832000
	dwMaxVideoFrameBufSize 8294400
	dwDefaultFrameInterval 333333
	bFrameIntervalType 3
	FrameInterval[0] 333333
	FrameInterval[1] 666666
	FrameInterval[2] 1000000
	*** VS Frame Descriptor ***
	bLength 34
	bDescriptorType 0x24
	bDescriptorSubType 0x07
	bFrameIndex 13
	bmCapabilities 0x0
	wWidth 4000
	wHeight 3000
	dwMinBitRate 120000000
	dwMaxBitRate 180000000
	dwMaxVideoFrameBufSize 12000000
	dwDefaultFrameInterval 666666
	bFrameIntervalType 2
	FrameInterval[0] 666666
	FrameInterval[1] 1000000
	*** VS Frame Descriptor ***
	bLength 34
	bDescriptorType 0x24
	bDescriptorSubType 0x07
	bFrameIndex 14
	bmCapabilities 0x0
	wWidth 320
	wHeight 240
	dwMinBitRate 1152000
	dwMaxBitRate 2304000
	dwMaxVideoFrameBufSize 76800
	dwDefaultFrameInterval 333333
	bFrameIntervalType 2
	FrameInterval[0] 333333
	FrameInterval[1] 666666
	*** Output Terminal Descriptor ***
	bLength 63
	bDescriptorType 0x24
	bDescriptorSubType 0x03
	bTerminalID 0
	wTerminalType 0x800E
	bAssocTerminal 7
	bSourceID 56
	iTerminal 4
	*** VS Color Format Descriptor ***
	bLength 6
	bDescriptorType 0x24
	bDescriptorSubType 0x0D
	bColorPrimaries 0x1
	bTransferCharacteristics 1
	bMatrixCoefficients 0x4
	*** Selector Unit Descriptor ***
	bLength 27
	bDescriptorType 0x24
	bDescriptorSubType 0x04
	bUnitID 2
	bNrInPins 12
	baSourceID1 89
	baSourceID2 85
	iSelector 89
	*** Processing Unit Descriptor ***
	bLength 34
	bDescriptorType 0x24
	bDescriptorSubType 0x05
	bUnitID 1
	bSourceID 0
	wMaxMultiplier 320
	bControlSize 240
	bmControls 0x0 0x0 0x70
	iProcessing 23
	bmVideoStandards 0x0
	*** Processing Unit Descriptor ***
	bLength 34
	bDescriptorType 0x24
	bDescriptorSubType 0x05
	bUnitID 2
	bSourceID 0
	wMaxMultiplier 640
	bControlSize 104
	bmControls 0x1 0x0 0x50
	iProcessing 70
	bmVideoStandards 0x0
	*** Processing Unit Descriptor ***
	bLength 30
	bDescriptorType 0x24
	bDescriptorSubType 0x05
	bUnitID 3
	bSourceID 0
	wMaxMultiplier 640
	bControlSize 224
	bmControls 0x1 0x0 0xC0
	iProcessing 93
	bmVideoStandards 0x0
	*** Processing Unit Descriptor ***
	bLength 30
	bDescriptorType 0x24
	bDescriptorSubType 0x05
	bUnitID 4
	bSourceID 0
	wMaxMultiplier 800
	bControlSize 88
	bmControls 0x2 0x0 0x7C
	iProcessing 146
	bmVideoStandards 0x0
	*** Processing Unit Descriptor ***
	bLength 30
	bDescriptorType 0x24
	bDescriptorSubType 0x05
	bUnitID 5
	bSourceID 0
	wMaxMultiplier 1024
	bControlSize 208
	bmControls 0x2 0x0 0x0
	iProcessing 225
	bmVideoStandards 0x0
	*** Processing Unit Descriptor ***
	bLength 30
	bDescriptorType 0x24
	bDescriptorSubType 0x05
	bUnitID 6
	bSourceID 0
	wMaxMultiplier 1280
	bControlSize 172
	bmControls 0x3 0x0 0x30
	iProcessing 111
	bmVideoStandards 0x1
	*** Processing Unit Descriptor ***
	bLength 30
	bDescriptorType 0x24
	bDescriptorSubType 0x05
	bUnitID 7
	bSourceID 0
	wMaxMultiplier 1280
	bControlSize 0
	bmControls 0x4 0x0 0x0
	iProcessing 144
	bmVideoStandards 0x1
	*** Processing Unit Descriptor ***
	bLength 30
	bDescriptorType 0x24
	bDescriptorSubType 0x05
	bUnitID 8
	bSourceID 0
	wMaxMultiplier 1600
	bControlSize 176
	bmControls 0x4 0x0 0xF8
	iProcessing 36
	bmVideoStandards 0x1
	*** Processing Unit Descriptor ***
	bLength 30
	bDescriptorType 0x24
	bDescriptorSubType 0x05
	bUnitID 9
	bSourceID 0
	wMaxMultiplier 1920
	bControlSize 56
	bmControls 0x4 0x0 0x68
	iProcessing 60
	bmVideoStandards 0x1
	*** Processing Unit Descriptor ***
	bLength 30
	bDescriptorType 0x24
	bDescriptorSubType 0x05
	bUnitID 10
	bSourceID 0
	wMaxMultiplier 2048
	bControlSize 0
	bmControls 0x6 0x0 0x0
	iProcessing 224
	bmVideoStandards 0x1
	*** Processing Unit Descriptor ***
	bLength 30
	bDescriptorType 0x24
	bDescriptorSubType 0x05
	bUnitID 11
	bSourceID 0
	wMaxMultiplier 2560
	bControlSize 160
	bmControls 0x5 0x0 0x80
	iProcessing 50
	bmVideoStandards 0x2
	*** Processing Unit Descriptor ***
	bLength 30
	bDescriptorType 0x24
	bDescriptorSubType 0x05
	bUnitID 12
	bSourceID 0
	wMaxMultiplier 2592
	bControlSize 152
	bmControls 0x7 0x0 0xDE
	iProcessing 0
	bmVideoStandards 0x3
	*** VS Color Format Descriptor ***
	bLength 6
	bDescriptorType 0x24
	bDescriptorSubType 0x0D
	bColorPrimaries 0x1
	bTransferCharacteristics 1
	bMatrixCoefficients 0x4
	*** Interface descriptor ***
	bLength 9
	bDescriptorType 4
	bInterfaceNumber 1
	bAlternateSetting 1
	bNumEndpoints 1
	bInterfaceClass 0xe
	bInterfaceSubClass 0x2
	bInterfaceProtocol 0x0
	iInterface 0
		*** Endpoint descriptor ***
		bLength 7
		bDescriptorType 5
		bEndpointAddress 0x82	EP 2 IN
		bmAttributes 0x5	ISOC
		wMaxPacketSize 192
		bInterval 1
	*** Interface descriptor ***
	bLength 9
	bDescriptorType 4
	bInterfaceNumber 1
	bAlternateSetting 2
	bNumEndpoints 1
	bInterfaceClass 0xe
	bInterfaceSubClass 0x2
	bInterfaceProtocol 0x0
	iInterface 0
		*** Endpoint descriptor ***
		bLength 7
		bDescriptorType 5
		bEndpointAddress 0x82	EP 2 IN
		bmAttributes 0x5	ISOC
		wMaxPacketSize 384
		bInterval 1
	*** Interface descriptor ***
	bLength 9
	bDescriptorType 4
	bInterfaceNumber 1
	bAlternateSetting 3
	bNumEndpoints 1
	bInterfaceClass 0xe
	bInterfaceSubClass 0x2
	bInterfaceProtocol 0x0
	iInterface 0
		*** Endpoint descriptor ***
		bLength 7
		bDescriptorType 5
		bEndpointAddress 0x82	EP 2 IN
		bmAttributes 0x5	ISOC
		wMaxPacketSize 512
		bInterval 1
	*** Interface descriptor ***
	bLength 9
	bDescriptorType 4
	bInterfaceNumber 1
	bAlternateSetting 4
	bNumEndpoints 1
	bInterfaceClass 0xe
	bInterfaceSubClass 0x2
	bInterfaceProtocol 0x0
	iInterface 0
		*** Endpoint descriptor ***
		bLength 7
		bDescriptorType 5
		bEndpointAddress 0x82	EP 2 IN
		bmAttributes 0x5	ISOC
		wMaxPacketSize 640
		bInterval 1
	*** Interface descriptor ***
	bLength 9
	bDescriptorType 4
	bInterfaceNumber 1
	bAlternateSetting 5
	bNumEndpoints 1
	bInterfaceClass 0xe
	bInterfaceSubClass 0x2
	bInterfaceProtocol 0x0
	iInterface 0
		*** Endpoint descriptor ***
		bLength 7
		bDescriptorType 5
		bEndpointAddress 0x82	EP 2 IN
		bmAttributes 0x5	ISOC
		wMaxPacketSize 800
		bInterval 1
	*** Interface descriptor ***
	bLength 9
	bDescriptorType 4
	bInterfaceNumber 1
	bAlternateSetting 6
	bNumEndpoints 1
	bInterfaceClass 0xe
	bInterfaceSubClass 0x2
	bInterfaceProtocol 0x0
	iInterface 0
		*** Endpoint descriptor ***
		bLength 7
		bDescriptorType 5
		bEndpointAddress 0x82	EP 2 IN
		bmAttributes 0x5	ISOC
		wMaxPacketSize 944
		bInterval 1
	*** Interface descriptor ***
	bLength 9
	bDescriptorType 4
	bInterfaceNumber 1
	bAlternateSetting 7
	bNumEndpoints 1
	bInterfaceClass 0xe
	bInterfaceSubClass 0x2
	bInterfaceProtocol 0x0
	iInterface 0
		*** Endpoint descriptor ***
		bLength 7
		bDescriptorType 5
		bEndpointAddress 0x82	EP 2 IN
		bmAttributes 0x5	ISOC
		wMaxPacketSize 640
		wMaxPacketSize (with additional transactions in microframe) 1280
		bInterval 1
	*** Interface descriptor ***
	bLength 9
	bDescriptorType 4
	bInterfaceNumber 1
	bAlternateSetting 8
	bNumEndpoints 1
	bInterfaceClass 0xe
	bInterfaceSubClass 0x2
	bInterfaceProtocol 0x0
	iInterface 0
		*** Endpoint descriptor ***
		bLength 7
		bDescriptorType 5
		bEndpointAddress 0x82	EP 2 IN
		bmAttributes 0x5	ISOC
		wMaxPacketSize 800
		wMaxPacketSize (with additional transactions in microframe) 1600
		bInterval 1
	*** Interface descriptor ***
	bLength 9
	bDescriptorType 4
	bInterfaceNumber 1
	bAlternateSetting 9
	bNumEndpoints 1
	bInterfaceClass 0xe
	bInterfaceSubClass 0x2
	bInterfaceProtocol 0x0
	iInterface 0
		*** Endpoint descriptor ***
		bLength 7
		bDescriptorType 5
		bEndpointAddress 0x82	EP 2 IN
		bmAttributes 0x5	ISOC
		wMaxPacketSize 992
		wMaxPacketSize (with additional transactions in microframe) 1984
		bInterval 1
	*** Interface descriptor ***
	bLength 9
	bDescriptorType 4
	bInterfaceNumber 1
	bAlternateSetting 10
	bNumEndpoints 1
	bInterfaceClass 0xe
	bInterfaceSubClass 0x2
	bInterfaceProtocol 0x0
	iInterface 0
		*** Endpoint descriptor ***
		bLength 7
		bDescriptorType 5
		bEndpointAddress 0x82	EP 2 IN
		bmAttributes 0x5	ISOC
		wMaxPacketSize 896
		wMaxPacketSize (with additional transactions in microframe) 2688
		bInterval 1
	*** Interface descriptor ***
	bLength 9
	bDescriptorType 4
	bInterfaceNumber 1
	bAlternateSetting 11
	bNumEndpoints 1
	bInterfaceClass 0xe
	bInterfaceSubClass 0x2
	bInterfaceProtocol 0x0
	iInterface 0
		*** Endpoint descriptor ***
		bLength 7
		bDescriptorType 5
		bEndpointAddress 0x82	EP 2 IN
		bmAttributes 0x5	ISOC
		wMaxPacketSize 1024
		wMaxPacketSize (with additional transactions in microframe) 3072
		bInterval 1
*** Interface Association Descriptor ***
bLength 8
bDescriptorType 11
bFirstInterface 2
bInterfaceCount 2
bFunctionClass 0x1
bFunctionSubClass 0x0
bFunctionProtocol 0x0
iFunction 5
	*** Interface descriptor ***
	bLength 9
	bDescriptorType 4
	bInterfaceNumber 2
	bAlternateSetting 0
	bNumEndpoints 0
	bInterfaceClass 0x1
	bInterfaceSubClass 0x1
	bInterfaceProtocol 0x0
	iInterface 0
	*** Class-specific VC Interface Descriptor ***
	bLength 9
	bDescriptorType 0x24
	bDescriptorSubType 0x01
	bcdUVC 0100
	wTotalLength 39
	dwClockFrequency 604766977
	bInCollection 2
	baInterfaceNr[0] 1
	baInterfaceNr[1] 1
	*** Input Terminal Descriptor (Camera) ***
	bLength 12
	bDescriptorType 0x24
	bDescriptorSubType 0x02
	bTerminalID 0x1
	wTerminalType 0x201
	bAssocTerminal 0
	iTerminal 1
	wObjectiveFocalLengthMin 3
	wObjectiveFocalLengthMax 0
	wOcularFocalLength 9225
	bControlSize 6
	bmControls 0x2 0x1 0x2
	*** Extension Unit Descriptor unsupported, skipping... ***
	*** Output Terminal Descriptor ***
	bLength 9
	bDescriptorType 0x24
	bDescriptorSubType 0x03
	bTerminalID 3
	wTerminalType 0x101
	bAssocTerminal 0
	bSourceID 2
	iTerminal 0
	*** Interface descriptor ***
	bLength 9
	bDescriptorType 4
	bInterfaceNumber 3
	bAlternateSetting 0
	bNumEndpoints 0
	bInterfaceClass 0x1
	bInterfaceSubClass 0x2
	bInterfaceProtocol 0x0
	iInterface 0
	*** Interface descriptor ***
	bLength 9
	bDescriptorType 4
	bInterfaceNumber 3
	bAlternateSetting 1
	bNumEndpoints 1
	bInterfaceClass 0x1
	bInterfaceSubClass 0x2
	bInterfaceProtocol 0x0
	iInterface 0
	*** Class-specific VC Interface Descriptor ***
	bLength 7
	bDescriptorType 0x24
	bDescriptorSubType 0x01
	bcdUVC 0003
	wTotalLength 1
	dwClockFrequency 16917515
	bInCollection 2
	baInterfaceNr[0] 2
	baInterfaceNr[1] 16
	*** Input Terminal Descriptor (Media) ***
	bLength 11
	bDescriptorType 0x24
	bDescriptorSubType 0x02
	bTerminalID 0x1
	wTerminalType 0x202
	bAssocTerminal 16
	iTerminal 1
	bControlSize 128
	bmControls 0xBB
	bTransportModeSize 0
	bmTransportModes 0x9 0x5 0x83 0x1 0xC0
		*** Endpoint descriptor ***
		bLength 9
		bDescriptorType 5
		bEndpointAddress 0x83	EP 3 IN
		bmAttributes 0x1	ISOC
		wMaxPacketSize 192
		bInterval 4
		*** Class-specific Interrupt Endpoint Descriptor ***
		bLength 7
		bDescriptorType 0x25
		bDescriptorSubType 1
		wMaxTransferSize 1
	*** Interface descriptor ***
	bLength 9
	bDescriptorType 4
	bInterfaceNumber 4
	bAlternateSetting 0
	bNumEndpoints 2
	bInterfaceClass 0x3
	bInterfaceSubClass 0x0
	bInterfaceProtocol 0x0
	iInterface 0
 *** Unknown Descriptor Length: 9 Type: 33 ***
		*** Endpoint descriptor ***
		bLength 7
		bDescriptorType 5
		bEndpointAddress 0x84	EP 4 IN
		bmAttributes 0x3	INT
		wMaxPacketSize 64
		bInterval 4
		*** Endpoint descriptor ***
		bLength 7
		bDescriptorType 5
		bEndpointAddress 0x1	EP 1 OUT
		bmAttributes 0x3	INT
		wMaxPacketSize 64
		bInterval 4
D (6670) uvc: ctrl xfer cb
I (6671) uvc-control: Default format from camera: 800x600@30.0FPS, fmt=1, frame_size=480000, payload=1984
D (6681) uvc: ctrl xfer cb
D (6684) uvc: ctrl xfer cb
PV-UVC-FMT requested=800x600 applied=800x600 fourcc=MJPEG fps_x1000=30000
D (6694) uvc: ctrl xfer cb
I (6694) uvc-control: Default format from camera: 800x600@30.0FPS, fmt=1, frame_size=480000, payload=1984
D (6706) uvc: ctrl xfer cb
D (6708) uvc: ctrl xfer cb
D (6711) uvc: ctrl xfer cb
D (6713) uvc: ctrl xfer cb
D (6715) uvc: ctrl xfer cb
D (6718) uvc: ctrl xfer cb
D (6720) uvc: ctrl xfer cb
D (6732) uvc: ctrl xfer cb
PV-UVC-STATS t=1s cb=0 bytes=0 vazios=0 overflow=0 underflow=0 xfer_err=0 | urb_compl=7995 pk_data=326 pk_empty=0 pk_bytes=882433 st_ok=7995 st_err=0 st_skip=0 hdr_inv=7669 uvc_err=0 eof=25 resub_fail=0
PV-UVC-STATS t=2s cb=0 bytes=0 vazios=0 overflow=0 underflow=0 xfer_err=0 | urb_compl=16043 pk_data=703 pk_empty=0 pk_bytes=1928416 st_ok=16043 st_err=0 st_skip=0 hdr_inv=15340 uvc_err=0 eof=54 resub_fail=0
PV-UVC-STATS t=3s cb=0 bytes=0 vazios=0 overflow=0 underflow=0 xfer_err=0 | urb_compl=24099 pk_data=1086 pk_empty=0 pk_bytes=2985550 st_ok=24099 st_err=0 st_skip=0 hdr_inv=23013 uvc_err=0 eof=83 resub_fail=0
PV-UVC-WARMUP requested=800x600 descartados=0
PV-UVC-STATS t=4s cb=0 bytes=0 vazios=0 overflow=0 underflow=0 xfer_err=0 | urb_compl=40187 pk_data=1929 pk_empty=0 pk_bytes=5286803 st_ok=40187 st_err=0 st_skip=0 hdr_inv=38258 uvc_err=0 eof=141 resub_fail=0
PV-UVC-STATS t=5s cb=0 bytes=0 vazios=0 overflow=0 underflow=0 xfer_err=0 | urb_compl=56242 pk_data=2796 pk_empty=0 pk_bytes=7707541 st_ok=56242 st_err=0 st_skip=0 hdr_inv=53446 uvc_err=0 eof=199 resub_fail=0
PV-UVC-STATS t=6s cb=0 bytes=0 vazios=0 overflow=0 underflow=0 xfer_err=0 | urb_compl=72299 pk_data=3662 pk_empty=0 pk_bytes=10132264 st_ok=72299 st_err=0 st_skip=0 hdr_inv=68637 uvc_err=0 eof=257 resub_fail=0
PV-UVC-STATS t=7s cb=0 bytes=0 vazios=0 overflow=0 underflow=0 xfer_err=0 | urb_compl=88355 pk_data=4530 pk_empty=0 pk_bytes=12566347 st_ok=88355 st_err=0 st_skip=0 hdr_inv=83825 uvc_err=0 eof=315 resub_fail=0
PV-UVC-STATS t=8s cb=0 bytes=0 vazios=0 overflow=0 underflow=0 xfer_err=0 | urb_compl=104411 pk_data=5399 pk_empty=0 pk_bytes=15004020 st_ok=104411 st_err=0 st_skip=0 hdr_inv=99012 uvc_err=0 eof=373 resub_fail=0
PV-UVC-STATS t=9s cb=0 bytes=0 vazios=0 overflow=0 underflow=0 xfer_err=0 | urb_compl=120467 pk_data=6265 pk_empty=0 pk_bytes=17425295 st_ok=120467 st_err=0 st_skip=0 hdr_inv=114202 uvc_err=0 eof=430 resub_fail=0
PV-UVC-STATS t=10s cb=0 bytes=0 vazios=0 overflow=0 underflow=0 xfer_err=0 | urb_compl=136523 pk_data=7133 pk_empty=0 pk_bytes=19845016 st_ok=136523 st_err=0 st_skip=0 hdr_inv=129390 uvc_err=0 eof=488 resub_fail=0
PV-UVC-STATS t=11s cb=0 bytes=0 vazios=0 overflow=0 underflow=0 xfer_err=0 | urb_compl=152579 pk_data=7999 pk_empty=0 pk_bytes=22258500 st_ok=152579 st_err=0 st_skip=0 hdr_inv=144580 uvc_err=0 eof=546 resub_fail=0
PV-UVC-STATS t=12s cb=0 bytes=0 vazios=0 overflow=0 underflow=0 xfer_err=0 | urb_compl=168635 pk_data=8866 pk_empty=0 pk_bytes=24676755 st_ok=168635 st_err=0 st_skip=0 hdr_inv=159769 uvc_err=0 eof=604 resub_fail=0
PV-UVC-STATS t=13s cb=0 bytes=0 vazios=0 overflow=0 underflow=0 xfer_err=0 | urb_compl=184691 pk_data=9734 pk_empty=0 pk_bytes=27097850 st_ok=184691 st_err=0 st_skip=0 hdr_inv=174957 uvc_err=0 eof=662 resub_fail=0
PV-UVC-STATS t=14s cb=0 bytes=0 vazios=0 overflow=0 underflow=0 xfer_err=0 | urb_compl=200747 pk_data=10601 pk_empty=0 pk_bytes=29519509 st_ok=200747 st_err=0 st_skip=0 hdr_inv=190146 uvc_err=0 eof=719 resub_fail=0
PV-UVC-STATS t=15s cb=0 bytes=0 vazios=0 overflow=0 underflow=0 xfer_err=0 | urb_compl=216803 pk_data=11469 pk_empty=0 pk_bytes=31939567 st_ok=216803 st_err=0 st_skip=0 hdr_inv=205334 uvc_err=0 eof=777 resub_fail=0
PV-UVC-STATS t=16s cb=0 bytes=0 vazios=0 overflow=0 underflow=0 xfer_err=0 | urb_compl=232859 pk_data=12336 pk_empty=0 pk_bytes=34355715 st_ok=232859 st_err=0 st_skip=0 hdr_inv=220523 uvc_err=0 eof=835 resub_fail=0
PV-UVC-STATS t=17s cb=0 bytes=0 vazios=0 overflow=0 underflow=0 xfer_err=0 | urb_compl=248915 pk_data=13202 pk_empty=0 pk_bytes=36766264 st_ok=248915 st_err=0 st_skip=0 hdr_inv=235713 uvc_err=0 eof=893 resub_fail=0
PV-UVC-STATS t=18s cb=0 bytes=0 vazios=0 overflow=0 underflow=0 xfer_err=0 | urb_compl=264971 pk_data=14070 pk_empty=0 pk_bytes=39182972 st_ok=264971 st_err=0 st_skip=0 hdr_inv=250901 uvc_err=0 eof=951 resub_fail=0
D (39962) uvc: ctrl xfer cb
PV-UVC-STATS t=19s cb=0 bytes=0 vazios=0 overflow=0 underflow=0 xfer_err=0 | urb_compl=265036 pk_data=14073 pk_empty=0 pk_bytes=39192152 st_ok=265032 st_err=0 st_skip=0 hdr_inv=250959 uvc_err=0 eof=951 resub_fail=0
PV-UVC-RUNG requested=800x600 applied=800x600 fourcc=JPEG bytesused=0 result=FAIL reason=sem-frame
PV-UVC-MEM etapa=pos-degrau psram_livre=8682004 psram_maior_bloco=8388608 interna_livre=406727
D (39990) uvc: ctrl xfer cb
I (39992) uvc-control: Default format from camera: 800x600@30.0FPS, fmt=1, frame_size=480000, payload=1984
D (40002) uvc: ctrl xfer cb
D (40004) uvc: ctrl xfer cb
PV-UVC-FMT requested=1920x1080 applied=1920x1080 fourcc=MJPEG fps_x1000=30000
D (40015) uvc: ctrl xfer cb
I (40016) uvc-control: Default format from camera: 1920x1080@30.0FPS, fmt=1, frame_size=2073600, payload=3072
D (40026) uvc: ctrl xfer cb
D (40029) uvc: ctrl xfer cb
D (40031) uvc: ctrl xfer cb
D (40034) uvc: ctrl xfer cb
D (40036) uvc: ctrl xfer cb
D (40038) uvc: ctrl xfer cb
D (40042) uvc: ctrl xfer cb
D (40054) uvc: ctrl xfer cb
PV-UVC-STATS t=1s cb=0 bytes=0 vazios=0 overflow=0 underflow=0 xfer_err=0 | urb_compl=7997 pk_data=1916 pk_empty=0 pk_bytes=5745634 st_ok=7997 st_err=0 st_skip=0 hdr_inv=6081 uvc_err=0 eof=27 resub_fail=0
PV-UVC-STATS t=2s cb=0 bytes=0 vazios=0 overflow=0 underflow=0 xfer_err=0 | urb_compl=16045 pk_data=4058 pk_empty=0 pk_bytes=12169149 st_ok=16045 st_err=0 st_skip=0 hdr_inv=11987 uvc_err=0 eof=57 resub_fail=0
PV-UVC-STATS t=3s cb=0 bytes=0 vazios=0 overflow=0 underflow=0 xfer_err=0 | urb_compl=24101 pk_data=6205 pk_empty=0 pk_bytes=18628411 st_ok=24101 st_err=0 st_skip=0 hdr_inv=17896 uvc_err=0 eof=86 resub_fail=0
PV-UVC-WARMUP requested=1920x1080 descartados=0
PV-UVC-STATS t=4s cb=0 bytes=0 vazios=0 overflow=0 underflow=0 xfer_err=0 | urb_compl=40188 pk_data=10493 pk_empty=0 pk_bytes=31514048 st_ok=40188 st_err=0 st_skip=0 hdr_inv=29695 uvc_err=0 eof=145 resub_fail=0
PV-UVC-STATS t=5s cb=0 bytes=0 vazios=0 overflow=0 underflow=0 xfer_err=0 | urb_compl=56245 pk_data=14754 pk_empty=0 pk_bytes=44295965 st_ok=56245 st_err=0 st_skip=0 hdr_inv=41491 uvc_err=0 eof=204 resub_fail=0
PV-UVC-STATS t=6s cb=0 bytes=0 vazios=0 overflow=0 underflow=0 xfer_err=0 | urb_compl=72301 pk_data=19014 pk_empty=0 pk_bytes=57084479 st_ok=72301 st_err=0 st_skip=0 hdr_inv=53287 uvc_err=0 eof=263 resub_fail=0
PV-UVC-STATS t=7s cb=0 bytes=0 vazios=0 overflow=0 underflow=0 xfer_err=0 | urb_compl=88357 pk_data=23279 pk_empty=0 pk_bytes=69882319 st_ok=88357 st_err=0 st_skip=0 hdr_inv=65078 uvc_err=0 eof=322 resub_fail=0
PV-UVC-STATS t=8s cb=0 bytes=0 vazios=0 overflow=0 underflow=0 xfer_err=0 | urb_compl=104413 pk_data=27533 pk_empty=0 pk_bytes=82676448 st_ok=104413 st_err=0 st_skip=0 hdr_inv=76880 uvc_err=0 eof=380 resub_fail=0
PV-UVC-STATS t=9s cb=0 bytes=0 vazios=0 overflow=0 underflow=0 xfer_err=0 | urb_compl=120469 pk_data=31798 pk_empty=0 pk_bytes=95468084 st_ok=120469 st_err=0 st_skip=0 hdr_inv=88671 uvc_err=0 eof=439 resub_fail=0
PV-UVC-STATS t=10s cb=0 bytes=0 vazios=0 overflow=0 underflow=0 xfer_err=0 | urb_compl=136525 pk_data=36060 pk_empty=0 pk_bytes=108263301 st_ok=136525 st_err=0 st_skip=0 hdr_inv=100465 uvc_err=0 eof=498 resub_fail=0
PV-UVC-STATS t=11s cb=0 bytes=0 vazios=0 overflow=0 underflow=0 xfer_err=0 | urb_compl=152581 pk_data=40318 pk_empty=0 pk_bytes=121045395 st_ok=152581 st_err=0 st_skip=0 hdr_inv=112263 uvc_err=0 eof=557 resub_fail=0
PV-UVC-STATS t=12s cb=0 bytes=0 vazios=0 overflow=0 underflow=0 xfer_err=0 | urb_compl=168636 pk_data=44589 pk_empty=0 pk_bytes=133848270 st_ok=168636 st_err=0 st_skip=0 hdr_inv=124047 uvc_err=0 eof=616 resub_fail=0
PV-UVC-STATS t=13s cb=0 bytes=0 vazios=0 overflow=0 underflow=0 xfer_err=0 | urb_compl=184693 pk_data=48864 pk_empty=0 pk_bytes=146659605 st_ok=184693 st_err=0 st_skip=0 hdr_inv=135829 uvc_err=0 eof=675 resub_fail=0
PV-UVC-STATS t=14s cb=0 bytes=0 vazios=0 overflow=0 underflow=0 xfer_err=0 | urb_compl=200748 pk_data=53136 pk_empty=0 pk_bytes=159453711 st_ok=200748 st_err=0 st_skip=0 hdr_inv=147612 uvc_err=0 eof=733 resub_fail=0
PV-UVC-STATS t=15s cb=0 bytes=0 vazios=0 overflow=0 underflow=0 xfer_err=0 | urb_compl=216805 pk_data=57409 pk_empty=0 pk_bytes=172256693 st_ok=216805 st_err=0 st_skip=0 hdr_inv=159396 uvc_err=0 eof=792 resub_fail=0
PV-UVC-STATS t=16s cb=0 bytes=0 vazios=0 overflow=0 underflow=0 xfer_err=0 | urb_compl=232861 pk_data=61676 pk_empty=0 pk_bytes=185058710 st_ok=232861 st_err=0 st_skip=0 hdr_inv=171185 uvc_err=0 eof=851 resub_fail=0
PV-UVC-STATS t=17s cb=0 bytes=0 vazios=0 overflow=0 underflow=0 xfer_err=0 | urb_compl=248917 pk_data=65948 pk_empty=0 pk_bytes=197865441 st_ok=248917 st_err=0 st_skip=0 hdr_inv=182969 uvc_err=0 eof=910 resub_fail=0
PV-UVC-STATS t=18s cb=0 bytes=0 vazios=0 overflow=0 underflow=0 xfer_err=0 | urb_compl=264973 pk_data=70228 pk_empty=0 pk_bytes=210688623 st_ok=264973 st_err=0 st_skip=0 hdr_inv=194745 uvc_err=0 eof=969 resub_fail=0
D (73284) uvc: ctrl xfer cb
PV-UVC-STATS t=19s cb=0 bytes=0 vazios=0 overflow=0 underflow=0 xfer_err=0 | urb_compl=265039 pk_data=70242 pk_empty=0 pk_bytes=210731463 st_ok=265035 st_err=0 st_skip=0 hdr_inv=194793 uvc_err=0 eof=969 resub_fail=0
PV-UVC-RUNG requested=1920x1080 applied=1920x1080 fourcc=JPEG bytesused=0 result=FAIL reason=sem-frame
PV-UVC-MEM etapa=pos-degrau psram_livre=8682004 psram_maior_bloco=8388608 interna_livre=406727
D (73314) uvc: ctrl xfer cb
I (73314) uvc-control: Default format from camera: 1920x1080@30.0FPS, fmt=1, frame_size=2073600, payload=3072
D (73325) uvc: ctrl xfer cb
D (73328) uvc: ctrl xfer cb
PV-UVC-FMT requested=2592x1944 applied=2592x1944 fourcc=MJPEG fps_x1000=30000
D (73336) uvc: ctrl xfer cb
I (73338) uvc-control: Default format from camera: 2592x1944@30.0FPS, fmt=1, frame_size=5038848, payload=3072
D (73348) uvc: ctrl xfer cb
D (73351) uvc: ctrl xfer cb
D (73355) uvc: ctrl xfer cb
D (73357) uvc: ctrl xfer cb
D (73359) uvc: ctrl xfer cb
D (73362) uvc: ctrl xfer cb
D (73364) uvc: ctrl xfer cb
D (73376) uvc: ctrl xfer cb
PV-UVC-STATS t=1s cb=0 bytes=0 vazios=0 overflow=0 underflow=0 xfer_err=0 | urb_compl=7992 pk_data=1777 pk_empty=0 pk_bytes=5387976 st_ok=7992 st_err=0 st_skip=0 hdr_inv=6215 uvc_err=0 eof=12 resub_fail=0
PV-UVC-STATS t=2s cb=0 bytes=0 vazios=0 overflow=0 underflow=0 xfer_err=0 | urb_compl=16040 pk_data=3969 pk_empty=0 pk_bytes=12032870 st_ok=16040 st_err=0 st_skip=0 hdr_inv=12071 uvc_err=0 eof=27 resub_fail=0
PV-UVC-STATS t=3s cb=0 bytes=0 vazios=0 overflow=0 underflow=0 xfer_err=0 | urb_compl=24096 pk_data=6136 pk_empty=0 pk_bytes=18600364 st_ok=24096 st_err=0 st_skip=0 hdr_inv=17960 uvc_err=0 eof=42 resub_fail=0
PV-UVC-WARMUP requested=2592x1944 descartados=0
PV-UVC-STATS t=4s cb=0 bytes=0 vazios=0 overflow=0 underflow=0 xfer_err=0 | urb_compl=40184 pk_data=10505 pk_empty=0 pk_bytes=31830215 st_ok=40184 st_err=0 st_skip=0 hdr_inv=29679 uvc_err=0 eof=72 resub_fail=0
PV-UVC-STATS t=5s cb=0 bytes=0 vazios=0 overflow=0 underflow=0 xfer_err=0 | urb_compl=56239 pk_data=14868 pk_empty=0 pk_bytes=45044430 st_ok=56239 st_err=0 st_skip=0 hdr_inv=41371 uvc_err=0 eof=102 resub_fail=0
PV-UVC-STATS t=6s cb=0 bytes=0 vazios=0 overflow=0 underflow=0 xfer_err=0 | urb_compl=72295 pk_data=19230 pk_empty=0 pk_bytes=58259594 st_ok=72295 st_err=0 st_skip=0 hdr_inv=53065 uvc_err=0 eof=132 resub_fail=0
PV-UVC-STATS t=7s cb=0 bytes=0 vazios=0 overflow=0 underflow=0 xfer_err=0 | urb_compl=88352 pk_data=23591 pk_empty=0 pk_bytes=71469933 st_ok=88352 st_err=0 st_skip=0 hdr_inv=64761 uvc_err=0 eof=162 resub_fail=0
PV-UVC-STATS t=8s cb=0 bytes=0 vazios=0 overflow=0 underflow=0 xfer_err=0 | urb_compl=104408 pk_data=27957 pk_empty=0 pk_bytes=84702799 st_ok=104408 st_err=0 st_skip=0 hdr_inv=76451 uvc_err=0 eof=192 resub_fail=0
PV-UVC-STATS t=9s cb=0 bytes=0 vazios=0 overflow=0 underflow=0 xfer_err=0 | urb_compl=120464 pk_data=32323 pk_empty=0 pk_bytes=97944370 st_ok=120464 st_err=0 st_skip=0 hdr_inv=88141 uvc_err=0 eof=222 resub_fail=0
PV-UVC-STATS t=10s cb=0 bytes=0 vazios=0 overflow=0 underflow=0 xfer_err=0 | urb_compl=136520 pk_data=36695 pk_empty=0 pk_bytes=111198201 st_ok=136520 st_err=0 st_skip=0 hdr_inv=99825 uvc_err=0 eof=252 resub_fail=0
PV-UVC-STATS t=11s cb=0 bytes=0 vazios=0 overflow=0 underflow=0 xfer_err=0 | urb_compl=152576 pk_data=41064 pk_empty=0 pk_bytes=124456396 st_ok=152576 st_err=0 st_skip=0 hdr_inv=111512 uvc_err=0 eof=282 resub_fail=0
PV-UVC-STATS t=12s cb=0 bytes=0 vazios=0 overflow=0 underflow=0 xfer_err=0 | urb_compl=168632 pk_data=45438 pk_empty=0 pk_bytes=137723564 st_ok=168632 st_err=0 st_skip=0 hdr_inv=123194 uvc_err=0 eof=312 resub_fail=0
PV-UVC-STATS t=13s cb=0 bytes=0 vazios=0 overflow=0 underflow=0 xfer_err=0 | urb_compl=184688 pk_data=49828 pk_empty=0 pk_bytes=151034305 st_ok=184688 st_err=0 st_skip=0 hdr_inv=134860 uvc_err=0 eof=342 resub_fail=0
PV-UVC-STATS t=14s cb=0 bytes=0 vazios=0 overflow=0 underflow=0 xfer_err=0 | urb_compl=200744 pk_data=54212 pk_empty=0 pk_bytes=164325619 st_ok=200744 st_err=0 st_skip=0 hdr_inv=146532 uvc_err=0 eof=371 resub_fail=0
PV-UVC-STATS t=15s cb=0 bytes=0 vazios=0 overflow=0 underflow=0 xfer_err=0 | urb_compl=216799 pk_data=58598 pk_empty=0 pk_bytes=177617352 st_ok=216799 st_err=0 st_skip=0 hdr_inv=158201 uvc_err=0 eof=401 resub_fail=0
PV-UVC-STATS t=16s cb=0 bytes=0 vazios=0 overflow=0 underflow=0 xfer_err=0 | urb_compl=232855 pk_data=62987 pk_empty=0 pk_bytes=190919010 st_ok=232855 st_err=0 st_skip=0 hdr_inv=169868 uvc_err=0 eof=431 resub_fail=0
PV-UVC-STATS t=17s cb=0 bytes=0 vazios=0 overflow=0 underflow=0 xfer_err=0 | urb_compl=248912 pk_data=67381 pk_empty=0 pk_bytes=204235960 st_ok=248912 st_err=0 st_skip=0 hdr_inv=181531 uvc_err=0 eof=461 resub_fail=0
PV-UVC-STATS t=18s cb=0 bytes=0 vazios=0 overflow=0 underflow=0 xfer_err=0 | urb_compl=264968 pk_data=71776 pk_empty=0 pk_bytes=217564836 st_ok=264968 st_err=0 st_skip=0 hdr_inv=193192 uvc_err=0 eof=491 resub_fail=0
D (106605) uvc: ctrl xfer cb
PV-UVC-STATS t=19s cb=0 bytes=0 vazios=0 overflow=0 underflow=0 xfer_err=0 | urb_compl=265034 pk_data=71795 pk_empty=0 pk_bytes=217622976 st_ok=265030 st_err=0 st_skip=0 hdr_inv=193235 uvc_err=0 eof=491 resub_fail=0
PV-UVC-RUNG requested=2592x1944 applied=2592x1944 fourcc=JPEG bytesused=0 result=FAIL reason=sem-frame
PV-UVC-MEM etapa=pos-degrau psram_livre=8682004 psram_maior_bloco=8388608 interna_livre=406727
D (106635) uvc: ctrl xfer cb
I (106635) uvc-control: Default format from camera: 2592x1944@30.0FPS, fmt=1, frame_size=5038848, payload=3072
D (106646) uvc: ctrl xfer cb
D (106649) uvc: ctrl xfer cb
PV-UVC-FMT requested=3264x2448 applied=3264x2448 fourcc=MJPEG fps_x1000=30000
D (106659) uvc: ctrl xfer cb
I (106660) uvc-control: Default format from camera: 3264x2448@30.0FPS, fmt=1, frame_size=7990272, payload=3072
D (106671) uvc: ctrl xfer cb
D (106674) uvc: ctrl xfer cb
D (106676) uvc: ctrl xfer cb
D (106678) uvc: ctrl xfer cb
D (106680) uvc: ctrl xfer cb
D (106683) uvc: ctrl xfer cb
D (106685) uvc: ctrl xfer cb
D (106697) uvc: ctrl xfer cb
PV-UVC-STATS t=1s cb=0 bytes=0 vazios=0 overflow=0 underflow=0 xfer_err=0 | urb_compl=7992 pk_data=2642 pk_empty=0 pk_bytes=8035832 st_ok=7992 st_err=0 st_skip=0 hdr_inv=5350 uvc_err=0 eof=12 resub_fail=0
PV-UVC-STATS t=2s cb=0 bytes=0 vazios=0 overflow=0 underflow=0 xfer_err=0 | urb_compl=16039 pk_data=5952 pk_empty=0 pk_bytes=18108537 st_ok=16039 st_err=0 st_skip=0 hdr_inv=10087 uvc_err=0 eof=27 resub_fail=0
PV-UVC-STATS t=3s cb=0 bytes=0 vazios=0 overflow=0 underflow=0 xfer_err=0 | urb_compl=24095 pk_data=9274 pk_empty=0 pk_bytes=28206938 st_ok=24095 st_err=0 st_skip=0 hdr_inv=14821 uvc_err=0 eof=42 resub_fail=0
PV-UVC-WARMUP requested=3264x2448 descartados=0
PV-UVC-STATS t=4s cb=0 bytes=0 vazios=0 overflow=0 underflow=0 xfer_err=0 | urb_compl=40183 pk_data=15924 pk_empty=0 pk_bytes=48419173 st_ok=40183 st_err=0 st_skip=0 hdr_inv=24259 uvc_err=0 eof=72 resub_fail=0
PV-UVC-STATS t=5s cb=0 bytes=0 vazios=0 overflow=0 underflow=0 xfer_err=0 | urb_compl=56240 pk_data=22564 pk_empty=0 pk_bytes=68613319 st_ok=56240 st_err=0 st_skip=0 hdr_inv=33676 uvc_err=0 eof=102 resub_fail=0
PV-UVC-STATS t=6s cb=0 bytes=0 vazios=0 overflow=0 underflow=0 xfer_err=0 | urb_compl=72295 pk_data=29202 pk_empty=0 pk_bytes=88815446 st_ok=72295 st_err=0 st_skip=0 hdr_inv=43093 uvc_err=0 eof=132 resub_fail=0
PV-UVC-STATS t=7s cb=0 bytes=0 vazios=0 overflow=0 underflow=0 xfer_err=0 | urb_compl=88352 pk_data=35838 pk_empty=0 pk_bytes=109011336 st_ok=88352 st_err=0 st_skip=0 hdr_inv=52514 uvc_err=0 eof=162 resub_fail=0
PV-UVC-STATS t=8s cb=0 bytes=0 vazios=0 overflow=0 underflow=0 xfer_err=0 | urb_compl=104408 pk_data=42498 pk_empty=0 pk_bytes=129266908 st_ok=104408 st_err=0 st_skip=0 hdr_inv=61910 uvc_err=0 eof=192 resub_fail=0
PV-UVC-STATS t=9s cb=0 bytes=0 vazios=0 overflow=0 underflow=0 xfer_err=0 | urb_compl=120464 pk_data=49167 pk_empty=0 pk_bytes=149549236 st_ok=120464 st_err=0 st_skip=0 hdr_inv=71297 uvc_err=0 eof=222 resub_fail=0
PV-UVC-STATS t=10s cb=0 bytes=0 vazios=0 overflow=0 underflow=0 xfer_err=0 | urb_compl=136520 pk_data=55839 pk_empty=0 pk_bytes=169856799 st_ok=136520 st_err=0 st_skip=0 hdr_inv=80681 uvc_err=0 eof=252 resub_fail=0
PV-UVC-STATS t=11s cb=0 bytes=0 vazios=0 overflow=0 underflow=0 xfer_err=0 | urb_compl=152576 pk_data=62520 pk_empty=0 pk_bytes=190180368 st_ok=152576 st_err=0 st_skip=0 hdr_inv=90056 uvc_err=0 eof=282 resub_fail=0
PV-UVC-STATS t=12s cb=0 bytes=0 vazios=0 overflow=0 underflow=0 xfer_err=0 | urb_compl=168632 pk_data=69203 pk_empty=0 pk_bytes=210519051 st_ok=168632 st_err=0 st_skip=0 hdr_inv=99429 uvc_err=0 eof=312 resub_fail=0
PV-UVC-STATS t=13s cb=0 bytes=0 vazios=0 overflow=0 underflow=0 xfer_err=0 | urb_compl=184688 pk_data=75909 pk_empty=0 pk_bytes=230913049 st_ok=184688 st_err=0 st_skip=0 hdr_inv=108779 uvc_err=0 eof=342 resub_fail=0
PV-UVC-STATS t=14s cb=0 bytes=0 vazios=0 overflow=0 underflow=0 xfer_err=0 | urb_compl=200743 pk_data=82602 pk_empty=0 pk_bytes=251276271 st_ok=200743 st_err=0 st_skip=0 hdr_inv=118141 uvc_err=0 eof=371 resub_fail=0
PV-UVC-STATS t=15s cb=0 bytes=0 vazios=0 overflow=0 underflow=0 xfer_err=0 | urb_compl=216800 pk_data=89300 pk_empty=0 pk_bytes=271650112 st_ok=216800 st_err=0 st_skip=0 hdr_inv=127500 uvc_err=0 eof=401 resub_fail=0
PV-UVC-STATS t=16s cb=0 bytes=0 vazios=0 overflow=0 underflow=0 xfer_err=0 | urb_compl=232855 pk_data=96001 pk_empty=0 pk_bytes=292046599 st_ok=232855 st_err=0 st_skip=0 hdr_inv=136854 uvc_err=0 eof=431 resub_fail=0
PV-UVC-STATS t=17s cb=0 bytes=0 vazios=0 overflow=0 underflow=0 xfer_err=0 | urb_compl=248912 pk_data=102707 pk_empty=0 pk_bytes=312459471 st_ok=248912 st_err=0 st_skip=0 hdr_inv=146205 uvc_err=0 eof=461 resub_fail=0
PV-UVC-STATS t=18s cb=0 bytes=0 vazios=0 overflow=0 underflow=0 xfer_err=0 | urb_compl=264968 pk_data=109427 pk_empty=0 pk_bytes=332892667 st_ok=264968 st_err=0 st_skip=0 hdr_inv=155541 uvc_err=0 eof=491 resub_fail=0
D (139926) uvc: ctrl xfer cb
PV-UVC-STATS t=19s cb=0 bytes=0 vazios=0 overflow=0 underflow=0 xfer_err=0 | urb_compl=265035 pk_data=109457 pk_empty=0 pk_bytes=332984467 st_ok=265031 st_err=0 st_skip=0 hdr_inv=155574 uvc_err=0 eof=491 resub_fail=0
PV-UVC-RUNG requested=3264x2448 applied=3264x2448 fourcc=JPEG bytesused=0 result=FAIL reason=sem-frame
PV-UVC-MEM etapa=pos-degrau psram_livre=8682004 psram_maior_bloco=8388608 interna_livre=406727
D (139956) uvc: ctrl xfer cb
I (139957) uvc-control: Default format from camera: 3264x2448@30.0FPS, fmt=1, frame_size=7990272, payload=3072
D (139968) uvc: ctrl xfer cb
D (139971) uvc: ctrl xfer cb
PV-UVC-FMT requested=4000x3000 applied=4000x3000 fourcc=MJPEG fps_x1000=15000
D (139981) uvc: ctrl xfer cb
I (139981) uvc-control: Default format from camera: 4000x3000@15.0FPS, fmt=1, frame_size=12000000, payload=3072
D (139993) uvc: ctrl xfer cb
D (139995) uvc: ctrl xfer cb
D (139998) uvc: ctrl xfer cb
D (140000) uvc: ctrl xfer cb
D (140002) uvc: ctrl xfer cb
D (140005) uvc: ctrl xfer cb
D (140009) uvc: ctrl xfer cb
D (140019) uvc: ctrl xfer cb
PV-UVC-STATS t=1s cb=0 bytes=0 vazios=0 overflow=0 underflow=0 xfer_err=0 | urb_compl=7994 pk_data=4263 pk_empty=0 pk_bytes=12998581 st_ok=7994 st_err=0 st_skip=0 hdr_inv=3731 uvc_err=0 eof=12 resub_fail=0
PV-UVC-STATS t=2s cb=0 bytes=0 vazios=0 overflow=0 underflow=0 xfer_err=0 | urb_compl=16043 pk_data=9616 pk_empty=0 pk_bytes=29315166 st_ok=16043 st_err=0 st_skip=0 hdr_inv=6427 uvc_err=0 eof=27 resub_fail=0
PV-UVC-STATS t=3s cb=0 bytes=0 vazios=0 overflow=0 underflow=0 xfer_err=0 | urb_compl=24098 pk_data=14994 pk_empty=0 pk_bytes=45704922 st_ok=24098 st_err=0 st_skip=0 hdr_inv=9104 uvc_err=0 eof=42 resub_fail=0
PV-UVC-WARMUP requested=4000x3000 descartados=0
PV-UVC-STATS t=4s cb=0 bytes=0 vazios=0 overflow=0 underflow=0 xfer_err=0 | urb_compl=40186 pk_data=25754 pk_empty=0 pk_bytes=78509075 st_ok=40186 st_err=0 st_skip=0 hdr_inv=14432 uvc_err=0 eof=72 resub_fail=0
PV-UVC-STATS t=5s cb=0 bytes=0 vazios=0 overflow=0 underflow=0 xfer_err=0 | urb_compl=56242 pk_data=36504 pk_empty=0 pk_bytes=111289717 st_ok=56242 st_err=0 st_skip=0 hdr_inv=19738 uvc_err=0 eof=102 resub_fail=0
PV-UVC-STATS t=6s cb=0 bytes=0 vazios=0 overflow=0 underflow=0 xfer_err=0 | urb_compl=72298 pk_data=47263 pk_empty=0 pk_bytes=144087291 st_ok=72298 st_err=0 st_skip=0 hdr_inv=25035 uvc_err=0 eof=132 resub_fail=0
PV-UVC-STATS t=7s cb=0 bytes=0 vazios=0 overflow=0 underflow=0 xfer_err=0 | urb_compl=88354 pk_data=58025 pk_empty=0 pk_bytes=176893146 st_ok=88354 st_err=0 st_skip=0 hdr_inv=30329 uvc_err=0 eof=162 resub_fail=0
PV-UVC-STATS t=8s cb=0 bytes=0 vazios=0 overflow=0 underflow=0 xfer_err=0 | urb_compl=104411 pk_data=68814 pk_empty=0 pk_bytes=209783989 st_ok=104411 st_err=0 st_skip=0 hdr_inv=35597 uvc_err=0 eof=192 resub_fail=0
PV-UVC-STATS t=9s cb=0 bytes=0 vazios=0 overflow=0 underflow=0 xfer_err=0 | urb_compl=120467 pk_data=79615 pk_empty=0 pk_bytes=242713066 st_ok=120467 st_err=0 st_skip=0 hdr_inv=40852 uvc_err=0 eof=222 resub_fail=0
PV-UVC-STATS t=10s cb=0 bytes=0 vazios=0 overflow=0 underflow=0 xfer_err=0 | urb_compl=136523 pk_data=90428 pk_empty=0 pk_bytes=275681022 st_ok=136523 st_err=0 st_skip=0 hdr_inv=46095 uvc_err=0 eof=252 resub_fail=0
PV-UVC-STATS t=11s cb=0 bytes=0 vazios=0 overflow=0 underflow=0 xfer_err=0 | urb_compl=152579 pk_data=101255 pk_empty=0 pk_bytes=308698888 st_ok=152579 st_err=0 st_skip=0 hdr_inv=51324 uvc_err=0 eof=282 resub_fail=0
PV-UVC-STATS t=12s cb=0 bytes=0 vazios=0 overflow=0 underflow=0 xfer_err=0 | urb_compl=168634 pk_data=112094 pk_empty=0 pk_bytes=341745449 st_ok=168634 st_err=0 st_skip=0 hdr_inv=56540 uvc_err=0 eof=312 resub_fail=0
PV-UVC-STATS t=13s cb=0 bytes=0 vazios=0 overflow=0 underflow=0 xfer_err=0 | urb_compl=184691 pk_data=122966 pk_empty=0 pk_bytes=374887952 st_ok=184691 st_err=0 st_skip=0 hdr_inv=61725 uvc_err=0 eof=342 resub_fail=0
PV-UVC-STATS t=14s cb=0 bytes=0 vazios=0 overflow=0 underflow=0 xfer_err=0 | urb_compl=200746 pk_data=133831 pk_empty=0 pk_bytes=408012866 st_ok=200746 st_err=0 st_skip=0 hdr_inv=66915 uvc_err=0 eof=371 resub_fail=0
PV-UVC-STATS t=15s cb=0 bytes=0 vazios=0 overflow=0 underflow=0 xfer_err=0 | urb_compl=216802 pk_data=144698 pk_empty=0 pk_bytes=441134437 st_ok=216802 st_err=0 st_skip=0 hdr_inv=72104 uvc_err=0 eof=401 resub_fail=0
PV-UVC-STATS t=16s cb=0 bytes=0 vazios=0 overflow=0 underflow=0 xfer_err=0 | urb_compl=232858 pk_data=155577 pk_empty=0 pk_bytes=474303721 st_ok=232858 st_err=0 st_skip=0 hdr_inv=77281 uvc_err=0 eof=431 resub_fail=0
PV-UVC-STATS t=17s cb=0 bytes=0 vazios=0 overflow=0 underflow=0 xfer_err=0 | urb_compl=248914 pk_data=166462 pk_empty=0 pk_bytes=507490857 st_ok=248914 st_err=0 st_skip=0 hdr_inv=82452 uvc_err=0 eof=461 resub_fail=0
PV-UVC-STATS t=18s cb=0 bytes=0 vazios=0 overflow=0 underflow=0 xfer_err=0 | urb_compl=264970 pk_data=177363 pk_empty=0 pk_bytes=540726227 st_ok=264970 st_err=0 st_skip=0 hdr_inv=87607 uvc_err=0 eof=491 resub_fail=0
D (173249) uvc: ctrl xfer cb
PV-UVC-STATS t=19s cb=0 bytes=0 vazios=0 overflow=0 underflow=0 xfer_err=0 | urb_compl=265036 pk_data=177413 pk_empty=0 pk_bytes=540879227 st_ok=265032 st_err=0 st_skip=0 hdr_inv=87619 uvc_err=0 eof=491 resub_fail=0
PV-UVC-RUNG requested=4000x3000 applied=4000x3000 fourcc=JPEG bytesused=0 result=FAIL reason=sem-frame
PV-UVC-MEM etapa=pos-degrau psram_livre=8682004 psram_maior_bloco=8388608 interna_livre=406727
PV-UVC-SUMARIO inicio
PV-UVC-SUMARIO degrau=1 requested=800x600 applied=800x600 fourcc=JPEG bytesused=0 result=FAIL reason=sem-frame obrigatorio=sim
PV-UVC-SUMARIO degrau=2 requested=1920x1080 applied=1920x1080 fourcc=JPEG bytesused=0 result=FAIL reason=sem-frame obrigatorio=sim
PV-UVC-SUMARIO degrau=3 requested=2592x1944 applied=2592x1944 fourcc=JPEG bytesused=0 result=FAIL reason=sem-frame obrigatorio=sim
PV-UVC-SUMARIO degrau=4 requested=3264x2448 applied=3264x2448 fourcc=JPEG bytesused=0 result=FAIL reason=sem-frame obrigatorio=sim
PV-UVC-SUMARIO degrau=5 requested=4000x3000 applied=4000x3000 fourcc=JPEG bytesused=0 result=FAIL reason=sem-frame obrigatorio=nao
PV-UVC-SUMARIO fim pass=0 fail=5 total=5 fail_obrigatorios=4
PV-UVC-CICLO 1 fim — REPLUG a camera para disparar nova escada (retry 15 s)

PV-UVC-CICLO 2 inicio
PV-UVC-ENUM device dev_addr=1 stream_index=0 frames_anunciados=26
PV-UVC-ENUM frame index=0 format=MJPEG 1920x1080 default_interval=333333 tipos=3
PV-UVC-ENUM interval index=0 k=0 valor=333333 fps_x1000=30000
PV-UVC-ENUM interval index=0 k=1 valor=666666 fps_x1000=15000
PV-UVC-ENUM interval index=0 k=2 valor=1000000 fps_x1000=10000
PV-UVC-ENUM frame index=1 format=MJPEG 640x320 default_interval=333333 tipos=3
PV-UVC-ENUM interval index=1 k=0 valor=333333 fps_x1000=30000
PV-UVC-ENUM interval index=1 k=1 valor=666666 fps_x1000=15000
PV-UVC-ENUM interval index=1 k=2 valor=1000000 fps_x1000=10000
PV-UVC-ENUM frame index=2 format=MJPEG 640x480 default_interval=333333 tipos=3
PV-UVC-ENUM interval index=2 k=0 valor=333333 fps_x1000=30000
PV-UVC-ENUM interval index=2 k=1 valor=666666 fps_x1000=15000
PV-UVC-ENUM interval index=2 k=2 valor=1000000 fps_x1000=10000
PV-UVC-ENUM frame index=3 format=MJPEG 800x600 default_interval=333333 tipos=3
PV-UVC-ENUM interval index=3 k=0 valor=333333 fps_x1000=30000
PV-UVC-ENUM interval index=3 k=1 valor=666666 fps_x1000=15000
PV-UVC-ENUM interval index=3 k=2 valor=1000000 fps_x1000=10000
PV-UVC-ENUM frame index=4 format=MJPEG 1024x768 default_interval=333333 tipos=3
PV-UVC-ENUM interval index=4 k=0 valor=333333 fps_x1000=30000
PV-UVC-ENUM interval index=4 k=1 valor=666666 fps_x1000=15000
PV-UVC-ENUM interval index=4 k=2 valor=1000000 fps_x1000=10000
PV-UVC-ENUM frame index=5 format=MJPEG 1280x720 default_interval=333333 tipos=3
PV-UVC-ENUM interval index=5 k=0 valor=333333 fps_x1000=30000
PV-UVC-ENUM interval index=5 k=1 valor=666666 fps_x1000=15000
PV-UVC-ENUM interval index=5 k=2 valor=1000000 fps_x1000=10000
PV-UVC-ENUM frame index=6 format=MJPEG 1280x960 default_interval=333333 tipos=3
PV-UVC-ENUM interval index=6 k=0 valor=333333 fps_x1000=30000
PV-UVC-ENUM interval index=6 k=1 valor=666666 fps_x1000=15000
PV-UVC-ENUM interval index=6 k=2 valor=1000000 fps_x1000=10000
PV-UVC-ENUM frame index=7 format=MJPEG 1600x1200 default_interval=333333 tipos=3
PV-UVC-ENUM interval index=7 k=0 valor=333333 fps_x1000=30000
PV-UVC-ENUM interval index=7 k=1 valor=666666 fps_x1000=15000
PV-UVC-ENUM interval index=7 k=2 valor=1000000 fps_x1000=10000
PV-UVC-ENUM frame index=8 format=MJPEG 2048x1536 default_interval=333333 tipos=3
PV-UVC-ENUM interval index=8 k=0 valor=333333 fps_x1000=30000
PV-UVC-ENUM interval index=8 k=1 valor=666666 fps_x1000=15000
PV-UVC-ENUM interval index=8 k=2 valor=1000000 fps_x1000=10000
PV-UVC-ENUM frame index=9 format=MJPEG 2592x1944 default_interval=333333 tipos=3
PV-UVC-ENUM interval index=9 k=0 valor=333333 fps_x1000=30000
PV-UVC-ENUM interval index=9 k=1 valor=666666 fps_x1000=15000
PV-UVC-ENUM interval index=9 k=2 valor=1000000 fps_x1000=10000
PV-UVC-ENUM frame index=10 format=MJPEG 3264x2448 default_interval=333333 tipos=3
PV-UVC-ENUM interval index=10 k=0 valor=333333 fps_x1000=30000
PV-UVC-ENUM interval index=10 k=1 valor=666666 fps_x1000=15000
PV-UVC-ENUM interval index=10 k=2 valor=1000000 fps_x1000=10000
PV-UVC-ENUM frame index=11 format=MJPEG 3840x2160 default_interval=333333 tipos=3
PV-UVC-ENUM interval index=11 k=0 valor=333333 fps_x1000=30000
PV-UVC-ENUM interval index=11 k=1 valor=666666 fps_x1000=15000
PV-UVC-ENUM interval index=11 k=2 valor=1000000 fps_x1000=10000
PV-UVC-ENUM frame index=12 format=MJPEG 4000x3000 default_interval=666666 tipos=2
PV-UVC-ENUM interval index=12 k=0 valor=666666 fps_x1000=15000
PV-UVC-ENUM interval index=12 k=1 valor=1000000 fps_x1000=10000
PV-UVC-ENUM frame index=13 format=MJPEG 320x240 default_interval=333333 tipos=2
PV-UVC-ENUM interval index=13 k=0 valor=333333 fps_x1000=30000
PV-UVC-ENUM interval index=13 k=1 valor=666666 fps_x1000=15000
PV-UVC-ENUM frame index=14 format=YUY2 320x240 default_interval=500000 tipos=2
PV-UVC-ENUM interval index=14 k=0 valor=500000 fps_x1000=20000
PV-UVC-ENUM interval index=14 k=1 valor=1000000 fps_x1000=10000
PV-UVC-ENUM frame index=15 format=YUY2 640x360 default_interval=500000 tipos=2
PV-UVC-ENUM interval index=15 k=0 valor=500000 fps_x1000=20000
PV-UVC-ENUM interval index=15 k=1 valor=1000000 fps_x1000=10000
PV-UVC-ENUM frame index=16 format=YUY2 640x480 default_interval=1000000 tipos=1
PV-UVC-ENUM interval index=16 k=0 valor=1000000 fps_x1000=10000
PV-UVC-ENUM frame index=17 format=YUY2 800x600 default_interval=1000000 tipos=1
PV-UVC-ENUM interval index=17 k=0 valor=1000000 fps_x1000=10000
PV-UVC-ENUM frame index=18 format=YUY2 1024x720 default_interval=1000000 tipos=1
PV-UVC-ENUM interval index=18 k=0 valor=1000000 fps_x1000=10000
PV-UVC-ENUM frame index=19 format=YUY2 1280x940 default_interval=1000000 tipos=1
PV-UVC-ENUM interval index=19 k=0 valor=1000000 fps_x1000=10000
PV-UVC-ENUM frame index=20 format=YUY2 1280x1024 default_interval=1000000 tipos=1
PV-UVC-ENUM interval index=20 k=0 valor=1000000 fps_x1000=10000
PV-UVC-ENUM frame index=21 format=YUY2 1600x1200 default_interval=2000000 tipos=1
PV-UVC-ENUM interval index=21 k=0 valor=2000000 fps_x1000=5000
PV-UVC-ENUM frame index=22 format=YUY2 1920x1080 default_interval=2000000 tipos=1
PV-UVC-ENUM interval index=22 k=0 valor=2000000 fps_x1000=5000
PV-UVC-ENUM frame index=23 format=YUY2 2048x1536 default_interval=2000000 tipos=1
PV-UVC-ENUM interval index=23 k=0 valor=2000000 fps_x1000=5000
PV-UVC-ENUM frame index=24 format=YUY2 2560x1440 default_interval=2000000 tipos=1
PV-UVC-ENUM interval index=24 k=0 valor=2000000 fps_x1000=5000
PV-UVC-ENUM frame index=25 format=YUY2 2592x1944 default_interval=2000000 tipos=1
PV-UVC-ENUM interval index=25 k=0 valor=2000000 fps_x1000=5000
PV-UVC-ENUM result=OK entradas=26 tamanhos_mjpeg=14
D (188833) uvc: Checking list of opened USB devices
D (188837) uvc: Checking list of connected USB devices
D (188842) uvc: Claimed interface index 1 with MPS 1024
D (188848) uvc: ctrl xfer cb
D (188851) uvc: ctrl xfer cb
I (188852) uvc-control: Default format from camera: 4000x3000@15.0FPS, fmt=1, frame_size=12000000, payload=3072
D (188862) uvc: ctrl xfer cb
D (188865) uvc: ctrl xfer cb
I (188867) uvc: Allocating 4 USB transfers for ISOC. Each: 3072 bytes, 1 ISOC packets, 3072 MPS
PV-UVC-MEM etapa=pos-open psram_livre=8682004 psram_maior_bloco=8388608 interna_livre=406727
*** Device descriptor ***
bLength 18
bDescriptorType 1
bcdUSB 2.00
bDeviceClass 0xef
bDeviceSubClass 0x2
bDeviceProtocol 0x1
bMaxPacketSize0 64
idVendor 0xb024
idProduct 0x725
bcdDevice 1.00
iManufacturer 1
iProduct 2
iSerialNumber 3
bNumConfigurations 1
*** Configuration descriptor ***
bLength 9
bDescriptorType 2
wTotalLength 1463
bNumInterfaces 5
bConfigurationValue 1
iConfiguration 0
bmAttributes 0x80
bMaxPower 500mA
*** Interface Association Descriptor ***
bLength 8
bDescriptorType 11
bFirstInterface 0
bInterfaceCount 2
bFunctionClass 0xe
bFunctionSubClass 0x3
bFunctionProtocol 0x0
iFunction 4
	*** Interface descriptor ***
	bLength 9
	bDescriptorType 4
	bInterfaceNumber 0
	bAlternateSetting 0
	bNumEndpoints 1
	bInterfaceClass 0xe
	bInterfaceSubClass 0x1
	bInterfaceProtocol 0x0
	iInterface 0
	*** Class-specific VC Interface Descriptor ***
	bLength 13
	bDescriptorType 0x24
	bDescriptorSubType 0x01
	bcdUVC 0100
	wTotalLength 80
	dwClockFrequency 24000000
	bInCollection 1
	baInterfaceNr[0] 1
	*** Input Terminal Descriptor (Camera) ***
	bLength 18
	bDescriptorType 0x24
	bDescriptorSubType 0x02
	bTerminalID 0x1
	wTerminalType 0x201
	bAssocTerminal 0
	iTerminal 0
	wObjectiveFocalLengthMin 0
	wObjectiveFocalLengthMax 0
	wOcularFocalLength 0
	bControlSize 3
	bmControls 0x7A 0x2A 0x2
	*** Extension Unit Descriptor unsupported, skipping... ***
	*** Processing Unit Descriptor ***
	bLength 11
	bDescriptorType 0x24
	bDescriptorSubType 0x05
	bUnitID 3
	bSourceID 2
	wMaxMultiplier 16384
	bControlSize 2
	bmControls 0x7F 0x17 0x0
	iProcessing 9
	bmVideoStandards 0x24
	*** Output Terminal Descriptor ***
	bLength 9
	bDescriptorType 0x24
	bDescriptorSubType 0x03
	bTerminalID 4
	wTerminalType 0x101
	bAssocTerminal 0
	bSourceID 3
	iTerminal 0
		*** Endpoint descriptor ***
		bLength 7
		bDescriptorType 5
		bEndpointAddress 0x81	EP 1 IN
		bmAttributes 0x3	INT
		wMaxPacketSize 16
		bInterval 8
		*** Class-specific Interrupt Endpoint Descriptor ***
		bLength 5
		bDescriptorType 0x25
		bDescriptorSubType 3
		wMaxTransferSize 16
	*** Interface descriptor ***
	bLength 9
	bDescriptorType 4
	bInterfaceNumber 1
	bAlternateSetting 0
	bNumEndpoints 0
	bInterfaceClass 0xe
	bInterfaceSubClass 0x2
	bInterfaceProtocol 0x0
	iInterface 0
	*** Class-specific VC Interface Descriptor ***
	bLength 15
	bDescriptorType 0x24
	bDescriptorSubType 0x01
	bcdUVC fc02
	wTotalLength 33283
	dwClockFrequency 16909312
	bInCollection 1
	baInterfaceNr[0] 1
	*** Extension Unit Descriptor unsupported, skipping... ***
	*** VS Frame Descriptor ***
	bLength 38
	bDescriptorType 0x24
	bDescriptorSubType 0x07
	bFrameIndex 1
	bmCapabilities 0x0
	wWidth 1920
	wHeight 1080
	dwMinBitRate 20736000
	dwMaxBitRate 62208000
	dwMaxVideoFrameBufSize 2073600
	dwDefaultFrameInterval 333333
	bFrameIntervalType 3
	FrameInterval[0] 333333
	FrameInterval[1] 666666
	FrameInterval[2] 1000000
	*** VS Frame Descriptor ***
	bLength 38
	bDescriptorType 0x24
	bDescriptorSubType 0x07
	bFrameIndex 2
	bmCapabilities 0x0
	wWidth 640
	wHeight 320
	dwMinBitRate 2048000
	dwMaxBitRate 6144000
	dwMaxVideoFrameBufSize 204800
	dwDefaultFrameInterval 333333
	bFrameIntervalType 3
	FrameInterval[0] 333333
	FrameInterval[1] 666666
	FrameInterval[2] 1000000
	*** VS Frame Descriptor ***
	bLength 38
	bDescriptorType 0x24
	bDescriptorSubType 0x07
	bFrameIndex 3
	bmCapabilities 0x0
	wWidth 640
	wHeight 480
	dwMinBitRate 3072000
	dwMaxBitRate 9216000
	dwMaxVideoFrameBufSize 307200
	dwDefaultFrameInterval 333333
	bFrameIntervalType 3
	FrameInterval[0] 333333
	FrameInterval[1] 666666
	FrameInterval[2] 1000000
	*** VS Frame Descriptor ***
	bLength 38
	bDescriptorType 0x24
	bDescriptorSubType 0x07
	bFrameIndex 4
	bmCapabilities 0x0
	wWidth 800
	wHeight 600
	dwMinBitRate 4800000
	dwMaxBitRate 14400000
	dwMaxVideoFrameBufSize 480000
	dwDefaultFrameInterval 333333
	bFrameIntervalType 3
	FrameInterval[0] 333333
	FrameInterval[1] 666666
	FrameInterval[2] 1000000
	*** VS Frame Descriptor ***
	bLength 38
	bDescriptorType 0x24
	bDescriptorSubType 0x07
	bFrameIndex 5
	bmCapabilities 0x0
	wWidth 1024
	wHeight 768
	dwMinBitRate 7864320
	dwMaxBitRate 23592960
	dwMaxVideoFrameBufSize 786432
	dwDefaultFrameInterval 333333
	bFrameIntervalType 3
	FrameInterval[0] 333333
	FrameInterval[1] 666666
	FrameInterval[2] 1000000
	*** VS Frame Descriptor ***
	bLength 38
	bDescriptorType 0x24
	bDescriptorSubType 0x07
	bFrameIndex 6
	bmCapabilities 0x0
	wWidth 1280
	wHeight 720
	dwMinBitRate 9216000
	dwMaxBitRate 27648000
	dwMaxVideoFrameBufSize 921600
	dwDefaultFrameInterval 333333
	bFrameIntervalType 3
	FrameInterval[0] 333333
	FrameInterval[1] 666666
	FrameInterval[2] 1000000
	*** VS Frame Descriptor ***
	bLength 38
	bDescriptorType 0x24
	bDescriptorSubType 0x07
	bFrameIndex 7
	bmCapabilities 0x0
	wWidth 1280
	wHeight 960
	dwMinBitRate 12288000
	dwMaxBitRate 36864000
	dwMaxVideoFrameBufSize 1228800
	dwDefaultFrameInterval 333333
	bFrameIntervalType 3
	FrameInterval[0] 333333
	FrameInterval[1] 666666
	FrameInterval[2] 1000000
	*** VS Frame Descriptor ***
	bLength 38
	bDescriptorType 0x24
	bDescriptorSubType 0x07
	bFrameIndex 8
	bmCapabilities 0x0
	wWidth 1600
	wHeight 1200
	dwMinBitRate 19200000
	dwMaxBitRate 57600000
	dwMaxVideoFrameBufSize 1920000
	dwDefaultFrameInterval 333333
	bFrameIntervalType 3
	FrameInterval[0] 333333
	FrameInterval[1] 666666
	FrameInterval[2] 1000000
	*** VS Frame Descriptor ***
	bLength 38
	bDescriptorType 0x24
	bDescriptorSubType 0x07
	bFrameIndex 9
	bmCapabilities 0x0
	wWidth 2048
	wHeight 1536
	dwMinBitRate 31457280
	dwMaxBitRate 94371840
	dwMaxVideoFrameBufSize 3145728
	dwDefaultFrameInterval 333333
	bFrameIntervalType 3
	FrameInterval[0] 333333
	FrameInterval[1] 666666
	FrameInterval[2] 1000000
	*** VS Frame Descriptor ***
	bLength 38
	bDescriptorType 0x24
	bDescriptorSubType 0x07
	bFrameIndex 10
	bmCapabilities 0x0
	wWidth 2592
	wHeight 1944
	dwMinBitRate 50388480
	dwMaxBitRate 151165440
	dwMaxVideoFrameBufSize 5038848
	dwDefaultFrameInterval 333333
	bFrameIntervalType 3
	FrameInterval[0] 333333
	FrameInterval[1] 666666
	FrameInterval[2] 1000000
	*** VS Frame Descriptor ***
	bLength 38
	bDescriptorType 0x24
	bDescriptorSubType 0x07
	bFrameIndex 11
	bmCapabilities 0x0
	wWidth 3264
	wHeight 2448
	dwMinBitRate 79902720
	dwMaxBitRate 239708160
	dwMaxVideoFrameBufSize 7990272
	dwDefaultFrameInterval 333333
	bFrameIntervalType 3
	FrameInterval[0] 333333
	FrameInterval[1] 666666
	FrameInterval[2] 1000000
	*** VS Frame Descriptor ***
	bLength 38
	bDescriptorType 0x24
	bDescriptorSubType 0x07
	bFrameIndex 12
	bmCapabilities 0x0
	wWidth 3840
	wHeight 2160
	dwMinBitRate 82944000
	dwMaxBitRate 248832000
	dwMaxVideoFrameBufSize 8294400
	dwDefaultFrameInterval 333333
	bFrameIntervalType 3
	FrameInterval[0] 333333
	FrameInterval[1] 666666
	FrameInterval[2] 1000000
	*** VS Frame Descriptor ***
	bLength 34
	bDescriptorType 0x24
	bDescriptorSubType 0x07
	bFrameIndex 13
	bmCapabilities 0x0
	wWidth 4000
	wHeight 3000
	dwMinBitRate 120000000
	dwMaxBitRate 180000000
	dwMaxVideoFrameBufSize 12000000
	dwDefaultFrameInterval 666666
	bFrameIntervalType 2
	FrameInterval[0] 666666
	FrameInterval[1] 1000000
	*** VS Frame Descriptor ***
	bLength 34
	bDescriptorType 0x24
	bDescriptorSubType 0x07
	bFrameIndex 14
	bmCapabilities 0x0
	wWidth 320
	wHeight 240
	dwMinBitRate 1152000
	dwMaxBitRate 2304000
	dwMaxVideoFrameBufSize 76800
	dwDefaultFrameInterval 333333
	bFrameIntervalType 2
	FrameInterval[0] 333333
	FrameInterval[1] 666666
	*** Output Terminal Descriptor ***
	bLength 63
	bDescriptorType 0x24
	bDescriptorSubType 0x03
	bTerminalID 0
	wTerminalType 0x800E
	bAssocTerminal 7
	bSourceID 56
	iTerminal 4
	*** VS Color Format Descriptor ***
	bLength 6
	bDescriptorType 0x24
	bDescriptorSubType 0x0D
	bColorPrimaries 0x1
	bTransferCharacteristics 1
	bMatrixCoefficients 0x4
	*** Selector Unit Descriptor ***
	bLength 27
	bDescriptorType 0x24
	bDescriptorSubType 0x04
	bUnitID 2
	bNrInPins 12
	baSourceID1 89
	baSourceID2 85
	iSelector 89
	*** Processing Unit Descriptor ***
	bLength 34
	bDescriptorType 0x24
	bDescriptorSubType 0x05
	bUnitID 1
	bSourceID 0
	wMaxMultiplier 320
	bControlSize 240
	bmControls 0x0 0x0 0x70
	iProcessing 23
	bmVideoStandards 0x0
	*** Processing Unit Descriptor ***
	bLength 34
	bDescriptorType 0x24
	bDescriptorSubType 0x05
	bUnitID 2
	bSourceID 0
	wMaxMultiplier 640
	bControlSize 104
	bmControls 0x1 0x0 0x50
	iProcessing 70
	bmVideoStandards 0x0
	*** Processing Unit Descriptor ***
	bLength 30
	bDescriptorType 0x24
	bDescriptorSubType 0x05
	bUnitID 3
	bSourceID 0
	wMaxMultiplier 640
	bControlSize 224
	bmControls 0x1 0x0 0xC0
	iProcessing 93
	bmVideoStandards 0x0
	*** Processing Unit Descriptor ***
	bLength 30
	bDescriptorType 0x24
	bDescriptorSubType 0x05
	bUnitID 4
	bSourceID 0
	wMaxMultiplier 800
	bControlSize 88
	bmControls 0x2 0x0 0x7C
	iProcessing 146
	bmVideoStandards 0x0
	*** Processing Unit Descriptor ***
	bLength 30
	bDescriptorType 0x24
	bDescriptorSubType 0x05
	bUnitID 5
	bSourceID 0
	wMaxMultiplier 1024
	bControlSize 208
	bmControls 0x2 0x0 0x0
	iProcessing 225
	bmVideoStandards 0x0
	*** Processing Unit Descriptor ***
	bLength 30
	bDescriptorType 0x24
	bDescriptorSubType 0x05
	bUnitID 6
	bSourceID 0
	wMaxMultiplier 1280
	bControlSize 172
	bmControls 0x3 0x0 0x30
	iProcessing 111
	bmVideoStandards 0x1
	*** Processing Unit Descriptor ***
	bLength 30
	bDescriptorType 0x24
	bDescriptorSubType 0x05
	bUnitID 7
	bSourceID 0
	wMaxMultiplier 1280
	bControlSize 0
	bmControls 0x4 0x0 0x0
	iProcessing 144
	bmVideoStandards 0x1
	*** Processing Unit Descriptor ***
	bLength 30
	bDescriptorType 0x24
	bDescriptorSubType 0x05
	bUnitID 8
	bSourceID 0
	wMaxMultiplier 1600
	bControlSize 176
	bmControls 0x4 0x0 0xF8
	iProcessing 36
	bmVideoStandards 0x1
	*** Processing Unit Descriptor ***
	bLength 30
	bDescriptorType 0x24
	bDescriptorSubType 0x05
	bUnitID 9
	bSourceID 0
	wMaxMultiplier 1920
	bControlSize 56
	bmControls 0x4 0x0 0x68
	iProcessing 60
	bmVideoStandards 0x1
	*** Processing Unit Descriptor ***
	bLength 30
	bDescriptorType 0x24
	bDescriptorSubType 0x05
	bUnitID 10
	bSourceID 0
	wMaxMultiplier 2048
	bControlSize 0
	bmControls 0x6 0x0 0x0
	iProcessing 224
	bmVideoStandards 0x1
	*** Processing Unit Descriptor ***
	bLength 30
	bDescriptorType 0x24
	bDescriptorSubType 0x05
	bUnitID 11
	bSourceID 0
	wMaxMultiplier 2560
	bControlSize 160
	bmControls 0x5 0x0 0x80
	iProcessing 50
	bmVideoStandards 0x2
	*** Processing Unit Descriptor ***
	bLength 30
	bDescriptorType 0x24
	bDescriptorSubType 0x05
	bUnitID 12
	bSourceID 0
	wMaxMultiplier 2592
	bControlSize 152
	bmControls 0x7 0x0 0xDE
	iProcessing 0
	bmVideoStandards 0x3
	*** VS Color Format Descriptor ***
	bLength 6
	bDescriptorType 0x24
	bDescriptorSubType 0x0D
	bColorPrimaries 0x1
	bTransferCharacteristics 1
	bMatrixCoefficients 0x4
	*** Interface descriptor ***
	bLength 9
	bDescriptorType 4
	bInterfaceNumber 1
	bAlternateSetting 1
	bNumEndpoints 1
	bInterfaceClass 0xe
	bInterfaceSubClass 0x2
	bInterfaceProtocol 0x0
	iInterface 0
		*** Endpoint descriptor ***
		bLength 7
		bDescriptorType 5
		bEndpointAddress 0x82	EP 2 IN
		bmAttributes 0x5	ISOC
		wMaxPacketSize 192
		bInterval 1
	*** Interface descriptor ***
	bLength 9
	bDescriptorType 4
	bInterfaceNumber 1
	bAlternateSetting 2
	bNumEndpoints 1
	bInterfaceClass 0xe
	bInterfaceSubClass 0x2
	bInterfaceProtocol 0x0
	iInterface 0
		*** Endpoint descriptor ***
		bLength 7
		bDescriptorType 5
		bEndpointAddress 0x82	EP 2 IN
		bmAttributes 0x5	ISOC
		wMaxPacketSize 384
		bInterval 1
	*** Interface descriptor ***
	bLength 9
	bDescriptorType 4
	bInterfaceNumber 1
	bAlternateSetting 3
	bNumEndpoints 1
	bInterfaceClass 0xe
	bInterfaceSubClass 0x2
	bInterfaceProtocol 0x0
	iInterface 0
		*** Endpoint descriptor ***
		bLength 7
		bDescriptorType 5
		bEndpointAddress 0x82	EP 2 IN
		bmAttributes 0x5	ISOC
		wMaxPacketSize 512
		bInterval 1
	*** Interface descriptor ***
	bLength 9
	bDescriptorType 4
	bInterfaceNumber 1
	bAlternateSetting 4
	bNumEndpoints 1
	bInterfaceClass 0xe
	bInterfaceSubClass 0x2
	bInterfaceProtocol 0x0
	iInterface 0
		*** Endpoint descriptor ***
		bLength 7
		bDescriptorType 5
		bEndpointAddress 0x82	EP 2 IN
		bmAttributes 0x5	ISOC
		wMaxPacketSize 640
		bInterval 1
	*** Interface descriptor ***
	bLength 9
	bDescriptorType 4
	bInterfaceNumber 1
	bAlternateSetting 5
	bNumEndpoints 1
	bInterfaceClass 0xe
	bInterfaceSubClass 0x2
	bInterfaceProtocol 0x0
	iInterface 0
		*** Endpoint descriptor ***
		bLength 7
		bDescriptorType 5
		bEndpointAddress 0x82	EP 2 IN
		bmAttributes 0x5	ISOC
		wMaxPacketSize 800
		bInterval 1
	*** Interface descriptor ***
	bLength 9
	bDescriptorType 4
	bInterfaceNumber 1
	bAlternateSetting 6
	bNumEndpoints 1
	bInterfaceClass 0xe
	bInterfaceSubClass 0x2
	bInterfaceProtocol 0x0
	iInterface 0
		*** Endpoint descriptor ***
		bLength 7
		bDescriptorType 5
		bEndpointAddress 0x82	EP 2 IN
		bmAttributes 0x5	ISOC
		wMaxPacketSize 944
		bInterval 1
	*** Interface descriptor ***
	bLength 9
	bDescriptorType 4
	bInterfaceNumber 1
	bAlternateSetting 7
	bNumEndpoints 1
	bInterfaceClass 0xe
	bInterfaceSubClass 0x2
	bInterfaceProtocol 0x0
	iInterface 0
		*** Endpoint descriptor ***
		bLength 7
		bDescriptorType 5
		bEndpointAddress 0x82	EP 2 IN
		bmAttributes 0x5	ISOC
		wMaxPacketSize 640
		wMaxPacketSize (with additional transactions in microframe) 1280
		bInterval 1
	*** Interface descriptor ***
	bLength 9
	bDescriptorType 4
	bInterfaceNumber 1
	bAlternateSetting 8
	bNumEndpoints 1
	bInterfaceClass 0xe
	bInterfaceSubClass 0x2
	bInterfaceProtocol 0x0
	iInterface 0
		*** Endpoint descriptor ***
		bLength 7
		bDescriptorType 5
		bEndpointAddress 0x82	EP 2 IN
		bmAttributes 0x5	ISOC
		wMaxPacketSize 800
		wMaxPacketSize (with additional transactions in microframe) 1600
		bInterval 1
	*** Interface descriptor ***
	bLength 9
	bDescriptorType 4
	bInterfaceNumber 1
	bAlternateSetting 9
	bNumEndpoints 1
	bInterfaceClass 0xe
	bInterfaceSubClass 0x2
	bInterfaceProtocol 0x0
	iInterface 0
		*** Endpoint descriptor ***
		bLength 7
		bDescriptorType 5
		bEndpointAddress 0x82	EP 2 IN
		bmAttributes 0x5	ISOC
		wMaxPacketSize 992
		wMaxPacketSize (with additional transactions in microframe) 1984
		bInterval 1
	*** Interface descriptor ***
	bLength 9
	bDescriptorType 4
	bInterfaceNumber 1
	bAlternateSetting 10
	bNumEndpoints 1
	bInterfaceClass 0xe
	bInterfaceSubClass 0x2
	bInterfaceProtocol 0x0
	iInterface 0
		*** Endpoint descriptor ***
		bLength 7
		bDescriptorType 5
		bEndpointAddress 0x82	EP 2 IN
		bmAttributes 0x5	ISOC
		wMaxPacketSize 896
		wMaxPacketSize (with additional transactions in microframe) 2688
		bInterval 1
	*** Interface descriptor ***
	bLength 9
	bDescriptorType 4
	bInterfaceNumber 1
	bAlternateSetting 11
	bNumEndpoints 1
	bInterfaceClass 0xe
	bInterfaceSubClass 0x2
	bInterfaceProtocol 0x0
	iInterface 0
		*** Endpoint descriptor ***
		bLength 7
		bDescriptorType 5
		bEndpointAddress 0x82	EP 2 IN
		bmAttributes 0x5	ISOC
		wMaxPacketSize 1024
		wMaxPacketSize (with additional transactions in microframe) 3072
		bInterval 1
*** Interface Association Descriptor ***
bLength 8
bDescriptorType 11
bFirstInterface 2
bInterfaceCount 2
bFunctionClass 0x1
bFunctionSubClass 0x0
bFunctionProtocol 0x0
iFunction 5
	*** Interface descriptor ***
	bLength 9
	bDescriptorType 4
	bInterfaceNumber 2
	bAlternateSetting 0
	bNumEndpoints 0
	bInterfaceClass 0x1
	bInterfaceSubClass 0x1
	bInterfaceProtocol 0x0
	iInterface 0
	*** Class-specific VC Interface Descriptor ***
	bLength 9
	bDescriptorType 0x24
	bDescriptorSubType 0x01
	bcdUVC 0100
	wTotalLength 39
	dwClockFrequency 604766977
	bInCollection 2
	baInterfaceNr[0] 1
	baInterfaceNr[1] 1
	*** Input Terminal Descriptor (Camera) ***
	bLength 12
	bDescriptorType 0x24
	bDescriptorSubType 0x02
	bTerminalID 0x1
	wTerminalType 0x201
	bAssocTerminal 0
	iTerminal 1
	wObjectiveFocalLengthMin 3
	wObjectiveFocalLengthMax 0
	wOcularFocalLength 9225
	bControlSize 6
	bmControls 0x2 0x1 0x2
	*** Extension Unit Descriptor unsupported, skipping... ***
	*** Output Terminal Descriptor ***
	bLength 9
	bDescriptorType 0x24
	bDescriptorSubType 0x03
	bTerminalID 3
	wTerminalType 0x101
	bAssocTerminal 0
	bSourceID 2
	iTerminal 0
	*** Interface descriptor ***
	bLength 9
	bDescriptorType 4
	bInterfaceNumber 3
	bAlternateSetting 0
	bNumEndpoints 0
	bInterfaceClass 0x1
	bInterfaceSubClass 0x2
	bInterfaceProtocol 0x0
	iInterface 0
	*** Interface descriptor ***
	bLength 9
	bDescriptorType 4
	bInterfaceNumber 3
	bAlternateSetting 1
	bNumEndpoints 1
	bInterfaceClass 0x1
	bInterfaceSubClass 0x2
	bInterfaceProtocol 0x0
	iInterface 0
	*** Class-specific VC Interface Descriptor ***
	bLength 7
	bDescriptorType 0x24
	bDescriptorSubType 0x01
	bcdUVC 0003
	wTotalLength 1
	dwClockFrequency 16917515
	bInCollection 2
	baInterfaceNr[0] 2
	baInterfaceNr[1] 16
	*** Input Terminal Descriptor (Media) ***
	bLength 11
	bDescriptorType 0x24
	bDescriptorSubType 0x02
	bTerminalID 0x1
	wTerminalType 0x202
	bAssocTerminal 16
	iTerminal 1
	bControlSize 128
	bmControls 0xBB
	bTransportModeSize 0
	bmTransportModes 0x9 0x5 0x83 0x1 0xC0
		*** Endpoint descriptor ***
		bLength 9
		bDescriptorType 5
		bEndpointAddress 0x83	EP 3 IN
		bmAttributes 0x1	ISOC
		wMaxPacketSize 192
		bInterval 4
		*** Class-specific Interrupt Endpoint Descriptor ***
		bLength 7
		bDescriptorType 0x25
		bDescriptorSubType 1
		wMaxTransferSize 1
	*** Interface descriptor ***
	bLength 9
	bDescriptorType 4
	bInterfaceNumber 4
	bAlternateSetting 0
	bNumEndpoints 2
	bInterfaceClass 0x3
	bInterfaceSubClass 0x0
	bInterfaceProtocol 0x0
	iInterface 0
 *** Unknown Descriptor Length: 9 Type: 33 ***
		*** Endpoint descriptor ***
		bLength 7
		bDescriptorType 5
		bEndpointAddress 0x84	EP 4 IN
		bmAttributes 0x3	INT
		wMaxPacketSize 64
		bInterval 4
		*** Endpoint descriptor ***
		bLength 7
		bDescriptorType 5
		bEndpointAddress 0x1	EP 1 OUT
		bmAttributes 0x3	INT
		wMaxPacketSize 64
		bInterval 4
D (190506) uvc: ctrl xfer cb
I (190507) uvc-control: Default format from camera: 800x600@30.0FPS, fmt=1, frame_size=480000, payload=1984
D (190518) uvc: ctrl xfer cb
D (190520) uvc: ctrl xfer cb
PV-UVC-FMT requested=800x600 applied=800x600 fourcc=MJPEG fps_x1000=30000
D (190530) uvc: ctrl xfer cb
I (190531) uvc-control: Default format from camera: 800x600@30.0FPS, fmt=1, frame_size=480000, payload=1984
D (190542) uvc: ctrl xfer cb
D (190545) uvc: ctrl xfer cb
D (190547) uvc: ctrl xfer cb
D (190549) uvc: ctrl xfer cb
D (190551) uvc: ctrl xfer cb
D (190554) uvc: ctrl xfer cb
D (190558) uvc: ctrl xfer cb
D (190570) uvc: ctrl xfer cb
PV-UVC-STATS t=1s cb=0 bytes=0 vazios=0 overflow=0 underflow=0 xfer_err=0 | urb_compl=7993 pk_data=376 pk_empty=0 pk_bytes=1041333 st_ok=7993 st_err=0 st_skip=0 hdr_inv=7617 uvc_err=0 eof=25 resub_fail=0
PV-UVC-STATS t=2s cb=0 bytes=0 vazios=0 overflow=0 underflow=0 xfer_err=0 | urb_compl=16041 pk_data=811 pk_empty=0 pk_bytes=2238851 st_ok=16041 st_err=0 st_skip=0 hdr_inv=15230 uvc_err=0 eof=54 resub_fail=0
PV-UVC-STATS t=3s cb=0 bytes=0 vazios=0 overflow=0 underflow=0 xfer_err=0 | urb_compl=24097 pk_data=1246 pk_empty=0 pk_bytes=3430123 st_ok=24097 st_err=0 st_skip=0 hdr_inv=22851 uvc_err=0 eof=83 resub_fail=0
PV-UVC-WARMUP requested=800x600 descartados=0
PV-UVC-STATS t=4s cb=0 bytes=0 vazios=0 overflow=0 underflow=0 xfer_err=0 | urb_compl=40185 pk_data=2114 pk_empty=0 pk_bytes=5816418 st_ok=40185 st_err=0 st_skip=0 hdr_inv=38071 uvc_err=0 eof=141 resub_fail=0
PV-UVC-STATS t=5s cb=0 bytes=0 vazios=0 overflow=0 underflow=0 xfer_err=0 | urb_compl=56241 pk_data=2981 pk_empty=0 pk_bytes=8202739 st_ok=56241 st_err=0 st_skip=0 hdr_inv=53260 uvc_err=0 eof=199 resub_fail=0
PV-UVC-STATS t=6s cb=0 bytes=0 vazios=0 overflow=0 underflow=0 xfer_err=0 | urb_compl=72296 pk_data=3847 pk_empty=0 pk_bytes=10585691 st_ok=72296 st_err=0 st_skip=0 hdr_inv=68449 uvc_err=0 eof=257 resub_fail=0
PV-UVC-STATS t=7s cb=0 bytes=0 vazios=0 overflow=0 underflow=0 xfer_err=0 | urb_compl=88353 pk_data=4715 pk_empty=0 pk_bytes=12975777 st_ok=88353 st_err=0 st_skip=0 hdr_inv=83638 uvc_err=0 eof=315 resub_fail=0
PV-UVC-STATS t=8s cb=0 bytes=0 vazios=0 overflow=0 underflow=0 xfer_err=0 | urb_compl=104409 pk_data=5584 pk_empty=0 pk_bytes=15368024 st_ok=104409 st_err=0 st_skip=0 hdr_inv=98825 uvc_err=0 eof=373 resub_fail=0
PV-UVC-STATS t=9s cb=0 bytes=0 vazios=0 overflow=0 underflow=0 xfer_err=0 | urb_compl=120465 pk_data=6450 pk_empty=0 pk_bytes=17758221 st_ok=120465 st_err=0 st_skip=0 hdr_inv=114015 uvc_err=0 eof=430 resub_fail=0
PV-UVC-STATS t=10s cb=0 bytes=0 vazios=0 overflow=0 underflow=0 xfer_err=0 | urb_compl=136521 pk_data=7318 pk_empty=0 pk_bytes=20148806 st_ok=136521 st_err=0 st_skip=0 hdr_inv=129203 uvc_err=0 eof=488 resub_fail=0
PV-UVC-STATS t=11s cb=0 bytes=0 vazios=0 overflow=0 underflow=0 xfer_err=0 | urb_compl=152577 pk_data=8184 pk_empty=0 pk_bytes=22533800 st_ok=152577 st_err=0 st_skip=0 hdr_inv=144393 uvc_err=0 eof=546 resub_fail=0
PV-UVC-STATS t=12s cb=0 bytes=0 vazios=0 overflow=0 underflow=0 xfer_err=0 | urb_compl=168633 pk_data=9051 pk_empty=0 pk_bytes=24921135 st_ok=168633 st_err=0 st_skip=0 hdr_inv=159582 uvc_err=0 eof=604 resub_fail=0
PV-UVC-STATS t=13s cb=0 bytes=0 vazios=0 overflow=0 underflow=0 xfer_err=0 | urb_compl=184689 pk_data=9919 pk_empty=0 pk_bytes=27311258 st_ok=184689 st_err=0 st_skip=0 hdr_inv=174770 uvc_err=0 eof=662 resub_fail=0
PV-UVC-STATS t=14s cb=0 bytes=0 vazios=0 overflow=0 underflow=0 xfer_err=0 | urb_compl=200745 pk_data=10786 pk_empty=0 pk_bytes=29701824 st_ok=200745 st_err=0 st_skip=0 hdr_inv=189959 uvc_err=0 eof=719 resub_fail=0
PV-UVC-STATS t=15s cb=0 bytes=0 vazios=0 overflow=0 underflow=0 xfer_err=0 | urb_compl=216801 pk_data=11654 pk_empty=0 pk_bytes=32091575 st_ok=216801 st_err=0 st_skip=0 hdr_inv=205147 uvc_err=0 eof=777 resub_fail=0
PV-UVC-STATS t=16s cb=0 bytes=0 vazios=0 overflow=0 underflow=0 xfer_err=0 | urb_compl=232857 pk_data=12521 pk_empty=0 pk_bytes=34477963 st_ok=232857 st_err=0 st_skip=0 hdr_inv=220336 uvc_err=0 eof=835 resub_fail=0
PV-UVC-STATS t=17s cb=0 bytes=0 vazios=0 overflow=0 underflow=0 xfer_err=0 | urb_compl=248913 pk_data=13387 pk_empty=0 pk_bytes=36861351 st_ok=248913 st_err=0 st_skip=0 hdr_inv=235526 uvc_err=0 eof=893 resub_fail=0
PV-UVC-STATS t=18s cb=0 bytes=0 vazios=0 overflow=0 underflow=0 xfer_err=0 | urb_compl=264969 pk_data=14255 pk_empty=0 pk_bytes=39251958 st_ok=264969 st_err=0 st_skip=0 hdr_inv=250714 uvc_err=0 eof=951 resub_fail=0
D (223799) uvc: ctrl xfer cb
PV-UVC-STATS t=19s cb=0 bytes=0 vazios=0 overflow=0 underflow=0 xfer_err=0 | urb_compl=265034 pk_data=14258 pk_empty=0 pk_bytes=39261138 st_ok=265030 st_err=0 st_skip=0 hdr_inv=250772 uvc_err=0 eof=951 resub_fail=0
PV-UVC-RUNG requested=800x600 applied=800x600 fourcc=JPEG bytesused=0 result=FAIL reason=sem-frame
PV-UVC-MEM etapa=pos-degrau psram_livre=8682004 psram_maior_bloco=8388608 interna_livre=406727
D (223826) uvc: ctrl xfer cb
I (223829) uvc-control: Default format from camera: 800x600@30.0FPS, fmt=1, frame_size=480000, payload=1984
D (223838) uvc: ctrl xfer cb
D (223843) uvc: ctrl xfer cb
PV-UVC-FMT requested=1920x1080 applied=1920x1080 fourcc=MJPEG fps_x1000=30000
D (223851) uvc: ctrl xfer cb
I (223853) uvc-control: Default format from camera: 1920x1080@30.0FPS, fmt=1, frame_size=2073600, payload=3072
D (223863) uvc: ctrl xfer cb
D (223865) uvc: ctrl xfer cb
D (223870) uvc: ctrl xfer cb
D (223872) uvc: ctrl xfer cb
D (223874) uvc: ctrl xfer cb
D (223877) uvc: ctrl xfer cb
D (223879) uvc: ctrl xfer cb
D (223891) uvc: ctrl xfer cb
PV-UVC-STATS t=1s cb=0 bytes=0 vazios=0 overflow=0 underflow=0 xfer_err=0 | urb_compl=7993 pk_data=1911 pk_empty=0 pk_bytes=5743473 st_ok=7993 st_err=0 st_skip=0 hdr_inv=6082 uvc_err=0 eof=27 resub_fail=0
PV-UVC-STATS t=2s cb=0 bytes=0 vazios=0 overflow=0 underflow=0 xfer_err=0 | urb_compl=16041 pk_data=4076 pk_empty=0 pk_bytes=12247520 st_ok=16041 st_err=0 st_skip=0 hdr_inv=11965 uvc_err=0 eof=57 resub_fail=0
PV-UVC-STATS t=3s cb=0 bytes=0 vazios=0 overflow=0 underflow=0 xfer_err=0 | urb_compl=24098 pk_data=6260 pk_empty=0 pk_bytes=18815304 st_ok=24098 st_err=0 st_skip=0 hdr_inv=17838 uvc_err=0 eof=86 resub_fail=0
PV-UVC-WARMUP requested=1920x1080 descartados=0
PV-UVC-STATS t=4s cb=0 bytes=0 vazios=0 overflow=0 underflow=0 xfer_err=0 | urb_compl=40185 pk_data=10616 pk_empty=0 pk_bytes=31913921 st_ok=40185 st_err=0 st_skip=0 hdr_inv=29569 uvc_err=0 eof=145 resub_fail=0
PV-UVC-STATS t=5s cb=0 bytes=0 vazios=0 overflow=0 underflow=0 xfer_err=0 | urb_compl=56241 pk_data=14963 pk_empty=0 pk_bytes=44980953 st_ok=56241 st_err=0 st_skip=0 hdr_inv=41278 uvc_err=0 eof=204 resub_fail=0
PV-UVC-STATS t=6s cb=0 bytes=0 vazios=0 overflow=0 underflow=0 xfer_err=0 | urb_compl=72297 pk_data=19312 pk_empty=0 pk_bytes=58058245 st_ok=72297 st_err=0 st_skip=0 hdr_inv=52985 uvc_err=0 eof=263 resub_fail=0
PV-UVC-STATS t=7s cb=0 bytes=0 vazios=0 overflow=0 underflow=0 xfer_err=0 | urb_compl=88353 pk_data=23663 pk_empty=0 pk_bytes=71139727 st_ok=88353 st_err=0 st_skip=0 hdr_inv=64690 uvc_err=0 eof=322 resub_fail=0
PV-UVC-STATS t=8s cb=0 bytes=0 vazios=0 overflow=0 underflow=0 xfer_err=0 | urb_compl=104410 pk_data=28013 pk_empty=0 pk_bytes=84218179 st_ok=104410 st_err=0 st_skip=0 hdr_inv=76397 uvc_err=0 eof=380 resub_fail=0
PV-UVC-STATS t=9s cb=0 bytes=0 vazios=0 overflow=0 underflow=0 xfer_err=0 | urb_compl=120466 pk_data=32364 pk_empty=0 pk_bytes=97297061 st_ok=120466 st_err=0 st_skip=0 hdr_inv=88102 uvc_err=0 eof=439 resub_fail=0
PV-UVC-STATS t=10s cb=0 bytes=0 vazios=0 overflow=0 underflow=0 xfer_err=0 | urb_compl=136522 pk_data=36715 pk_empty=0 pk_bytes=110377718 st_ok=136522 st_err=0 st_skip=0 hdr_inv=99807 uvc_err=0 eof=498 resub_fail=0
PV-UVC-STATS t=11s cb=0 bytes=0 vazios=0 overflow=0 underflow=0 xfer_err=0 | urb_compl=152578 pk_data=41061 pk_empty=0 pk_bytes=123440636 st_ok=152578 st_err=0 st_skip=0 hdr_inv=111517 uvc_err=0 eof=557 resub_fail=0
PV-UVC-STATS t=12s cb=0 bytes=0 vazios=0 overflow=0 underflow=0 xfer_err=0 | urb_compl=168633 pk_data=45414 pk_empty=0 pk_bytes=136524842 st_ok=168633 st_err=0 st_skip=0 hdr_inv=123219 uvc_err=0 eof=616 resub_fail=0
PV-UVC-STATS t=13s cb=0 bytes=0 vazios=0 overflow=0 underflow=0 xfer_err=0 | urb_compl=184689 pk_data=49763 pk_empty=0 pk_bytes=149610112 st_ok=184689 st_err=0 st_skip=0 hdr_inv=134926 uvc_err=0 eof=674 resub_fail=0
PV-UVC-STATS t=14s cb=0 bytes=0 vazios=0 overflow=0 underflow=0 xfer_err=0 | urb_compl=200746 pk_data=54115 pk_empty=0 pk_bytes=162688208 st_ok=200746 st_err=0 st_skip=0 hdr_inv=146631 uvc_err=0 eof=733 resub_fail=0
PV-UVC-STATS t=15s cb=0 bytes=0 vazios=0 overflow=0 underflow=0 xfer_err=0 | urb_compl=216802 pk_data=58464 pk_empty=0 pk_bytes=175766861 st_ok=216802 st_err=0 st_skip=0 hdr_inv=158338 uvc_err=0 eof=792 resub_fail=0
PV-UVC-STATS t=16s cb=0 bytes=0 vazios=0 overflow=0 underflow=0 xfer_err=0 | urb_compl=232857 pk_data=62813 pk_empty=0 pk_bytes=188838135 st_ok=232857 st_err=0 st_skip=0 hdr_inv=170044 uvc_err=0 eof=851 resub_fail=0
PV-UVC-STATS t=17s cb=0 bytes=0 vazios=0 overflow=0 underflow=0 xfer_err=0 | urb_compl=248914 pk_data=67161 pk_empty=0 pk_bytes=201907952 st_ok=248914 st_err=0 st_skip=0 hdr_inv=181753 uvc_err=0 eof=910 resub_fail=0
PV-UVC-STATS t=18s cb=0 bytes=0 vazios=0 overflow=0 underflow=0 xfer_err=0 | urb_compl=264970 pk_data=71512 pk_empty=0 pk_bytes=214984467 st_ok=264970 st_err=0 st_skip=0 hdr_inv=193458 uvc_err=0 eof=969 resub_fail=0
D (257120) uvc: ctrl xfer cb
PV-UVC-STATS t=19s cb=0 bytes=0 vazios=0 overflow=0 underflow=0 xfer_err=0 | urb_compl=265036 pk_data=71527 pk_empty=0 pk_bytes=215030367 st_ok=265032 st_err=0 st_skip=0 hdr_inv=193505 uvc_err=0 eof=969 resub_fail=0
PV-UVC-RUNG requested=1920x1080 applied=1920x1080 fourcc=JPEG bytesused=0 result=FAIL reason=sem-frame
PV-UVC-MEM etapa=pos-degrau psram_livre=8682004 psram_maior_bloco=8388608 interna_livre=406727
D (257150) uvc: ctrl xfer cb
I (257150) uvc-control: Default format from camera: 1920x1080@30.0FPS, fmt=1, frame_size=2073600, payload=3072
D (257162) uvc: ctrl xfer cb
D (257164) uvc: ctrl xfer cb
PV-UVC-FMT requested=2592x1944 applied=2592x1944 fourcc=MJPEG fps_x1000=30000
D (257174) uvc: ctrl xfer cb
I (257175) uvc-control: Default format from camera: 2592x1944@30.0FPS, fmt=1, frame_size=5038848, payload=3072
D (257186) uvc: ctrl xfer cb
D (257189) uvc: ctrl xfer cb
D (257191) uvc: ctrl xfer cb
D (257194) uvc: ctrl xfer cb
D (257196) uvc: ctrl xfer cb
D (257198) uvc: ctrl xfer cb
D (257200) uvc: ctrl xfer cb
D (257214) uvc: ctrl xfer cb
